id,class_label,instance,action,scene,view,lighting,tier,prompt_opener,prompt,negative_prompt
137,airplane,seaplane,parked,a grassy field,front view,sunny afternoon,clean,a high-quality image,"a high-quality image of a seaplane airplane parked in a grassy field, front view, sunny afternoon. single main subject, photorealistic color photo, natural colors, realistic texture, sharp focus on subject, no people, no text, no watermark, no logo, no border, no collage, no CGI, no illustration.","text, watermark, logo, caption, signature, border, frame, collage, multiple panels, cartoon, illustration, CGI, 3d render, low-poly, painting, anime, surreal, deformed, duplicate objects, extra limbs, blurry, out of focus, noise, oversaturated, posterized, artifacts, jpeg artifacts"
412,airplane,cargo plane,parked,a wet roadway after rain,side profile,rainy with wet reflections,clean,a photorealistic color photo,"a photorealistic color photo of a cargo plane airplane parked in a wet roadway after rain, side profile, rainy with wet reflections. single main subject, photorealistic color photo, natural colors, realistic texture, sharp focus on subject, no people, no text, no watermark, no logo, no border, no collage, no CGI, no illustration.","text, watermark, logo, caption, signature, border, frame, collage, multiple panels, cartoon, illustration, CGI, 3d render, low-poly, painting, anime, surreal, deformed, duplicate objects, extra limbs, blurry, out of focus, noise, oversaturated, posterized, artifacts, jpeg artifacts"
236,airplane,cargo plane,parked,a wet roadway after rain,low angle,overcast daylight,clean,a high-quality image,"a high-quality image of a cargo plane airplane parked in a wet roadway after rain, low angle, overcast daylight. single main subject, photorealistic color photo, natural colors, realistic texture, sharp focus on subject, no people, no text, no watermark, no logo, no border, no collage, no CGI, no illustration.","text, watermark, logo, caption, signature, border, frame, collage, multiple panels, cartoon, illustration, CGI, 3d render, low-poly, painting, anime, surreal, deformed, duplicate objects, extra limbs, blurry, out of focus, noise, oversaturated, posterized, artifacts, jpeg artifacts"
951,airplane,small prop airplane,flying,a backyard,slightly off-center framing,backlit rim light,hard,a high-quality image,"a high-quality image of a small prop airplane flying in a backyard, slightly off-center framing, backlit rim light. busy background but still one main subject. single main subject, photorealistic color photo, natural colors, realistic texture, sharp focus on subject, no people, no text, no watermark, no logo, no border, no collage, no CGI, no illustration.","text, watermark, logo, caption, signature, border, frame, collage, multiple panels, cartoon, illustration, CGI, 3d render, low-poly, painting, anime, surreal, deformed, duplicate objects, extra limbs, blurry, out of focus, noise, oversaturated, posterized, artifacts, jpeg artifacts"
673,airplane,seaplane,taking off,a city park,side profile,backlit rim light,clean,a professional photo,"a professional photo of a seaplane airplane taking off in a city park, side profile, backlit rim light. single main subject, photorealistic color photo, natural colors, realistic texture, sharp focus on subject, no people, no text, no watermark, no logo, no border, no collage, no CGI, no illustration.","text, watermark, logo, caption, signature, border, frame, collage, multiple panels, cartoon, illustration, CGI, 3d render, low-poly, painting, anime, surreal, deformed, duplicate objects, extra limbs, blurry, out of focus, noise, oversaturated, posterized, artifacts, jpeg artifacts"
767,airplane,seaplane,flying,an industrial yard,close-up,nighttime under streetlights,clean,a detailed photograph,"a detailed photograph of a seaplane airplane flying in an industrial yard, close-up, nighttime under streetlights. single main subject, photorealistic color photo, natural colors, realistic texture, sharp focus on subject, no people, no text, no watermark, no logo, no border, no collage, no CGI, no illustration.","text, watermark, logo, caption, signature, border, frame, collage, multiple panels, cartoon, illustration, CGI, 3d render, low-poly, painting, anime, surreal, deformed, duplicate objects, extra limbs, blurry, out of focus, noise, oversaturated, posterized, artifacts, jpeg artifacts"
40,airplane,passenger jet,flying,a sandy beach,high angle,overcast daylight,clean,a professional photo,"a professional photo of a passenger jet airplane flying in a sandy beach, high angle, overcast daylight. single main subject, photorealistic color photo, natural colors, realistic texture, sharp focus on subject, no people, no text, no watermark, no logo, no border, no collage, no CGI, no illustration.","text, watermark, logo, caption, signature, border, frame, collage, multiple panels, cartoon, illustration, CGI, 3d render, low-poly, painting, anime, surreal, deformed, duplicate objects, extra limbs, blurry, out of focus, noise, oversaturated, posterized, artifacts, jpeg artifacts"
955,airplane,small prop airplane,parked,a backyard,side profile,foggy morning,hard,an ultra-realistic rendering,"an ultra-realistic rendering of a small prop airplane parked in a backyard, side profile, foggy morning. cropped slightly. single main subject, photorealistic color photo, natural colors, realistic texture, sharp focus on subject, no people, no text, no watermark, no logo, no border, no collage, no CGI, no illustration.","text, watermark, logo, caption, signature, border, frame, collage, multiple panels, cartoon, illustration, CGI, 3d render, low-poly, painting, anime, surreal, deformed, duplicate objects, extra limbs, blurry, out of focus, noise, oversaturated, posterized, artifacts, jpeg artifacts"
683,airplane,cargo plane,taxiing,a lakeside shore,wide shot,backlit rim light,clean,a finely detailed photo,"a finely detailed photo of a cargo plane airplane taxiing in a lakeside shore, wide shot, backlit rim light. single main subject, photorealistic color photo, natural colors, realistic texture, sharp focus on subject, no people, no text, no watermark, no logo, no border, no collage, no CGI, no illustration.","text, watermark, logo, caption, signature, border, frame, collage, multiple panels, cartoon, illustration, CGI, 3d render, low-poly, painting, anime, surreal, deformed, duplicate objects, extra limbs, blurry, out of focus, noise, oversaturated, posterized, artifacts, jpeg artifacts"
84,airplane,cargo plane,taxiing,a gravel lot,front view,overcast daylight,clean,a high-quality image,"a high-quality image of a cargo plane airplane taxiing in a gravel lot, front view, overcast daylight. single main subject, photorealistic color photo, natural colors, realistic texture, sharp focus on subject, no people, no text, no watermark, no logo, no border, no collage, no CGI, no illustration.","text, watermark, logo, caption, signature, border, frame, collage, multiple panels, cartoon, illustration, CGI, 3d render, low-poly, painting, anime, surreal, deformed, duplicate objects, extra limbs, blurry, out of focus, noise, oversaturated, posterized, artifacts, jpeg artifacts"
351,airplane,small prop airplane,taxiing,a city park,wide shot,overcast daylight,clean,a detailed photograph,"a detailed photograph of a small prop airplane taxiing in a city park, wide shot, overcast daylight. single main subject, photorealistic color photo, natural colors, realistic texture, sharp focus on subject, no people, no text, no watermark, no logo, no border, no collage, no CGI, no illustration.","text, watermark, logo, caption, signature, border, frame, collage, multiple panels, cartoon, illustration, CGI, 3d render, low-poly, painting, anime, surreal, deformed, duplicate objects, extra limbs, blurry, out of focus, noise, oversaturated, posterized, artifacts, jpeg artifacts"
543,airplane,glider,taking off,a parking lot,side profile,backlit rim light,clean,a professional photo,"a professional photo of a glider airplane taking off in a parking lot, side profile, backlit rim light. single main subject, photorealistic color photo, natural colors, realistic texture, sharp focus on subject, no people, no text, no watermark, no logo, no border, no collage, no CGI, no illustration.","text, watermark, logo, caption, signature, border, frame, collage, multiple panels, cartoon, illustration, CGI, 3d render, low-poly, painting, anime, surreal, deformed, duplicate objects, extra limbs, blurry, out of focus, noise, oversaturated, posterized, artifacts, jpeg artifacts"
96,airplane,passenger jet,taking off,a backyard,slightly off-center framing,sunny afternoon,clean,a detailed photograph,"a detailed photograph of a passenger jet airplane taking off in a backyard, slightly off-center framing, sunny afternoon. single main subject, photorealistic color photo, natural colors, realistic texture, sharp focus on subject, no people, no text, no watermark, no logo, no border, no collage, no CGI, no illustration.","text, watermark, logo, caption, signature, border, frame, collage, multiple panels, cartoon, illustration, CGI, 3d render, low-poly, painting, anime, surreal, deformed, duplicate objects, extra limbs, blurry, out of focus, noise, oversaturated, posterized, artifacts, jpeg artifacts"
721,airplane,glider,parked,a quiet residential street,low angle,sunny afternoon,clean,a detailed photograph,"a detailed photograph of a glider airplane parked in a quiet residential street, low angle, sunny afternoon. single main subject, photorealistic color photo, natural colors, realistic texture, sharp focus on subject, no people, no text, no watermark, no logo, no border, no collage, no CGI, no illustration.","text, watermark, logo, caption, signature, border, frame, collage, multiple panels, cartoon, illustration, CGI, 3d render, low-poly, painting, anime, surreal, deformed, duplicate objects, extra limbs, blurry, out of focus, noise, oversaturated, posterized, artifacts, jpeg artifacts"
201,airplane,biplane,parked,a grassy field,side profile,golden hour,clean,a professional photo,"a professional photo of a biplane airplane parked in a grassy field, side profile, golden hour. single main subject, photorealistic color photo, natural colors, realistic texture, sharp focus on subject, no people, no text, no watermark, no logo, no border, no collage, no CGI, no illustration.","text, watermark, logo, caption, signature, border, frame, collage, multiple panels, cartoon, illustration, CGI, 3d render, low-poly, painting, anime, surreal, deformed, duplicate objects, extra limbs, blurry, out of focus, noise, oversaturated, posterized, artifacts, jpeg artifacts"
85,airplane,biplane,taxiing,a gravel lot,3/4 view,rainy with wet reflections,clean,a detailed photograph,"a detailed photograph of a biplane airplane taxiing in a gravel lot, 3/4 view, rainy with wet reflections. single main subject, photorealistic color photo, natural colors, realistic texture, sharp focus on subject, no people, no text, no watermark, no logo, no border, no collage, no CGI, no illustration.","text, watermark, logo, caption, signature, border, frame, collage, multiple panels, cartoon, illustration, CGI, 3d render, low-poly, painting, anime, surreal, deformed, duplicate objects, extra limbs, blurry, out of focus, noise, oversaturated, posterized, artifacts, jpeg artifacts"
457,airplane,biplane,taxiing,a suburban neighborhood,slightly off-center framing,golden hour,clean,a photorealistic color photo,"a photorealistic color photo of a biplane airplane taxiing in a suburban neighborhood, slightly off-center framing, golden hour. single main subject, photorealistic color photo, natural colors, realistic texture, sharp focus on subject, no people, no text, no watermark, no logo, no border, no collage, no CGI, no illustration.","text, watermark, logo, caption, signature, border, frame, collage, multiple panels, cartoon, illustration, CGI, 3d render, low-poly, painting, anime, surreal, deformed, duplicate objects, extra limbs, blurry, out of focus, noise, oversaturated, posterized, artifacts, jpeg artifacts"
731,airplane,glider,taxiing,an urban street,side profile,sunny afternoon,clean,a high-quality image,"a high-quality image of a glider airplane taxiing in an urban street, side profile, sunny afternoon. single main subject, photorealistic color photo, natural colors, realistic texture, sharp focus on subject, no people, no text, no watermark, no logo, no border, no collage, no CGI, no illustration.","text, watermark, logo, caption, signature, border, frame, collage, multiple panels, cartoon, illustration, CGI, 3d render, low-poly, painting, anime, surreal, deformed, duplicate objects, extra limbs, blurry, out of focus, noise, oversaturated, posterized, artifacts, jpeg artifacts"
621,airplane,glider,flying,a wet roadway after rain,high angle,backlit rim light,clean,a finely detailed photo,"a finely detailed photo of a glider airplane flying in a wet roadway after rain, high angle, backlit rim light. single main subject, photorealistic color photo, natural colors, realistic texture, sharp focus on subject, no people, no text, no watermark, no logo, no border, no collage, no CGI, no illustration.","text, watermark, logo, caption, signature, border, frame, collage, multiple panels, cartoon, illustration, CGI, 3d render, low-poly, painting, anime, surreal, deformed, duplicate objects, extra limbs, blurry, out of focus, noise, oversaturated, posterized, artifacts, jpeg artifacts"
678,airplane,small prop airplane,parked,a countryside road,high angle,nighttime under streetlights,clean,a photorealistic color photo,"a photorealistic color photo of a small prop airplane parked in a countryside road, high angle, nighttime under streetlights. single main subject, photorealistic color photo, natural colors, realistic texture, sharp focus on subject, no people, no text, no watermark, no logo, no border, no collage, no CGI, no illustration.","text, watermark, logo, caption, signature, border, frame, collage, multiple panels, cartoon, illustration, CGI, 3d render, low-poly, painting, anime, surreal, deformed, duplicate objects, extra limbs, blurry, out of focus, noise, oversaturated, posterized, artifacts, jpeg artifacts"
980,airplane,cargo plane,parked,a sandy beach,side profile,backlit rim light,hard,a detailed photograph,"a detailed photograph of a cargo plane airplane parked in a sandy beach, side profile, backlit rim light. busy background but still one main subject. single main subject, photorealistic color photo, natural colors, realistic texture, sharp focus on subject, no people, no text, no watermark, no logo, no border, no collage, no CGI, no illustration.","text, watermark, logo, caption, signature, border, frame, collage, multiple panels, cartoon, illustration, CGI, 3d render, low-poly, painting, anime, surreal, deformed, duplicate objects, extra limbs, blurry, out of focus, noise, oversaturated, posterized, artifacts, jpeg artifacts"
588,airplane,biplane,taxiing,a wet roadway after rain,side profile,backlit rim light,clean,a high-quality image,"a high-quality image of a biplane airplane taxiing in a wet roadway after rain, side profile, backlit rim light. single main subject, photorealistic color photo, natural colors, realistic texture, sharp focus on subject, no people, no text, no watermark, no logo, no border, no collage, no CGI, no illustration.","text, watermark, logo, caption, signature, border, frame, collage, multiple panels, cartoon, illustration, CGI, 3d render, low-poly, painting, anime, surreal, deformed, duplicate objects, extra limbs, blurry, out of focus, noise, oversaturated, posterized, artifacts, jpeg artifacts"
691,airplane,biplane,flying,a backyard,close-up,foggy morning,clean,a detailed photograph,"a detailed photograph of a biplane airplane flying in a backyard, close-up, foggy morning. single main subject, photorealistic color photo, natural colors, realistic texture, sharp focus on subject, no people, no text, no watermark, no logo, no border, no collage, no CGI, no illustration.","text, watermark, logo, caption, signature, border, frame, collage, multiple panels, cartoon, illustration, CGI, 3d render, low-poly, painting, anime, surreal, deformed, duplicate objects, extra limbs, blurry, out of focus, noise, oversaturated, posterized, artifacts, jpeg artifacts"
398,airplane,cargo plane,taxiing,a sandy beach,side profile,golden hour,clean,a high-quality image,"a high-quality image of a cargo plane airplane taxiing in a sandy beach, side profile, golden hour. single main subject, photorealistic color photo, natural colors, realistic texture, sharp focus on subject, no people, no text, no watermark, no logo, no border, no collage, no CGI, no illustration.","text, watermark, logo, caption, signature, border, frame, collage, multiple panels, cartoon, illustration, CGI, 3d render, low-poly, painting, anime, surreal, deformed, duplicate objects, extra limbs, blurry, out of focus, noise, oversaturated, posterized, artifacts, jpeg artifacts"
471,airplane,biplane,taxiing,a forest clearing,low angle,golden hour,clean,a high-quality image,"a high-quality image of a biplane airplane taxiing in a forest clearing, low angle, golden hour. single main subject, photorealistic color photo, natural colors, realistic texture, sharp focus on subject, no people, no text, no watermark, no logo, no border, no collage, no CGI, no illustration.","text, watermark, logo, caption, signature, border, frame, collage, multiple panels, cartoon, illustration, CGI, 3d render, low-poly, painting, anime, surreal, deformed, duplicate objects, extra limbs, blurry, out of focus, noise, oversaturated, posterized, artifacts, jpeg artifacts"
432,airplane,biplane,parked,a parking lot,slightly off-center framing,sunny afternoon,clean,a high-quality image,"a high-quality image of a biplane airplane parked in a parking lot, slightly off-center framing, sunny afternoon. single main subject, photorealistic color photo, natural colors, realistic texture, sharp focus on subject, no people, no text, no watermark, no logo, no border, no collage, no CGI, no illustration.","text, watermark, logo, caption, signature, border, frame, collage, multiple panels, cartoon, illustration, CGI, 3d render, low-poly, painting, anime, surreal, deformed, duplicate objects, extra limbs, blurry, out of focus, noise, oversaturated, posterized, artifacts, jpeg artifacts"
685,airplane,seaplane,taking off,a countryside road,3/4 view,rainy with wet reflections,clean,a finely detailed photo,"a finely detailed photo of a seaplane airplane taking off in a countryside road, 3/4 view, rainy with wet reflections. single main subject, photorealistic color photo, natural colors, realistic texture, sharp focus on subject, no people, no text, no watermark, no logo, no border, no collage, no CGI, no illustration.","text, watermark, logo, caption, signature, border, frame, collage, multiple panels, cartoon, illustration, CGI, 3d render, low-poly, painting, anime, surreal, deformed, duplicate objects, extra limbs, blurry, out of focus, noise, oversaturated, posterized, artifacts, jpeg artifacts"
268,airplane,biplane,parked,a suburban neighborhood,side profile,overcast daylight,clean,a professional photo,"a professional photo of a biplane airplane parked in a suburban neighborhood, side profile, overcast daylight. single main subject, photorealistic color photo, natural colors, realistic texture, sharp focus on subject, no people, no text, no watermark, no logo, no border, no collage, no CGI, no illustration.","text, watermark, logo, caption, signature, border, frame, collage, multiple panels, cartoon, illustration, CGI, 3d render, low-poly, painting, anime, surreal, deformed, duplicate objects, extra limbs, blurry, out of focus, noise, oversaturated, posterized, artifacts, jpeg artifacts"
381,airplane,biplane,taking off,a parking lot,close-up,golden hour,clean,a high-quality image,"a high-quality image of a biplane airplane taking off in a parking lot, close-up, golden hour. single main subject, photorealistic color photo, natural colors, realistic texture, sharp focus on subject, no people, no text, no watermark, no logo, no border, no collage, no CGI, no illustration.","text, watermark, logo, caption, signature, border, frame, collage, multiple panels, cartoon, illustration, CGI, 3d render, low-poly, painting, anime, surreal, deformed, duplicate objects, extra limbs, blurry, out of focus, noise, oversaturated, posterized, artifacts, jpeg artifacts"
986,airplane,seaplane,parked,a gravel lot,wide shot,indoor soft window light,hard,a photorealistic color photo,"a photorealistic color photo of a seaplane airplane parked in a gravel lot, wide shot, indoor soft window light. cropped slightly. single main subject, photorealistic color photo, natural colors, realistic texture, sharp focus on subject, no people, no text, no watermark, no logo, no border, no collage, no CGI, no illustration.","text, watermark, logo, caption, signature, border, frame, collage, multiple panels, cartoon, illustration, CGI, 3d render, low-poly, painting, anime, surreal, deformed, duplicate objects, extra limbs, blurry, out of focus, noise, oversaturated, posterized, artifacts, jpeg artifacts"
88,airplane,biplane,parked,an urban street,low angle,nighttime under streetlights,clean,a high-quality image,"a high-quality image of a biplane airplane parked in an urban street, low angle, nighttime under streetlights. single main subject, photorealistic color photo, natural colors, realistic texture, sharp focus on subject, no people, no text, no watermark, no logo, no border, no collage, no CGI, no illustration.","text, watermark, logo, caption, signature, border, frame, collage, multiple panels, cartoon, illustration, CGI, 3d render, low-poly, painting, anime, surreal, deformed, duplicate objects, extra limbs, blurry, out of focus, noise, oversaturated, posterized, artifacts, jpeg artifacts"
743,airplane,seaplane,taking off,a forest clearing,low angle,backlit rim light,clean,a photorealistic color photo,"a photorealistic color photo of a seaplane airplane taking off in a forest clearing, low angle, backlit rim light. single main subject, photorealistic color photo, natural colors, realistic texture, sharp focus on subject, no people, no text, no watermark, no logo, no border, no collage, no CGI, no illustration.","text, watermark, logo, caption, signature, border, frame, collage, multiple panels, cartoon, illustration, CGI, 3d render, low-poly, painting, anime, surreal, deformed, duplicate objects, extra limbs, blurry, out of focus, noise, oversaturated, posterized, artifacts, jpeg artifacts"
51,airplane,seaplane,parked,a countryside road,close-up,overcast daylight,clean,a professional photo,"a professional photo of a seaplane airplane parked in a countryside road, close-up, overcast daylight. single main subject, photorealistic color photo, natural colors, realistic texture, sharp focus on subject, no people, no text, no watermark, no logo, no border, no collage, no CGI, no illustration.","text, watermark, logo, caption, signature, border, frame, collage, multiple panels, cartoon, illustration, CGI, 3d render, low-poly, painting, anime, surreal, deformed, duplicate objects, extra limbs, blurry, out of focus, noise, oversaturated, posterized, artifacts, jpeg artifacts"
122,airplane,passenger jet,flying,a forest clearing,high angle,golden hour,clean,a professional photo,"a professional photo of a passenger jet airplane flying in a forest clearing, high angle, golden hour. single main subject, photorealistic color photo, natural colors, realistic texture, sharp focus on subject, no people, no text, no watermark, no logo, no border, no collage, no CGI, no illustration.","text, watermark, logo, caption, signature, border, frame, collage, multiple panels, cartoon, illustration, CGI, 3d render, low-poly, painting, anime, surreal, deformed, duplicate objects, extra limbs, blurry, out of focus, noise, oversaturated, posterized, artifacts, jpeg artifacts"
104,airplane,seaplane,flying,a sandy beach,3/4 view,sunny afternoon,clean,a finely detailed photo,"a finely detailed photo of a seaplane airplane flying in a sandy beach, 3/4 view, sunny afternoon. single main subject, photorealistic color photo, natural colors, realistic texture, sharp focus on subject, no people, no text, no watermark, no logo, no border, no collage, no CGI, no illustration.","text, watermark, logo, caption, signature, border, frame, collage, multiple panels, cartoon, illustration, CGI, 3d render, low-poly, painting, anime, surreal, deformed, duplicate objects, extra limbs, blurry, out of focus, noise, oversaturated, posterized, artifacts, jpeg artifacts"
679,airplane,seaplane,parked,an industrial yard,wide shot,sunny afternoon,clean,a high-quality image,"a high-quality image of a seaplane airplane parked in an industrial yard, wide shot, sunny afternoon. single main subject, photorealistic color photo, natural colors, realistic texture, sharp focus on subject, no people, no text, no watermark, no logo, no border, no collage, no CGI, no illustration.","text, watermark, logo, caption, signature, border, frame, collage, multiple panels, cartoon, illustration, CGI, 3d render, low-poly, painting, anime, surreal, deformed, duplicate objects, extra limbs, blurry, out of focus, noise, oversaturated, posterized, artifacts, jpeg artifacts"
347,airplane,passenger jet,taking off,a sandy beach,3/4 view,foggy morning,clean,a professional photo,"a professional photo of a passenger jet airplane taking off in a sandy beach, 3/4 view, foggy morning. single main subject, photorealistic color photo, natural colors, realistic texture, sharp focus on subject, no people, no text, no watermark, no logo, no border, no collage, no CGI, no illustration.","text, watermark, logo, caption, signature, border, frame, collage, multiple panels, cartoon, illustration, CGI, 3d render, low-poly, painting, anime, surreal, deformed, duplicate objects, extra limbs, blurry, out of focus, noise, oversaturated, posterized, artifacts, jpeg artifacts"
15,airplane,small prop airplane,flying,a wet roadway after rain,slightly off-center framing,nighttime under streetlights,clean,a detailed photograph,"a detailed photograph of a small prop airplane flying in a wet roadway after rain, slightly off-center framing, nighttime under streetlights. single main subject, photorealistic color photo, natural colors, realistic texture, sharp focus on subject, no people, no text, no watermark, no logo, no border, no collage, no CGI, no illustration.","text, watermark, logo, caption, signature, border, frame, collage, multiple panels, cartoon, illustration, CGI, 3d render, low-poly, painting, anime, surreal, deformed, duplicate objects, extra limbs, blurry, out of focus, noise, oversaturated, posterized, artifacts, jpeg artifacts"
548,airplane,passenger jet,parked,a countryside road,wide shot,rainy with wet reflections,clean,an ultra-realistic rendering,"an ultra-realistic rendering of a passenger jet airplane parked in a countryside road, wide shot, rainy with wet reflections. single main subject, photorealistic color photo, natural colors, realistic texture, sharp focus on subject, no people, no text, no watermark, no logo, no border, no collage, no CGI, no illustration.","text, watermark, logo, caption, signature, border, frame, collage, multiple panels, cartoon, illustration, CGI, 3d render, low-poly, painting, anime, surreal, deformed, duplicate objects, extra limbs, blurry, out of focus, noise, oversaturated, posterized, artifacts, jpeg artifacts"
507,airplane,cargo plane,flying,a city park,side profile,foggy morning,clean,a high-quality image,"a high-quality image of a cargo plane airplane flying in a city park, side profile, foggy morning. single main subject, photorealistic color photo, natural colors, realistic texture, sharp focus on subject, no people, no text, no watermark, no logo, no border, no collage, no CGI, no illustration.","text, watermark, logo, caption, signature, border, frame, collage, multiple panels, cartoon, illustration, CGI, 3d render, low-poly, painting, anime, surreal, deformed, duplicate objects, extra limbs, blurry, out of focus, noise, oversaturated, posterized, artifacts, jpeg artifacts"
479,airplane,cargo plane,flying,a city park,wide shot,nighttime under streetlights,clean,a detailed photograph,"a detailed photograph of a cargo plane airplane flying in a city park, wide shot, nighttime under streetlights. single main subject, photorealistic color photo, natural colors, realistic texture, sharp focus on subject, no people, no text, no watermark, no logo, no border, no collage, no CGI, no illustration.","text, watermark, logo, caption, signature, border, frame, collage, multiple panels, cartoon, illustration, CGI, 3d render, low-poly, painting, anime, surreal, deformed, duplicate objects, extra limbs, blurry, out of focus, noise, oversaturated, posterized, artifacts, jpeg artifacts"
716,airplane,glider,taxiing,a gravel lot,slightly off-center framing,foggy morning,clean,an ultra-realistic rendering,"an ultra-realistic rendering of a glider airplane taxiing in a gravel lot, slightly off-center framing, foggy morning. single main subject, photorealistic color photo, natural colors, realistic texture, sharp focus on subject, no people, no text, no watermark, no logo, no border, no collage, no CGI, no illustration.","text, watermark, logo, caption, signature, border, frame, collage, multiple panels, cartoon, illustration, CGI, 3d render, low-poly, painting, anime, surreal, deformed, duplicate objects, extra limbs, blurry, out of focus, noise, oversaturated, posterized, artifacts, jpeg artifacts"
276,airplane,small prop airplane,taking off,an urban street,front view,golden hour,clean,a photorealistic color photo,"a photorealistic color photo of a small prop airplane taking off in an urban street, front view, golden hour. single main subject, photorealistic color photo, natural colors, realistic texture, sharp focus on subject, no people, no text, no watermark, no logo, no border, no collage, no CGI, no illustration.","text, watermark, logo, caption, signature, border, frame, collage, multiple panels, cartoon, illustration, CGI, 3d render, low-poly, painting, anime, surreal, deformed, duplicate objects, extra limbs, blurry, out of focus, noise, oversaturated, posterized, artifacts, jpeg artifacts"
561,airplane,glider,parked,a wet roadway after rain,slightly off-center framing,overcast daylight,clean,a detailed photograph,"a detailed photograph of a glider airplane parked in a wet roadway after rain, slightly off-center framing, overcast daylight. single main subject, photorealistic color photo, natural colors, realistic texture, sharp focus on subject, no people, no text, no watermark, no logo, no border, no collage, no CGI, no illustration.","text, watermark, logo, caption, signature, border, frame, collage, multiple panels, cartoon, illustration, CGI, 3d render, low-poly, painting, anime, surreal, deformed, duplicate objects, extra limbs, blurry, out of focus, noise, oversaturated, posterized, artifacts, jpeg artifacts"
106,airplane,small prop airplane,taxiing,a grassy field,3/4 view,overcast daylight,clean,a professional photo,"a professional photo of a small prop airplane taxiing in a grassy field, 3/4 view, overcast daylight. single main subject, photorealistic color photo, natural colors, realistic texture, sharp focus on subject, no people, no text, no watermark, no logo, no border, no collage, no CGI, no illustration.","text, watermark, logo, caption, signature, border, frame, collage, multiple panels, cartoon, illustration, CGI, 3d render, low-poly, painting, anime, surreal, deformed, duplicate objects, extra limbs, blurry, out of focus, noise, oversaturated, posterized, artifacts, jpeg artifacts"
770,airplane,passenger jet,parked,an industrial yard,wide shot,rainy with wet reflections,clean,a high-quality image,"a high-quality image of a passenger jet airplane parked in an industrial yard, wide shot, rainy with wet reflections. single main subject, photorealistic color photo, natural colors, realistic texture, sharp focus on subject, no people, no text, no watermark, no logo, no border, no collage, no CGI, no illustration.","text, watermark, logo, caption, signature, border, frame, collage, multiple panels, cartoon, illustration, CGI, 3d render, low-poly, painting, anime, surreal, deformed, duplicate objects, extra limbs, blurry, out of focus, noise, oversaturated, posterized, artifacts, jpeg artifacts"
54,airplane,seaplane,taking off,an industrial yard,close-up,indoor soft window light,clean,a photorealistic color photo,"a photorealistic color photo of a seaplane airplane taking off in an industrial yard, close-up, indoor soft window light. single main subject, photorealistic color photo, natural colors, realistic texture, sharp focus on subject, no people, no text, no watermark, no logo, no border, no collage, no CGI, no illustration.","text, watermark, logo, caption, signature, border, frame, collage, multiple panels, cartoon, illustration, CGI, 3d render, low-poly, painting, anime, surreal, deformed, duplicate objects, extra limbs, blurry, out of focus, noise, oversaturated, posterized, artifacts, jpeg artifacts"
607,airplane,small prop airplane,flying,a sandy beach,slightly off-center framing,overcast daylight,clean,a high-quality image,"a high-quality image of a small prop airplane flying in a sandy beach, slightly off-center framing, overcast daylight. single main subject, photorealistic color photo, natural colors, realistic texture, sharp focus on subject, no people, no text, no watermark, no logo, no border, no collage, no CGI, no illustration.","text, watermark, logo, caption, signature, border, frame, collage, multiple panels, cartoon, illustration, CGI, 3d render, low-poly, painting, anime, surreal, deformed, duplicate objects, extra limbs, blurry, out of focus, noise, oversaturated, posterized, artifacts, jpeg artifacts"
623,airplane,biplane,parked,an urban street,slightly off-center framing,golden hour,clean,a professional photo,"a professional photo of a biplane airplane parked in an urban street, slightly off-center framing, golden hour. single main subject, photorealistic color photo, natural colors, realistic texture, sharp focus on subject, no people, no text, no watermark, no logo, no border, no collage, no CGI, no illustration.","text, watermark, logo, caption, signature, border, frame, collage, multiple panels, cartoon, illustration, CGI, 3d render, low-poly, painting, anime, surreal, deformed, duplicate objects, extra limbs, blurry, out of focus, noise, oversaturated, posterized, artifacts, jpeg artifacts"
171,airplane,biplane,flying,a grassy field,low angle,nighttime under streetlights,clean,an ultra-realistic rendering,"an ultra-realistic rendering of a biplane airplane flying in a grassy field, low angle, nighttime under streetlights. single main subject, photorealistic color photo, natural colors, realistic texture, sharp focus on subject, no people, no text, no watermark, no logo, no border, no collage, no CGI, no illustration.","text, watermark, logo, caption, signature, border, frame, collage, multiple panels, cartoon, illustration, CGI, 3d render, low-poly, painting, anime, surreal, deformed, duplicate objects, extra limbs, blurry, out of focus, noise, oversaturated, posterized, artifacts, jpeg artifacts"
684,airplane,small prop airplane,taking off,a parking lot,slightly off-center framing,golden hour,clean,a finely detailed photo,"a finely detailed photo of a small prop airplane taking off in a parking lot, slightly off-center framing, golden hour. single main subject, photorealistic color photo, natural colors, realistic texture, sharp focus on subject, no people, no text, no watermark, no logo, no border, no collage, no CGI, no illustration.","text, watermark, logo, caption, signature, border, frame, collage, multiple panels, cartoon, illustration, CGI, 3d render, low-poly, painting, anime, surreal, deformed, duplicate objects, extra limbs, blurry, out of focus, noise, oversaturated, posterized, artifacts, jpeg artifacts"
987,airplane,seaplane,taking off,a suburban neighborhood,high angle,overcast daylight,hard,a professional photo,"a professional photo of a seaplane airplane taking off in a suburban neighborhood, high angle, overcast daylight. busy background but still one main subject. single main subject, photorealistic color photo, natural colors, realistic texture, sharp focus on subject, no people, no text, no watermark, no logo, no border, no collage, no CGI, no illustration.","text, watermark, logo, caption, signature, border, frame, collage, multiple panels, cartoon, illustration, CGI, 3d render, low-poly, painting, anime, surreal, deformed, duplicate objects, extra limbs, blurry, out of focus, noise, oversaturated, posterized, artifacts, jpeg artifacts"
877,airplane,small prop airplane,taking off,a wet roadway after rain,wide shot,indoor soft window light,hard,a finely detailed photo,"a finely detailed photo of a small prop airplane taking off in a wet roadway after rain, wide shot, indoor soft window light. slight motion blur. single main subject, photorealistic color photo, natural colors, realistic texture, sharp focus on subject, no people, no text, no watermark, no logo, no border, no collage, no CGI, no illustration.","text, watermark, logo, caption, signature, border, frame, collage, multiple panels, cartoon, illustration, CGI, 3d render, low-poly, painting, anime, surreal, deformed, duplicate objects, extra limbs, blurry, out of focus, noise, oversaturated, posterized, artifacts, jpeg artifacts"
705,airplane,passenger jet,taxiing,a sandy beach,side profile,overcast daylight,clean,an ultra-realistic rendering,"an ultra-realistic rendering of a passenger jet airplane taxiing in a sandy beach, side profile, overcast daylight. single main subject, photorealistic color photo, natural colors, realistic texture, sharp focus on subject, no people, no text, no watermark, no logo, no border, no collage, no CGI, no illustration.","text, watermark, logo, caption, signature, border, frame, collage, multiple panels, cartoon, illustration, CGI, 3d render, low-poly, painting, anime, surreal, deformed, duplicate objects, extra limbs, blurry, out of focus, noise, oversaturated, posterized, artifacts, jpeg artifacts"
540,airplane,seaplane,taxiing,an urban street,close-up,backlit rim light,clean,a high-quality image,"a high-quality image of a seaplane airplane taxiing in an urban street, close-up, backlit rim light. single main subject, photorealistic color photo, natural colors, realistic texture, sharp focus on subject, no people, no text, no watermark, no logo, no border, no collage, no CGI, no illustration.","text, watermark, logo, caption, signature, border, frame, collage, multiple panels, cartoon, illustration, CGI, 3d render, low-poly, painting, anime, surreal, deformed, duplicate objects, extra limbs, blurry, out of focus, noise, oversaturated, posterized, artifacts, jpeg artifacts"
429,airplane,cargo plane,taxiing,a wet roadway after rain,wide shot,backlit rim light,clean,a photorealistic color photo,"a photorealistic color photo of a cargo plane airplane taxiing in a wet roadway after rain, wide shot, backlit rim light. single main subject, photorealistic color photo, natural colors, realistic texture, sharp focus on subject, no people, no text, no watermark, no logo, no border, no collage, no CGI, no illustration.","text, watermark, logo, caption, signature, border, frame, collage, multiple panels, cartoon, illustration, CGI, 3d render, low-poly, painting, anime, surreal, deformed, duplicate objects, extra limbs, blurry, out of focus, noise, oversaturated, posterized, artifacts, jpeg artifacts"
323,airplane,biplane,flying,a sandy beach,slightly off-center framing,foggy morning,clean,a professional photo,"a professional photo of a biplane airplane flying in a sandy beach, slightly off-center framing, foggy morning. single main subject, photorealistic color photo, natural colors, realistic texture, sharp focus on subject, no people, no text, no watermark, no logo, no border, no collage, no CGI, no illustration.","text, watermark, logo, caption, signature, border, frame, collage, multiple panels, cartoon, illustration, CGI, 3d render, low-poly, painting, anime, surreal, deformed, duplicate objects, extra limbs, blurry, out of focus, noise, oversaturated, posterized, artifacts, jpeg artifacts"
72,airplane,cargo plane,parked,a wet roadway after rain,slightly off-center framing,overcast daylight,clean,a finely detailed photo,"a finely detailed photo of a cargo plane airplane parked in a wet roadway after rain, slightly off-center framing, overcast daylight. single main subject, photorealistic color photo, natural colors, realistic texture, sharp focus on subject, no people, no text, no watermark, no logo, no border, no collage, no CGI, no illustration.","text, watermark, logo, caption, signature, border, frame, collage, multiple panels, cartoon, illustration, CGI, 3d render, low-poly, painting, anime, surreal, deformed, duplicate objects, extra limbs, blurry, out of focus, noise, oversaturated, posterized, artifacts, jpeg artifacts"
353,airplane,glider,flying,a gravel lot,3/4 view,sunny afternoon,clean,a photorealistic color photo,"a photorealistic color photo of a glider airplane flying in a gravel lot, 3/4 view, sunny afternoon. single main subject, photorealistic color photo, natural colors, realistic texture, sharp focus on subject, no people, no text, no watermark, no logo, no border, no collage, no CGI, no illustration.","text, watermark, logo, caption, signature, border, frame, collage, multiple panels, cartoon, illustration, CGI, 3d render, low-poly, painting, anime, surreal, deformed, duplicate objects, extra limbs, blurry, out of focus, noise, oversaturated, posterized, artifacts, jpeg artifacts"
219,airplane,glider,taking off,a quiet residential street,3/4 view,backlit rim light,clean,a photorealistic color photo,"a photorealistic color photo of a glider airplane taking off in a quiet residential street, 3/4 view, backlit rim light. single main subject, photorealistic color photo, natural colors, realistic texture, sharp focus on subject, no people, no text, no watermark, no logo, no border, no collage, no CGI, no illustration.","text, watermark, logo, caption, signature, border, frame, collage, multiple panels, cartoon, illustration, CGI, 3d render, low-poly, painting, anime, surreal, deformed, duplicate objects, extra limbs, blurry, out of focus, noise, oversaturated, posterized, artifacts, jpeg artifacts"
778,airplane,cargo plane,taxiing,a lakeside shore,slightly off-center framing,nighttime under streetlights,clean,an ultra-realistic rendering,"an ultra-realistic rendering of a cargo plane airplane taxiing in a lakeside shore, slightly off-center framing, nighttime under streetlights. single main subject, photorealistic color photo, natural colors, realistic texture, sharp focus on subject, no people, no text, no watermark, no logo, no border, no collage, no CGI, no illustration.","text, watermark, logo, caption, signature, border, frame, collage, multiple panels, cartoon, illustration, CGI, 3d render, low-poly, painting, anime, surreal, deformed, duplicate objects, extra limbs, blurry, out of focus, noise, oversaturated, posterized, artifacts, jpeg artifacts"
312,airplane,seaplane,parked,a quiet residential street,close-up,indoor soft window light,clean,a finely detailed photo,"a finely detailed photo of a seaplane airplane parked in a quiet residential street, close-up, indoor soft window light. single main subject, photorealistic color photo, natural colors, realistic texture, sharp focus on subject, no people, no text, no watermark, no logo, no border, no collage, no CGI, no illustration.","text, watermark, logo, caption, signature, border, frame, collage, multiple panels, cartoon, illustration, CGI, 3d render, low-poly, painting, anime, surreal, deformed, duplicate objects, extra limbs, blurry, out of focus, noise, oversaturated, posterized, artifacts, jpeg artifacts"
165,airplane,seaplane,taxiing,a gravel lot,close-up,golden hour,clean,a professional photo,"a professional photo of a seaplane airplane taxiing in a gravel lot, close-up, golden hour. single main subject, photorealistic color photo, natural colors, realistic texture, sharp focus on subject, no people, no text, no watermark, no logo, no border, no collage, no CGI, no illustration.","text, watermark, logo, caption, signature, border, frame, collage, multiple panels, cartoon, illustration, CGI, 3d render, low-poly, painting, anime, surreal, deformed, duplicate objects, extra limbs, blurry, out of focus, noise, oversaturated, posterized, artifacts, jpeg artifacts"
131,airplane,cargo plane,taking off,a parking lot,side profile,sunny afternoon,clean,a professional photo,"a professional photo of a cargo plane airplane taking off in a parking lot, side profile, sunny afternoon. single main subject, photorealistic color photo, natural colors, realistic texture, sharp focus on subject, no people, no text, no watermark, no logo, no border, no collage, no CGI, no illustration.","text, watermark, logo, caption, signature, border, frame, collage, multiple panels, cartoon, illustration, CGI, 3d render, low-poly, painting, anime, surreal, deformed, duplicate objects, extra limbs, blurry, out of focus, noise, oversaturated, posterized, artifacts, jpeg artifacts"
936,airplane,passenger jet,taking off,a sandy beach,close-up,overcast daylight,hard,an ultra-realistic rendering,"an ultra-realistic rendering of a passenger jet airplane taking off in a sandy beach, close-up, overcast daylight. cropped slightly. single main subject, photorealistic color photo, natural colors, realistic texture, sharp focus on subject, no people, no text, no watermark, no logo, no border, no collage, no CGI, no illustration.","text, watermark, logo, caption, signature, border, frame, collage, multiple panels, cartoon, illustration, CGI, 3d render, low-poly, painting, anime, surreal, deformed, duplicate objects, extra limbs, blurry, out of focus, noise, oversaturated, posterized, artifacts, jpeg artifacts"
16,airplane,biplane,parked,a sandy beach,side profile,backlit rim light,clean,a photorealistic color photo,"a photorealistic color photo of a biplane airplane parked in a sandy beach, side profile, backlit rim light. single main subject, photorealistic color photo, natural colors, realistic texture, sharp focus on subject, no people, no text, no watermark, no logo, no border, no collage, no CGI, no illustration.","text, watermark, logo, caption, signature, border, frame, collage, multiple panels, cartoon, illustration, CGI, 3d render, low-poly, painting, anime, surreal, deformed, duplicate objects, extra limbs, blurry, out of focus, noise, oversaturated, posterized, artifacts, jpeg artifacts"
28,airplane,biplane,taking off,a countryside road,low angle,indoor soft window light,clean,an ultra-realistic rendering,"an ultra-realistic rendering of a biplane airplane taking off in a countryside road, low angle, indoor soft window light. single main subject, photorealistic color photo, natural colors, realistic texture, sharp focus on subject, no people, no text, no watermark, no logo, no border, no collage, no CGI, no illustration.","text, watermark, logo, caption, signature, border, frame, collage, multiple panels, cartoon, illustration, CGI, 3d render, low-poly, painting, anime, surreal, deformed, duplicate objects, extra limbs, blurry, out of focus, noise, oversaturated, posterized, artifacts, jpeg artifacts"
680,airplane,small prop airplane,flying,a wet roadway after rain,high angle,foggy morning,clean,a professional photo,"a professional photo of a small prop airplane flying in a wet roadway after rain, high angle, foggy morning. single main subject, photorealistic color photo, natural colors, realistic texture, sharp focus on subject, no people, no text, no watermark, no logo, no border, no collage, no CGI, no illustration.","text, watermark, logo, caption, signature, border, frame, collage, multiple panels, cartoon, illustration, CGI, 3d render, low-poly, painting, anime, surreal, deformed, duplicate objects, extra limbs, blurry, out of focus, noise, oversaturated, posterized, artifacts, jpeg artifacts"
110,airplane,seaplane,parked,a sandy beach,low angle,golden hour,clean,a detailed photograph,"a detailed photograph of a seaplane airplane parked in a sandy beach, low angle, golden hour. single main subject, photorealistic color photo, natural colors, realistic texture, sharp focus on subject, no people, no text, no watermark, no logo, no border, no collage, no CGI, no illustration.","text, watermark, logo, caption, signature, border, frame, collage, multiple panels, cartoon, illustration, CGI, 3d render, low-poly, painting, anime, surreal, deformed, duplicate objects, extra limbs, blurry, out of focus, noise, oversaturated, posterized, artifacts, jpeg artifacts"
942,airplane,biplane,taxiing,a sandy beach,high angle,sunny afternoon,hard,a detailed photograph,"a detailed photograph of a biplane airplane taxiing in a sandy beach, high angle, sunny afternoon. slight motion blur. single main subject, photorealistic color photo, natural colors, realistic texture, sharp focus on subject, no people, no text, no watermark, no logo, no border, no collage, no CGI, no illustration.","text, watermark, logo, caption, signature, border, frame, collage, multiple panels, cartoon, illustration, CGI, 3d render, low-poly, painting, anime, surreal, deformed, duplicate objects, extra limbs, blurry, out of focus, noise, oversaturated, posterized, artifacts, jpeg artifacts"
766,airplane,glider,taxiing,a backyard,wide shot,sunny afternoon,clean,a finely detailed photo,"a finely detailed photo of a glider airplane taxiing in a backyard, wide shot, sunny afternoon. single main subject, photorealistic color photo, natural colors, realistic texture, sharp focus on subject, no people, no text, no watermark, no logo, no border, no collage, no CGI, no illustration.","text, watermark, logo, caption, signature, border, frame, collage, multiple panels, cartoon, illustration, CGI, 3d render, low-poly, painting, anime, surreal, deformed, duplicate objects, extra limbs, blurry, out of focus, noise, oversaturated, posterized, artifacts, jpeg artifacts"
795,airplane,small prop airplane,parked,a backyard,3/4 view,rainy with wet reflections,clean,a finely detailed photo,"a finely detailed photo of a small prop airplane parked in a backyard, 3/4 view, rainy with wet reflections. single main subject, photorealistic color photo, natural colors, realistic texture, sharp focus on subject, no people, no text, no watermark, no logo, no border, no collage, no CGI, no illustration.","text, watermark, logo, caption, signature, border, frame, collage, multiple panels, cartoon, illustration, CGI, 3d render, low-poly, painting, anime, surreal, deformed, duplicate objects, extra limbs, blurry, out of focus, noise, oversaturated, posterized, artifacts, jpeg artifacts"
437,airplane,biplane,parked,a forest clearing,high angle,overcast daylight,clean,a photorealistic color photo,"a photorealistic color photo of a biplane airplane parked in a forest clearing, high angle, overcast daylight. single main subject, photorealistic color photo, natural colors, realistic texture, sharp focus on subject, no people, no text, no watermark, no logo, no border, no collage, no CGI, no illustration.","text, watermark, logo, caption, signature, border, frame, collage, multiple panels, cartoon, illustration, CGI, 3d render, low-poly, painting, anime, surreal, deformed, duplicate objects, extra limbs, blurry, out of focus, noise, oversaturated, posterized, artifacts, jpeg artifacts"
57,airplane,small prop airplane,flying,an urban street,low angle,nighttime under streetlights,clean,a photorealistic color photo,"a photorealistic color photo of a small prop airplane flying in an urban street, low angle, nighttime under streetlights. single main subject, photorealistic color photo, natural colors, realistic texture, sharp focus on subject, no people, no text, no watermark, no logo, no border, no collage, no CGI, no illustration.","text, watermark, logo, caption, signature, border, frame, collage, multiple panels, cartoon, illustration, CGI, 3d render, low-poly, painting, anime, surreal, deformed, duplicate objects, extra limbs, blurry, out of focus, noise, oversaturated, posterized, artifacts, jpeg artifacts"
964,airplane,cargo plane,parked,a quiet residential street,3/4 view,backlit rim light,hard,a high-quality image,"a high-quality image of a cargo plane airplane parked in a quiet residential street, 3/4 view, backlit rim light. slight motion blur. single main subject, photorealistic color photo, natural colors, realistic texture, sharp focus on subject, no people, no text, no watermark, no logo, no border, no collage, no CGI, no illustration.","text, watermark, logo, caption, signature, border, frame, collage, multiple panels, cartoon, illustration, CGI, 3d render, low-poly, painting, anime, surreal, deformed, duplicate objects, extra limbs, blurry, out of focus, noise, oversaturated, posterized, artifacts, jpeg artifacts"
521,airplane,glider,taking off,a quiet residential street,slightly off-center framing,golden hour,clean,a photorealistic color photo,"a photorealistic color photo of a glider airplane taking off in a quiet residential street, slightly off-center framing, golden hour. single main subject, photorealistic color photo, natural colors, realistic texture, sharp focus on subject, no people, no text, no watermark, no logo, no border, no collage, no CGI, no illustration.","text, watermark, logo, caption, signature, border, frame, collage, multiple panels, cartoon, illustration, CGI, 3d render, low-poly, painting, anime, surreal, deformed, duplicate objects, extra limbs, blurry, out of focus, noise, oversaturated, posterized, artifacts, jpeg artifacts"
336,airplane,passenger jet,parked,a forest clearing,wide shot,overcast daylight,clean,a professional photo,"a professional photo of a passenger jet airplane parked in a forest clearing, wide shot, overcast daylight. single main subject, photorealistic color photo, natural colors, realistic texture, sharp focus on subject, no people, no text, no watermark, no logo, no border, no collage, no CGI, no illustration.","text, watermark, logo, caption, signature, border, frame, collage, multiple panels, cartoon, illustration, CGI, 3d render, low-poly, painting, anime, surreal, deformed, duplicate objects, extra limbs, blurry, out of focus, noise, oversaturated, posterized, artifacts, jpeg artifacts"
518,airplane,small prop airplane,taking off,a countryside road,slightly off-center framing,sunny afternoon,clean,a finely detailed photo,"a finely detailed photo of a small prop airplane taking off in a countryside road, slightly off-center framing, sunny afternoon. single main subject, photorealistic color photo, natural colors, realistic texture, sharp focus on subject, no people, no text, no watermark, no logo, no border, no collage, no CGI, no illustration.","text, watermark, logo, caption, signature, border, frame, collage, multiple panels, cartoon, illustration, CGI, 3d render, low-poly, painting, anime, surreal, deformed, duplicate objects, extra limbs, blurry, out of focus, noise, oversaturated, posterized, artifacts, jpeg artifacts"
311,airplane,small prop airplane,parked,a backyard,low angle,sunny afternoon,clean,a high-quality image,"a high-quality image of a small prop airplane parked in a backyard, low angle, sunny afternoon. single main subject, photorealistic color photo, natural colors, realistic texture, sharp focus on subject, no people, no text, no watermark, no logo, no border, no collage, no CGI, no illustration.","text, watermark, logo, caption, signature, border, frame, collage, multiple panels, cartoon, illustration, CGI, 3d render, low-poly, painting, anime, surreal, deformed, duplicate objects, extra limbs, blurry, out of focus, noise, oversaturated, posterized, artifacts, jpeg artifacts"
23,airplane,glider,flying,a wet roadway after rain,side profile,sunny afternoon,clean,a professional photo,"a professional photo of a glider airplane flying in a wet roadway after rain, side profile, sunny afternoon. single main subject, photorealistic color photo, natural colors, realistic texture, sharp focus on subject, no people, no text, no watermark, no logo, no border, no collage, no CGI, no illustration.","text, watermark, logo, caption, signature, border, frame, collage, multiple panels, cartoon, illustration, CGI, 3d render, low-poly, painting, anime, surreal, deformed, duplicate objects, extra limbs, blurry, out of focus, noise, oversaturated, posterized, artifacts, jpeg artifacts"
912,airplane,small prop airplane,parked,a grassy field,slightly off-center framing,backlit rim light,hard,a detailed photograph,"a detailed photograph of a small prop airplane parked in a grassy field, slightly off-center framing, backlit rim light. in the distance. single main subject, photorealistic color photo, natural colors, realistic texture, sharp focus on subject, no people, no text, no watermark, no logo, no border, no collage, no CGI, no illustration.","text, watermark, logo, caption, signature, border, frame, collage, multiple panels, cartoon, illustration, CGI, 3d render, low-poly, painting, anime, surreal, deformed, duplicate objects, extra limbs, blurry, out of focus, noise, oversaturated, posterized, artifacts, jpeg artifacts"
864,airplane,cargo plane,taxiing,an industrial yard,cropped at the edge of the frame,foggy morning,hard,a professional photo,"a professional photo of a cargo plane airplane taxiing in an industrial yard, cropped at the edge of the frame, foggy morning. slight motion blur. single main subject, photorealistic color photo, natural colors, realistic texture, sharp focus on subject, no people, no text, no watermark, no logo, no border, no collage, no CGI, no illustration.","text, watermark, logo, caption, signature, border, frame, collage, multiple panels, cartoon, illustration, CGI, 3d render, low-poly, painting, anime, surreal, deformed, duplicate objects, extra limbs, blurry, out of focus, noise, oversaturated, posterized, artifacts, jpeg artifacts"
445,airplane,biplane,taking off,a countryside road,slightly off-center framing,golden hour,clean,a detailed photograph,"a detailed photograph of a biplane airplane taking off in a countryside road, slightly off-center framing, golden hour. single main subject, photorealistic color photo, natural colors, realistic texture, sharp focus on subject, no people, no text, no watermark, no logo, no border, no collage, no CGI, no illustration.","text, watermark, logo, caption, signature, border, frame, collage, multiple panels, cartoon, illustration, CGI, 3d render, low-poly, painting, anime, surreal, deformed, duplicate objects, extra limbs, blurry, out of focus, noise, oversaturated, posterized, artifacts, jpeg artifacts"
828,airplane,seaplane,taking off,a backyard,side profile,foggy morning,hard,an ultra-realistic rendering,"an ultra-realistic rendering of a seaplane airplane taking off in a backyard, side profile, foggy morning. in the distance. single main subject, photorealistic color photo, natural colors, realistic texture, sharp focus on subject, no people, no text, no watermark, no logo, no border, no collage, no CGI, no illustration.","text, watermark, logo, caption, signature, border, frame, collage, multiple panels, cartoon, illustration, CGI, 3d render, low-poly, painting, anime, surreal, deformed, duplicate objects, extra limbs, blurry, out of focus, noise, oversaturated, posterized, artifacts, jpeg artifacts"
915,airplane,glider,flying,a parking lot,wide shot,overcast daylight,hard,a professional photo,"a professional photo of a glider airplane flying in a parking lot, wide shot, overcast daylight. slight motion blur. single main subject, photorealistic color photo, natural colors, realistic texture, sharp focus on subject, no people, no text, no watermark, no logo, no border, no collage, no CGI, no illustration.","text, watermark, logo, caption, signature, border, frame, collage, multiple panels, cartoon, illustration, CGI, 3d render, low-poly, painting, anime, surreal, deformed, duplicate objects, extra limbs, blurry, out of focus, noise, oversaturated, posterized, artifacts, jpeg artifacts"
732,airplane,cargo plane,flying,a wet roadway after rain,side profile,sunny afternoon,clean,a professional photo,"a professional photo of a cargo plane airplane flying in a wet roadway after rain, side profile, sunny afternoon. single main subject, photorealistic color photo, natural colors, realistic texture, sharp focus on subject, no people, no text, no watermark, no logo, no border, no collage, no CGI, no illustration.","text, watermark, logo, caption, signature, border, frame, collage, multiple panels, cartoon, illustration, CGI, 3d render, low-poly, painting, anime, surreal, deformed, duplicate objects, extra limbs, blurry, out of focus, noise, oversaturated, posterized, artifacts, jpeg artifacts"
397,airplane,passenger jet,taxiing,a forest clearing,low angle,nighttime under streetlights,clean,an ultra-realistic rendering,"an ultra-realistic rendering of a passenger jet airplane taxiing in a forest clearing, low angle, nighttime under streetlights. single main subject, photorealistic color photo, natural colors, realistic texture, sharp focus on subject, no people, no text, no watermark, no logo, no border, no collage, no CGI, no illustration.","text, watermark, logo, caption, signature, border, frame, collage, multiple panels, cartoon, illustration, CGI, 3d render, low-poly, painting, anime, surreal, deformed, duplicate objects, extra limbs, blurry, out of focus, noise, oversaturated, posterized, artifacts, jpeg artifacts"
554,airplane,glider,parked,a wet roadway after rain,wide shot,foggy morning,clean,a photorealistic color photo,"a photorealistic color photo of a glider airplane parked in a wet roadway after rain, wide shot, foggy morning. single main subject, photorealistic color photo, natural colors, realistic texture, sharp focus on subject, no people, no text, no watermark, no logo, no border, no collage, no CGI, no illustration.","text, watermark, logo, caption, signature, border, frame, collage, multiple panels, cartoon, illustration, CGI, 3d render, low-poly, painting, anime, surreal, deformed, duplicate objects, extra limbs, blurry, out of focus, noise, oversaturated, posterized, artifacts, jpeg artifacts"
947,airplane,seaplane,taking off,a suburban neighborhood,wide shot,nighttime under streetlights,hard,a professional photo,"a professional photo of a seaplane airplane taking off in a suburban neighborhood, wide shot, nighttime under streetlights. cropped slightly. single main subject, photorealistic color photo, natural colors, realistic texture, sharp focus on subject, no people, no text, no watermark, no logo, no border, no collage, no CGI, no illustration.","text, watermark, logo, caption, signature, border, frame, collage, multiple panels, cartoon, illustration, CGI, 3d render, low-poly, painting, anime, surreal, deformed, duplicate objects, extra limbs, blurry, out of focus, noise, oversaturated, posterized, artifacts, jpeg artifacts"
609,airplane,cargo plane,taking off,a grassy field,low angle,golden hour,clean,a finely detailed photo,"a finely detailed photo of a cargo plane airplane taking off in a grassy field, low angle, golden hour. single main subject, photorealistic color photo, natural colors, realistic texture, sharp focus on subject, no people, no text, no watermark, no logo, no border, no collage, no CGI, no illustration.","text, watermark, logo, caption, signature, border, frame, collage, multiple panels, cartoon, illustration, CGI, 3d render, low-poly, painting, anime, surreal, deformed, duplicate objects, extra limbs, blurry, out of focus, noise, oversaturated, posterized, artifacts, jpeg artifacts"
985,airplane,small prop airplane,taking off,a wet roadway after rain,low angle,foggy morning,hard,an ultra-realistic rendering,"an ultra-realistic rendering of a small prop airplane taking off in a wet roadway after rain, low angle, foggy morning. in the distance. single main subject, photorealistic color photo, natural colors, realistic texture, sharp focus on subject, no people, no text, no watermark, no logo, no border, no collage, no CGI, no illustration.","text, watermark, logo, caption, signature, border, frame, collage, multiple panels, cartoon, illustration, CGI, 3d render, low-poly, painting, anime, surreal, deformed, duplicate objects, extra limbs, blurry, out of focus, noise, oversaturated, posterized, artifacts, jpeg artifacts"
100,airplane,small prop airplane,flying,a city park,wide shot,backlit rim light,clean,a high-quality image,"a high-quality image of a small prop airplane flying in a city park, wide shot, backlit rim light. single main subject, photorealistic color photo, natural colors, realistic texture, sharp focus on subject, no people, no text, no watermark, no logo, no border, no collage, no CGI, no illustration.","text, watermark, logo, caption, signature, border, frame, collage, multiple panels, cartoon, illustration, CGI, 3d render, low-poly, painting, anime, surreal, deformed, duplicate objects, extra limbs, blurry, out of focus, noise, oversaturated, posterized, artifacts, jpeg artifacts"
539,airplane,seaplane,flying,an urban street,low angle,nighttime under streetlights,clean,a high-quality image,"a high-quality image of a seaplane airplane flying in an urban street, low angle, nighttime under streetlights. single main subject, photorealistic color photo, natural colors, realistic texture, sharp focus on subject, no people, no text, no watermark, no logo, no border, no collage, no CGI, no illustration.","text, watermark, logo, caption, signature, border, frame, collage, multiple panels, cartoon, illustration, CGI, 3d render, low-poly, painting, anime, surreal, deformed, duplicate objects, extra limbs, blurry, out of focus, noise, oversaturated, posterized, artifacts, jpeg artifacts"
389,airplane,glider,parked,a countryside road,3/4 view,foggy morning,clean,a detailed photograph,"a detailed photograph of a glider airplane parked in a countryside road, 3/4 view, foggy morning. single main subject, photorealistic color photo, natural colors, realistic texture, sharp focus on subject, no people, no text, no watermark, no logo, no border, no collage, no CGI, no illustration.","text, watermark, logo, caption, signature, border, frame, collage, multiple panels, cartoon, illustration, CGI, 3d render, low-poly, painting, anime, surreal, deformed, duplicate objects, extra limbs, blurry, out of focus, noise, oversaturated, posterized, artifacts, jpeg artifacts"
495,airplane,cargo plane,flying,a backyard,front view,overcast daylight,clean,a photorealistic color photo,"a photorealistic color photo of a cargo plane airplane flying in a backyard, front view, overcast daylight. single main subject, photorealistic color photo, natural colors, realistic texture, sharp focus on subject, no people, no text, no watermark, no logo, no border, no collage, no CGI, no illustration.","text, watermark, logo, caption, signature, border, frame, collage, multiple panels, cartoon, illustration, CGI, 3d render, low-poly, painting, anime, surreal, deformed, duplicate objects, extra limbs, blurry, out of focus, noise, oversaturated, posterized, artifacts, jpeg artifacts"
613,airplane,cargo plane,taxiing,a gravel lot,wide shot,sunny afternoon,clean,a high-quality image,"a high-quality image of a cargo plane airplane taxiing in a gravel lot, wide shot, sunny afternoon. single main subject, photorealistic color photo, natural colors, realistic texture, sharp focus on subject, no people, no text, no watermark, no logo, no border, no collage, no CGI, no illustration.","text, watermark, logo, caption, signature, border, frame, collage, multiple panels, cartoon, illustration, CGI, 3d render, low-poly, painting, anime, surreal, deformed, duplicate objects, extra limbs, blurry, out of focus, noise, oversaturated, posterized, artifacts, jpeg artifacts"
318,airplane,passenger jet,taking off,a wet roadway after rain,slightly off-center framing,foggy morning,clean,a high-quality image,"a high-quality image of a passenger jet airplane taking off in a wet roadway after rain, slightly off-center framing, foggy morning. single main subject, photorealistic color photo, natural colors, realistic texture, sharp focus on subject, no people, no text, no watermark, no logo, no border, no collage, no CGI, no illustration.","text, watermark, logo, caption, signature, border, frame, collage, multiple panels, cartoon, illustration, CGI, 3d render, low-poly, painting, anime, surreal, deformed, duplicate objects, extra limbs, blurry, out of focus, noise, oversaturated, posterized, artifacts, jpeg artifacts"
58,airplane,passenger jet,taking off,a sandy beach,high angle,backlit rim light,clean,a detailed photograph,"a detailed photograph of a passenger jet airplane taking off in a sandy beach, high angle, backlit rim light. single main subject, photorealistic color photo, natural colors, realistic texture, sharp focus on subject, no people, no text, no watermark, no logo, no border, no collage, no CGI, no illustration.","text, watermark, logo, caption, signature, border, frame, collage, multiple panels, cartoon, illustration, CGI, 3d render, low-poly, painting, anime, surreal, deformed, duplicate objects, extra limbs, blurry, out of focus, noise, oversaturated, posterized, artifacts, jpeg artifacts"
617,airplane,biplane,taking off,a gravel lot,slightly off-center framing,sunny afternoon,clean,a finely detailed photo,"a finely detailed photo of a biplane airplane taking off in a gravel lot, slightly off-center framing, sunny afternoon. single main subject, photorealistic color photo, natural colors, realistic texture, sharp focus on subject, no people, no text, no watermark, no logo, no border, no collage, no CGI, no illustration.","text, watermark, logo, caption, signature, border, frame, collage, multiple panels, cartoon, illustration, CGI, 3d render, low-poly, painting, anime, surreal, deformed, duplicate objects, extra limbs, blurry, out of focus, noise, oversaturated, posterized, artifacts, jpeg artifacts"
692,airplane,seaplane,taxiing,an urban street,wide shot,indoor soft window light,clean,an ultra-realistic rendering,"an ultra-realistic rendering of a seaplane airplane taxiing in an urban street, wide shot, indoor soft window light. single main subject, photorealistic color photo, natural colors, realistic texture, sharp focus on subject, no people, no text, no watermark, no logo, no border, no collage, no CGI, no illustration.","text, watermark, logo, caption, signature, border, frame, collage, multiple panels, cartoon, illustration, CGI, 3d render, low-poly, painting, anime, surreal, deformed, duplicate objects, extra limbs, blurry, out of focus, noise, oversaturated, posterized, artifacts, jpeg artifacts"
758,airplane,passenger jet,parked,a backyard,3/4 view,nighttime under streetlights,clean,a finely detailed photo,"a finely detailed photo of a passenger jet airplane parked in a backyard, 3/4 view, nighttime under streetlights. single main subject, photorealistic color photo, natural colors, realistic texture, sharp focus on subject, no people, no text, no watermark, no logo, no border, no collage, no CGI, no illustration.","text, watermark, logo, caption, signature, border, frame, collage, multiple panels, cartoon, illustration, CGI, 3d render, low-poly, painting, anime, surreal, deformed, duplicate objects, extra limbs, blurry, out of focus, noise, oversaturated, posterized, artifacts, jpeg artifacts"
823,airplane,seaplane,parked,an industrial yard,wide shot,rainy with wet reflections,hard,a high-quality image,"a high-quality image of a seaplane airplane parked in an industrial yard, wide shot, rainy with wet reflections. slight motion blur. single main subject, photorealistic color photo, natural colors, realistic texture, sharp focus on subject, no people, no text, no watermark, no logo, no border, no collage, no CGI, no illustration.","text, watermark, logo, caption, signature, border, frame, collage, multiple panels, cartoon, illustration, CGI, 3d render, low-poly, painting, anime, surreal, deformed, duplicate objects, extra limbs, blurry, out of focus, noise, oversaturated, posterized, artifacts, jpeg artifacts"
465,airplane,seaplane,taking off,a countryside road,low angle,sunny afternoon,clean,a high-quality image,"a high-quality image of a seaplane airplane taking off in a countryside road, low angle, sunny afternoon. single main subject, photorealistic color photo, natural colors, realistic texture, sharp focus on subject, no people, no text, no watermark, no logo, no border, no collage, no CGI, no illustration.","text, watermark, logo, caption, signature, border, frame, collage, multiple panels, cartoon, illustration, CGI, 3d render, low-poly, painting, anime, surreal, deformed, duplicate objects, extra limbs, blurry, out of focus, noise, oversaturated, posterized, artifacts, jpeg artifacts"
42,airplane,cargo plane,parked,an industrial yard,side profile,foggy morning,clean,a finely detailed photo,"a finely detailed photo of a cargo plane airplane parked in an industrial yard, side profile, foggy morning. single main subject, photorealistic color photo, natural colors, realistic texture, sharp focus on subject, no people, no text, no watermark, no logo, no border, no collage, no CGI, no illustration.","text, watermark, logo, caption, signature, border, frame, collage, multiple panels, cartoon, illustration, CGI, 3d render, low-poly, painting, anime, surreal, deformed, duplicate objects, extra limbs, blurry, out of focus, noise, oversaturated, posterized, artifacts, jpeg artifacts"
346,airplane,cargo plane,parked,a city park,close-up,nighttime under streetlights,clean,a detailed photograph,"a detailed photograph of a cargo plane airplane parked in a city park, close-up, nighttime under streetlights. single main subject, photorealistic color photo, natural colors, realistic texture, sharp focus on subject, no people, no text, no watermark, no logo, no border, no collage, no CGI, no illustration.","text, watermark, logo, caption, signature, border, frame, collage, multiple panels, cartoon, illustration, CGI, 3d render, low-poly, painting, anime, surreal, deformed, duplicate objects, extra limbs, blurry, out of focus, noise, oversaturated, posterized, artifacts, jpeg artifacts"
355,airplane,seaplane,taking off,a backyard,3/4 view,indoor soft window light,clean,a finely detailed photo,"a finely detailed photo of a seaplane airplane taking off in a backyard, 3/4 view, indoor soft window light. single main subject, photorealistic color photo, natural colors, realistic texture, sharp focus on subject, no people, no text, no watermark, no logo, no border, no collage, no CGI, no illustration.","text, watermark, logo, caption, signature, border, frame, collage, multiple panels, cartoon, illustration, CGI, 3d render, low-poly, painting, anime, surreal, deformed, duplicate objects, extra limbs, blurry, out of focus, noise, oversaturated, posterized, artifacts, jpeg artifacts"
278,airplane,passenger jet,parked,a parking lot,side profile,foggy morning,clean,a high-quality image,"a high-quality image of a passenger jet airplane parked in a parking lot, side profile, foggy morning. single main subject, photorealistic color photo, natural colors, realistic texture, sharp focus on subject, no people, no text, no watermark, no logo, no border, no collage, no CGI, no illustration.","text, watermark, logo, caption, signature, border, frame, collage, multiple panels, cartoon, illustration, CGI, 3d render, low-poly, painting, anime, surreal, deformed, duplicate objects, extra limbs, blurry, out of focus, noise, oversaturated, posterized, artifacts, jpeg artifacts"
582,airplane,biplane,parked,a city park,low angle,backlit rim light,clean,a finely detailed photo,"a finely detailed photo of a biplane airplane parked in a city park, low angle, backlit rim light. single main subject, photorealistic color photo, natural colors, realistic texture, sharp focus on subject, no people, no text, no watermark, no logo, no border, no collage, no CGI, no illustration.","text, watermark, logo, caption, signature, border, frame, collage, multiple panels, cartoon, illustration, CGI, 3d render, low-poly, painting, anime, surreal, deformed, duplicate objects, extra limbs, blurry, out of focus, noise, oversaturated, posterized, artifacts, jpeg artifacts"
422,airplane,small prop airplane,taking off,a sandy beach,wide shot,rainy with wet reflections,clean,a detailed photograph,"a detailed photograph of a small prop airplane taking off in a sandy beach, wide shot, rainy with wet reflections. single main subject, photorealistic color photo, natural colors, realistic texture, sharp focus on subject, no people, no text, no watermark, no logo, no border, no collage, no CGI, no illustration.","text, watermark, logo, caption, signature, border, frame, collage, multiple panels, cartoon, illustration, CGI, 3d render, low-poly, painting, anime, surreal, deformed, duplicate objects, extra limbs, blurry, out of focus, noise, oversaturated, posterized, artifacts, jpeg artifacts"
153,airplane,glider,taking off,a sandy beach,slightly off-center framing,indoor soft window light,clean,a professional photo,"a professional photo of a glider airplane taking off in a sandy beach, slightly off-center framing, indoor soft window light. single main subject, photorealistic color photo, natural colors, realistic texture, sharp focus on subject, no people, no text, no watermark, no logo, no border, no collage, no CGI, no illustration.","text, watermark, logo, caption, signature, border, frame, collage, multiple panels, cartoon, illustration, CGI, 3d render, low-poly, painting, anime, surreal, deformed, duplicate objects, extra limbs, blurry, out of focus, noise, oversaturated, posterized, artifacts, jpeg artifacts"
435,airplane,cargo plane,parked,a quiet residential street,side profile,overcast daylight,clean,a detailed photograph,"a detailed photograph of a cargo plane airplane parked in a quiet residential street, side profile, overcast daylight. single main subject, photorealistic color photo, natural colors, realistic texture, sharp focus on subject, no people, no text, no watermark, no logo, no border, no collage, no CGI, no illustration.","text, watermark, logo, caption, signature, border, frame, collage, multiple panels, cartoon, illustration, CGI, 3d render, low-poly, painting, anime, surreal, deformed, duplicate objects, extra limbs, blurry, out of focus, noise, oversaturated, posterized, artifacts, jpeg artifacts"
340,airplane,passenger jet,flying,a suburban neighborhood,3/4 view,nighttime under streetlights,clean,a detailed photograph,"a detailed photograph of a passenger jet airplane flying in a suburban neighborhood, 3/4 view, nighttime under streetlights. single main subject, photorealistic color photo, natural colors, realistic texture, sharp focus on subject, no people, no text, no watermark, no logo, no border, no collage, no CGI, no illustration.","text, watermark, logo, caption, signature, border, frame, collage, multiple panels, cartoon, illustration, CGI, 3d render, low-poly, painting, anime, surreal, deformed, duplicate objects, extra limbs, blurry, out of focus, noise, oversaturated, posterized, artifacts, jpeg artifacts"
193,airplane,biplane,flying,a backyard,high angle,foggy morning,clean,a detailed photograph,"a detailed photograph of a biplane airplane flying in a backyard, high angle, foggy morning. single main subject, photorealistic color photo, natural colors, realistic texture, sharp focus on subject, no people, no text, no watermark, no logo, no border, no collage, no CGI, no illustration.","text, watermark, logo, caption, signature, border, frame, collage, multiple panels, cartoon, illustration, CGI, 3d render, low-poly, painting, anime, surreal, deformed, duplicate objects, extra limbs, blurry, out of focus, noise, oversaturated, posterized, artifacts, jpeg artifacts"
918,airplane,small prop airplane,parked,a gravel lot,close-up,nighttime under streetlights,hard,an ultra-realistic rendering,"an ultra-realistic rendering of a small prop airplane parked in a gravel lot, close-up, nighttime under streetlights. partially occluded by a foreground object. single main subject, photorealistic color photo, natural colors, realistic texture, sharp focus on subject, no people, no text, no watermark, no logo, no border, no collage, no CGI, no illustration.","text, watermark, logo, caption, signature, border, frame, collage, multiple panels, cartoon, illustration, CGI, 3d render, low-poly, painting, anime, surreal, deformed, duplicate objects, extra limbs, blurry, out of focus, noise, oversaturated, posterized, artifacts, jpeg artifacts"
375,airplane,glider,taking off,a lakeside shore,wide shot,overcast daylight,clean,a professional photo,"a professional photo of a glider airplane taking off in a lakeside shore, wide shot, overcast daylight. single main subject, photorealistic color photo, natural colors, realistic texture, sharp focus on subject, no people, no text, no watermark, no logo, no border, no collage, no CGI, no illustration.","text, watermark, logo, caption, signature, border, frame, collage, multiple panels, cartoon, illustration, CGI, 3d render, low-poly, painting, anime, surreal, deformed, duplicate objects, extra limbs, blurry, out of focus, noise, oversaturated, posterized, artifacts, jpeg artifacts"
558,airplane,small prop airplane,parked,a lakeside shore,3/4 view,sunny afternoon,clean,a finely detailed photo,"a finely detailed photo of a small prop airplane parked in a lakeside shore, 3/4 view, sunny afternoon. single main subject, photorealistic color photo, natural colors, realistic texture, sharp focus on subject, no people, no text, no watermark, no logo, no border, no collage, no CGI, no illustration.","text, watermark, logo, caption, signature, border, frame, collage, multiple panels, cartoon, illustration, CGI, 3d render, low-poly, painting, anime, surreal, deformed, duplicate objects, extra limbs, blurry, out of focus, noise, oversaturated, posterized, artifacts, jpeg artifacts"
914,airplane,glider,parked,a forest clearing,side profile,indoor soft window light,hard,a photorealistic color photo,"a photorealistic color photo of a glider airplane parked in a forest clearing, side profile, indoor soft window light. partially occluded by a foreground object. single main subject, photorealistic color photo, natural colors, realistic texture, sharp focus on subject, no people, no text, no watermark, no logo, no border, no collage, no CGI, no illustration.","text, watermark, logo, caption, signature, border, frame, collage, multiple panels, cartoon, illustration, CGI, 3d render, low-poly, painting, anime, surreal, deformed, duplicate objects, extra limbs, blurry, out of focus, noise, oversaturated, posterized, artifacts, jpeg artifacts"
788,airplane,biplane,taxiing,a gravel lot,close-up,rainy with wet reflections,clean,a finely detailed photo,"a finely detailed photo of a biplane airplane taxiing in a gravel lot, close-up, rainy with wet reflections. single main subject, photorealistic color photo, natural colors, realistic texture, sharp focus on subject, no people, no text, no watermark, no logo, no border, no collage, no CGI, no illustration.","text, watermark, logo, caption, signature, border, frame, collage, multiple panels, cartoon, illustration, CGI, 3d render, low-poly, painting, anime, surreal, deformed, duplicate objects, extra limbs, blurry, out of focus, noise, oversaturated, posterized, artifacts, jpeg artifacts"
177,airplane,passenger jet,flying,a parking lot,wide shot,foggy morning,clean,a detailed photograph,"a detailed photograph of a passenger jet airplane flying in a parking lot, wide shot, foggy morning. single main subject, photorealistic color photo, natural colors, realistic texture, sharp focus on subject, no people, no text, no watermark, no logo, no border, no collage, no CGI, no illustration.","text, watermark, logo, caption, signature, border, frame, collage, multiple panels, cartoon, illustration, CGI, 3d render, low-poly, painting, anime, surreal, deformed, duplicate objects, extra limbs, blurry, out of focus, noise, oversaturated, posterized, artifacts, jpeg artifacts"
436,airplane,biplane,flying,a countryside road,front view,sunny afternoon,clean,a high-quality image,"a high-quality image of a biplane airplane flying in a countryside road, front view, sunny afternoon. single main subject, photorealistic color photo, natural colors, realistic texture, sharp focus on subject, no people, no text, no watermark, no logo, no border, no collage, no CGI, no illustration.","text, watermark, logo, caption, signature, border, frame, collage, multiple panels, cartoon, illustration, CGI, 3d render, low-poly, painting, anime, surreal, deformed, duplicate objects, extra limbs, blurry, out of focus, noise, oversaturated, posterized, artifacts, jpeg artifacts"
298,airplane,glider,taxiing,a lakeside shore,side profile,backlit rim light,clean,a photorealistic color photo,"a photorealistic color photo of a glider airplane taxiing in a lakeside shore, side profile, backlit rim light. single main subject, photorealistic color photo, natural colors, realistic texture, sharp focus on subject, no people, no text, no watermark, no logo, no border, no collage, no CGI, no illustration.","text, watermark, logo, caption, signature, border, frame, collage, multiple panels, cartoon, illustration, CGI, 3d render, low-poly, painting, anime, surreal, deformed, duplicate objects, extra limbs, blurry, out of focus, noise, oversaturated, posterized, artifacts, jpeg artifacts"
301,airplane,small prop airplane,taxiing,a city park,high angle,foggy morning,clean,a high-quality image,"a high-quality image of a small prop airplane taxiing in a city park, high angle, foggy morning. single main subject, photorealistic color photo, natural colors, realistic texture, sharp focus on subject, no people, no text, no watermark, no logo, no border, no collage, no CGI, no illustration.","text, watermark, logo, caption, signature, border, frame, collage, multiple panels, cartoon, illustration, CGI, 3d render, low-poly, painting, anime, surreal, deformed, duplicate objects, extra limbs, blurry, out of focus, noise, oversaturated, posterized, artifacts, jpeg artifacts"
830,airplane,passenger jet,flying,an urban street,cropped at the edge of the frame,overcast daylight,hard,a detailed photograph,"a detailed photograph of a passenger jet airplane flying in an urban street, cropped at the edge of the frame, overcast daylight. cropped slightly. single main subject, photorealistic color photo, natural colors, realistic texture, sharp focus on subject, no people, no text, no watermark, no logo, no border, no collage, no CGI, no illustration.","text, watermark, logo, caption, signature, border, frame, collage, multiple panels, cartoon, illustration, CGI, 3d render, low-poly, painting, anime, surreal, deformed, duplicate objects, extra limbs, blurry, out of focus, noise, oversaturated, posterized, artifacts, jpeg artifacts"
404,airplane,passenger jet,taxiing,a sandy beach,low angle,golden hour,clean,a photorealistic color photo,"a photorealistic color photo of a passenger jet airplane taxiing in a sandy beach, low angle, golden hour. single main subject, photorealistic color photo, natural colors, realistic texture, sharp focus on subject, no people, no text, no watermark, no logo, no border, no collage, no CGI, no illustration.","text, watermark, logo, caption, signature, border, frame, collage, multiple panels, cartoon, illustration, CGI, 3d render, low-poly, painting, anime, surreal, deformed, duplicate objects, extra limbs, blurry, out of focus, noise, oversaturated, posterized, artifacts, jpeg artifacts"
107,airplane,biplane,taxiing,a suburban neighborhood,high angle,backlit rim light,clean,a detailed photograph,"a detailed photograph of a biplane airplane taxiing in a suburban neighborhood, high angle, backlit rim light. single main subject, photorealistic color photo, natural colors, realistic texture, sharp focus on subject, no people, no text, no watermark, no logo, no border, no collage, no CGI, no illustration.","text, watermark, logo, caption, signature, border, frame, collage, multiple panels, cartoon, illustration, CGI, 3d render, low-poly, painting, anime, surreal, deformed, duplicate objects, extra limbs, blurry, out of focus, noise, oversaturated, posterized, artifacts, jpeg artifacts"
509,airplane,seaplane,taking off,a countryside road,high angle,backlit rim light,clean,a photorealistic color photo,"a photorealistic color photo of a seaplane airplane taking off in a countryside road, high angle, backlit rim light. single main subject, photorealistic color photo, natural colors, realistic texture, sharp focus on subject, no people, no text, no watermark, no logo, no border, no collage, no CGI, no illustration.","text, watermark, logo, caption, signature, border, frame, collage, multiple panels, cartoon, illustration, CGI, 3d render, low-poly, painting, anime, surreal, deformed, duplicate objects, extra limbs, blurry, out of focus, noise, oversaturated, posterized, artifacts, jpeg artifacts"
202,airplane,passenger jet,taking off,a forest clearing,wide shot,golden hour,clean,a professional photo,"a professional photo of a passenger jet airplane taking off in a forest clearing, wide shot, golden hour. single main subject, photorealistic color photo, natural colors, realistic texture, sharp focus on subject, no people, no text, no watermark, no logo, no border, no collage, no CGI, no illustration.","text, watermark, logo, caption, signature, border, frame, collage, multiple panels, cartoon, illustration, CGI, 3d render, low-poly, painting, anime, surreal, deformed, duplicate objects, extra limbs, blurry, out of focus, noise, oversaturated, posterized, artifacts, jpeg artifacts"
630,airplane,cargo plane,parked,a forest clearing,side profile,foggy morning,clean,a photorealistic color photo,"a photorealistic color photo of a cargo plane airplane parked in a forest clearing, side profile, foggy morning. single main subject, photorealistic color photo, natural colors, realistic texture, sharp focus on subject, no people, no text, no watermark, no logo, no border, no collage, no CGI, no illustration.","text, watermark, logo, caption, signature, border, frame, collage, multiple panels, cartoon, illustration, CGI, 3d render, low-poly, painting, anime, surreal, deformed, duplicate objects, extra limbs, blurry, out of focus, noise, oversaturated, posterized, artifacts, jpeg artifacts"
674,airplane,small prop airplane,taxiing,an industrial yard,side profile,overcast daylight,clean,a photorealistic color photo,"a photorealistic color photo of a small prop airplane taxiing in an industrial yard, side profile, overcast daylight. single main subject, photorealistic color photo, natural colors, realistic texture, sharp focus on subject, no people, no text, no watermark, no logo, no border, no collage, no CGI, no illustration.","text, watermark, logo, caption, signature, border, frame, collage, multiple panels, cartoon, illustration, CGI, 3d render, low-poly, painting, anime, surreal, deformed, duplicate objects, extra limbs, blurry, out of focus, noise, oversaturated, posterized, artifacts, jpeg artifacts"
571,airplane,glider,parked,a forest clearing,front view,indoor soft window light,clean,a finely detailed photo,"a finely detailed photo of a glider airplane parked in a forest clearing, front view, indoor soft window light. single main subject, photorealistic color photo, natural colors, realistic texture, sharp focus on subject, no people, no text, no watermark, no logo, no border, no collage, no CGI, no illustration.","text, watermark, logo, caption, signature, border, frame, collage, multiple panels, cartoon, illustration, CGI, 3d render, low-poly, painting, anime, surreal, deformed, duplicate objects, extra limbs, blurry, out of focus, noise, oversaturated, posterized, artifacts, jpeg artifacts"
176,airplane,passenger jet,taking off,a gravel lot,front view,nighttime under streetlights,clean,an ultra-realistic rendering,"an ultra-realistic rendering of a passenger jet airplane taking off in a gravel lot, front view, nighttime under streetlights. single main subject, photorealistic color photo, natural colors, realistic texture, sharp focus on subject, no people, no text, no watermark, no logo, no border, no collage, no CGI, no illustration.","text, watermark, logo, caption, signature, border, frame, collage, multiple panels, cartoon, illustration, CGI, 3d render, low-poly, painting, anime, surreal, deformed, duplicate objects, extra limbs, blurry, out of focus, noise, oversaturated, posterized, artifacts, jpeg artifacts"
572,airplane,small prop airplane,taxiing,a quiet residential street,low angle,backlit rim light,clean,a detailed photograph,"a detailed photograph of a small prop airplane taxiing in a quiet residential street, low angle, backlit rim light. single main subject, photorealistic color photo, natural colors, realistic texture, sharp focus on subject, no people, no text, no watermark, no logo, no border, no collage, no CGI, no illustration.","text, watermark, logo, caption, signature, border, frame, collage, multiple panels, cartoon, illustration, CGI, 3d render, low-poly, painting, anime, surreal, deformed, duplicate objects, extra limbs, blurry, out of focus, noise, oversaturated, posterized, artifacts, jpeg artifacts"
164,airplane,passenger jet,parked,an urban street,front view,golden hour,clean,an ultra-realistic rendering,"an ultra-realistic rendering of a passenger jet airplane parked in an urban street, front view, golden hour. single main subject, photorealistic color photo, natural colors, realistic texture, sharp focus on subject, no people, no text, no watermark, no logo, no border, no collage, no CGI, no illustration.","text, watermark, logo, caption, signature, border, frame, collage, multiple panels, cartoon, illustration, CGI, 3d render, low-poly, painting, anime, surreal, deformed, duplicate objects, extra limbs, blurry, out of focus, noise, oversaturated, posterized, artifacts, jpeg artifacts"
653,airplane,biplane,flying,a wet roadway after rain,front view,foggy morning,clean,a finely detailed photo,"a finely detailed photo of a biplane airplane flying in a wet roadway after rain, front view, foggy morning. single main subject, photorealistic color photo, natural colors, realistic texture, sharp focus on subject, no people, no text, no watermark, no logo, no border, no collage, no CGI, no illustration.","text, watermark, logo, caption, signature, border, frame, collage, multiple panels, cartoon, illustration, CGI, 3d render, low-poly, painting, anime, surreal, deformed, duplicate objects, extra limbs, blurry, out of focus, noise, oversaturated, posterized, artifacts, jpeg artifacts"
47,airplane,glider,flying,an industrial yard,high angle,indoor soft window light,clean,a professional photo,"a professional photo of a glider airplane flying in an industrial yard, high angle, indoor soft window light. single main subject, photorealistic color photo, natural colors, realistic texture, sharp focus on subject, no people, no text, no watermark, no logo, no border, no collage, no CGI, no illustration.","text, watermark, logo, caption, signature, border, frame, collage, multiple panels, cartoon, illustration, CGI, 3d render, low-poly, painting, anime, surreal, deformed, duplicate objects, extra limbs, blurry, out of focus, noise, oversaturated, posterized, artifacts, jpeg artifacts"
589,airplane,cargo plane,parked,a grassy field,slightly off-center framing,rainy with wet reflections,clean,an ultra-realistic rendering,"an ultra-realistic rendering of a cargo plane airplane parked in a grassy field, slightly off-center framing, rainy with wet reflections. single main subject, photorealistic color photo, natural colors, realistic texture, sharp focus on subject, no people, no text, no watermark, no logo, no border, no collage, no CGI, no illustration.","text, watermark, logo, caption, signature, border, frame, collage, multiple panels, cartoon, illustration, CGI, 3d render, low-poly, painting, anime, surreal, deformed, duplicate objects, extra limbs, blurry, out of focus, noise, oversaturated, posterized, artifacts, jpeg artifacts"
846,airplane,cargo plane,taxiing,a gravel lot,cropped at the edge of the frame,rainy with wet reflections,hard,a high-quality image,"a high-quality image of a cargo plane airplane taxiing in a gravel lot, cropped at the edge of the frame, rainy with wet reflections. cropped slightly. single main subject, photorealistic color photo, natural colors, realistic texture, sharp focus on subject, no people, no text, no watermark, no logo, no border, no collage, no CGI, no illustration.","text, watermark, logo, caption, signature, border, frame, collage, multiple panels, cartoon, illustration, CGI, 3d render, low-poly, painting, anime, surreal, deformed, duplicate objects, extra limbs, blurry, out of focus, noise, oversaturated, posterized, artifacts, jpeg artifacts"
894,airplane,passenger jet,flying,a city park,slightly off-center framing,overcast daylight,hard,a finely detailed photo,"a finely detailed photo of a passenger jet airplane flying in a city park, slightly off-center framing, overcast daylight. busy background but still one main subject. single main subject, photorealistic color photo, natural colors, realistic texture, sharp focus on subject, no people, no text, no watermark, no logo, no border, no collage, no CGI, no illustration.","text, watermark, logo, caption, signature, border, frame, collage, multiple panels, cartoon, illustration, CGI, 3d render, low-poly, painting, anime, surreal, deformed, duplicate objects, extra limbs, blurry, out of focus, noise, oversaturated, posterized, artifacts, jpeg artifacts"
906,airplane,seaplane,taking off,an urban street,low angle,indoor soft window light,hard,a finely detailed photo,"a finely detailed photo of a seaplane airplane taking off in an urban street, low angle, indoor soft window light. in the distance. single main subject, photorealistic color photo, natural colors, realistic texture, sharp focus on subject, no people, no text, no watermark, no logo, no border, no collage, no CGI, no illustration.","text, watermark, logo, caption, signature, border, frame, collage, multiple panels, cartoon, illustration, CGI, 3d render, low-poly, painting, anime, surreal, deformed, duplicate objects, extra limbs, blurry, out of focus, noise, oversaturated, posterized, artifacts, jpeg artifacts"
615,airplane,passenger jet,parked,a grassy field,side profile,overcast daylight,clean,a detailed photograph,"a detailed photograph of a passenger jet airplane parked in a grassy field, side profile, overcast daylight. single main subject, photorealistic color photo, natural colors, realistic texture, sharp focus on subject, no people, no text, no watermark, no logo, no border, no collage, no CGI, no illustration.","text, watermark, logo, caption, signature, border, frame, collage, multiple panels, cartoon, illustration, CGI, 3d render, low-poly, painting, anime, surreal, deformed, duplicate objects, extra limbs, blurry, out of focus, noise, oversaturated, posterized, artifacts, jpeg artifacts"
358,airplane,passenger jet,parked,a forest clearing,side profile,sunny afternoon,clean,a high-quality image,"a high-quality image of a passenger jet airplane parked in a forest clearing, side profile, sunny afternoon. single main subject, photorealistic color photo, natural colors, realistic texture, sharp focus on subject, no people, no text, no watermark, no logo, no border, no collage, no CGI, no illustration.","text, watermark, logo, caption, signature, border, frame, collage, multiple panels, cartoon, illustration, CGI, 3d render, low-poly, painting, anime, surreal, deformed, duplicate objects, extra limbs, blurry, out of focus, noise, oversaturated, posterized, artifacts, jpeg artifacts"
239,airplane,glider,taxiing,a parking lot,side profile,backlit rim light,clean,an ultra-realistic rendering,"an ultra-realistic rendering of a glider airplane taxiing in a parking lot, side profile, backlit rim light. single main subject, photorealistic color photo, natural colors, realistic texture, sharp focus on subject, no people, no text, no watermark, no logo, no border, no collage, no CGI, no illustration.","text, watermark, logo, caption, signature, border, frame, collage, multiple panels, cartoon, illustration, CGI, 3d render, low-poly, painting, anime, surreal, deformed, duplicate objects, extra limbs, blurry, out of focus, noise, oversaturated, posterized, artifacts, jpeg artifacts"
61,airplane,biplane,taking off,an industrial yard,3/4 view,golden hour,clean,an ultra-realistic rendering,"an ultra-realistic rendering of a biplane airplane taking off in an industrial yard, 3/4 view, golden hour. single main subject, photorealistic color photo, natural colors, realistic texture, sharp focus on subject, no people, no text, no watermark, no logo, no border, no collage, no CGI, no illustration.","text, watermark, logo, caption, signature, border, frame, collage, multiple panels, cartoon, illustration, CGI, 3d render, low-poly, painting, anime, surreal, deformed, duplicate objects, extra limbs, blurry, out of focus, noise, oversaturated, posterized, artifacts, jpeg artifacts"
99,airplane,biplane,flying,a sandy beach,side profile,backlit rim light,clean,a finely detailed photo,"a finely detailed photo of a biplane airplane flying in a sandy beach, side profile, backlit rim light. single main subject, photorealistic color photo, natural colors, realistic texture, sharp focus on subject, no people, no text, no watermark, no logo, no border, no collage, no CGI, no illustration.","text, watermark, logo, caption, signature, border, frame, collage, multiple panels, cartoon, illustration, CGI, 3d render, low-poly, painting, anime, surreal, deformed, duplicate objects, extra limbs, blurry, out of focus, noise, oversaturated, posterized, artifacts, jpeg artifacts"
862,airplane,seaplane,taxiing,a parking lot,front view,indoor soft window light,hard,a high-quality image,"a high-quality image of a seaplane airplane taxiing in a parking lot, front view, indoor soft window light. slight motion blur. single main subject, photorealistic color photo, natural colors, realistic texture, sharp focus on subject, no people, no text, no watermark, no logo, no border, no collage, no CGI, no illustration.","text, watermark, logo, caption, signature, border, frame, collage, multiple panels, cartoon, illustration, CGI, 3d render, low-poly, painting, anime, surreal, deformed, duplicate objects, extra limbs, blurry, out of focus, noise, oversaturated, posterized, artifacts, jpeg artifacts"
482,airplane,seaplane,taking off,a quiet residential street,side profile,indoor soft window light,clean,an ultra-realistic rendering,"an ultra-realistic rendering of a seaplane airplane taking off in a quiet residential street, side profile, indoor soft window light. single main subject, photorealistic color photo, natural colors, realistic texture, sharp focus on subject, no people, no text, no watermark, no logo, no border, no collage, no CGI, no illustration.","text, watermark, logo, caption, signature, border, frame, collage, multiple panels, cartoon, illustration, CGI, 3d render, low-poly, painting, anime, surreal, deformed, duplicate objects, extra limbs, blurry, out of focus, noise, oversaturated, posterized, artifacts, jpeg artifacts"
580,airplane,glider,taxiing,a city park,side profile,backlit rim light,clean,a finely detailed photo,"a finely detailed photo of a glider airplane taxiing in a city park, side profile, backlit rim light. single main subject, photorealistic color photo, natural colors, realistic texture, sharp focus on subject, no people, no text, no watermark, no logo, no border, no collage, no CGI, no illustration.","text, watermark, logo, caption, signature, border, frame, collage, multiple panels, cartoon, illustration, CGI, 3d render, low-poly, painting, anime, surreal, deformed, duplicate objects, extra limbs, blurry, out of focus, noise, oversaturated, posterized, artifacts, jpeg artifacts"
555,airplane,passenger jet,taxiing,a quiet residential street,close-up,rainy with wet reflections,clean,a detailed photograph,"a detailed photograph of a passenger jet airplane taxiing in a quiet residential street, close-up, rainy with wet reflections. single main subject, photorealistic color photo, natural colors, realistic texture, sharp focus on subject, no people, no text, no watermark, no logo, no border, no collage, no CGI, no illustration.","text, watermark, logo, caption, signature, border, frame, collage, multiple panels, cartoon, illustration, CGI, 3d render, low-poly, painting, anime, surreal, deformed, duplicate objects, extra limbs, blurry, out of focus, noise, oversaturated, posterized, artifacts, jpeg artifacts"
856,airplane,biplane,flying,a grassy field,3/4 view,backlit rim light,hard,a finely detailed photo,"a finely detailed photo of a biplane airplane flying in a grassy field, 3/4 view, backlit rim light. cropped slightly. single main subject, photorealistic color photo, natural colors, realistic texture, sharp focus on subject, no people, no text, no watermark, no logo, no border, no collage, no CGI, no illustration.","text, watermark, logo, caption, signature, border, frame, collage, multiple panels, cartoon, illustration, CGI, 3d render, low-poly, painting, anime, surreal, deformed, duplicate objects, extra limbs, blurry, out of focus, noise, oversaturated, posterized, artifacts, jpeg artifacts"
29,airplane,passenger jet,parked,a grassy field,front view,nighttime under streetlights,clean,a finely detailed photo,"a finely detailed photo of a passenger jet airplane parked in a grassy field, front view, nighttime under streetlights. single main subject, photorealistic color photo, natural colors, realistic texture, sharp focus on subject, no people, no text, no watermark, no logo, no border, no collage, no CGI, no illustration.","text, watermark, logo, caption, signature, border, frame, collage, multiple panels, cartoon, illustration, CGI, 3d render, low-poly, painting, anime, surreal, deformed, duplicate objects, extra limbs, blurry, out of focus, noise, oversaturated, posterized, artifacts, jpeg artifacts"
809,airplane,cargo plane,taking off,a countryside road,side profile,backlit rim light,hard,a professional photo,"a professional photo of a cargo plane airplane taking off in a countryside road, side profile, backlit rim light. busy background but still one main subject. single main subject, photorealistic color photo, natural colors, realistic texture, sharp focus on subject, no people, no text, no watermark, no logo, no border, no collage, no CGI, no illustration.","text, watermark, logo, caption, signature, border, frame, collage, multiple panels, cartoon, illustration, CGI, 3d render, low-poly, painting, anime, surreal, deformed, duplicate objects, extra limbs, blurry, out of focus, noise, oversaturated, posterized, artifacts, jpeg artifacts"
524,airplane,cargo plane,parked,a grassy field,high angle,backlit rim light,clean,a finely detailed photo,"a finely detailed photo of a cargo plane airplane parked in a grassy field, high angle, backlit rim light. single main subject, photorealistic color photo, natural colors, realistic texture, sharp focus on subject, no people, no text, no watermark, no logo, no border, no collage, no CGI, no illustration.","text, watermark, logo, caption, signature, border, frame, collage, multiple panels, cartoon, illustration, CGI, 3d render, low-poly, painting, anime, surreal, deformed, duplicate objects, extra limbs, blurry, out of focus, noise, oversaturated, posterized, artifacts, jpeg artifacts"
419,airplane,small prop airplane,taking off,a lakeside shore,close-up,overcast daylight,clean,a detailed photograph,"a detailed photograph of a small prop airplane taking off in a lakeside shore, close-up, overcast daylight. single main subject, photorealistic color photo, natural colors, realistic texture, sharp focus on subject, no people, no text, no watermark, no logo, no border, no collage, no CGI, no illustration.","text, watermark, logo, caption, signature, border, frame, collage, multiple panels, cartoon, illustration, CGI, 3d render, low-poly, painting, anime, surreal, deformed, duplicate objects, extra limbs, blurry, out of focus, noise, oversaturated, posterized, artifacts, jpeg artifacts"
118,airplane,biplane,parked,an urban street,front view,golden hour,clean,a finely detailed photo,"a finely detailed photo of a biplane airplane parked in an urban street, front view, golden hour. single main subject, photorealistic color photo, natural colors, realistic texture, sharp focus on subject, no people, no text, no watermark, no logo, no border, no collage, no CGI, no illustration.","text, watermark, logo, caption, signature, border, frame, collage, multiple panels, cartoon, illustration, CGI, 3d render, low-poly, painting, anime, surreal, deformed, duplicate objects, extra limbs, blurry, out of focus, noise, oversaturated, posterized, artifacts, jpeg artifacts"
841,airplane,glider,flying,a lakeside shore,slightly off-center framing,indoor soft window light,hard,an ultra-realistic rendering,"an ultra-realistic rendering of a glider airplane flying in a lakeside shore, slightly off-center framing, indoor soft window light. busy background but still one main subject. single main subject, photorealistic color photo, natural colors, realistic texture, sharp focus on subject, no people, no text, no watermark, no logo, no border, no collage, no CGI, no illustration.","text, watermark, logo, caption, signature, border, frame, collage, multiple panels, cartoon, illustration, CGI, 3d render, low-poly, painting, anime, surreal, deformed, duplicate objects, extra limbs, blurry, out of focus, noise, oversaturated, posterized, artifacts, jpeg artifacts"
516,airplane,glider,taking off,a suburban neighborhood,close-up,foggy morning,clean,a finely detailed photo,"a finely detailed photo of a glider airplane taking off in a suburban neighborhood, close-up, foggy morning. single main subject, photorealistic color photo, natural colors, realistic texture, sharp focus on subject, no people, no text, no watermark, no logo, no border, no collage, no CGI, no illustration.","text, watermark, logo, caption, signature, border, frame, collage, multiple panels, cartoon, illustration, CGI, 3d render, low-poly, painting, anime, surreal, deformed, duplicate objects, extra limbs, blurry, out of focus, noise, oversaturated, posterized, artifacts, jpeg artifacts"
280,airplane,biplane,taxiing,a suburban neighborhood,wide shot,golden hour,clean,a professional photo,"a professional photo of a biplane airplane taxiing in a suburban neighborhood, wide shot, golden hour. single main subject, photorealistic color photo, natural colors, realistic texture, sharp focus on subject, no people, no text, no watermark, no logo, no border, no collage, no CGI, no illustration.","text, watermark, logo, caption, signature, border, frame, collage, multiple panels, cartoon, illustration, CGI, 3d render, low-poly, painting, anime, surreal, deformed, duplicate objects, extra limbs, blurry, out of focus, noise, oversaturated, posterized, artifacts, jpeg artifacts"
749,airplane,glider,taxiing,a quiet residential street,close-up,sunny afternoon,clean,a detailed photograph,"a detailed photograph of a glider airplane taxiing in a quiet residential street, close-up, sunny afternoon. single main subject, photorealistic color photo, natural colors, realistic texture, sharp focus on subject, no people, no text, no watermark, no logo, no border, no collage, no CGI, no illustration.","text, watermark, logo, caption, signature, border, frame, collage, multiple panels, cartoon, illustration, CGI, 3d render, low-poly, painting, anime, surreal, deformed, duplicate objects, extra limbs, blurry, out of focus, noise, oversaturated, posterized, artifacts, jpeg artifacts"
403,airplane,small prop airplane,parked,a suburban neighborhood,front view,sunny afternoon,clean,a photorealistic color photo,"a photorealistic color photo of a small prop airplane parked in a suburban neighborhood, front view, sunny afternoon. single main subject, photorealistic color photo, natural colors, realistic texture, sharp focus on subject, no people, no text, no watermark, no logo, no border, no collage, no CGI, no illustration.","text, watermark, logo, caption, signature, border, frame, collage, multiple panels, cartoon, illustration, CGI, 3d render, low-poly, painting, anime, surreal, deformed, duplicate objects, extra limbs, blurry, out of focus, noise, oversaturated, posterized, artifacts, jpeg artifacts"
520,airplane,biplane,taking off,a backyard,front view,indoor soft window light,clean,an ultra-realistic rendering,"an ultra-realistic rendering of a biplane airplane taking off in a backyard, front view, indoor soft window light. single main subject, photorealistic color photo, natural colors, realistic texture, sharp focus on subject, no people, no text, no watermark, no logo, no border, no collage, no CGI, no illustration.","text, watermark, logo, caption, signature, border, frame, collage, multiple panels, cartoon, illustration, CGI, 3d render, low-poly, painting, anime, surreal, deformed, duplicate objects, extra limbs, blurry, out of focus, noise, oversaturated, posterized, artifacts, jpeg artifacts"
24,airplane,cargo plane,flying,a forest clearing,wide shot,golden hour,clean,a high-quality image,"a high-quality image of a cargo plane airplane flying in a forest clearing, wide shot, golden hour. single main subject, photorealistic color photo, natural colors, realistic texture, sharp focus on subject, no people, no text, no watermark, no logo, no border, no collage, no CGI, no illustration.","text, watermark, logo, caption, signature, border, frame, collage, multiple panels, cartoon, illustration, CGI, 3d render, low-poly, painting, anime, surreal, deformed, duplicate objects, extra limbs, blurry, out of focus, noise, oversaturated, posterized, artifacts, jpeg artifacts"
740,airplane,biplane,parked,a gravel lot,wide shot,foggy morning,clean,a detailed photograph,"a detailed photograph of a biplane airplane parked in a gravel lot, wide shot, foggy morning. single main subject, photorealistic color photo, natural colors, realistic texture, sharp focus on subject, no people, no text, no watermark, no logo, no border, no collage, no CGI, no illustration.","text, watermark, logo, caption, signature, border, frame, collage, multiple panels, cartoon, illustration, CGI, 3d render, low-poly, painting, anime, surreal, deformed, duplicate objects, extra limbs, blurry, out of focus, noise, oversaturated, posterized, artifacts, jpeg artifacts"
610,airplane,seaplane,taxiing,a backyard,side profile,indoor soft window light,clean,a high-quality image,"a high-quality image of a seaplane airplane taxiing in a backyard, side profile, indoor soft window light. single main subject, photorealistic color photo, natural colors, realistic texture, sharp focus on subject, no people, no text, no watermark, no logo, no border, no collage, no CGI, no illustration.","text, watermark, logo, caption, signature, border, frame, collage, multiple panels, cartoon, illustration, CGI, 3d render, low-poly, painting, anime, surreal, deformed, duplicate objects, extra limbs, blurry, out of focus, noise, oversaturated, posterized, artifacts, jpeg artifacts"
754,airplane,biplane,taking off,a grassy field,3/4 view,indoor soft window light,clean,a photorealistic color photo,"a photorealistic color photo of a biplane airplane taking off in a grassy field, 3/4 view, indoor soft window light. single main subject, photorealistic color photo, natural colors, realistic texture, sharp focus on subject, no people, no text, no watermark, no logo, no border, no collage, no CGI, no illustration.","text, watermark, logo, caption, signature, border, frame, collage, multiple panels, cartoon, illustration, CGI, 3d render, low-poly, painting, anime, surreal, deformed, duplicate objects, extra limbs, blurry, out of focus, noise, oversaturated, posterized, artifacts, jpeg artifacts"
699,airplane,biplane,parked,a gravel lot,front view,rainy with wet reflections,clean,a photorealistic color photo,"a photorealistic color photo of a biplane airplane parked in a gravel lot, front view, rainy with wet reflections. single main subject, photorealistic color photo, natural colors, realistic texture, sharp focus on subject, no people, no text, no watermark, no logo, no border, no collage, no CGI, no illustration.","text, watermark, logo, caption, signature, border, frame, collage, multiple panels, cartoon, illustration, CGI, 3d render, low-poly, painting, anime, surreal, deformed, duplicate objects, extra limbs, blurry, out of focus, noise, oversaturated, posterized, artifacts, jpeg artifacts"
812,airplane,cargo plane,parked,a quiet residential street,slightly off-center framing,rainy with wet reflections,hard,a finely detailed photo,"a finely detailed photo of a cargo plane airplane parked in a quiet residential street, slightly off-center framing, rainy with wet reflections. cropped slightly. single main subject, photorealistic color photo, natural colors, realistic texture, sharp focus on subject, no people, no text, no watermark, no logo, no border, no collage, no CGI, no illustration.","text, watermark, logo, caption, signature, border, frame, collage, multiple panels, cartoon, illustration, CGI, 3d render, low-poly, painting, anime, surreal, deformed, duplicate objects, extra limbs, blurry, out of focus, noise, oversaturated, posterized, artifacts, jpeg artifacts"
220,airplane,biplane,parked,a suburban neighborhood,wide shot,foggy morning,clean,a professional photo,"a professional photo of a biplane airplane parked in a suburban neighborhood, wide shot, foggy morning. single main subject, photorealistic color photo, natural colors, realistic texture, sharp focus on subject, no people, no text, no watermark, no logo, no border, no collage, no CGI, no illustration.","text, watermark, logo, caption, signature, border, frame, collage, multiple panels, cartoon, illustration, CGI, 3d render, low-poly, painting, anime, surreal, deformed, duplicate objects, extra limbs, blurry, out of focus, noise, oversaturated, posterized, artifacts, jpeg artifacts"
144,airplane,small prop airplane,parked,a parking lot,side profile,backlit rim light,clean,an ultra-realistic rendering,"an ultra-realistic rendering of a small prop airplane parked in a parking lot, side profile, backlit rim light. single main subject, photorealistic color photo, natural colors, realistic texture, sharp focus on subject, no people, no text, no watermark, no logo, no border, no collage, no CGI, no illustration.","text, watermark, logo, caption, signature, border, frame, collage, multiple panels, cartoon, illustration, CGI, 3d render, low-poly, painting, anime, surreal, deformed, duplicate objects, extra limbs, blurry, out of focus, noise, oversaturated, posterized, artifacts, jpeg artifacts"
733,airplane,seaplane,taxiing,a suburban neighborhood,front view,foggy morning,clean,a professional photo,"a professional photo of a seaplane airplane taxiing in a suburban neighborhood, front view, foggy morning. single main subject, photorealistic color photo, natural colors, realistic texture, sharp focus on subject, no people, no text, no watermark, no logo, no border, no collage, no CGI, no illustration.","text, watermark, logo, caption, signature, border, frame, collage, multiple panels, cartoon, illustration, CGI, 3d render, low-poly, painting, anime, surreal, deformed, duplicate objects, extra limbs, blurry, out of focus, noise, oversaturated, posterized, artifacts, jpeg artifacts"
248,airplane,biplane,taxiing,a parking lot,front view,indoor soft window light,clean,a high-quality image,"a high-quality image of a biplane airplane taxiing in a parking lot, front view, indoor soft window light. single main subject, photorealistic color photo, natural colors, realistic texture, sharp focus on subject, no people, no text, no watermark, no logo, no border, no collage, no CGI, no illustration.","text, watermark, logo, caption, signature, border, frame, collage, multiple panels, cartoon, illustration, CGI, 3d render, low-poly, painting, anime, surreal, deformed, duplicate objects, extra limbs, blurry, out of focus, noise, oversaturated, posterized, artifacts, jpeg artifacts"
774,airplane,cargo plane,taking off,a quiet residential street,side profile,indoor soft window light,clean,a professional photo,"a professional photo of a cargo plane airplane taking off in a quiet residential street, side profile, indoor soft window light. single main subject, photorealistic color photo, natural colors, realistic texture, sharp focus on subject, no people, no text, no watermark, no logo, no border, no collage, no CGI, no illustration.","text, watermark, logo, caption, signature, border, frame, collage, multiple panels, cartoon, illustration, CGI, 3d render, low-poly, painting, anime, surreal, deformed, duplicate objects, extra limbs, blurry, out of focus, noise, oversaturated, posterized, artifacts, jpeg artifacts"
129,airplane,seaplane,taxiing,a quiet residential street,front view,backlit rim light,clean,a finely detailed photo,"a finely detailed photo of a seaplane airplane taxiing in a quiet residential street, front view, backlit rim light. single main subject, photorealistic color photo, natural colors, realistic texture, sharp focus on subject, no people, no text, no watermark, no logo, no border, no collage, no CGI, no illustration.","text, watermark, logo, caption, signature, border, frame, collage, multiple panels, cartoon, illustration, CGI, 3d render, low-poly, painting, anime, surreal, deformed, duplicate objects, extra limbs, blurry, out of focus, noise, oversaturated, posterized, artifacts, jpeg artifacts"
265,airplane,glider,flying,a city park,wide shot,overcast daylight,clean,a professional photo,"a professional photo of a glider airplane flying in a city park, wide shot, overcast daylight. single main subject, photorealistic color photo, natural colors, realistic texture, sharp focus on subject, no people, no text, no watermark, no logo, no border, no collage, no CGI, no illustration.","text, watermark, logo, caption, signature, border, frame, collage, multiple panels, cartoon, illustration, CGI, 3d render, low-poly, painting, anime, surreal, deformed, duplicate objects, extra limbs, blurry, out of focus, noise, oversaturated, posterized, artifacts, jpeg artifacts"
813,airplane,passenger jet,taking off,a parking lot,cropped at the edge of the frame,golden hour,hard,a photorealistic color photo,"a photorealistic color photo of a passenger jet airplane taking off in a parking lot, cropped at the edge of the frame, golden hour. slight motion blur. single main subject, photorealistic color photo, natural colors, realistic texture, sharp focus on subject, no people, no text, no watermark, no logo, no border, no collage, no CGI, no illustration.","text, watermark, logo, caption, signature, border, frame, collage, multiple panels, cartoon, illustration, CGI, 3d render, low-poly, painting, anime, surreal, deformed, duplicate objects, extra limbs, blurry, out of focus, noise, oversaturated, posterized, artifacts, jpeg artifacts"
428,airplane,passenger jet,flying,a wet roadway after rain,front view,foggy morning,clean,an ultra-realistic rendering,"an ultra-realistic rendering of a passenger jet airplane flying in a wet roadway after rain, front view, foggy morning. single main subject, photorealistic color photo, natural colors, realistic texture, sharp focus on subject, no people, no text, no watermark, no logo, no border, no collage, no CGI, no illustration.","text, watermark, logo, caption, signature, border, frame, collage, multiple panels, cartoon, illustration, CGI, 3d render, low-poly, painting, anime, surreal, deformed, duplicate objects, extra limbs, blurry, out of focus, noise, oversaturated, posterized, artifacts, jpeg artifacts"
2,airplane,passenger jet,parked,a gravel lot,wide shot,indoor soft window light,clean,a professional photo,"a professional photo of a passenger jet airplane parked in a gravel lot, wide shot, indoor soft window light. single main subject, photorealistic color photo, natural colors, realistic texture, sharp focus on subject, no people, no text, no watermark, no logo, no border, no collage, no CGI, no illustration.","text, watermark, logo, caption, signature, border, frame, collage, multiple panels, cartoon, illustration, CGI, 3d render, low-poly, painting, anime, surreal, deformed, duplicate objects, extra limbs, blurry, out of focus, noise, oversaturated, posterized, artifacts, jpeg artifacts"
128,airplane,cargo plane,flying,a lakeside shore,3/4 view,overcast daylight,clean,a photorealistic color photo,"a photorealistic color photo of a cargo plane airplane flying in a lakeside shore, 3/4 view, overcast daylight. single main subject, photorealistic color photo, natural colors, realistic texture, sharp focus on subject, no people, no text, no watermark, no logo, no border, no collage, no CGI, no illustration.","text, watermark, logo, caption, signature, border, frame, collage, multiple panels, cartoon, illustration, CGI, 3d render, low-poly, painting, anime, surreal, deformed, duplicate objects, extra limbs, blurry, out of focus, noise, oversaturated, posterized, artifacts, jpeg artifacts"
267,airplane,passenger jet,flying,a backyard,wide shot,sunny afternoon,clean,a finely detailed photo,"a finely detailed photo of a passenger jet airplane flying in a backyard, wide shot, sunny afternoon. single main subject, photorealistic color photo, natural colors, realistic texture, sharp focus on subject, no people, no text, no watermark, no logo, no border, no collage, no CGI, no illustration.","text, watermark, logo, caption, signature, border, frame, collage, multiple panels, cartoon, illustration, CGI, 3d render, low-poly, painting, anime, surreal, deformed, duplicate objects, extra limbs, blurry, out of focus, noise, oversaturated, posterized, artifacts, jpeg artifacts"
361,airplane,passenger jet,flying,a quiet residential street,side profile,golden hour,clean,a professional photo,"a professional photo of a passenger jet airplane flying in a quiet residential street, side profile, golden hour. single main subject, photorealistic color photo, natural colors, realistic texture, sharp focus on subject, no people, no text, no watermark, no logo, no border, no collage, no CGI, no illustration.","text, watermark, logo, caption, signature, border, frame, collage, multiple panels, cartoon, illustration, CGI, 3d render, low-poly, painting, anime, surreal, deformed, duplicate objects, extra limbs, blurry, out of focus, noise, oversaturated, posterized, artifacts, jpeg artifacts"
660,airplane,passenger jet,parked,a suburban neighborhood,slightly off-center framing,indoor soft window light,clean,a detailed photograph,"a detailed photograph of a passenger jet airplane parked in a suburban neighborhood, slightly off-center framing, indoor soft window light. single main subject, photorealistic color photo, natural colors, realistic texture, sharp focus on subject, no people, no text, no watermark, no logo, no border, no collage, no CGI, no illustration.","text, watermark, logo, caption, signature, border, frame, collage, multiple panels, cartoon, illustration, CGI, 3d render, low-poly, painting, anime, surreal, deformed, duplicate objects, extra limbs, blurry, out of focus, noise, oversaturated, posterized, artifacts, jpeg artifacts"
644,airplane,small prop airplane,parked,a wet roadway after rain,low angle,foggy morning,clean,a photorealistic color photo,"a photorealistic color photo of a small prop airplane parked in a wet roadway after rain, low angle, foggy morning. single main subject, photorealistic color photo, natural colors, realistic texture, sharp focus on subject, no people, no text, no watermark, no logo, no border, no collage, no CGI, no illustration.","text, watermark, logo, caption, signature, border, frame, collage, multiple panels, cartoon, illustration, CGI, 3d render, low-poly, painting, anime, surreal, deformed, duplicate objects, extra limbs, blurry, out of focus, noise, oversaturated, posterized, artifacts, jpeg artifacts"
514,airplane,glider,parked,a countryside road,low angle,sunny afternoon,clean,a professional photo,"a professional photo of a glider airplane parked in a countryside road, low angle, sunny afternoon. single main subject, photorealistic color photo, natural colors, realistic texture, sharp focus on subject, no people, no text, no watermark, no logo, no border, no collage, no CGI, no illustration.","text, watermark, logo, caption, signature, border, frame, collage, multiple panels, cartoon, illustration, CGI, 3d render, low-poly, painting, anime, surreal, deformed, duplicate objects, extra limbs, blurry, out of focus, noise, oversaturated, posterized, artifacts, jpeg artifacts"
974,airplane,small prop airplane,taking off,a backyard,high angle,nighttime under streetlights,hard,a detailed photograph,"a detailed photograph of a small prop airplane taking off in a backyard, high angle, nighttime under streetlights. cropped slightly. single main subject, photorealistic color photo, natural colors, realistic texture, sharp focus on subject, no people, no text, no watermark, no logo, no border, no collage, no CGI, no illustration.","text, watermark, logo, caption, signature, border, frame, collage, multiple panels, cartoon, illustration, CGI, 3d render, low-poly, painting, anime, surreal, deformed, duplicate objects, extra limbs, blurry, out of focus, noise, oversaturated, posterized, artifacts, jpeg artifacts"
990,airplane,glider,taxiing,a suburban neighborhood,front view,sunny afternoon,hard,a detailed photograph,"a detailed photograph of a glider airplane taxiing in a suburban neighborhood, front view, sunny afternoon. in the distance. single main subject, photorealistic color photo, natural colors, realistic texture, sharp focus on subject, no people, no text, no watermark, no logo, no border, no collage, no CGI, no illustration.","text, watermark, logo, caption, signature, border, frame, collage, multiple panels, cartoon, illustration, CGI, 3d render, low-poly, painting, anime, surreal, deformed, duplicate objects, extra limbs, blurry, out of focus, noise, oversaturated, posterized, artifacts, jpeg artifacts"
34,airplane,small prop airplane,taxiing,a suburban neighborhood,high angle,foggy morning,clean,an ultra-realistic rendering,"an ultra-realistic rendering of a small prop airplane taxiing in a suburban neighborhood, high angle, foggy morning. single main subject, photorealistic color photo, natural colors, realistic texture, sharp focus on subject, no people, no text, no watermark, no logo, no border, no collage, no CGI, no illustration.","text, watermark, logo, caption, signature, border, frame, collage, multiple panels, cartoon, illustration, CGI, 3d render, low-poly, painting, anime, surreal, deformed, duplicate objects, extra limbs, blurry, out of focus, noise, oversaturated, posterized, artifacts, jpeg artifacts"
101,airplane,seaplane,flying,a wet roadway after rain,high angle,rainy with wet reflections,clean,a photorealistic color photo,"a photorealistic color photo of a seaplane airplane flying in a wet roadway after rain, high angle, rainy with wet reflections. single main subject, photorealistic color photo, natural colors, realistic texture, sharp focus on subject, no people, no text, no watermark, no logo, no border, no collage, no CGI, no illustration.","text, watermark, logo, caption, signature, border, frame, collage, multiple panels, cartoon, illustration, CGI, 3d render, low-poly, painting, anime, surreal, deformed, duplicate objects, extra limbs, blurry, out of focus, noise, oversaturated, posterized, artifacts, jpeg artifacts"
979,airplane,seaplane,flying,a city park,slightly off-center framing,nighttime under streetlights,hard,a high-quality image,"a high-quality image of a seaplane airplane flying in a city park, slightly off-center framing, nighttime under streetlights. partially occluded by a foreground object. single main subject, photorealistic color photo, natural colors, realistic texture, sharp focus on subject, no people, no text, no watermark, no logo, no border, no collage, no CGI, no illustration.","text, watermark, logo, caption, signature, border, frame, collage, multiple panels, cartoon, illustration, CGI, 3d render, low-poly, painting, anime, surreal, deformed, duplicate objects, extra limbs, blurry, out of focus, noise, oversaturated, posterized, artifacts, jpeg artifacts"
173,airplane,passenger jet,taking off,a parking lot,close-up,golden hour,clean,a finely detailed photo,"a finely detailed photo of a passenger jet airplane taking off in a parking lot, close-up, golden hour. single main subject, photorealistic color photo, natural colors, realistic texture, sharp focus on subject, no people, no text, no watermark, no logo, no border, no collage, no CGI, no illustration.","text, watermark, logo, caption, signature, border, frame, collage, multiple panels, cartoon, illustration, CGI, 3d render, low-poly, painting, anime, surreal, deformed, duplicate objects, extra limbs, blurry, out of focus, noise, oversaturated, posterized, artifacts, jpeg artifacts"
247,airplane,passenger jet,flying,a wet roadway after rain,slightly off-center framing,nighttime under streetlights,clean,a professional photo,"a professional photo of a passenger jet airplane flying in a wet roadway after rain, slightly off-center framing, nighttime under streetlights. single main subject, photorealistic color photo, natural colors, realistic texture, sharp focus on subject, no people, no text, no watermark, no logo, no border, no collage, no CGI, no illustration.","text, watermark, logo, caption, signature, border, frame, collage, multiple panels, cartoon, illustration, CGI, 3d render, low-poly, painting, anime, surreal, deformed, duplicate objects, extra limbs, blurry, out of focus, noise, oversaturated, posterized, artifacts, jpeg artifacts"
997,airplane,glider,flying,a grassy field,front view,sunny afternoon,hard,a photorealistic color photo,"a photorealistic color photo of a glider airplane flying in a grassy field, front view, sunny afternoon. busy background but still one main subject. single main subject, photorealistic color photo, natural colors, realistic texture, sharp focus on subject, no people, no text, no watermark, no logo, no border, no collage, no CGI, no illustration.","text, watermark, logo, caption, signature, border, frame, collage, multiple panels, cartoon, illustration, CGI, 3d render, low-poly, painting, anime, surreal, deformed, duplicate objects, extra limbs, blurry, out of focus, noise, oversaturated, posterized, artifacts, jpeg artifacts"
334,airplane,biplane,flying,a sandy beach,slightly off-center framing,sunny afternoon,clean,a finely detailed photo,"a finely detailed photo of a biplane airplane flying in a sandy beach, slightly off-center framing, sunny afternoon. single main subject, photorealistic color photo, natural colors, realistic texture, sharp focus on subject, no people, no text, no watermark, no logo, no border, no collage, no CGI, no illustration.","text, watermark, logo, caption, signature, border, frame, collage, multiple panels, cartoon, illustration, CGI, 3d render, low-poly, painting, anime, surreal, deformed, duplicate objects, extra limbs, blurry, out of focus, noise, oversaturated, posterized, artifacts, jpeg artifacts"
784,airplane,seaplane,parked,a parking lot,wide shot,indoor soft window light,clean,an ultra-realistic rendering,"an ultra-realistic rendering of a seaplane airplane parked in a parking lot, wide shot, indoor soft window light. single main subject, photorealistic color photo, natural colors, realistic texture, sharp focus on subject, no people, no text, no watermark, no logo, no border, no collage, no CGI, no illustration.","text, watermark, logo, caption, signature, border, frame, collage, multiple panels, cartoon, illustration, CGI, 3d render, low-poly, painting, anime, surreal, deformed, duplicate objects, extra limbs, blurry, out of focus, noise, oversaturated, posterized, artifacts, jpeg artifacts"
764,airplane,seaplane,parked,a forest clearing,front view,sunny afternoon,clean,a finely detailed photo,"a finely detailed photo of a seaplane airplane parked in a forest clearing, front view, sunny afternoon. single main subject, photorealistic color photo, natural colors, realistic texture, sharp focus on subject, no people, no text, no watermark, no logo, no border, no collage, no CGI, no illustration.","text, watermark, logo, caption, signature, border, frame, collage, multiple panels, cartoon, illustration, CGI, 3d render, low-poly, painting, anime, surreal, deformed, duplicate objects, extra limbs, blurry, out of focus, noise, oversaturated, posterized, artifacts, jpeg artifacts"
970,airplane,small prop airplane,taking off,a city park,slightly off-center framing,backlit rim light,hard,an ultra-realistic rendering,"an ultra-realistic rendering of a small prop airplane taking off in a city park, slightly off-center framing, backlit rim light. busy background but still one main subject. single main subject, photorealistic color photo, natural colors, realistic texture, sharp focus on subject, no people, no text, no watermark, no logo, no border, no collage, no CGI, no illustration.","text, watermark, logo, caption, signature, border, frame, collage, multiple panels, cartoon, illustration, CGI, 3d render, low-poly, painting, anime, surreal, deformed, duplicate objects, extra limbs, blurry, out of focus, noise, oversaturated, posterized, artifacts, jpeg artifacts"
594,airplane,small prop airplane,taxiing,a sandy beach,3/4 view,foggy morning,clean,a photorealistic color photo,"a photorealistic color photo of a small prop airplane taxiing in a sandy beach, 3/4 view, foggy morning. single main subject, photorealistic color photo, natural colors, realistic texture, sharp focus on subject, no people, no text, no watermark, no logo, no border, no collage, no CGI, no illustration.","text, watermark, logo, caption, signature, border, frame, collage, multiple panels, cartoon, illustration, CGI, 3d render, low-poly, painting, anime, surreal, deformed, duplicate objects, extra limbs, blurry, out of focus, noise, oversaturated, posterized, artifacts, jpeg artifacts"
890,airplane,cargo plane,parked,a city park,high angle,overcast daylight,hard,a high-quality image,"a high-quality image of a cargo plane airplane parked in a city park, high angle, overcast daylight. busy background but still one main subject. single main subject, photorealistic color photo, natural colors, realistic texture, sharp focus on subject, no people, no text, no watermark, no logo, no border, no collage, no CGI, no illustration.","text, watermark, logo, caption, signature, border, frame, collage, multiple panels, cartoon, illustration, CGI, 3d render, low-poly, painting, anime, surreal, deformed, duplicate objects, extra limbs, blurry, out of focus, noise, oversaturated, posterized, artifacts, jpeg artifacts"
821,airplane,seaplane,taxiing,a wet roadway after rain,wide shot,overcast daylight,hard,a detailed photograph,"a detailed photograph of a seaplane airplane taxiing in a wet roadway after rain, wide shot, overcast daylight. cropped slightly. single main subject, photorealistic color photo, natural colors, realistic texture, sharp focus on subject, no people, no text, no watermark, no logo, no border, no collage, no CGI, no illustration.","text, watermark, logo, caption, signature, border, frame, collage, multiple panels, cartoon, illustration, CGI, 3d render, low-poly, painting, anime, surreal, deformed, duplicate objects, extra limbs, blurry, out of focus, noise, oversaturated, posterized, artifacts, jpeg artifacts"
579,airplane,glider,flying,an urban street,slightly off-center framing,overcast daylight,clean,a detailed photograph,"a detailed photograph of a glider airplane flying in an urban street, slightly off-center framing, overcast daylight. single main subject, photorealistic color photo, natural colors, realistic texture, sharp focus on subject, no people, no text, no watermark, no logo, no border, no collage, no CGI, no illustration.","text, watermark, logo, caption, signature, border, frame, collage, multiple panels, cartoon, illustration, CGI, 3d render, low-poly, painting, anime, surreal, deformed, duplicate objects, extra limbs, blurry, out of focus, noise, oversaturated, posterized, artifacts, jpeg artifacts"
878,airplane,cargo plane,parked,a lakeside shore,side profile,foggy morning,hard,a detailed photograph,"a detailed photograph of a cargo plane airplane parked in a lakeside shore, side profile, foggy morning. in the distance. single main subject, photorealistic color photo, natural colors, realistic texture, sharp focus on subject, no people, no text, no watermark, no logo, no border, no collage, no CGI, no illustration.","text, watermark, logo, caption, signature, border, frame, collage, multiple panels, cartoon, illustration, CGI, 3d render, low-poly, painting, anime, surreal, deformed, duplicate objects, extra limbs, blurry, out of focus, noise, oversaturated, posterized, artifacts, jpeg artifacts"
757,airplane,seaplane,parked,a forest clearing,high angle,nighttime under streetlights,clean,a finely detailed photo,"a finely detailed photo of a seaplane airplane parked in a forest clearing, high angle, nighttime under streetlights. single main subject, photorealistic color photo, natural colors, realistic texture, sharp focus on subject, no people, no text, no watermark, no logo, no border, no collage, no CGI, no illustration.","text, watermark, logo, caption, signature, border, frame, collage, multiple panels, cartoon, illustration, CGI, 3d render, low-poly, painting, anime, surreal, deformed, duplicate objects, extra limbs, blurry, out of focus, noise, oversaturated, posterized, artifacts, jpeg artifacts"
456,airplane,seaplane,taxiing,a grassy field,front view,sunny afternoon,clean,an ultra-realistic rendering,"an ultra-realistic rendering of a seaplane airplane taxiing in a grassy field, front view, sunny afternoon. single main subject, photorealistic color photo, natural colors, realistic texture, sharp focus on subject, no people, no text, no watermark, no logo, no border, no collage, no CGI, no illustration.","text, watermark, logo, caption, signature, border, frame, collage, multiple panels, cartoon, illustration, CGI, 3d render, low-poly, painting, anime, surreal, deformed, duplicate objects, extra limbs, blurry, out of focus, noise, oversaturated, posterized, artifacts, jpeg artifacts"
869,airplane,seaplane,taxiing,a grassy field,close-up,nighttime under streetlights,hard,an ultra-realistic rendering,"an ultra-realistic rendering of a seaplane airplane taxiing in a grassy field, close-up, nighttime under streetlights. slight motion blur. single main subject, photorealistic color photo, natural colors, realistic texture, sharp focus on subject, no people, no text, no watermark, no logo, no border, no collage, no CGI, no illustration.","text, watermark, logo, caption, signature, border, frame, collage, multiple panels, cartoon, illustration, CGI, 3d render, low-poly, painting, anime, surreal, deformed, duplicate objects, extra limbs, blurry, out of focus, noise, oversaturated, posterized, artifacts, jpeg artifacts"
850,airplane,small prop airplane,parked,a suburban neighborhood,side profile,golden hour,hard,a detailed photograph,"a detailed photograph of a small prop airplane parked in a suburban neighborhood, side profile, golden hour. in the distance. single main subject, photorealistic color photo, natural colors, realistic texture, sharp focus on subject, no people, no text, no watermark, no logo, no border, no collage, no CGI, no illustration.","text, watermark, logo, caption, signature, border, frame, collage, multiple panels, cartoon, illustration, CGI, 3d render, low-poly, painting, anime, surreal, deformed, duplicate objects, extra limbs, blurry, out of focus, noise, oversaturated, posterized, artifacts, jpeg artifacts"
94,airplane,cargo plane,taking off,a suburban neighborhood,low angle,overcast daylight,clean,a professional photo,"a professional photo of a cargo plane airplane taking off in a suburban neighborhood, low angle, overcast daylight. single main subject, photorealistic color photo, natural colors, realistic texture, sharp focus on subject, no people, no text, no watermark, no logo, no border, no collage, no CGI, no illustration.","text, watermark, logo, caption, signature, border, frame, collage, multiple panels, cartoon, illustration, CGI, 3d render, low-poly, painting, anime, surreal, deformed, duplicate objects, extra limbs, blurry, out of focus, noise, oversaturated, posterized, artifacts, jpeg artifacts"
542,airplane,cargo plane,taking off,an urban street,high angle,foggy morning,clean,a finely detailed photo,"a finely detailed photo of a cargo plane airplane taking off in an urban street, high angle, foggy morning. single main subject, photorealistic color photo, natural colors, realistic texture, sharp focus on subject, no people, no text, no watermark, no logo, no border, no collage, no CGI, no illustration.","text, watermark, logo, caption, signature, border, frame, collage, multiple panels, cartoon, illustration, CGI, 3d render, low-poly, painting, anime, surreal, deformed, duplicate objects, extra limbs, blurry, out of focus, noise, oversaturated, posterized, artifacts, jpeg artifacts"
924,airplane,glider,taking off,a city park,high angle,indoor soft window light,hard,a high-quality image,"a high-quality image of a glider airplane taking off in a city park, high angle, indoor soft window light. slight motion blur. single main subject, photorealistic color photo, natural colors, realistic texture, sharp focus on subject, no people, no text, no watermark, no logo, no border, no collage, no CGI, no illustration.","text, watermark, logo, caption, signature, border, frame, collage, multiple panels, cartoon, illustration, CGI, 3d render, low-poly, painting, anime, surreal, deformed, duplicate objects, extra limbs, blurry, out of focus, noise, oversaturated, posterized, artifacts, jpeg artifacts"
719,airplane,cargo plane,taxiing,a grassy field,low angle,nighttime under streetlights,clean,a professional photo,"a professional photo of a cargo plane airplane taxiing in a grassy field, low angle, nighttime under streetlights. single main subject, photorealistic color photo, natural colors, realistic texture, sharp focus on subject, no people, no text, no watermark, no logo, no border, no collage, no CGI, no illustration.","text, watermark, logo, caption, signature, border, frame, collage, multiple panels, cartoon, illustration, CGI, 3d render, low-poly, painting, anime, surreal, deformed, duplicate objects, extra limbs, blurry, out of focus, noise, oversaturated, posterized, artifacts, jpeg artifacts"
504,airplane,biplane,flying,a parking lot,high angle,rainy with wet reflections,clean,a detailed photograph,"a detailed photograph of a biplane airplane flying in a parking lot, high angle, rainy with wet reflections. single main subject, photorealistic color photo, natural colors, realistic texture, sharp focus on subject, no people, no text, no watermark, no logo, no border, no collage, no CGI, no illustration.","text, watermark, logo, caption, signature, border, frame, collage, multiple panels, cartoon, illustration, CGI, 3d render, low-poly, painting, anime, surreal, deformed, duplicate objects, extra limbs, blurry, out of focus, noise, oversaturated, posterized, artifacts, jpeg artifacts"
217,airplane,cargo plane,parked,a parking lot,3/4 view,indoor soft window light,clean,a high-quality image,"a high-quality image of a cargo plane airplane parked in a parking lot, 3/4 view, indoor soft window light. single main subject, photorealistic color photo, natural colors, realistic texture, sharp focus on subject, no people, no text, no watermark, no logo, no border, no collage, no CGI, no illustration.","text, watermark, logo, caption, signature, border, frame, collage, multiple panels, cartoon, illustration, CGI, 3d render, low-poly, painting, anime, surreal, deformed, duplicate objects, extra limbs, blurry, out of focus, noise, oversaturated, posterized, artifacts, jpeg artifacts"
127,airplane,small prop airplane,taxiing,a quiet residential street,slightly off-center framing,golden hour,clean,an ultra-realistic rendering,"an ultra-realistic rendering of a small prop airplane taxiing in a quiet residential street, slightly off-center framing, golden hour. single main subject, photorealistic color photo, natural colors, realistic texture, sharp focus on subject, no people, no text, no watermark, no logo, no border, no collage, no CGI, no illustration.","text, watermark, logo, caption, signature, border, frame, collage, multiple panels, cartoon, illustration, CGI, 3d render, low-poly, painting, anime, surreal, deformed, duplicate objects, extra limbs, blurry, out of focus, noise, oversaturated, posterized, artifacts, jpeg artifacts"
640,airplane,passenger jet,parked,a wet roadway after rain,slightly off-center framing,sunny afternoon,clean,a photorealistic color photo,"a photorealistic color photo of a passenger jet airplane parked in a wet roadway after rain, slightly off-center framing, sunny afternoon. single main subject, photorealistic color photo, natural colors, realistic texture, sharp focus on subject, no people, no text, no watermark, no logo, no border, no collage, no CGI, no illustration.","text, watermark, logo, caption, signature, border, frame, collage, multiple panels, cartoon, illustration, CGI, 3d render, low-poly, painting, anime, surreal, deformed, duplicate objects, extra limbs, blurry, out of focus, noise, oversaturated, posterized, artifacts, jpeg artifacts"
873,airplane,biplane,taxiing,a grassy field,wide shot,indoor soft window light,hard,a photorealistic color photo,"a photorealistic color photo of a biplane airplane taxiing in a grassy field, wide shot, indoor soft window light. busy background but still one main subject. single main subject, photorealistic color photo, natural colors, realistic texture, sharp focus on subject, no people, no text, no watermark, no logo, no border, no collage, no CGI, no illustration.","text, watermark, logo, caption, signature, border, frame, collage, multiple panels, cartoon, illustration, CGI, 3d render, low-poly, painting, anime, surreal, deformed, duplicate objects, extra limbs, blurry, out of focus, noise, oversaturated, posterized, artifacts, jpeg artifacts"
618,airplane,cargo plane,taking off,a grassy field,close-up,indoor soft window light,clean,a finely detailed photo,"a finely detailed photo of a cargo plane airplane taking off in a grassy field, close-up, indoor soft window light. single main subject, photorealistic color photo, natural colors, realistic texture, sharp focus on subject, no people, no text, no watermark, no logo, no border, no collage, no CGI, no illustration.","text, watermark, logo, caption, signature, border, frame, collage, multiple panels, cartoon, illustration, CGI, 3d render, low-poly, painting, anime, surreal, deformed, duplicate objects, extra limbs, blurry, out of focus, noise, oversaturated, posterized, artifacts, jpeg artifacts"
771,airplane,passenger jet,flying,a backyard,close-up,overcast daylight,clean,a professional photo,"a professional photo of a passenger jet airplane flying in a backyard, close-up, overcast daylight. single main subject, photorealistic color photo, natural colors, realistic texture, sharp focus on subject, no people, no text, no watermark, no logo, no border, no collage, no CGI, no illustration.","text, watermark, logo, caption, signature, border, frame, collage, multiple panels, cartoon, illustration, CGI, 3d render, low-poly, painting, anime, surreal, deformed, duplicate objects, extra limbs, blurry, out of focus, noise, oversaturated, posterized, artifacts, jpeg artifacts"
30,airplane,small prop airplane,taxiing,a quiet residential street,close-up,backlit rim light,clean,a professional photo,"a professional photo of a small prop airplane taxiing in a quiet residential street, close-up, backlit rim light. single main subject, photorealistic color photo, natural colors, realistic texture, sharp focus on subject, no people, no text, no watermark, no logo, no border, no collage, no CGI, no illustration.","text, watermark, logo, caption, signature, border, frame, collage, multiple panels, cartoon, illustration, CGI, 3d render, low-poly, painting, anime, surreal, deformed, duplicate objects, extra limbs, blurry, out of focus, noise, oversaturated, posterized, artifacts, jpeg artifacts"
43,airplane,seaplane,taking off,a parking lot,side profile,foggy morning,clean,a photorealistic color photo,"a photorealistic color photo of a seaplane airplane taking off in a parking lot, side profile, foggy morning. single main subject, photorealistic color photo, natural colors, realistic texture, sharp focus on subject, no people, no text, no watermark, no logo, no border, no collage, no CGI, no illustration.","text, watermark, logo, caption, signature, border, frame, collage, multiple panels, cartoon, illustration, CGI, 3d render, low-poly, painting, anime, surreal, deformed, duplicate objects, extra limbs, blurry, out of focus, noise, oversaturated, posterized, artifacts, jpeg artifacts"
68,airplane,seaplane,flying,a grassy field,low angle,foggy morning,clean,an ultra-realistic rendering,"an ultra-realistic rendering of a seaplane airplane flying in a grassy field, low angle, foggy morning. single main subject, photorealistic color photo, natural colors, realistic texture, sharp focus on subject, no people, no text, no watermark, no logo, no border, no collage, no CGI, no illustration.","text, watermark, logo, caption, signature, border, frame, collage, multiple panels, cartoon, illustration, CGI, 3d render, low-poly, painting, anime, surreal, deformed, duplicate objects, extra limbs, blurry, out of focus, noise, oversaturated, posterized, artifacts, jpeg artifacts"
720,airplane,seaplane,flying,a grassy field,low angle,golden hour,clean,a professional photo,"a professional photo of a seaplane airplane flying in a grassy field, low angle, golden hour. single main subject, photorealistic color photo, natural colors, realistic texture, sharp focus on subject, no people, no text, no watermark, no logo, no border, no collage, no CGI, no illustration.","text, watermark, logo, caption, signature, border, frame, collage, multiple panels, cartoon, illustration, CGI, 3d render, low-poly, painting, anime, surreal, deformed, duplicate objects, extra limbs, blurry, out of focus, noise, oversaturated, posterized, artifacts, jpeg artifacts"
214,airplane,biplane,parked,a backyard,3/4 view,rainy with wet reflections,clean,a finely detailed photo,"a finely detailed photo of a biplane airplane parked in a backyard, 3/4 view, rainy with wet reflections. single main subject, photorealistic color photo, natural colors, realistic texture, sharp focus on subject, no people, no text, no watermark, no logo, no border, no collage, no CGI, no illustration.","text, watermark, logo, caption, signature, border, frame, collage, multiple panels, cartoon, illustration, CGI, 3d render, low-poly, painting, anime, surreal, deformed, duplicate objects, extra limbs, blurry, out of focus, noise, oversaturated, posterized, artifacts, jpeg artifacts"
59,airplane,passenger jet,taxiing,a suburban neighborhood,low angle,rainy with wet reflections,clean,a high-quality image,"a high-quality image of a passenger jet airplane taxiing in a suburban neighborhood, low angle, rainy with wet reflections. single main subject, photorealistic color photo, natural colors, realistic texture, sharp focus on subject, no people, no text, no watermark, no logo, no border, no collage, no CGI, no illustration.","text, watermark, logo, caption, signature, border, frame, collage, multiple panels, cartoon, illustration, CGI, 3d render, low-poly, painting, anime, surreal, deformed, duplicate objects, extra limbs, blurry, out of focus, noise, oversaturated, posterized, artifacts, jpeg artifacts"
78,airplane,seaplane,flying,a grassy field,side profile,foggy morning,clean,a high-quality image,"a high-quality image of a seaplane airplane flying in a grassy field, side profile, foggy morning. single main subject, photorealistic color photo, natural colors, realistic texture, sharp focus on subject, no people, no text, no watermark, no logo, no border, no collage, no CGI, no illustration.","text, watermark, logo, caption, signature, border, frame, collage, multiple panels, cartoon, illustration, CGI, 3d render, low-poly, painting, anime, surreal, deformed, duplicate objects, extra limbs, blurry, out of focus, noise, oversaturated, posterized, artifacts, jpeg artifacts"
135,airplane,glider,flying,a forest clearing,slightly off-center framing,golden hour,clean,a detailed photograph,"a detailed photograph of a glider airplane flying in a forest clearing, slightly off-center framing, golden hour. single main subject, photorealistic color photo, natural colors, realistic texture, sharp focus on subject, no people, no text, no watermark, no logo, no border, no collage, no CGI, no illustration.","text, watermark, logo, caption, signature, border, frame, collage, multiple panels, cartoon, illustration, CGI, 3d render, low-poly, painting, anime, surreal, deformed, duplicate objects, extra limbs, blurry, out of focus, noise, oversaturated, posterized, artifacts, jpeg artifacts"
264,airplane,seaplane,flying,a quiet residential street,slightly off-center framing,overcast daylight,clean,a photorealistic color photo,"a photorealistic color photo of a seaplane airplane flying in a quiet residential street, slightly off-center framing, overcast daylight. single main subject, photorealistic color photo, natural colors, realistic texture, sharp focus on subject, no people, no text, no watermark, no logo, no border, no collage, no CGI, no illustration.","text, watermark, logo, caption, signature, border, frame, collage, multiple panels, cartoon, illustration, CGI, 3d render, low-poly, painting, anime, surreal, deformed, duplicate objects, extra limbs, blurry, out of focus, noise, oversaturated, posterized, artifacts, jpeg artifacts"
929,airplane,biplane,flying,a quiet residential street,high angle,sunny afternoon,hard,a finely detailed photo,"a finely detailed photo of a biplane airplane flying in a quiet residential street, high angle, sunny afternoon. cropped slightly. single main subject, photorealistic color photo, natural colors, realistic texture, sharp focus on subject, no people, no text, no watermark, no logo, no border, no collage, no CGI, no illustration.","text, watermark, logo, caption, signature, border, frame, collage, multiple panels, cartoon, illustration, CGI, 3d render, low-poly, painting, anime, surreal, deformed, duplicate objects, extra limbs, blurry, out of focus, noise, oversaturated, posterized, artifacts, jpeg artifacts"
227,airplane,seaplane,taxiing,a parking lot,side profile,overcast daylight,clean,a high-quality image,"a high-quality image of a seaplane airplane taxiing in a parking lot, side profile, overcast daylight. single main subject, photorealistic color photo, natural colors, realistic texture, sharp focus on subject, no people, no text, no watermark, no logo, no border, no collage, no CGI, no illustration.","text, watermark, logo, caption, signature, border, frame, collage, multiple panels, cartoon, illustration, CGI, 3d render, low-poly, painting, anime, surreal, deformed, duplicate objects, extra limbs, blurry, out of focus, noise, oversaturated, posterized, artifacts, jpeg artifacts"
365,airplane,passenger jet,flying,a gravel lot,wide shot,indoor soft window light,clean,an ultra-realistic rendering,"an ultra-realistic rendering of a passenger jet airplane flying in a gravel lot, wide shot, indoor soft window light. single main subject, photorealistic color photo, natural colors, realistic texture, sharp focus on subject, no people, no text, no watermark, no logo, no border, no collage, no CGI, no illustration.","text, watermark, logo, caption, signature, border, frame, collage, multiple panels, cartoon, illustration, CGI, 3d render, low-poly, painting, anime, surreal, deformed, duplicate objects, extra limbs, blurry, out of focus, noise, oversaturated, posterized, artifacts, jpeg artifacts"
619,airplane,cargo plane,flying,a forest clearing,high angle,golden hour,clean,a detailed photograph,"a detailed photograph of a cargo plane airplane flying in a forest clearing, high angle, golden hour. single main subject, photorealistic color photo, natural colors, realistic texture, sharp focus on subject, no people, no text, no watermark, no logo, no border, no collage, no CGI, no illustration.","text, watermark, logo, caption, signature, border, frame, collage, multiple panels, cartoon, illustration, CGI, 3d render, low-poly, painting, anime, surreal, deformed, duplicate objects, extra limbs, blurry, out of focus, noise, oversaturated, posterized, artifacts, jpeg artifacts"
661,airplane,glider,flying,a city park,3/4 view,indoor soft window light,clean,a finely detailed photo,"a finely detailed photo of a glider airplane flying in a city park, 3/4 view, indoor soft window light. single main subject, photorealistic color photo, natural colors, realistic texture, sharp focus on subject, no people, no text, no watermark, no logo, no border, no collage, no CGI, no illustration.","text, watermark, logo, caption, signature, border, frame, collage, multiple panels, cartoon, illustration, CGI, 3d render, low-poly, painting, anime, surreal, deformed, duplicate objects, extra limbs, blurry, out of focus, noise, oversaturated, posterized, artifacts, jpeg artifacts"
822,airplane,seaplane,taking off,a backyard,slightly off-center framing,golden hour,hard,a finely detailed photo,"a finely detailed photo of a seaplane airplane taking off in a backyard, slightly off-center framing, golden hour. busy background but still one main subject. single main subject, photorealistic color photo, natural colors, realistic texture, sharp focus on subject, no people, no text, no watermark, no logo, no border, no collage, no CGI, no illustration.","text, watermark, logo, caption, signature, border, frame, collage, multiple panels, cartoon, illustration, CGI, 3d render, low-poly, painting, anime, surreal, deformed, duplicate objects, extra limbs, blurry, out of focus, noise, oversaturated, posterized, artifacts, jpeg artifacts"
385,airplane,small prop airplane,parked,a city park,slightly off-center framing,foggy morning,clean,a detailed photograph,"a detailed photograph of a small prop airplane parked in a city park, slightly off-center framing, foggy morning. single main subject, photorealistic color photo, natural colors, realistic texture, sharp focus on subject, no people, no text, no watermark, no logo, no border, no collage, no CGI, no illustration.","text, watermark, logo, caption, signature, border, frame, collage, multiple panels, cartoon, illustration, CGI, 3d render, low-poly, painting, anime, surreal, deformed, duplicate objects, extra limbs, blurry, out of focus, noise, oversaturated, posterized, artifacts, jpeg artifacts"
804,airplane,biplane,taxiing,a parking lot,front view,overcast daylight,hard,a high-quality image,"a high-quality image of a biplane airplane taxiing in a parking lot, front view, overcast daylight. slight motion blur. single main subject, photorealistic color photo, natural colors, realistic texture, sharp focus on subject, no people, no text, no watermark, no logo, no border, no collage, no CGI, no illustration.","text, watermark, logo, caption, signature, border, frame, collage, multiple panels, cartoon, illustration, CGI, 3d render, low-poly, painting, anime, surreal, deformed, duplicate objects, extra limbs, blurry, out of focus, noise, oversaturated, posterized, artifacts, jpeg artifacts"
647,airplane,passenger jet,taxiing,a quiet residential street,close-up,backlit rim light,clean,an ultra-realistic rendering,"an ultra-realistic rendering of a passenger jet airplane taxiing in a quiet residential street, close-up, backlit rim light. single main subject, photorealistic color photo, natural colors, realistic texture, sharp focus on subject, no people, no text, no watermark, no logo, no border, no collage, no CGI, no illustration.","text, watermark, logo, caption, signature, border, frame, collage, multiple panels, cartoon, illustration, CGI, 3d render, low-poly, painting, anime, surreal, deformed, duplicate objects, extra limbs, blurry, out of focus, noise, oversaturated, posterized, artifacts, jpeg artifacts"
816,airplane,small prop airplane,taxiing,a gravel lot,slightly off-center framing,nighttime under streetlights,hard,a photorealistic color photo,"a photorealistic color photo of a small prop airplane taxiing in a gravel lot, slightly off-center framing, nighttime under streetlights. in the distance. single main subject, photorealistic color photo, natural colors, realistic texture, sharp focus on subject, no people, no text, no watermark, no logo, no border, no collage, no CGI, no illustration.","text, watermark, logo, caption, signature, border, frame, collage, multiple panels, cartoon, illustration, CGI, 3d render, low-poly, painting, anime, surreal, deformed, duplicate objects, extra limbs, blurry, out of focus, noise, oversaturated, posterized, artifacts, jpeg artifacts"
800,airplane,seaplane,taking off,a suburban neighborhood,low angle,overcast daylight,hard,a finely detailed photo,"a finely detailed photo of a seaplane airplane taking off in a suburban neighborhood, low angle, overcast daylight. cropped slightly. single main subject, photorealistic color photo, natural colors, realistic texture, sharp focus on subject, no people, no text, no watermark, no logo, no border, no collage, no CGI, no illustration.","text, watermark, logo, caption, signature, border, frame, collage, multiple panels, cartoon, illustration, CGI, 3d render, low-poly, painting, anime, surreal, deformed, duplicate objects, extra limbs, blurry, out of focus, noise, oversaturated, posterized, artifacts, jpeg artifacts"
141,airplane,biplane,taxiing,a city park,high angle,backlit rim light,clean,a professional photo,"a professional photo of a biplane airplane taxiing in a city park, high angle, backlit rim light. single main subject, photorealistic color photo, natural colors, realistic texture, sharp focus on subject, no people, no text, no watermark, no logo, no border, no collage, no CGI, no illustration.","text, watermark, logo, caption, signature, border, frame, collage, multiple panels, cartoon, illustration, CGI, 3d render, low-poly, painting, anime, surreal, deformed, duplicate objects, extra limbs, blurry, out of focus, noise, oversaturated, posterized, artifacts, jpeg artifacts"
519,airplane,passenger jet,flying,a parking lot,low angle,golden hour,clean,a professional photo,"a professional photo of a passenger jet airplane flying in a parking lot, low angle, golden hour. single main subject, photorealistic color photo, natural colors, realistic texture, sharp focus on subject, no people, no text, no watermark, no logo, no border, no collage, no CGI, no illustration.","text, watermark, logo, caption, signature, border, frame, collage, multiple panels, cartoon, illustration, CGI, 3d render, low-poly, painting, anime, surreal, deformed, duplicate objects, extra limbs, blurry, out of focus, noise, oversaturated, posterized, artifacts, jpeg artifacts"
773,airplane,biplane,parked,a parking lot,low angle,rainy with wet reflections,clean,a high-quality image,"a high-quality image of a biplane airplane parked in a parking lot, low angle, rainy with wet reflections. single main subject, photorealistic color photo, natural colors, realistic texture, sharp focus on subject, no people, no text, no watermark, no logo, no border, no collage, no CGI, no illustration.","text, watermark, logo, caption, signature, border, frame, collage, multiple panels, cartoon, illustration, CGI, 3d render, low-poly, painting, anime, surreal, deformed, duplicate objects, extra limbs, blurry, out of focus, noise, oversaturated, posterized, artifacts, jpeg artifacts"
948,airplane,small prop airplane,taxiing,a suburban neighborhood,close-up,foggy morning,hard,a detailed photograph,"a detailed photograph of a small prop airplane taxiing in a suburban neighborhood, close-up, foggy morning. slight motion blur. single main subject, photorealistic color photo, natural colors, realistic texture, sharp focus on subject, no people, no text, no watermark, no logo, no border, no collage, no CGI, no illustration.","text, watermark, logo, caption, signature, border, frame, collage, multiple panels, cartoon, illustration, CGI, 3d render, low-poly, painting, anime, surreal, deformed, duplicate objects, extra limbs, blurry, out of focus, noise, oversaturated, posterized, artifacts, jpeg artifacts"
900,airplane,small prop airplane,parked,a grassy field,cropped at the edge of the frame,nighttime under streetlights,hard,a professional photo,"a professional photo of a small prop airplane parked in a grassy field, cropped at the edge of the frame, nighttime under streetlights. partially occluded by a foreground object. single main subject, photorealistic color photo, natural colors, realistic texture, sharp focus on subject, no people, no text, no watermark, no logo, no border, no collage, no CGI, no illustration.","text, watermark, logo, caption, signature, border, frame, collage, multiple panels, cartoon, illustration, CGI, 3d render, low-poly, painting, anime, surreal, deformed, duplicate objects, extra limbs, blurry, out of focus, noise, oversaturated, posterized, artifacts, jpeg artifacts"
806,airplane,biplane,taking off,a suburban neighborhood,side profile,foggy morning,hard,a high-quality image,"a high-quality image of a biplane airplane taking off in a suburban neighborhood, side profile, foggy morning. in the distance. single main subject, photorealistic color photo, natural colors, realistic texture, sharp focus on subject, no people, no text, no watermark, no logo, no border, no collage, no CGI, no illustration.","text, watermark, logo, caption, signature, border, frame, collage, multiple panels, cartoon, illustration, CGI, 3d render, low-poly, painting, anime, surreal, deformed, duplicate objects, extra limbs, blurry, out of focus, noise, oversaturated, posterized, artifacts, jpeg artifacts"
213,airplane,passenger jet,taking off,a countryside road,3/4 view,overcast daylight,clean,a finely detailed photo,"a finely detailed photo of a passenger jet airplane taking off in a countryside road, 3/4 view, overcast daylight. single main subject, photorealistic color photo, natural colors, realistic texture, sharp focus on subject, no people, no text, no watermark, no logo, no border, no collage, no CGI, no illustration.","text, watermark, logo, caption, signature, border, frame, collage, multiple panels, cartoon, illustration, CGI, 3d render, low-poly, painting, anime, surreal, deformed, duplicate objects, extra limbs, blurry, out of focus, noise, oversaturated, posterized, artifacts, jpeg artifacts"
483,airplane,biplane,flying,a lakeside shore,close-up,foggy morning,clean,a high-quality image,"a high-quality image of a biplane airplane flying in a lakeside shore, close-up, foggy morning. single main subject, photorealistic color photo, natural colors, realistic texture, sharp focus on subject, no people, no text, no watermark, no logo, no border, no collage, no CGI, no illustration.","text, watermark, logo, caption, signature, border, frame, collage, multiple panels, cartoon, illustration, CGI, 3d render, low-poly, painting, anime, surreal, deformed, duplicate objects, extra limbs, blurry, out of focus, noise, oversaturated, posterized, artifacts, jpeg artifacts"
954,airplane,glider,flying,a parking lot,low angle,foggy morning,hard,a photorealistic color photo,"a photorealistic color photo of a glider airplane flying in a parking lot, low angle, foggy morning. busy background but still one main subject. single main subject, photorealistic color photo, natural colors, realistic texture, sharp focus on subject, no people, no text, no watermark, no logo, no border, no collage, no CGI, no illustration.","text, watermark, logo, caption, signature, border, frame, collage, multiple panels, cartoon, illustration, CGI, 3d render, low-poly, painting, anime, surreal, deformed, duplicate objects, extra limbs, blurry, out of focus, noise, oversaturated, posterized, artifacts, jpeg artifacts"
513,airplane,glider,parked,a countryside road,3/4 view,nighttime under streetlights,clean,an ultra-realistic rendering,"an ultra-realistic rendering of a glider airplane parked in a countryside road, 3/4 view, nighttime under streetlights. single main subject, photorealistic color photo, natural colors, realistic texture, sharp focus on subject, no people, no text, no watermark, no logo, no border, no collage, no CGI, no illustration.","text, watermark, logo, caption, signature, border, frame, collage, multiple panels, cartoon, illustration, CGI, 3d render, low-poly, painting, anime, surreal, deformed, duplicate objects, extra limbs, blurry, out of focus, noise, oversaturated, posterized, artifacts, jpeg artifacts"
530,airplane,small prop airplane,taxiing,a backyard,low angle,nighttime under streetlights,clean,a high-quality image,"a high-quality image of a small prop airplane taxiing in a backyard, low angle, nighttime under streetlights. single main subject, photorealistic color photo, natural colors, realistic texture, sharp focus on subject, no people, no text, no watermark, no logo, no border, no collage, no CGI, no illustration.","text, watermark, logo, caption, signature, border, frame, collage, multiple panels, cartoon, illustration, CGI, 3d render, low-poly, painting, anime, surreal, deformed, duplicate objects, extra limbs, blurry, out of focus, noise, oversaturated, posterized, artifacts, jpeg artifacts"
626,airplane,biplane,taxiing,a wet roadway after rain,close-up,backlit rim light,clean,a professional photo,"a professional photo of a biplane airplane taxiing in a wet roadway after rain, close-up, backlit rim light. single main subject, photorealistic color photo, natural colors, realistic texture, sharp focus on subject, no people, no text, no watermark, no logo, no border, no collage, no CGI, no illustration.","text, watermark, logo, caption, signature, border, frame, collage, multiple panels, cartoon, illustration, CGI, 3d render, low-poly, painting, anime, surreal, deformed, duplicate objects, extra limbs, blurry, out of focus, noise, oversaturated, posterized, artifacts, jpeg artifacts"
870,airplane,passenger jet,flying,a forest clearing,wide shot,indoor soft window light,hard,a high-quality image,"a high-quality image of a passenger jet airplane flying in a forest clearing, wide shot, indoor soft window light. cropped slightly. single main subject, photorealistic color photo, natural colors, realistic texture, sharp focus on subject, no people, no text, no watermark, no logo, no border, no collage, no CGI, no illustration.","text, watermark, logo, caption, signature, border, frame, collage, multiple panels, cartoon, illustration, CGI, 3d render, low-poly, painting, anime, surreal, deformed, duplicate objects, extra limbs, blurry, out of focus, noise, oversaturated, posterized, artifacts, jpeg artifacts"
56,airplane,seaplane,taxiing,a parking lot,high angle,foggy morning,clean,a professional photo,"a professional photo of a seaplane airplane taxiing in a parking lot, high angle, foggy morning. single main subject, photorealistic color photo, natural colors, realistic texture, sharp focus on subject, no people, no text, no watermark, no logo, no border, no collage, no CGI, no illustration.","text, watermark, logo, caption, signature, border, frame, collage, multiple panels, cartoon, illustration, CGI, 3d render, low-poly, painting, anime, surreal, deformed, duplicate objects, extra limbs, blurry, out of focus, noise, oversaturated, posterized, artifacts, jpeg artifacts"
807,airplane,glider,parked,a gravel lot,close-up,sunny afternoon,hard,an ultra-realistic rendering,"an ultra-realistic rendering of a glider airplane parked in a gravel lot, close-up, sunny afternoon. busy background but still one main subject. single main subject, photorealistic color photo, natural colors, realistic texture, sharp focus on subject, no people, no text, no watermark, no logo, no border, no collage, no CGI, no illustration.","text, watermark, logo, caption, signature, border, frame, collage, multiple panels, cartoon, illustration, CGI, 3d render, low-poly, painting, anime, surreal, deformed, duplicate objects, extra limbs, blurry, out of focus, noise, oversaturated, posterized, artifacts, jpeg artifacts"
833,airplane,passenger jet,flying,a lakeside shore,close-up,nighttime under streetlights,hard,a finely detailed photo,"a finely detailed photo of a passenger jet airplane flying in a lakeside shore, close-up, nighttime under streetlights. partially occluded by a foreground object. single main subject, photorealistic color photo, natural colors, realistic texture, sharp focus on subject, no people, no text, no watermark, no logo, no border, no collage, no CGI, no illustration.","text, watermark, logo, caption, signature, border, frame, collage, multiple panels, cartoon, illustration, CGI, 3d render, low-poly, painting, anime, surreal, deformed, duplicate objects, extra limbs, blurry, out of focus, noise, oversaturated, posterized, artifacts, jpeg artifacts"
629,airplane,cargo plane,taking off,a grassy field,side profile,foggy morning,clean,a detailed photograph,"a detailed photograph of a cargo plane airplane taking off in a grassy field, side profile, foggy morning. single main subject, photorealistic color photo, natural colors, realistic texture, sharp focus on subject, no people, no text, no watermark, no logo, no border, no collage, no CGI, no illustration.","text, watermark, logo, caption, signature, border, frame, collage, multiple panels, cartoon, illustration, CGI, 3d render, low-poly, painting, anime, surreal, deformed, duplicate objects, extra limbs, blurry, out of focus, noise, oversaturated, posterized, artifacts, jpeg artifacts"
811,airplane,small prop airplane,taxiing,a gravel lot,distant subject in the background,nighttime under streetlights,hard,an ultra-realistic rendering,"an ultra-realistic rendering of a small prop airplane taxiing in a gravel lot, distant subject in the background, nighttime under streetlights. busy background but still one main subject. single main subject, photorealistic color photo, natural colors, realistic texture, sharp focus on subject, no people, no text, no watermark, no logo, no border, no collage, no CGI, no illustration.","text, watermark, logo, caption, signature, border, frame, collage, multiple panels, cartoon, illustration, CGI, 3d render, low-poly, painting, anime, surreal, deformed, duplicate objects, extra limbs, blurry, out of focus, noise, oversaturated, posterized, artifacts, jpeg artifacts"
935,airplane,glider,flying,a forest clearing,cropped at the edge of the frame,golden hour,hard,a finely detailed photo,"a finely detailed photo of a glider airplane flying in a forest clearing, cropped at the edge of the frame, golden hour. partially occluded by a foreground object. single main subject, photorealistic color photo, natural colors, realistic texture, sharp focus on subject, no people, no text, no watermark, no logo, no border, no collage, no CGI, no illustration.","text, watermark, logo, caption, signature, border, frame, collage, multiple panels, cartoon, illustration, CGI, 3d render, low-poly, painting, anime, surreal, deformed, duplicate objects, extra limbs, blurry, out of focus, noise, oversaturated, posterized, artifacts, jpeg artifacts"
300,airplane,glider,flying,a backyard,slightly off-center framing,indoor soft window light,clean,a high-quality image,"a high-quality image of a glider airplane flying in a backyard, slightly off-center framing, indoor soft window light. single main subject, photorealistic color photo, natural colors, realistic texture, sharp focus on subject, no people, no text, no watermark, no logo, no border, no collage, no CGI, no illustration.","text, watermark, logo, caption, signature, border, frame, collage, multiple panels, cartoon, illustration, CGI, 3d render, low-poly, painting, anime, surreal, deformed, duplicate objects, extra limbs, blurry, out of focus, noise, oversaturated, posterized, artifacts, jpeg artifacts"
849,airplane,passenger jet,taking off,a quiet residential street,high angle,rainy with wet reflections,hard,an ultra-realistic rendering,"an ultra-realistic rendering of a passenger jet airplane taking off in a quiet residential street, high angle, rainy with wet reflections. cropped slightly. single main subject, photorealistic color photo, natural colors, realistic texture, sharp focus on subject, no people, no text, no watermark, no logo, no border, no collage, no CGI, no illustration.","text, watermark, logo, caption, signature, border, frame, collage, multiple panels, cartoon, illustration, CGI, 3d render, low-poly, painting, anime, surreal, deformed, duplicate objects, extra limbs, blurry, out of focus, noise, oversaturated, posterized, artifacts, jpeg artifacts"
394,airplane,passenger jet,taking off,a city park,high angle,overcast daylight,clean,an ultra-realistic rendering,"an ultra-realistic rendering of a passenger jet airplane taking off in a city park, high angle, overcast daylight. single main subject, photorealistic color photo, natural colors, realistic texture, sharp focus on subject, no people, no text, no watermark, no logo, no border, no collage, no CGI, no illustration.","text, watermark, logo, caption, signature, border, frame, collage, multiple panels, cartoon, illustration, CGI, 3d render, low-poly, painting, anime, surreal, deformed, duplicate objects, extra limbs, blurry, out of focus, noise, oversaturated, posterized, artifacts, jpeg artifacts"
198,airplane,glider,parked,a sandy beach,3/4 view,golden hour,clean,a detailed photograph,"a detailed photograph of a glider airplane parked in a sandy beach, 3/4 view, golden hour. single main subject, photorealistic color photo, natural colors, realistic texture, sharp focus on subject, no people, no text, no watermark, no logo, no border, no collage, no CGI, no illustration.","text, watermark, logo, caption, signature, border, frame, collage, multiple panels, cartoon, illustration, CGI, 3d render, low-poly, painting, anime, surreal, deformed, duplicate objects, extra limbs, blurry, out of focus, noise, oversaturated, posterized, artifacts, jpeg artifacts"
132,airplane,cargo plane,taxiing,a wet roadway after rain,low angle,sunny afternoon,clean,a photorealistic color photo,"a photorealistic color photo of a cargo plane airplane taxiing in a wet roadway after rain, low angle, sunny afternoon. single main subject, photorealistic color photo, natural colors, realistic texture, sharp focus on subject, no people, no text, no watermark, no logo, no border, no collage, no CGI, no illustration.","text, watermark, logo, caption, signature, border, frame, collage, multiple panels, cartoon, illustration, CGI, 3d render, low-poly, painting, anime, surreal, deformed, duplicate objects, extra limbs, blurry, out of focus, noise, oversaturated, posterized, artifacts, jpeg artifacts"
577,airplane,seaplane,flying,a forest clearing,low angle,foggy morning,clean,a photorealistic color photo,"a photorealistic color photo of a seaplane airplane flying in a forest clearing, low angle, foggy morning. single main subject, photorealistic color photo, natural colors, realistic texture, sharp focus on subject, no people, no text, no watermark, no logo, no border, no collage, no CGI, no illustration.","text, watermark, logo, caption, signature, border, frame, collage, multiple panels, cartoon, illustration, CGI, 3d render, low-poly, painting, anime, surreal, deformed, duplicate objects, extra limbs, blurry, out of focus, noise, oversaturated, posterized, artifacts, jpeg artifacts"
576,airplane,biplane,taxiing,an urban street,high angle,rainy with wet reflections,clean,a detailed photograph,"a detailed photograph of a biplane airplane taxiing in an urban street, high angle, rainy with wet reflections. single main subject, photorealistic color photo, natural colors, realistic texture, sharp focus on subject, no people, no text, no watermark, no logo, no border, no collage, no CGI, no illustration.","text, watermark, logo, caption, signature, border, frame, collage, multiple panels, cartoon, illustration, CGI, 3d render, low-poly, painting, anime, surreal, deformed, duplicate objects, extra limbs, blurry, out of focus, noise, oversaturated, posterized, artifacts, jpeg artifacts"
325,airplane,small prop airplane,flying,a lakeside shore,high angle,rainy with wet reflections,clean,a detailed photograph,"a detailed photograph of a small prop airplane flying in a lakeside shore, high angle, rainy with wet reflections. single main subject, photorealistic color photo, natural colors, realistic texture, sharp focus on subject, no people, no text, no watermark, no logo, no border, no collage, no CGI, no illustration.","text, watermark, logo, caption, signature, border, frame, collage, multiple panels, cartoon, illustration, CGI, 3d render, low-poly, painting, anime, surreal, deformed, duplicate objects, extra limbs, blurry, out of focus, noise, oversaturated, posterized, artifacts, jpeg artifacts"
700,airplane,passenger jet,flying,a city park,3/4 view,indoor soft window light,clean,an ultra-realistic rendering,"an ultra-realistic rendering of a passenger jet airplane flying in a city park, 3/4 view, indoor soft window light. single main subject, photorealistic color photo, natural colors, realistic texture, sharp focus on subject, no people, no text, no watermark, no logo, no border, no collage, no CGI, no illustration.","text, watermark, logo, caption, signature, border, frame, collage, multiple panels, cartoon, illustration, CGI, 3d render, low-poly, painting, anime, surreal, deformed, duplicate objects, extra limbs, blurry, out of focus, noise, oversaturated, posterized, artifacts, jpeg artifacts"
801,airplane,cargo plane,parked,a wet roadway after rain,front view,sunny afternoon,hard,a finely detailed photo,"a finely detailed photo of a cargo plane airplane parked in a wet roadway after rain, front view, sunny afternoon. busy background but still one main subject. single main subject, photorealistic color photo, natural colors, realistic texture, sharp focus on subject, no people, no text, no watermark, no logo, no border, no collage, no CGI, no illustration.","text, watermark, logo, caption, signature, border, frame, collage, multiple panels, cartoon, illustration, CGI, 3d render, low-poly, painting, anime, surreal, deformed, duplicate objects, extra limbs, blurry, out of focus, noise, oversaturated, posterized, artifacts, jpeg artifacts"
808,airplane,biplane,parked,a backyard,close-up,backlit rim light,hard,a photorealistic color photo,"a photorealistic color photo of a biplane airplane parked in a backyard, close-up, backlit rim light. cropped slightly. single main subject, photorealistic color photo, natural colors, realistic texture, sharp focus on subject, no people, no text, no watermark, no logo, no border, no collage, no CGI, no illustration.","text, watermark, logo, caption, signature, border, frame, collage, multiple panels, cartoon, illustration, CGI, 3d render, low-poly, painting, anime, surreal, deformed, duplicate objects, extra limbs, blurry, out of focus, noise, oversaturated, posterized, artifacts, jpeg artifacts"
466,airplane,glider,taking off,a suburban neighborhood,wide shot,foggy morning,clean,a high-quality image,"a high-quality image of a glider airplane taking off in a suburban neighborhood, wide shot, foggy morning. single main subject, photorealistic color photo, natural colors, realistic texture, sharp focus on subject, no people, no text, no watermark, no logo, no border, no collage, no CGI, no illustration.","text, watermark, logo, caption, signature, border, frame, collage, multiple panels, cartoon, illustration, CGI, 3d render, low-poly, painting, anime, surreal, deformed, duplicate objects, extra limbs, blurry, out of focus, noise, oversaturated, posterized, artifacts, jpeg artifacts"
373,airplane,seaplane,flying,a countryside road,close-up,foggy morning,clean,a detailed photograph,"a detailed photograph of a seaplane airplane flying in a countryside road, close-up, foggy morning. single main subject, photorealistic color photo, natural colors, realistic texture, sharp focus on subject, no people, no text, no watermark, no logo, no border, no collage, no CGI, no illustration.","text, watermark, logo, caption, signature, border, frame, collage, multiple panels, cartoon, illustration, CGI, 3d render, low-poly, painting, anime, surreal, deformed, duplicate objects, extra limbs, blurry, out of focus, noise, oversaturated, posterized, artifacts, jpeg artifacts"
875,airplane,small prop airplane,taxiing,a backyard,front view,overcast daylight,hard,a detailed photograph,"a detailed photograph of a small prop airplane taxiing in a backyard, front view, overcast daylight. busy background but still one main subject. single main subject, photorealistic color photo, natural colors, realistic texture, sharp focus on subject, no people, no text, no watermark, no logo, no border, no collage, no CGI, no illustration.","text, watermark, logo, caption, signature, border, frame, collage, multiple panels, cartoon, illustration, CGI, 3d render, low-poly, painting, anime, surreal, deformed, duplicate objects, extra limbs, blurry, out of focus, noise, oversaturated, posterized, artifacts, jpeg artifacts"
117,airplane,cargo plane,taxiing,a grassy field,front view,rainy with wet reflections,clean,a detailed photograph,"a detailed photograph of a cargo plane airplane taxiing in a grassy field, front view, rainy with wet reflections. single main subject, photorealistic color photo, natural colors, realistic texture, sharp focus on subject, no people, no text, no watermark, no logo, no border, no collage, no CGI, no illustration.","text, watermark, logo, caption, signature, border, frame, collage, multiple panels, cartoon, illustration, CGI, 3d render, low-poly, painting, anime, surreal, deformed, duplicate objects, extra limbs, blurry, out of focus, noise, oversaturated, posterized, artifacts, jpeg artifacts"
308,airplane,passenger jet,taking off,a lakeside shore,wide shot,golden hour,clean,a high-quality image,"a high-quality image of a passenger jet airplane taking off in a lakeside shore, wide shot, golden hour. single main subject, photorealistic color photo, natural colors, realistic texture, sharp focus on subject, no people, no text, no watermark, no logo, no border, no collage, no CGI, no illustration.","text, watermark, logo, caption, signature, border, frame, collage, multiple panels, cartoon, illustration, CGI, 3d render, low-poly, painting, anime, surreal, deformed, duplicate objects, extra limbs, blurry, out of focus, noise, oversaturated, posterized, artifacts, jpeg artifacts"
707,airplane,glider,flying,a lakeside shore,wide shot,sunny afternoon,clean,a professional photo,"a professional photo of a glider airplane flying in a lakeside shore, wide shot, sunny afternoon. single main subject, photorealistic color photo, natural colors, realistic texture, sharp focus on subject, no people, no text, no watermark, no logo, no border, no collage, no CGI, no illustration.","text, watermark, logo, caption, signature, border, frame, collage, multiple panels, cartoon, illustration, CGI, 3d render, low-poly, painting, anime, surreal, deformed, duplicate objects, extra limbs, blurry, out of focus, noise, oversaturated, posterized, artifacts, jpeg artifacts"
378,airplane,passenger jet,taxiing,a gravel lot,side profile,sunny afternoon,clean,a professional photo,"a professional photo of a passenger jet airplane taxiing in a gravel lot, side profile, sunny afternoon. single main subject, photorealistic color photo, natural colors, realistic texture, sharp focus on subject, no people, no text, no watermark, no logo, no border, no collage, no CGI, no illustration.","text, watermark, logo, caption, signature, border, frame, collage, multiple panels, cartoon, illustration, CGI, 3d render, low-poly, painting, anime, surreal, deformed, duplicate objects, extra limbs, blurry, out of focus, noise, oversaturated, posterized, artifacts, jpeg artifacts"
261,airplane,seaplane,parked,a parking lot,wide shot,overcast daylight,clean,a detailed photograph,"a detailed photograph of a seaplane airplane parked in a parking lot, wide shot, overcast daylight. single main subject, photorealistic color photo, natural colors, realistic texture, sharp focus on subject, no people, no text, no watermark, no logo, no border, no collage, no CGI, no illustration.","text, watermark, logo, caption, signature, border, frame, collage, multiple panels, cartoon, illustration, CGI, 3d render, low-poly, painting, anime, surreal, deformed, duplicate objects, extra limbs, blurry, out of focus, noise, oversaturated, posterized, artifacts, jpeg artifacts"
631,airplane,cargo plane,taking off,a quiet residential street,side profile,sunny afternoon,clean,a detailed photograph,"a detailed photograph of a cargo plane airplane taking off in a quiet residential street, side profile, sunny afternoon. single main subject, photorealistic color photo, natural colors, realistic texture, sharp focus on subject, no people, no text, no watermark, no logo, no border, no collage, no CGI, no illustration.","text, watermark, logo, caption, signature, border, frame, collage, multiple panels, cartoon, illustration, CGI, 3d render, low-poly, painting, anime, surreal, deformed, duplicate objects, extra limbs, blurry, out of focus, noise, oversaturated, posterized, artifacts, jpeg artifacts"
329,airplane,cargo plane,taking off,a lakeside shore,close-up,overcast daylight,clean,a finely detailed photo,"a finely detailed photo of a cargo plane airplane taking off in a lakeside shore, close-up, overcast daylight. single main subject, photorealistic color photo, natural colors, realistic texture, sharp focus on subject, no people, no text, no watermark, no logo, no border, no collage, no CGI, no illustration.","text, watermark, logo, caption, signature, border, frame, collage, multiple panels, cartoon, illustration, CGI, 3d render, low-poly, painting, anime, surreal, deformed, duplicate objects, extra limbs, blurry, out of focus, noise, oversaturated, posterized, artifacts, jpeg artifacts"
115,airplane,seaplane,taxiing,a forest clearing,wide shot,overcast daylight,clean,a photorealistic color photo,"a photorealistic color photo of a seaplane airplane taxiing in a forest clearing, wide shot, overcast daylight. single main subject, photorealistic color photo, natural colors, realistic texture, sharp focus on subject, no people, no text, no watermark, no logo, no border, no collage, no CGI, no illustration.","text, watermark, logo, caption, signature, border, frame, collage, multiple panels, cartoon, illustration, CGI, 3d render, low-poly, painting, anime, surreal, deformed, duplicate objects, extra limbs, blurry, out of focus, noise, oversaturated, posterized, artifacts, jpeg artifacts"
0,airplane,seaplane,flying,a backyard,low angle,sunny afternoon,clean,a professional photo,"a professional photo of a seaplane airplane flying in a backyard, low angle, sunny afternoon. single main subject, photorealistic color photo, natural colors, realistic texture, sharp focus on subject, no people, no text, no watermark, no logo, no border, no collage, no CGI, no illustration.","text, watermark, logo, caption, signature, border, frame, collage, multiple panels, cartoon, illustration, CGI, 3d render, low-poly, painting, anime, surreal, deformed, duplicate objects, extra limbs, blurry, out of focus, noise, oversaturated, posterized, artifacts, jpeg artifacts"
690,airplane,passenger jet,parked,a wet roadway after rain,3/4 view,overcast daylight,clean,a detailed photograph,"a detailed photograph of a passenger jet airplane parked in a wet roadway after rain, 3/4 view, overcast daylight. single main subject, photorealistic color photo, natural colors, realistic texture, sharp focus on subject, no people, no text, no watermark, no logo, no border, no collage, no CGI, no illustration.","text, watermark, logo, caption, signature, border, frame, collage, multiple panels, cartoon, illustration, CGI, 3d render, low-poly, painting, anime, surreal, deformed, duplicate objects, extra limbs, blurry, out of focus, noise, oversaturated, posterized, artifacts, jpeg artifacts"
708,airplane,cargo plane,flying,a suburban neighborhood,front view,rainy with wet reflections,clean,a professional photo,"a professional photo of a cargo plane airplane flying in a suburban neighborhood, front view, rainy with wet reflections. single main subject, photorealistic color photo, natural colors, realistic texture, sharp focus on subject, no people, no text, no watermark, no logo, no border, no collage, no CGI, no illustration.","text, watermark, logo, caption, signature, border, frame, collage, multiple panels, cartoon, illustration, CGI, 3d render, low-poly, painting, anime, surreal, deformed, duplicate objects, extra limbs, blurry, out of focus, noise, oversaturated, posterized, artifacts, jpeg artifacts"
257,airplane,glider,parked,a gravel lot,wide shot,backlit rim light,clean,a professional photo,"a professional photo of a glider airplane parked in a gravel lot, wide shot, backlit rim light. single main subject, photorealistic color photo, natural colors, realistic texture, sharp focus on subject, no people, no text, no watermark, no logo, no border, no collage, no CGI, no illustration.","text, watermark, logo, caption, signature, border, frame, collage, multiple panels, cartoon, illustration, CGI, 3d render, low-poly, painting, anime, surreal, deformed, duplicate objects, extra limbs, blurry, out of focus, noise, oversaturated, posterized, artifacts, jpeg artifacts"
991,airplane,seaplane,taxiing,a forest clearing,high angle,overcast daylight,hard,a finely detailed photo,"a finely detailed photo of a seaplane airplane taxiing in a forest clearing, high angle, overcast daylight. partially occluded by a foreground object. single main subject, photorealistic color photo, natural colors, realistic texture, sharp focus on subject, no people, no text, no watermark, no logo, no border, no collage, no CGI, no illustration.","text, watermark, logo, caption, signature, border, frame, collage, multiple panels, cartoon, illustration, CGI, 3d render, low-poly, painting, anime, surreal, deformed, duplicate objects, extra limbs, blurry, out of focus, noise, oversaturated, posterized, artifacts, jpeg artifacts"
787,airplane,glider,parked,an industrial yard,front view,nighttime under streetlights,clean,a high-quality image,"a high-quality image of a glider airplane parked in an industrial yard, front view, nighttime under streetlights. single main subject, photorealistic color photo, natural colors, realistic texture, sharp focus on subject, no people, no text, no watermark, no logo, no border, no collage, no CGI, no illustration.","text, watermark, logo, caption, signature, border, frame, collage, multiple panels, cartoon, illustration, CGI, 3d render, low-poly, painting, anime, surreal, deformed, duplicate objects, extra limbs, blurry, out of focus, noise, oversaturated, posterized, artifacts, jpeg artifacts"
836,airplane,small prop airplane,taking off,a wet roadway after rain,slightly off-center framing,foggy morning,hard,a detailed photograph,"a detailed photograph of a small prop airplane taking off in a wet roadway after rain, slightly off-center framing, foggy morning. slight motion blur. single main subject, photorealistic color photo, natural colors, realistic texture, sharp focus on subject, no people, no text, no watermark, no logo, no border, no collage, no CGI, no illustration.","text, watermark, logo, caption, signature, border, frame, collage, multiple panels, cartoon, illustration, CGI, 3d render, low-poly, painting, anime, surreal, deformed, duplicate objects, extra limbs, blurry, out of focus, noise, oversaturated, posterized, artifacts, jpeg artifacts"
92,airplane,passenger jet,taxiing,a countryside road,low angle,indoor soft window light,clean,a detailed photograph,"a detailed photograph of a passenger jet airplane taxiing in a countryside road, low angle, indoor soft window light. single main subject, photorealistic color photo, natural colors, realistic texture, sharp focus on subject, no people, no text, no watermark, no logo, no border, no collage, no CGI, no illustration.","text, watermark, logo, caption, signature, border, frame, collage, multiple panels, cartoon, illustration, CGI, 3d render, low-poly, painting, anime, surreal, deformed, duplicate objects, extra limbs, blurry, out of focus, noise, oversaturated, posterized, artifacts, jpeg artifacts"
586,airplane,biplane,taking off,a lakeside shore,front view,golden hour,clean,a professional photo,"a professional photo of a biplane airplane taking off in a lakeside shore, front view, golden hour. single main subject, photorealistic color photo, natural colors, realistic texture, sharp focus on subject, no people, no text, no watermark, no logo, no border, no collage, no CGI, no illustration.","text, watermark, logo, caption, signature, border, frame, collage, multiple panels, cartoon, illustration, CGI, 3d render, low-poly, painting, anime, surreal, deformed, duplicate objects, extra limbs, blurry, out of focus, noise, oversaturated, posterized, artifacts, jpeg artifacts"
968,airplane,biplane,flying,a backyard,slightly off-center framing,golden hour,hard,a professional photo,"a professional photo of a biplane airplane flying in a backyard, slightly off-center framing, golden hour. busy background but still one main subject. single main subject, photorealistic color photo, natural colors, realistic texture, sharp focus on subject, no people, no text, no watermark, no logo, no border, no collage, no CGI, no illustration.","text, watermark, logo, caption, signature, border, frame, collage, multiple panels, cartoon, illustration, CGI, 3d render, low-poly, painting, anime, surreal, deformed, duplicate objects, extra limbs, blurry, out of focus, noise, oversaturated, posterized, artifacts, jpeg artifacts"
95,airplane,biplane,taxiing,a quiet residential street,side profile,rainy with wet reflections,clean,a photorealistic color photo,"a photorealistic color photo of a biplane airplane taxiing in a quiet residential street, side profile, rainy with wet reflections. single main subject, photorealistic color photo, natural colors, realistic texture, sharp focus on subject, no people, no text, no watermark, no logo, no border, no collage, no CGI, no illustration.","text, watermark, logo, caption, signature, border, frame, collage, multiple panels, cartoon, illustration, CGI, 3d render, low-poly, painting, anime, surreal, deformed, duplicate objects, extra limbs, blurry, out of focus, noise, oversaturated, posterized, artifacts, jpeg artifacts"
793,airplane,small prop airplane,flying,an urban street,high angle,foggy morning,clean,an ultra-realistic rendering,"an ultra-realistic rendering of a small prop airplane flying in an urban street, high angle, foggy morning. single main subject, photorealistic color photo, natural colors, realistic texture, sharp focus on subject, no people, no text, no watermark, no logo, no border, no collage, no CGI, no illustration.","text, watermark, logo, caption, signature, border, frame, collage, multiple panels, cartoon, illustration, CGI, 3d render, low-poly, painting, anime, surreal, deformed, duplicate objects, extra limbs, blurry, out of focus, noise, oversaturated, posterized, artifacts, jpeg artifacts"
824,airplane,cargo plane,flying,a wet roadway after rain,front view,foggy morning,hard,a detailed photograph,"a detailed photograph of a cargo plane airplane flying in a wet roadway after rain, front view, foggy morning. cropped slightly. single main subject, photorealistic color photo, natural colors, realistic texture, sharp focus on subject, no people, no text, no watermark, no logo, no border, no collage, no CGI, no illustration.","text, watermark, logo, caption, signature, border, frame, collage, multiple panels, cartoon, illustration, CGI, 3d render, low-poly, painting, anime, surreal, deformed, duplicate objects, extra limbs, blurry, out of focus, noise, oversaturated, posterized, artifacts, jpeg artifacts"
163,airplane,glider,flying,a backyard,high angle,golden hour,clean,an ultra-realistic rendering,"an ultra-realistic rendering of a glider airplane flying in a backyard, high angle, golden hour. single main subject, photorealistic color photo, natural colors, realistic texture, sharp focus on subject, no people, no text, no watermark, no logo, no border, no collage, no CGI, no illustration.","text, watermark, logo, caption, signature, border, frame, collage, multiple panels, cartoon, illustration, CGI, 3d render, low-poly, painting, anime, surreal, deformed, duplicate objects, extra limbs, blurry, out of focus, noise, oversaturated, posterized, artifacts, jpeg artifacts"
143,airplane,cargo plane,parked,a lakeside shore,3/4 view,golden hour,clean,a finely detailed photo,"a finely detailed photo of a cargo plane airplane parked in a lakeside shore, 3/4 view, golden hour. single main subject, photorealistic color photo, natural colors, realistic texture, sharp focus on subject, no people, no text, no watermark, no logo, no border, no collage, no CGI, no illustration.","text, watermark, logo, caption, signature, border, frame, collage, multiple panels, cartoon, illustration, CGI, 3d render, low-poly, painting, anime, surreal, deformed, duplicate objects, extra limbs, blurry, out of focus, noise, oversaturated, posterized, artifacts, jpeg artifacts"
307,airplane,seaplane,taxiing,a city park,close-up,golden hour,clean,a photorealistic color photo,"a photorealistic color photo of a seaplane airplane taxiing in a city park, close-up, golden hour. single main subject, photorealistic color photo, natural colors, realistic texture, sharp focus on subject, no people, no text, no watermark, no logo, no border, no collage, no CGI, no illustration.","text, watermark, logo, caption, signature, border, frame, collage, multiple panels, cartoon, illustration, CGI, 3d render, low-poly, painting, anime, surreal, deformed, duplicate objects, extra limbs, blurry, out of focus, noise, oversaturated, posterized, artifacts, jpeg artifacts"
71,airplane,cargo plane,taxiing,a sandy beach,high angle,golden hour,clean,a high-quality image,"a high-quality image of a cargo plane airplane taxiing in a sandy beach, high angle, golden hour. single main subject, photorealistic color photo, natural colors, realistic texture, sharp focus on subject, no people, no text, no watermark, no logo, no border, no collage, no CGI, no illustration.","text, watermark, logo, caption, signature, border, frame, collage, multiple panels, cartoon, illustration, CGI, 3d render, low-poly, painting, anime, surreal, deformed, duplicate objects, extra limbs, blurry, out of focus, noise, oversaturated, posterized, artifacts, jpeg artifacts"
637,airplane,cargo plane,taking off,a backyard,close-up,backlit rim light,clean,a photorealistic color photo,"a photorealistic color photo of a cargo plane airplane taking off in a backyard, close-up, backlit rim light. single main subject, photorealistic color photo, natural colors, realistic texture, sharp focus on subject, no people, no text, no watermark, no logo, no border, no collage, no CGI, no illustration.","text, watermark, logo, caption, signature, border, frame, collage, multiple panels, cartoon, illustration, CGI, 3d render, low-poly, painting, anime, surreal, deformed, duplicate objects, extra limbs, blurry, out of focus, noise, oversaturated, posterized, artifacts, jpeg artifacts"
859,airplane,small prop airplane,flying,a forest clearing,close-up,foggy morning,hard,a photorealistic color photo,"a photorealistic color photo of a small prop airplane flying in a forest clearing, close-up, foggy morning. cropped slightly. single main subject, photorealistic color photo, natural colors, realistic texture, sharp focus on subject, no people, no text, no watermark, no logo, no border, no collage, no CGI, no illustration.","text, watermark, logo, caption, signature, border, frame, collage, multiple panels, cartoon, illustration, CGI, 3d render, low-poly, painting, anime, surreal, deformed, duplicate objects, extra limbs, blurry, out of focus, noise, oversaturated, posterized, artifacts, jpeg artifacts"
180,airplane,glider,flying,a lakeside shore,close-up,backlit rim light,clean,an ultra-realistic rendering,"an ultra-realistic rendering of a glider airplane flying in a lakeside shore, close-up, backlit rim light. single main subject, photorealistic color photo, natural colors, realistic texture, sharp focus on subject, no people, no text, no watermark, no logo, no border, no collage, no CGI, no illustration.","text, watermark, logo, caption, signature, border, frame, collage, multiple panels, cartoon, illustration, CGI, 3d render, low-poly, painting, anime, surreal, deformed, duplicate objects, extra limbs, blurry, out of focus, noise, oversaturated, posterized, artifacts, jpeg artifacts"
950,airplane,biplane,flying,a countryside road,cropped at the edge of the frame,golden hour,hard,an ultra-realistic rendering,"an ultra-realistic rendering of a biplane airplane flying in a countryside road, cropped at the edge of the frame, golden hour. partially occluded by a foreground object. single main subject, photorealistic color photo, natural colors, realistic texture, sharp focus on subject, no people, no text, no watermark, no logo, no border, no collage, no CGI, no illustration.","text, watermark, logo, caption, signature, border, frame, collage, multiple panels, cartoon, illustration, CGI, 3d render, low-poly, painting, anime, surreal, deformed, duplicate objects, extra limbs, blurry, out of focus, noise, oversaturated, posterized, artifacts, jpeg artifacts"
666,airplane,passenger jet,taking off,a sandy beach,3/4 view,sunny afternoon,clean,a detailed photograph,"a detailed photograph of a passenger jet airplane taking off in a sandy beach, 3/4 view, sunny afternoon. single main subject, photorealistic color photo, natural colors, realistic texture, sharp focus on subject, no people, no text, no watermark, no logo, no border, no collage, no CGI, no illustration.","text, watermark, logo, caption, signature, border, frame, collage, multiple panels, cartoon, illustration, CGI, 3d render, low-poly, painting, anime, surreal, deformed, duplicate objects, extra limbs, blurry, out of focus, noise, oversaturated, posterized, artifacts, jpeg artifacts"
254,airplane,cargo plane,flying,a lakeside shore,side profile,sunny afternoon,clean,a detailed photograph,"a detailed photograph of a cargo plane airplane flying in a lakeside shore, side profile, sunny afternoon. single main subject, photorealistic color photo, natural colors, realistic texture, sharp focus on subject, no people, no text, no watermark, no logo, no border, no collage, no CGI, no illustration.","text, watermark, logo, caption, signature, border, frame, collage, multiple panels, cartoon, illustration, CGI, 3d render, low-poly, painting, anime, surreal, deformed, duplicate objects, extra limbs, blurry, out of focus, noise, oversaturated, posterized, artifacts, jpeg artifacts"
415,airplane,seaplane,taking off,a suburban neighborhood,wide shot,overcast daylight,clean,a finely detailed photo,"a finely detailed photo of a seaplane airplane taking off in a suburban neighborhood, wide shot, overcast daylight. single main subject, photorealistic color photo, natural colors, realistic texture, sharp focus on subject, no people, no text, no watermark, no logo, no border, no collage, no CGI, no illustration.","text, watermark, logo, caption, signature, border, frame, collage, multiple panels, cartoon, illustration, CGI, 3d render, low-poly, painting, anime, surreal, deformed, duplicate objects, extra limbs, blurry, out of focus, noise, oversaturated, posterized, artifacts, jpeg artifacts"
714,airplane,passenger jet,parked,a lakeside shore,low angle,foggy morning,clean,a professional photo,"a professional photo of a passenger jet airplane parked in a lakeside shore, low angle, foggy morning. single main subject, photorealistic color photo, natural colors, realistic texture, sharp focus on subject, no people, no text, no watermark, no logo, no border, no collage, no CGI, no illustration.","text, watermark, logo, caption, signature, border, frame, collage, multiple panels, cartoon, illustration, CGI, 3d render, low-poly, painting, anime, surreal, deformed, duplicate objects, extra limbs, blurry, out of focus, noise, oversaturated, posterized, artifacts, jpeg artifacts"
218,airplane,passenger jet,taking off,an industrial yard,front view,overcast daylight,clean,a professional photo,"a professional photo of a passenger jet airplane taking off in an industrial yard, front view, overcast daylight. single main subject, photorealistic color photo, natural colors, realistic texture, sharp focus on subject, no people, no text, no watermark, no logo, no border, no collage, no CGI, no illustration.","text, watermark, logo, caption, signature, border, frame, collage, multiple panels, cartoon, illustration, CGI, 3d render, low-poly, painting, anime, surreal, deformed, duplicate objects, extra limbs, blurry, out of focus, noise, oversaturated, posterized, artifacts, jpeg artifacts"
893,airplane,seaplane,parked,a lakeside shore,cropped at the edge of the frame,backlit rim light,hard,a photorealistic color photo,"a photorealistic color photo of a seaplane airplane parked in a lakeside shore, cropped at the edge of the frame, backlit rim light. partially occluded by a foreground object. single main subject, photorealistic color photo, natural colors, realistic texture, sharp focus on subject, no people, no text, no watermark, no logo, no border, no collage, no CGI, no illustration.","text, watermark, logo, caption, signature, border, frame, collage, multiple panels, cartoon, illustration, CGI, 3d render, low-poly, painting, anime, surreal, deformed, duplicate objects, extra limbs, blurry, out of focus, noise, oversaturated, posterized, artifacts, jpeg artifacts"
718,airplane,cargo plane,flying,a quiet residential street,slightly off-center framing,rainy with wet reflections,clean,a professional photo,"a professional photo of a cargo plane airplane flying in a quiet residential street, slightly off-center framing, rainy with wet reflections. single main subject, photorealistic color photo, natural colors, realistic texture, sharp focus on subject, no people, no text, no watermark, no logo, no border, no collage, no CGI, no illustration.","text, watermark, logo, caption, signature, border, frame, collage, multiple panels, cartoon, illustration, CGI, 3d render, low-poly, painting, anime, surreal, deformed, duplicate objects, extra limbs, blurry, out of focus, noise, oversaturated, posterized, artifacts, jpeg artifacts"
406,airplane,cargo plane,taxiing,a forest clearing,close-up,nighttime under streetlights,clean,a photorealistic color photo,"a photorealistic color photo of a cargo plane airplane taxiing in a forest clearing, close-up, nighttime under streetlights. single main subject, photorealistic color photo, natural colors, realistic texture, sharp focus on subject, no people, no text, no watermark, no logo, no border, no collage, no CGI, no illustration.","text, watermark, logo, caption, signature, border, frame, collage, multiple panels, cartoon, illustration, CGI, 3d render, low-poly, painting, anime, surreal, deformed, duplicate objects, extra limbs, blurry, out of focus, noise, oversaturated, posterized, artifacts, jpeg artifacts"
847,airplane,seaplane,parked,a parking lot,side profile,indoor soft window light,hard,a high-quality image,"a high-quality image of a seaplane airplane parked in a parking lot, side profile, indoor soft window light. partially occluded by a foreground object. single main subject, photorealistic color photo, natural colors, realistic texture, sharp focus on subject, no people, no text, no watermark, no logo, no border, no collage, no CGI, no illustration.","text, watermark, logo, caption, signature, border, frame, collage, multiple panels, cartoon, illustration, CGI, 3d render, low-poly, painting, anime, surreal, deformed, duplicate objects, extra limbs, blurry, out of focus, noise, oversaturated, posterized, artifacts, jpeg artifacts"
536,airplane,passenger jet,taking off,a suburban neighborhood,front view,golden hour,clean,a detailed photograph,"a detailed photograph of a passenger jet airplane taking off in a suburban neighborhood, front view, golden hour. single main subject, photorealistic color photo, natural colors, realistic texture, sharp focus on subject, no people, no text, no watermark, no logo, no border, no collage, no CGI, no illustration.","text, watermark, logo, caption, signature, border, frame, collage, multiple panels, cartoon, illustration, CGI, 3d render, low-poly, painting, anime, surreal, deformed, duplicate objects, extra limbs, blurry, out of focus, noise, oversaturated, posterized, artifacts, jpeg artifacts"
26,airplane,glider,parked,a backyard,slightly off-center framing,backlit rim light,clean,a detailed photograph,"a detailed photograph of a glider airplane parked in a backyard, slightly off-center framing, backlit rim light. single main subject, photorealistic color photo, natural colors, realistic texture, sharp focus on subject, no people, no text, no watermark, no logo, no border, no collage, no CGI, no illustration.","text, watermark, logo, caption, signature, border, frame, collage, multiple panels, cartoon, illustration, CGI, 3d render, low-poly, painting, anime, surreal, deformed, duplicate objects, extra limbs, blurry, out of focus, noise, oversaturated, posterized, artifacts, jpeg artifacts"
560,airplane,small prop airplane,parked,a gravel lot,front view,overcast daylight,clean,a finely detailed photo,"a finely detailed photo of a small prop airplane parked in a gravel lot, front view, overcast daylight. single main subject, photorealistic color photo, natural colors, realistic texture, sharp focus on subject, no people, no text, no watermark, no logo, no border, no collage, no CGI, no illustration.","text, watermark, logo, caption, signature, border, frame, collage, multiple panels, cartoon, illustration, CGI, 3d render, low-poly, painting, anime, surreal, deformed, duplicate objects, extra limbs, blurry, out of focus, noise, oversaturated, posterized, artifacts, jpeg artifacts"
595,airplane,biplane,parked,a lakeside shore,low angle,overcast daylight,clean,a finely detailed photo,"a finely detailed photo of a biplane airplane parked in a lakeside shore, low angle, overcast daylight. single main subject, photorealistic color photo, natural colors, realistic texture, sharp focus on subject, no people, no text, no watermark, no logo, no border, no collage, no CGI, no illustration.","text, watermark, logo, caption, signature, border, frame, collage, multiple panels, cartoon, illustration, CGI, 3d render, low-poly, painting, anime, surreal, deformed, duplicate objects, extra limbs, blurry, out of focus, noise, oversaturated, posterized, artifacts, jpeg artifacts"
182,airplane,small prop airplane,parked,a suburban neighborhood,close-up,backlit rim light,clean,a detailed photograph,"a detailed photograph of a small prop airplane parked in a suburban neighborhood, close-up, backlit rim light. single main subject, photorealistic color photo, natural colors, realistic texture, sharp focus on subject, no people, no text, no watermark, no logo, no border, no collage, no CGI, no illustration.","text, watermark, logo, caption, signature, border, frame, collage, multiple panels, cartoon, illustration, CGI, 3d render, low-poly, painting, anime, surreal, deformed, duplicate objects, extra limbs, blurry, out of focus, noise, oversaturated, posterized, artifacts, jpeg artifacts"
769,airplane,glider,parked,a backyard,low angle,rainy with wet reflections,clean,a high-quality image,"a high-quality image of a glider airplane parked in a backyard, low angle, rainy with wet reflections. single main subject, photorealistic color photo, natural colors, realistic texture, sharp focus on subject, no people, no text, no watermark, no logo, no border, no collage, no CGI, no illustration.","text, watermark, logo, caption, signature, border, frame, collage, multiple panels, cartoon, illustration, CGI, 3d render, low-poly, painting, anime, surreal, deformed, duplicate objects, extra limbs, blurry, out of focus, noise, oversaturated, posterized, artifacts, jpeg artifacts"
717,airplane,passenger jet,flying,a gravel lot,side profile,golden hour,clean,an ultra-realistic rendering,"an ultra-realistic rendering of a passenger jet airplane flying in a gravel lot, side profile, golden hour. single main subject, photorealistic color photo, natural colors, realistic texture, sharp focus on subject, no people, no text, no watermark, no logo, no border, no collage, no CGI, no illustration.","text, watermark, logo, caption, signature, border, frame, collage, multiple panels, cartoon, illustration, CGI, 3d render, low-poly, painting, anime, surreal, deformed, duplicate objects, extra limbs, blurry, out of focus, noise, oversaturated, posterized, artifacts, jpeg artifacts"
350,airplane,biplane,taking off,a backyard,slightly off-center framing,golden hour,clean,a professional photo,"a professional photo of a biplane airplane taking off in a backyard, slightly off-center framing, golden hour. single main subject, photorealistic color photo, natural colors, realistic texture, sharp focus on subject, no people, no text, no watermark, no logo, no border, no collage, no CGI, no illustration.","text, watermark, logo, caption, signature, border, frame, collage, multiple panels, cartoon, illustration, CGI, 3d render, low-poly, painting, anime, surreal, deformed, duplicate objects, extra limbs, blurry, out of focus, noise, oversaturated, posterized, artifacts, jpeg artifacts"
187,airplane,glider,flying,a forest clearing,3/4 view,golden hour,clean,a professional photo,"a professional photo of a glider airplane flying in a forest clearing, 3/4 view, golden hour. single main subject, photorealistic color photo, natural colors, realistic texture, sharp focus on subject, no people, no text, no watermark, no logo, no border, no collage, no CGI, no illustration.","text, watermark, logo, caption, signature, border, frame, collage, multiple panels, cartoon, illustration, CGI, 3d render, low-poly, painting, anime, surreal, deformed, duplicate objects, extra limbs, blurry, out of focus, noise, oversaturated, posterized, artifacts, jpeg artifacts"
287,airplane,small prop airplane,taking off,a wet roadway after rain,3/4 view,foggy morning,clean,a finely detailed photo,"a finely detailed photo of a small prop airplane taking off in a wet roadway after rain, 3/4 view, foggy morning. single main subject, photorealistic color photo, natural colors, realistic texture, sharp focus on subject, no people, no text, no watermark, no logo, no border, no collage, no CGI, no illustration.","text, watermark, logo, caption, signature, border, frame, collage, multiple panels, cartoon, illustration, CGI, 3d render, low-poly, painting, anime, surreal, deformed, duplicate objects, extra limbs, blurry, out of focus, noise, oversaturated, posterized, artifacts, jpeg artifacts"
876,airplane,biplane,taking off,a sandy beach,low angle,golden hour,hard,a professional photo,"a professional photo of a biplane airplane taking off in a sandy beach, low angle, golden hour. busy background but still one main subject. single main subject, photorealistic color photo, natural colors, realistic texture, sharp focus on subject, no people, no text, no watermark, no logo, no border, no collage, no CGI, no illustration.","text, watermark, logo, caption, signature, border, frame, collage, multiple panels, cartoon, illustration, CGI, 3d render, low-poly, painting, anime, surreal, deformed, duplicate objects, extra limbs, blurry, out of focus, noise, oversaturated, posterized, artifacts, jpeg artifacts"
646,airplane,small prop airplane,taking off,a suburban neighborhood,side profile,golden hour,clean,an ultra-realistic rendering,"an ultra-realistic rendering of a small prop airplane taking off in a suburban neighborhood, side profile, golden hour. single main subject, photorealistic color photo, natural colors, realistic texture, sharp focus on subject, no people, no text, no watermark, no logo, no border, no collage, no CGI, no illustration.","text, watermark, logo, caption, signature, border, frame, collage, multiple panels, cartoon, illustration, CGI, 3d render, low-poly, painting, anime, surreal, deformed, duplicate objects, extra limbs, blurry, out of focus, noise, oversaturated, posterized, artifacts, jpeg artifacts"
451,airplane,cargo plane,parked,a parking lot,high angle,indoor soft window light,clean,a finely detailed photo,"a finely detailed photo of a cargo plane airplane parked in a parking lot, high angle, indoor soft window light. single main subject, photorealistic color photo, natural colors, realistic texture, sharp focus on subject, no people, no text, no watermark, no logo, no border, no collage, no CGI, no illustration.","text, watermark, logo, caption, signature, border, frame, collage, multiple panels, cartoon, illustration, CGI, 3d render, low-poly, painting, anime, surreal, deformed, duplicate objects, extra limbs, blurry, out of focus, noise, oversaturated, posterized, artifacts, jpeg artifacts"
633,airplane,glider,taxiing,a parking lot,front view,indoor soft window light,clean,a professional photo,"a professional photo of a glider airplane taxiing in a parking lot, front view, indoor soft window light. single main subject, photorealistic color photo, natural colors, realistic texture, sharp focus on subject, no people, no text, no watermark, no logo, no border, no collage, no CGI, no illustration.","text, watermark, logo, caption, signature, border, frame, collage, multiple panels, cartoon, illustration, CGI, 3d render, low-poly, painting, anime, surreal, deformed, duplicate objects, extra limbs, blurry, out of focus, noise, oversaturated, posterized, artifacts, jpeg artifacts"
782,airplane,cargo plane,parked,an industrial yard,side profile,sunny afternoon,clean,a detailed photograph,"a detailed photograph of a cargo plane airplane parked in an industrial yard, side profile, sunny afternoon. single main subject, photorealistic color photo, natural colors, realistic texture, sharp focus on subject, no people, no text, no watermark, no logo, no border, no collage, no CGI, no illustration.","text, watermark, logo, caption, signature, border, frame, collage, multiple panels, cartoon, illustration, CGI, 3d render, low-poly, painting, anime, surreal, deformed, duplicate objects, extra limbs, blurry, out of focus, noise, oversaturated, posterized, artifacts, jpeg artifacts"
401,airplane,small prop airplane,taxiing,a backyard,wide shot,nighttime under streetlights,clean,a photorealistic color photo,"a photorealistic color photo of a small prop airplane taxiing in a backyard, wide shot, nighttime under streetlights. single main subject, photorealistic color photo, natural colors, realistic texture, sharp focus on subject, no people, no text, no watermark, no logo, no border, no collage, no CGI, no illustration.","text, watermark, logo, caption, signature, border, frame, collage, multiple panels, cartoon, illustration, CGI, 3d render, low-poly, painting, anime, surreal, deformed, duplicate objects, extra limbs, blurry, out of focus, noise, oversaturated, posterized, artifacts, jpeg artifacts"
879,airplane,small prop airplane,taking off,a suburban neighborhood,front view,overcast daylight,hard,a photorealistic color photo,"a photorealistic color photo of a small prop airplane taking off in a suburban neighborhood, front view, overcast daylight. slight motion blur. single main subject, photorealistic color photo, natural colors, realistic texture, sharp focus on subject, no people, no text, no watermark, no logo, no border, no collage, no CGI, no illustration.","text, watermark, logo, caption, signature, border, frame, collage, multiple panels, cartoon, illustration, CGI, 3d render, low-poly, painting, anime, surreal, deformed, duplicate objects, extra limbs, blurry, out of focus, noise, oversaturated, posterized, artifacts, jpeg artifacts"
614,airplane,glider,taxiing,a lakeside shore,3/4 view,rainy with wet reflections,clean,a professional photo,"a professional photo of a glider airplane taxiing in a lakeside shore, 3/4 view, rainy with wet reflections. single main subject, photorealistic color photo, natural colors, realistic texture, sharp focus on subject, no people, no text, no watermark, no logo, no border, no collage, no CGI, no illustration.","text, watermark, logo, caption, signature, border, frame, collage, multiple panels, cartoon, illustration, CGI, 3d render, low-poly, painting, anime, surreal, deformed, duplicate objects, extra limbs, blurry, out of focus, noise, oversaturated, posterized, artifacts, jpeg artifacts"
872,airplane,cargo plane,parked,a backyard,low angle,foggy morning,hard,a photorealistic color photo,"a photorealistic color photo of a cargo plane airplane parked in a backyard, low angle, foggy morning. slight motion blur. single main subject, photorealistic color photo, natural colors, realistic texture, sharp focus on subject, no people, no text, no watermark, no logo, no border, no collage, no CGI, no illustration.","text, watermark, logo, caption, signature, border, frame, collage, multiple panels, cartoon, illustration, CGI, 3d render, low-poly, painting, anime, surreal, deformed, duplicate objects, extra limbs, blurry, out of focus, noise, oversaturated, posterized, artifacts, jpeg artifacts"
408,airplane,cargo plane,taxiing,a parking lot,3/4 view,nighttime under streetlights,clean,a professional photo,"a professional photo of a cargo plane airplane taxiing in a parking lot, 3/4 view, nighttime under streetlights. single main subject, photorealistic color photo, natural colors, realistic texture, sharp focus on subject, no people, no text, no watermark, no logo, no border, no collage, no CGI, no illustration.","text, watermark, logo, caption, signature, border, frame, collage, multiple panels, cartoon, illustration, CGI, 3d render, low-poly, painting, anime, surreal, deformed, duplicate objects, extra limbs, blurry, out of focus, noise, oversaturated, posterized, artifacts, jpeg artifacts"
175,airplane,seaplane,parked,a city park,low angle,backlit rim light,clean,a high-quality image,"a high-quality image of a seaplane airplane parked in a city park, low angle, backlit rim light. single main subject, photorealistic color photo, natural colors, realistic texture, sharp focus on subject, no people, no text, no watermark, no logo, no border, no collage, no CGI, no illustration.","text, watermark, logo, caption, signature, border, frame, collage, multiple panels, cartoon, illustration, CGI, 3d render, low-poly, painting, anime, surreal, deformed, duplicate objects, extra limbs, blurry, out of focus, noise, oversaturated, posterized, artifacts, jpeg artifacts"
448,airplane,glider,taking off,an industrial yard,wide shot,nighttime under streetlights,clean,a finely detailed photo,"a finely detailed photo of a glider airplane taking off in an industrial yard, wide shot, nighttime under streetlights. single main subject, photorealistic color photo, natural colors, realistic texture, sharp focus on subject, no people, no text, no watermark, no logo, no border, no collage, no CGI, no illustration.","text, watermark, logo, caption, signature, border, frame, collage, multiple panels, cartoon, illustration, CGI, 3d render, low-poly, painting, anime, surreal, deformed, duplicate objects, extra limbs, blurry, out of focus, noise, oversaturated, posterized, artifacts, jpeg artifacts"
283,airplane,cargo plane,flying,a lakeside shore,high angle,rainy with wet reflections,clean,a photorealistic color photo,"a photorealistic color photo of a cargo plane airplane flying in a lakeside shore, high angle, rainy with wet reflections. single main subject, photorealistic color photo, natural colors, realistic texture, sharp focus on subject, no people, no text, no watermark, no logo, no border, no collage, no CGI, no illustration.","text, watermark, logo, caption, signature, border, frame, collage, multiple panels, cartoon, illustration, CGI, 3d render, low-poly, painting, anime, surreal, deformed, duplicate objects, extra limbs, blurry, out of focus, noise, oversaturated, posterized, artifacts, jpeg artifacts"
367,airplane,biplane,taxiing,a wet roadway after rain,low angle,nighttime under streetlights,clean,a finely detailed photo,"a finely detailed photo of a biplane airplane taxiing in a wet roadway after rain, low angle, nighttime under streetlights. single main subject, photorealistic color photo, natural colors, realistic texture, sharp focus on subject, no people, no text, no watermark, no logo, no border, no collage, no CGI, no illustration.","text, watermark, logo, caption, signature, border, frame, collage, multiple panels, cartoon, illustration, CGI, 3d render, low-poly, painting, anime, surreal, deformed, duplicate objects, extra limbs, blurry, out of focus, noise, oversaturated, posterized, artifacts, jpeg artifacts"
341,airplane,passenger jet,taking off,a suburban neighborhood,high angle,sunny afternoon,clean,a professional photo,"a professional photo of a passenger jet airplane taking off in a suburban neighborhood, high angle, sunny afternoon. single main subject, photorealistic color photo, natural colors, realistic texture, sharp focus on subject, no people, no text, no watermark, no logo, no border, no collage, no CGI, no illustration.","text, watermark, logo, caption, signature, border, frame, collage, multiple panels, cartoon, illustration, CGI, 3d render, low-poly, painting, anime, surreal, deformed, duplicate objects, extra limbs, blurry, out of focus, noise, oversaturated, posterized, artifacts, jpeg artifacts"
608,airplane,cargo plane,flying,a backyard,side profile,backlit rim light,clean,a high-quality image,"a high-quality image of a cargo plane airplane flying in a backyard, side profile, backlit rim light. single main subject, photorealistic color photo, natural colors, realistic texture, sharp focus on subject, no people, no text, no watermark, no logo, no border, no collage, no CGI, no illustration.","text, watermark, logo, caption, signature, border, frame, collage, multiple panels, cartoon, illustration, CGI, 3d render, low-poly, painting, anime, surreal, deformed, duplicate objects, extra limbs, blurry, out of focus, noise, oversaturated, posterized, artifacts, jpeg artifacts"
672,airplane,passenger jet,parked,a city park,low angle,indoor soft window light,clean,an ultra-realistic rendering,"an ultra-realistic rendering of a passenger jet airplane parked in a city park, low angle, indoor soft window light. single main subject, photorealistic color photo, natural colors, realistic texture, sharp focus on subject, no people, no text, no watermark, no logo, no border, no collage, no CGI, no illustration.","text, watermark, logo, caption, signature, border, frame, collage, multiple panels, cartoon, illustration, CGI, 3d render, low-poly, painting, anime, surreal, deformed, duplicate objects, extra limbs, blurry, out of focus, noise, oversaturated, posterized, artifacts, jpeg artifacts"
598,airplane,small prop airplane,flying,a quiet residential street,high angle,golden hour,clean,an ultra-realistic rendering,"an ultra-realistic rendering of a small prop airplane flying in a quiet residential street, high angle, golden hour. single main subject, photorealistic color photo, natural colors, realistic texture, sharp focus on subject, no people, no text, no watermark, no logo, no border, no collage, no CGI, no illustration.","text, watermark, logo, caption, signature, border, frame, collage, multiple panels, cartoon, illustration, CGI, 3d render, low-poly, painting, anime, surreal, deformed, duplicate objects, extra limbs, blurry, out of focus, noise, oversaturated, posterized, artifacts, jpeg artifacts"
374,airplane,biplane,taxiing,a suburban neighborhood,3/4 view,golden hour,clean,a photorealistic color photo,"a photorealistic color photo of a biplane airplane taxiing in a suburban neighborhood, 3/4 view, golden hour. single main subject, photorealistic color photo, natural colors, realistic texture, sharp focus on subject, no people, no text, no watermark, no logo, no border, no collage, no CGI, no illustration.","text, watermark, logo, caption, signature, border, frame, collage, multiple panels, cartoon, illustration, CGI, 3d render, low-poly, painting, anime, surreal, deformed, duplicate objects, extra limbs, blurry, out of focus, noise, oversaturated, posterized, artifacts, jpeg artifacts"
996,airplane,biplane,taking off,a wet roadway after rain,side profile,rainy with wet reflections,hard,a photorealistic color photo,"a photorealistic color photo of a biplane airplane taking off in a wet roadway after rain, side profile, rainy with wet reflections. slight motion blur. single main subject, photorealistic color photo, natural colors, realistic texture, sharp focus on subject, no people, no text, no watermark, no logo, no border, no collage, no CGI, no illustration.","text, watermark, logo, caption, signature, border, frame, collage, multiple panels, cartoon, illustration, CGI, 3d render, low-poly, painting, anime, surreal, deformed, duplicate objects, extra limbs, blurry, out of focus, noise, oversaturated, posterized, artifacts, jpeg artifacts"
9,airplane,passenger jet,flying,a countryside road,high angle,sunny afternoon,clean,a photorealistic color photo,"a photorealistic color photo of a passenger jet airplane flying in a countryside road, high angle, sunny afternoon. single main subject, photorealistic color photo, natural colors, realistic texture, sharp focus on subject, no people, no text, no watermark, no logo, no border, no collage, no CGI, no illustration.","text, watermark, logo, caption, signature, border, frame, collage, multiple panels, cartoon, illustration, CGI, 3d render, low-poly, painting, anime, surreal, deformed, duplicate objects, extra limbs, blurry, out of focus, noise, oversaturated, posterized, artifacts, jpeg artifacts"
946,airplane,seaplane,parked,a sandy beach,3/4 view,overcast daylight,hard,a photorealistic color photo,"a photorealistic color photo of a seaplane airplane parked in a sandy beach, 3/4 view, overcast daylight. cropped slightly. single main subject, photorealistic color photo, natural colors, realistic texture, sharp focus on subject, no people, no text, no watermark, no logo, no border, no collage, no CGI, no illustration.","text, watermark, logo, caption, signature, border, frame, collage, multiple panels, cartoon, illustration, CGI, 3d render, low-poly, painting, anime, surreal, deformed, duplicate objects, extra limbs, blurry, out of focus, noise, oversaturated, posterized, artifacts, jpeg artifacts"
371,airplane,cargo plane,parked,a sandy beach,high angle,indoor soft window light,clean,a finely detailed photo,"a finely detailed photo of a cargo plane airplane parked in a sandy beach, high angle, indoor soft window light. single main subject, photorealistic color photo, natural colors, realistic texture, sharp focus on subject, no people, no text, no watermark, no logo, no border, no collage, no CGI, no illustration.","text, watermark, logo, caption, signature, border, frame, collage, multiple panels, cartoon, illustration, CGI, 3d render, low-poly, painting, anime, surreal, deformed, duplicate objects, extra limbs, blurry, out of focus, noise, oversaturated, posterized, artifacts, jpeg artifacts"
941,airplane,passenger jet,taking off,a backyard,cropped at the edge of the frame,overcast daylight,hard,a professional photo,"a professional photo of a passenger jet airplane taking off in a backyard, cropped at the edge of the frame, overcast daylight. cropped slightly. single main subject, photorealistic color photo, natural colors, realistic texture, sharp focus on subject, no people, no text, no watermark, no logo, no border, no collage, no CGI, no illustration.","text, watermark, logo, caption, signature, border, frame, collage, multiple panels, cartoon, illustration, CGI, 3d render, low-poly, painting, anime, surreal, deformed, duplicate objects, extra limbs, blurry, out of focus, noise, oversaturated, posterized, artifacts, jpeg artifacts"
556,airplane,seaplane,parked,a backyard,low angle,overcast daylight,clean,a photorealistic color photo,"a photorealistic color photo of a seaplane airplane parked in a backyard, low angle, overcast daylight. single main subject, photorealistic color photo, natural colors, realistic texture, sharp focus on subject, no people, no text, no watermark, no logo, no border, no collage, no CGI, no illustration.","text, watermark, logo, caption, signature, border, frame, collage, multiple panels, cartoon, illustration, CGI, 3d render, low-poly, painting, anime, surreal, deformed, duplicate objects, extra limbs, blurry, out of focus, noise, oversaturated, posterized, artifacts, jpeg artifacts"
274,airplane,cargo plane,taking off,a suburban neighborhood,front view,rainy with wet reflections,clean,a photorealistic color photo,"a photorealistic color photo of a cargo plane airplane taking off in a suburban neighborhood, front view, rainy with wet reflections. single main subject, photorealistic color photo, natural colors, realistic texture, sharp focus on subject, no people, no text, no watermark, no logo, no border, no collage, no CGI, no illustration.","text, watermark, logo, caption, signature, border, frame, collage, multiple panels, cartoon, illustration, CGI, 3d render, low-poly, painting, anime, surreal, deformed, duplicate objects, extra limbs, blurry, out of focus, noise, oversaturated, posterized, artifacts, jpeg artifacts"
585,airplane,passenger jet,taking off,a quiet residential street,close-up,golden hour,clean,an ultra-realistic rendering,"an ultra-realistic rendering of a passenger jet airplane taking off in a quiet residential street, close-up, golden hour. single main subject, photorealistic color photo, natural colors, realistic texture, sharp focus on subject, no people, no text, no watermark, no logo, no border, no collage, no CGI, no illustration.","text, watermark, logo, caption, signature, border, frame, collage, multiple panels, cartoon, illustration, CGI, 3d render, low-poly, painting, anime, surreal, deformed, duplicate objects, extra limbs, blurry, out of focus, noise, oversaturated, posterized, artifacts, jpeg artifacts"
102,airplane,glider,taking off,a grassy field,high angle,foggy morning,clean,a detailed photograph,"a detailed photograph of a glider airplane taking off in a grassy field, high angle, foggy morning. single main subject, photorealistic color photo, natural colors, realistic texture, sharp focus on subject, no people, no text, no watermark, no logo, no border, no collage, no CGI, no illustration.","text, watermark, logo, caption, signature, border, frame, collage, multiple panels, cartoon, illustration, CGI, 3d render, low-poly, painting, anime, surreal, deformed, duplicate objects, extra limbs, blurry, out of focus, noise, oversaturated, posterized, artifacts, jpeg artifacts"
992,airplane,cargo plane,flying,an urban street,cropped at the edge of the frame,foggy morning,hard,a high-quality image,"a high-quality image of a cargo plane airplane flying in an urban street, cropped at the edge of the frame, foggy morning. busy background but still one main subject. single main subject, photorealistic color photo, natural colors, realistic texture, sharp focus on subject, no people, no text, no watermark, no logo, no border, no collage, no CGI, no illustration.","text, watermark, logo, caption, signature, border, frame, collage, multiple panels, cartoon, illustration, CGI, 3d render, low-poly, painting, anime, surreal, deformed, duplicate objects, extra limbs, blurry, out of focus, noise, oversaturated, posterized, artifacts, jpeg artifacts"
753,airplane,cargo plane,parked,a lakeside shore,front view,sunny afternoon,clean,a high-quality image,"a high-quality image of a cargo plane airplane parked in a lakeside shore, front view, sunny afternoon. single main subject, photorealistic color photo, natural colors, realistic texture, sharp focus on subject, no people, no text, no watermark, no logo, no border, no collage, no CGI, no illustration.","text, watermark, logo, caption, signature, border, frame, collage, multiple panels, cartoon, illustration, CGI, 3d render, low-poly, painting, anime, surreal, deformed, duplicate objects, extra limbs, blurry, out of focus, noise, oversaturated, posterized, artifacts, jpeg artifacts"
417,airplane,biplane,parked,a suburban neighborhood,3/4 view,rainy with wet reflections,clean,a professional photo,"a professional photo of a biplane airplane parked in a suburban neighborhood, 3/4 view, rainy with wet reflections. single main subject, photorealistic color photo, natural colors, realistic texture, sharp focus on subject, no people, no text, no watermark, no logo, no border, no collage, no CGI, no illustration.","text, watermark, logo, caption, signature, border, frame, collage, multiple panels, cartoon, illustration, CGI, 3d render, low-poly, painting, anime, surreal, deformed, duplicate objects, extra limbs, blurry, out of focus, noise, oversaturated, posterized, artifacts, jpeg artifacts"
337,airplane,glider,parked,a city park,close-up,overcast daylight,clean,a professional photo,"a professional photo of a glider airplane parked in a city park, close-up, overcast daylight. single main subject, photorealistic color photo, natural colors, realistic texture, sharp focus on subject, no people, no text, no watermark, no logo, no border, no collage, no CGI, no illustration.","text, watermark, logo, caption, signature, border, frame, collage, multiple panels, cartoon, illustration, CGI, 3d render, low-poly, painting, anime, surreal, deformed, duplicate objects, extra limbs, blurry, out of focus, noise, oversaturated, posterized, artifacts, jpeg artifacts"
925,airplane,passenger jet,taxiing,a city park,side profile,indoor soft window light,hard,a professional photo,"a professional photo of a passenger jet airplane taxiing in a city park, side profile, indoor soft window light. cropped slightly. single main subject, photorealistic color photo, natural colors, realistic texture, sharp focus on subject, no people, no text, no watermark, no logo, no border, no collage, no CGI, no illustration.","text, watermark, logo, caption, signature, border, frame, collage, multiple panels, cartoon, illustration, CGI, 3d render, low-poly, painting, anime, surreal, deformed, duplicate objects, extra limbs, blurry, out of focus, noise, oversaturated, posterized, artifacts, jpeg artifacts"
410,airplane,biplane,taxiing,a parking lot,wide shot,sunny afternoon,clean,a high-quality image,"a high-quality image of a biplane airplane taxiing in a parking lot, wide shot, sunny afternoon. single main subject, photorealistic color photo, natural colors, realistic texture, sharp focus on subject, no people, no text, no watermark, no logo, no border, no collage, no CGI, no illustration.","text, watermark, logo, caption, signature, border, frame, collage, multiple panels, cartoon, illustration, CGI, 3d render, low-poly, painting, anime, surreal, deformed, duplicate objects, extra limbs, blurry, out of focus, noise, oversaturated, posterized, artifacts, jpeg artifacts"
973,airplane,seaplane,flying,a quiet residential street,side profile,foggy morning,hard,a detailed photograph,"a detailed photograph of a seaplane airplane flying in a quiet residential street, side profile, foggy morning. busy background but still one main subject. single main subject, photorealistic color photo, natural colors, realistic texture, sharp focus on subject, no people, no text, no watermark, no logo, no border, no collage, no CGI, no illustration.","text, watermark, logo, caption, signature, border, frame, collage, multiple panels, cartoon, illustration, CGI, 3d render, low-poly, painting, anime, surreal, deformed, duplicate objects, extra limbs, blurry, out of focus, noise, oversaturated, posterized, artifacts, jpeg artifacts"
49,airplane,cargo plane,taxiing,a quiet residential street,wide shot,indoor soft window light,clean,an ultra-realistic rendering,"an ultra-realistic rendering of a cargo plane airplane taxiing in a quiet residential street, wide shot, indoor soft window light. single main subject, photorealistic color photo, natural colors, realistic texture, sharp focus on subject, no people, no text, no watermark, no logo, no border, no collage, no CGI, no illustration.","text, watermark, logo, caption, signature, border, frame, collage, multiple panels, cartoon, illustration, CGI, 3d render, low-poly, painting, anime, surreal, deformed, duplicate objects, extra limbs, blurry, out of focus, noise, oversaturated, posterized, artifacts, jpeg artifacts"
446,airplane,cargo plane,parked,a quiet residential street,wide shot,golden hour,clean,a finely detailed photo,"a finely detailed photo of a cargo plane airplane parked in a quiet residential street, wide shot, golden hour. single main subject, photorealistic color photo, natural colors, realistic texture, sharp focus on subject, no people, no text, no watermark, no logo, no border, no collage, no CGI, no illustration.","text, watermark, logo, caption, signature, border, frame, collage, multiple panels, cartoon, illustration, CGI, 3d render, low-poly, painting, anime, surreal, deformed, duplicate objects, extra limbs, blurry, out of focus, noise, oversaturated, posterized, artifacts, jpeg artifacts"
76,airplane,passenger jet,taking off,an industrial yard,high angle,indoor soft window light,clean,a high-quality image,"a high-quality image of a passenger jet airplane taking off in an industrial yard, high angle, indoor soft window light. single main subject, photorealistic color photo, natural colors, realistic texture, sharp focus on subject, no people, no text, no watermark, no logo, no border, no collage, no CGI, no illustration.","text, watermark, logo, caption, signature, border, frame, collage, multiple panels, cartoon, illustration, CGI, 3d render, low-poly, painting, anime, surreal, deformed, duplicate objects, extra limbs, blurry, out of focus, noise, oversaturated, posterized, artifacts, jpeg artifacts"
961,airplane,seaplane,flying,a forest clearing,wide shot,overcast daylight,hard,an ultra-realistic rendering,"an ultra-realistic rendering of a seaplane airplane flying in a forest clearing, wide shot, overcast daylight. slight motion blur. single main subject, photorealistic color photo, natural colors, realistic texture, sharp focus on subject, no people, no text, no watermark, no logo, no border, no collage, no CGI, no illustration.","text, watermark, logo, caption, signature, border, frame, collage, multiple panels, cartoon, illustration, CGI, 3d render, low-poly, painting, anime, surreal, deformed, duplicate objects, extra limbs, blurry, out of focus, noise, oversaturated, posterized, artifacts, jpeg artifacts"
320,airplane,seaplane,taxiing,a forest clearing,wide shot,rainy with wet reflections,clean,a detailed photograph,"a detailed photograph of a seaplane airplane taxiing in a forest clearing, wide shot, rainy with wet reflections. single main subject, photorealistic color photo, natural colors, realistic texture, sharp focus on subject, no people, no text, no watermark, no logo, no border, no collage, no CGI, no illustration.","text, watermark, logo, caption, signature, border, frame, collage, multiple panels, cartoon, illustration, CGI, 3d render, low-poly, painting, anime, surreal, deformed, duplicate objects, extra limbs, blurry, out of focus, noise, oversaturated, posterized, artifacts, jpeg artifacts"
502,airplane,seaplane,parked,an urban street,high angle,golden hour,clean,a detailed photograph,"a detailed photograph of a seaplane airplane parked in an urban street, high angle, golden hour. single main subject, photorealistic color photo, natural colors, realistic texture, sharp focus on subject, no people, no text, no watermark, no logo, no border, no collage, no CGI, no illustration.","text, watermark, logo, caption, signature, border, frame, collage, multiple panels, cartoon, illustration, CGI, 3d render, low-poly, painting, anime, surreal, deformed, duplicate objects, extra limbs, blurry, out of focus, noise, oversaturated, posterized, artifacts, jpeg artifacts"
86,airplane,seaplane,flying,a backyard,close-up,indoor soft window light,clean,a finely detailed photo,"a finely detailed photo of a seaplane airplane flying in a backyard, close-up, indoor soft window light. single main subject, photorealistic color photo, natural colors, realistic texture, sharp focus on subject, no people, no text, no watermark, no logo, no border, no collage, no CGI, no illustration.","text, watermark, logo, caption, signature, border, frame, collage, multiple panels, cartoon, illustration, CGI, 3d render, low-poly, painting, anime, surreal, deformed, duplicate objects, extra limbs, blurry, out of focus, noise, oversaturated, posterized, artifacts, jpeg artifacts"
111,airplane,glider,flying,a suburban neighborhood,slightly off-center framing,rainy with wet reflections,clean,an ultra-realistic rendering,"an ultra-realistic rendering of a glider airplane flying in a suburban neighborhood, slightly off-center framing, rainy with wet reflections. single main subject, photorealistic color photo, natural colors, realistic texture, sharp focus on subject, no people, no text, no watermark, no logo, no border, no collage, no CGI, no illustration.","text, watermark, logo, caption, signature, border, frame, collage, multiple panels, cartoon, illustration, CGI, 3d render, low-poly, painting, anime, surreal, deformed, duplicate objects, extra limbs, blurry, out of focus, noise, oversaturated, posterized, artifacts, jpeg artifacts"
66,airplane,biplane,taking off,a countryside road,front view,nighttime under streetlights,clean,an ultra-realistic rendering,"an ultra-realistic rendering of a biplane airplane taking off in a countryside road, front view, nighttime under streetlights. single main subject, photorealistic color photo, natural colors, realistic texture, sharp focus on subject, no people, no text, no watermark, no logo, no border, no collage, no CGI, no illustration.","text, watermark, logo, caption, signature, border, frame, collage, multiple panels, cartoon, illustration, CGI, 3d render, low-poly, painting, anime, surreal, deformed, duplicate objects, extra limbs, blurry, out of focus, noise, oversaturated, posterized, artifacts, jpeg artifacts"
119,airplane,small prop airplane,taxiing,an urban street,wide shot,nighttime under streetlights,clean,an ultra-realistic rendering,"an ultra-realistic rendering of a small prop airplane taxiing in an urban street, wide shot, nighttime under streetlights. single main subject, photorealistic color photo, natural colors, realistic texture, sharp focus on subject, no people, no text, no watermark, no logo, no border, no collage, no CGI, no illustration.","text, watermark, logo, caption, signature, border, frame, collage, multiple panels, cartoon, illustration, CGI, 3d render, low-poly, painting, anime, surreal, deformed, duplicate objects, extra limbs, blurry, out of focus, noise, oversaturated, posterized, artifacts, jpeg artifacts"
527,airplane,biplane,flying,a forest clearing,slightly off-center framing,indoor soft window light,clean,a high-quality image,"a high-quality image of a biplane airplane flying in a forest clearing, slightly off-center framing, indoor soft window light. single main subject, photorealistic color photo, natural colors, realistic texture, sharp focus on subject, no people, no text, no watermark, no logo, no border, no collage, no CGI, no illustration.","text, watermark, logo, caption, signature, border, frame, collage, multiple panels, cartoon, illustration, CGI, 3d render, low-poly, painting, anime, surreal, deformed, duplicate objects, extra limbs, blurry, out of focus, noise, oversaturated, posterized, artifacts, jpeg artifacts"
568,airplane,glider,taking off,a lakeside shore,low angle,nighttime under streetlights,clean,a photorealistic color photo,"a photorealistic color photo of a glider airplane taking off in a lakeside shore, low angle, nighttime under streetlights. single main subject, photorealistic color photo, natural colors, realistic texture, sharp focus on subject, no people, no text, no watermark, no logo, no border, no collage, no CGI, no illustration.","text, watermark, logo, caption, signature, border, frame, collage, multiple panels, cartoon, illustration, CGI, 3d render, low-poly, painting, anime, surreal, deformed, duplicate objects, extra limbs, blurry, out of focus, noise, oversaturated, posterized, artifacts, jpeg artifacts"
447,airplane,seaplane,flying,a lakeside shore,low angle,nighttime under streetlights,clean,a finely detailed photo,"a finely detailed photo of a seaplane airplane flying in a lakeside shore, low angle, nighttime under streetlights. single main subject, photorealistic color photo, natural colors, realistic texture, sharp focus on subject, no people, no text, no watermark, no logo, no border, no collage, no CGI, no illustration.","text, watermark, logo, caption, signature, border, frame, collage, multiple panels, cartoon, illustration, CGI, 3d render, low-poly, painting, anime, surreal, deformed, duplicate objects, extra limbs, blurry, out of focus, noise, oversaturated, posterized, artifacts, jpeg artifacts"
293,airplane,passenger jet,taking off,a grassy field,3/4 view,rainy with wet reflections,clean,a high-quality image,"a high-quality image of a passenger jet airplane taking off in a grassy field, 3/4 view, rainy with wet reflections. single main subject, photorealistic color photo, natural colors, realistic texture, sharp focus on subject, no people, no text, no watermark, no logo, no border, no collage, no CGI, no illustration.","text, watermark, logo, caption, signature, border, frame, collage, multiple panels, cartoon, illustration, CGI, 3d render, low-poly, painting, anime, surreal, deformed, duplicate objects, extra limbs, blurry, out of focus, noise, oversaturated, posterized, artifacts, jpeg artifacts"
139,airplane,small prop airplane,parked,a countryside road,close-up,overcast daylight,clean,an ultra-realistic rendering,"an ultra-realistic rendering of a small prop airplane parked in a countryside road, close-up, overcast daylight. single main subject, photorealistic color photo, natural colors, realistic texture, sharp focus on subject, no people, no text, no watermark, no logo, no border, no collage, no CGI, no illustration.","text, watermark, logo, caption, signature, border, frame, collage, multiple panels, cartoon, illustration, CGI, 3d render, low-poly, painting, anime, surreal, deformed, duplicate objects, extra limbs, blurry, out of focus, noise, oversaturated, posterized, artifacts, jpeg artifacts"
746,airplane,glider,taking off,a parking lot,side profile,rainy with wet reflections,clean,a high-quality image,"a high-quality image of a glider airplane taking off in a parking lot, side profile, rainy with wet reflections. single main subject, photorealistic color photo, natural colors, realistic texture, sharp focus on subject, no people, no text, no watermark, no logo, no border, no collage, no CGI, no illustration.","text, watermark, logo, caption, signature, border, frame, collage, multiple panels, cartoon, illustration, CGI, 3d render, low-poly, painting, anime, surreal, deformed, duplicate objects, extra limbs, blurry, out of focus, noise, oversaturated, posterized, artifacts, jpeg artifacts"
185,airplane,small prop airplane,taking off,an urban street,high angle,golden hour,clean,a high-quality image,"a high-quality image of a small prop airplane taking off in an urban street, high angle, golden hour. single main subject, photorealistic color photo, natural colors, realistic texture, sharp focus on subject, no people, no text, no watermark, no logo, no border, no collage, no CGI, no illustration.","text, watermark, logo, caption, signature, border, frame, collage, multiple panels, cartoon, illustration, CGI, 3d render, low-poly, painting, anime, surreal, deformed, duplicate objects, extra limbs, blurry, out of focus, noise, oversaturated, posterized, artifacts, jpeg artifacts"
98,airplane,seaplane,parked,a city park,low angle,overcast daylight,clean,a professional photo,"a professional photo of a seaplane airplane parked in a city park, low angle, overcast daylight. single main subject, photorealistic color photo, natural colors, realistic texture, sharp focus on subject, no people, no text, no watermark, no logo, no border, no collage, no CGI, no illustration.","text, watermark, logo, caption, signature, border, frame, collage, multiple panels, cartoon, illustration, CGI, 3d render, low-poly, painting, anime, surreal, deformed, duplicate objects, extra limbs, blurry, out of focus, noise, oversaturated, posterized, artifacts, jpeg artifacts"
871,airplane,biplane,taking off,a gravel lot,distant subject in the background,foggy morning,hard,an ultra-realistic rendering,"an ultra-realistic rendering of a biplane airplane taking off in a gravel lot, distant subject in the background, foggy morning. partially occluded by a foreground object. single main subject, photorealistic color photo, natural colors, realistic texture, sharp focus on subject, no people, no text, no watermark, no logo, no border, no collage, no CGI, no illustration.","text, watermark, logo, caption, signature, border, frame, collage, multiple panels, cartoon, illustration, CGI, 3d render, low-poly, painting, anime, surreal, deformed, duplicate objects, extra limbs, blurry, out of focus, noise, oversaturated, posterized, artifacts, jpeg artifacts"
993,airplane,biplane,parked,a quiet residential street,wide shot,golden hour,hard,a finely detailed photo,"a finely detailed photo of a biplane airplane parked in a quiet residential street, wide shot, golden hour. cropped slightly. single main subject, photorealistic color photo, natural colors, realistic texture, sharp focus on subject, no people, no text, no watermark, no logo, no border, no collage, no CGI, no illustration.","text, watermark, logo, caption, signature, border, frame, collage, multiple panels, cartoon, illustration, CGI, 3d render, low-poly, painting, anime, surreal, deformed, duplicate objects, extra limbs, blurry, out of focus, noise, oversaturated, posterized, artifacts, jpeg artifacts"
209,airplane,biplane,parked,an urban street,wide shot,sunny afternoon,clean,a professional photo,"a professional photo of a biplane airplane parked in an urban street, wide shot, sunny afternoon. single main subject, photorealistic color photo, natural colors, realistic texture, sharp focus on subject, no people, no text, no watermark, no logo, no border, no collage, no CGI, no illustration.","text, watermark, logo, caption, signature, border, frame, collage, multiple panels, cartoon, illustration, CGI, 3d render, low-poly, painting, anime, surreal, deformed, duplicate objects, extra limbs, blurry, out of focus, noise, oversaturated, posterized, artifacts, jpeg artifacts"
797,airplane,small prop airplane,taking off,a city park,wide shot,golden hour,clean,a detailed photograph,"a detailed photograph of a small prop airplane taking off in a city park, wide shot, golden hour. single main subject, photorealistic color photo, natural colors, realistic texture, sharp focus on subject, no people, no text, no watermark, no logo, no border, no collage, no CGI, no illustration.","text, watermark, logo, caption, signature, border, frame, collage, multiple panels, cartoon, illustration, CGI, 3d render, low-poly, painting, anime, surreal, deformed, duplicate objects, extra limbs, blurry, out of focus, noise, oversaturated, posterized, artifacts, jpeg artifacts"
266,airplane,passenger jet,parked,a sandy beach,high angle,indoor soft window light,clean,an ultra-realistic rendering,"an ultra-realistic rendering of a passenger jet airplane parked in a sandy beach, high angle, indoor soft window light. single main subject, photorealistic color photo, natural colors, realistic texture, sharp focus on subject, no people, no text, no watermark, no logo, no border, no collage, no CGI, no illustration.","text, watermark, logo, caption, signature, border, frame, collage, multiple panels, cartoon, illustration, CGI, 3d render, low-poly, painting, anime, surreal, deformed, duplicate objects, extra limbs, blurry, out of focus, noise, oversaturated, posterized, artifacts, jpeg artifacts"
570,airplane,seaplane,parked,an urban street,high angle,sunny afternoon,clean,a high-quality image,"a high-quality image of a seaplane airplane parked in an urban street, high angle, sunny afternoon. single main subject, photorealistic color photo, natural colors, realistic texture, sharp focus on subject, no people, no text, no watermark, no logo, no border, no collage, no CGI, no illustration.","text, watermark, logo, caption, signature, border, frame, collage, multiple panels, cartoon, illustration, CGI, 3d render, low-poly, painting, anime, surreal, deformed, duplicate objects, extra limbs, blurry, out of focus, noise, oversaturated, posterized, artifacts, jpeg artifacts"
760,airplane,small prop airplane,taking off,a wet roadway after rain,wide shot,nighttime under streetlights,clean,a finely detailed photo,"a finely detailed photo of a small prop airplane taking off in a wet roadway after rain, wide shot, nighttime under streetlights. single main subject, photorealistic color photo, natural colors, realistic texture, sharp focus on subject, no people, no text, no watermark, no logo, no border, no collage, no CGI, no illustration.","text, watermark, logo, caption, signature, border, frame, collage, multiple panels, cartoon, illustration, CGI, 3d render, low-poly, painting, anime, surreal, deformed, duplicate objects, extra limbs, blurry, out of focus, noise, oversaturated, posterized, artifacts, jpeg artifacts"
805,airplane,cargo plane,taxiing,a gravel lot,3/4 view,indoor soft window light,hard,a finely detailed photo,"a finely detailed photo of a cargo plane airplane taxiing in a gravel lot, 3/4 view, indoor soft window light. cropped slightly. single main subject, photorealistic color photo, natural colors, realistic texture, sharp focus on subject, no people, no text, no watermark, no logo, no border, no collage, no CGI, no illustration.","text, watermark, logo, caption, signature, border, frame, collage, multiple panels, cartoon, illustration, CGI, 3d render, low-poly, painting, anime, surreal, deformed, duplicate objects, extra limbs, blurry, out of focus, noise, oversaturated, posterized, artifacts, jpeg artifacts"
831,airplane,glider,taking off,a city park,wide shot,sunny afternoon,hard,a photorealistic color photo,"a photorealistic color photo of a glider airplane taking off in a city park, wide shot, sunny afternoon. in the distance. single main subject, photorealistic color photo, natural colors, realistic texture, sharp focus on subject, no people, no text, no watermark, no logo, no border, no collage, no CGI, no illustration.","text, watermark, logo, caption, signature, border, frame, collage, multiple panels, cartoon, illustration, CGI, 3d render, low-poly, painting, anime, surreal, deformed, duplicate objects, extra limbs, blurry, out of focus, noise, oversaturated, posterized, artifacts, jpeg artifacts"
233,airplane,passenger jet,flying,a lakeside shore,front view,golden hour,clean,a photorealistic color photo,"a photorealistic color photo of a passenger jet airplane flying in a lakeside shore, front view, golden hour. single main subject, photorealistic color photo, natural colors, realistic texture, sharp focus on subject, no people, no text, no watermark, no logo, no border, no collage, no CGI, no illustration.","text, watermark, logo, caption, signature, border, frame, collage, multiple panels, cartoon, illustration, CGI, 3d render, low-poly, painting, anime, surreal, deformed, duplicate objects, extra limbs, blurry, out of focus, noise, oversaturated, posterized, artifacts, jpeg artifacts"
535,airplane,seaplane,taking off,a forest clearing,slightly off-center framing,foggy morning,clean,a photorealistic color photo,"a photorealistic color photo of a seaplane airplane taking off in a forest clearing, slightly off-center framing, foggy morning. single main subject, photorealistic color photo, natural colors, realistic texture, sharp focus on subject, no people, no text, no watermark, no logo, no border, no collage, no CGI, no illustration.","text, watermark, logo, caption, signature, border, frame, collage, multiple panels, cartoon, illustration, CGI, 3d render, low-poly, painting, anime, surreal, deformed, duplicate objects, extra limbs, blurry, out of focus, noise, oversaturated, posterized, artifacts, jpeg artifacts"
382,airplane,passenger jet,taxiing,an industrial yard,high angle,nighttime under streetlights,clean,a detailed photograph,"a detailed photograph of a passenger jet airplane taxiing in an industrial yard, high angle, nighttime under streetlights. single main subject, photorealistic color photo, natural colors, realistic texture, sharp focus on subject, no people, no text, no watermark, no logo, no border, no collage, no CGI, no illustration.","text, watermark, logo, caption, signature, border, frame, collage, multiple panels, cartoon, illustration, CGI, 3d render, low-poly, painting, anime, surreal, deformed, duplicate objects, extra limbs, blurry, out of focus, noise, oversaturated, posterized, artifacts, jpeg artifacts"
603,airplane,glider,flying,a quiet residential street,wide shot,nighttime under streetlights,clean,a high-quality image,"a high-quality image of a glider airplane flying in a quiet residential street, wide shot, nighttime under streetlights. single main subject, photorealistic color photo, natural colors, realistic texture, sharp focus on subject, no people, no text, no watermark, no logo, no border, no collage, no CGI, no illustration.","text, watermark, logo, caption, signature, border, frame, collage, multiple panels, cartoon, illustration, CGI, 3d render, low-poly, painting, anime, surreal, deformed, duplicate objects, extra limbs, blurry, out of focus, noise, oversaturated, posterized, artifacts, jpeg artifacts"
297,airplane,seaplane,taxiing,a backyard,side profile,foggy morning,clean,a finely detailed photo,"a finely detailed photo of a seaplane airplane taxiing in a backyard, side profile, foggy morning. single main subject, photorealistic color photo, natural colors, realistic texture, sharp focus on subject, no people, no text, no watermark, no logo, no border, no collage, no CGI, no illustration.","text, watermark, logo, caption, signature, border, frame, collage, multiple panels, cartoon, illustration, CGI, 3d render, low-poly, painting, anime, surreal, deformed, duplicate objects, extra limbs, blurry, out of focus, noise, oversaturated, posterized, artifacts, jpeg artifacts"
851,airplane,biplane,taxiing,a city park,3/4 view,foggy morning,hard,a professional photo,"a professional photo of a biplane airplane taxiing in a city park, 3/4 view, foggy morning. partially occluded by a foreground object. single main subject, photorealistic color photo, natural colors, realistic texture, sharp focus on subject, no people, no text, no watermark, no logo, no border, no collage, no CGI, no illustration.","text, watermark, logo, caption, signature, border, frame, collage, multiple panels, cartoon, illustration, CGI, 3d render, low-poly, painting, anime, surreal, deformed, duplicate objects, extra limbs, blurry, out of focus, noise, oversaturated, posterized, artifacts, jpeg artifacts"
460,airplane,seaplane,taxiing,a quiet residential street,low angle,nighttime under streetlights,clean,a professional photo,"a professional photo of a seaplane airplane taxiing in a quiet residential street, low angle, nighttime under streetlights. single main subject, photorealistic color photo, natural colors, realistic texture, sharp focus on subject, no people, no text, no watermark, no logo, no border, no collage, no CGI, no illustration.","text, watermark, logo, caption, signature, border, frame, collage, multiple panels, cartoon, illustration, CGI, 3d render, low-poly, painting, anime, surreal, deformed, duplicate objects, extra limbs, blurry, out of focus, noise, oversaturated, posterized, artifacts, jpeg artifacts"
80,airplane,glider,flying,a sandy beach,low angle,foggy morning,clean,a finely detailed photo,"a finely detailed photo of a glider airplane flying in a sandy beach, low angle, foggy morning. single main subject, photorealistic color photo, natural colors, realistic texture, sharp focus on subject, no people, no text, no watermark, no logo, no border, no collage, no CGI, no illustration.","text, watermark, logo, caption, signature, border, frame, collage, multiple panels, cartoon, illustration, CGI, 3d render, low-poly, painting, anime, surreal, deformed, duplicate objects, extra limbs, blurry, out of focus, noise, oversaturated, posterized, artifacts, jpeg artifacts"
926,airplane,seaplane,taxiing,a forest clearing,side profile,rainy with wet reflections,hard,a professional photo,"a professional photo of a seaplane airplane taxiing in a forest clearing, side profile, rainy with wet reflections. cropped slightly. single main subject, photorealistic color photo, natural colors, realistic texture, sharp focus on subject, no people, no text, no watermark, no logo, no border, no collage, no CGI, no illustration.","text, watermark, logo, caption, signature, border, frame, collage, multiple panels, cartoon, illustration, CGI, 3d render, low-poly, painting, anime, surreal, deformed, duplicate objects, extra limbs, blurry, out of focus, noise, oversaturated, posterized, artifacts, jpeg artifacts"
711,airplane,glider,taking off,a sandy beach,side profile,indoor soft window light,clean,an ultra-realistic rendering,"an ultra-realistic rendering of a glider airplane taking off in a sandy beach, side profile, indoor soft window light. single main subject, photorealistic color photo, natural colors, realistic texture, sharp focus on subject, no people, no text, no watermark, no logo, no border, no collage, no CGI, no illustration.","text, watermark, logo, caption, signature, border, frame, collage, multiple panels, cartoon, illustration, CGI, 3d render, low-poly, painting, anime, surreal, deformed, duplicate objects, extra limbs, blurry, out of focus, noise, oversaturated, posterized, artifacts, jpeg artifacts"
196,airplane,glider,parked,an urban street,front view,indoor soft window light,clean,a finely detailed photo,"a finely detailed photo of a glider airplane parked in an urban street, front view, indoor soft window light. single main subject, photorealistic color photo, natural colors, realistic texture, sharp focus on subject, no people, no text, no watermark, no logo, no border, no collage, no CGI, no illustration.","text, watermark, logo, caption, signature, border, frame, collage, multiple panels, cartoon, illustration, CGI, 3d render, low-poly, painting, anime, surreal, deformed, duplicate objects, extra limbs, blurry, out of focus, noise, oversaturated, posterized, artifacts, jpeg artifacts"
748,airplane,small prop airplane,taking off,a suburban neighborhood,side profile,foggy morning,clean,an ultra-realistic rendering,"an ultra-realistic rendering of a small prop airplane taking off in a suburban neighborhood, side profile, foggy morning. single main subject, photorealistic color photo, natural colors, realistic texture, sharp focus on subject, no people, no text, no watermark, no logo, no border, no collage, no CGI, no illustration.","text, watermark, logo, caption, signature, border, frame, collage, multiple panels, cartoon, illustration, CGI, 3d render, low-poly, painting, anime, surreal, deformed, duplicate objects, extra limbs, blurry, out of focus, noise, oversaturated, posterized, artifacts, jpeg artifacts"
315,airplane,seaplane,taxiing,a city park,low angle,overcast daylight,clean,a high-quality image,"a high-quality image of a seaplane airplane taxiing in a city park, low angle, overcast daylight. single main subject, photorealistic color photo, natural colors, realistic texture, sharp focus on subject, no people, no text, no watermark, no logo, no border, no collage, no CGI, no illustration.","text, watermark, logo, caption, signature, border, frame, collage, multiple panels, cartoon, illustration, CGI, 3d render, low-poly, painting, anime, surreal, deformed, duplicate objects, extra limbs, blurry, out of focus, noise, oversaturated, posterized, artifacts, jpeg artifacts"
93,airplane,biplane,flying,a sandy beach,high angle,sunny afternoon,clean,an ultra-realistic rendering,"an ultra-realistic rendering of a biplane airplane flying in a sandy beach, high angle, sunny afternoon. single main subject, photorealistic color photo, natural colors, realistic texture, sharp focus on subject, no people, no text, no watermark, no logo, no border, no collage, no CGI, no illustration.","text, watermark, logo, caption, signature, border, frame, collage, multiple panels, cartoon, illustration, CGI, 3d render, low-poly, painting, anime, surreal, deformed, duplicate objects, extra limbs, blurry, out of focus, noise, oversaturated, posterized, artifacts, jpeg artifacts"
470,airplane,small prop airplane,taking off,a wet roadway after rain,front view,nighttime under streetlights,clean,a photorealistic color photo,"a photorealistic color photo of a small prop airplane taking off in a wet roadway after rain, front view, nighttime under streetlights. single main subject, photorealistic color photo, natural colors, realistic texture, sharp focus on subject, no people, no text, no watermark, no logo, no border, no collage, no CGI, no illustration.","text, watermark, logo, caption, signature, border, frame, collage, multiple panels, cartoon, illustration, CGI, 3d render, low-poly, painting, anime, surreal, deformed, duplicate objects, extra limbs, blurry, out of focus, noise, oversaturated, posterized, artifacts, jpeg artifacts"
675,airplane,biplane,parked,a city park,3/4 view,sunny afternoon,clean,a finely detailed photo,"a finely detailed photo of a biplane airplane parked in a city park, 3/4 view, sunny afternoon. single main subject, photorealistic color photo, natural colors, realistic texture, sharp focus on subject, no people, no text, no watermark, no logo, no border, no collage, no CGI, no illustration.","text, watermark, logo, caption, signature, border, frame, collage, multiple panels, cartoon, illustration, CGI, 3d render, low-poly, painting, anime, surreal, deformed, duplicate objects, extra limbs, blurry, out of focus, noise, oversaturated, posterized, artifacts, jpeg artifacts"
492,airplane,seaplane,parked,a grassy field,wide shot,foggy morning,clean,a high-quality image,"a high-quality image of a seaplane airplane parked in a grassy field, wide shot, foggy morning. single main subject, photorealistic color photo, natural colors, realistic texture, sharp focus on subject, no people, no text, no watermark, no logo, no border, no collage, no CGI, no illustration.","text, watermark, logo, caption, signature, border, frame, collage, multiple panels, cartoon, illustration, CGI, 3d render, low-poly, painting, anime, surreal, deformed, duplicate objects, extra limbs, blurry, out of focus, noise, oversaturated, posterized, artifacts, jpeg artifacts"
431,airplane,glider,taxiing,a countryside road,slightly off-center framing,backlit rim light,clean,a finely detailed photo,"a finely detailed photo of a glider airplane taxiing in a countryside road, slightly off-center framing, backlit rim light. single main subject, photorealistic color photo, natural colors, realistic texture, sharp focus on subject, no people, no text, no watermark, no logo, no border, no collage, no CGI, no illustration.","text, watermark, logo, caption, signature, border, frame, collage, multiple panels, cartoon, illustration, CGI, 3d render, low-poly, painting, anime, surreal, deformed, duplicate objects, extra limbs, blurry, out of focus, noise, oversaturated, posterized, artifacts, jpeg artifacts"
279,airplane,cargo plane,taking off,a grassy field,slightly off-center framing,overcast daylight,clean,a professional photo,"a professional photo of a cargo plane airplane taking off in a grassy field, slightly off-center framing, overcast daylight. single main subject, photorealistic color photo, natural colors, realistic texture, sharp focus on subject, no people, no text, no watermark, no logo, no border, no collage, no CGI, no illustration.","text, watermark, logo, caption, signature, border, frame, collage, multiple panels, cartoon, illustration, CGI, 3d render, low-poly, painting, anime, surreal, deformed, duplicate objects, extra limbs, blurry, out of focus, noise, oversaturated, posterized, artifacts, jpeg artifacts"
379,airplane,passenger jet,flying,a backyard,front view,sunny afternoon,clean,a finely detailed photo,"a finely detailed photo of a passenger jet airplane flying in a backyard, front view, sunny afternoon. single main subject, photorealistic color photo, natural colors, realistic texture, sharp focus on subject, no people, no text, no watermark, no logo, no border, no collage, no CGI, no illustration.","text, watermark, logo, caption, signature, border, frame, collage, multiple panels, cartoon, illustration, CGI, 3d render, low-poly, painting, anime, surreal, deformed, duplicate objects, extra limbs, blurry, out of focus, noise, oversaturated, posterized, artifacts, jpeg artifacts"
511,airplane,biplane,flying,a city park,slightly off-center framing,backlit rim light,clean,a detailed photograph,"a detailed photograph of a biplane airplane flying in a city park, slightly off-center framing, backlit rim light. single main subject, photorealistic color photo, natural colors, realistic texture, sharp focus on subject, no people, no text, no watermark, no logo, no border, no collage, no CGI, no illustration.","text, watermark, logo, caption, signature, border, frame, collage, multiple panels, cartoon, illustration, CGI, 3d render, low-poly, painting, anime, surreal, deformed, duplicate objects, extra limbs, blurry, out of focus, noise, oversaturated, posterized, artifacts, jpeg artifacts"
125,airplane,small prop airplane,taxiing,an industrial yard,front view,sunny afternoon,clean,a professional photo,"a professional photo of a small prop airplane taxiing in an industrial yard, front view, sunny afternoon. single main subject, photorealistic color photo, natural colors, realistic texture, sharp focus on subject, no people, no text, no watermark, no logo, no border, no collage, no CGI, no illustration.","text, watermark, logo, caption, signature, border, frame, collage, multiple panels, cartoon, illustration, CGI, 3d render, low-poly, painting, anime, surreal, deformed, duplicate objects, extra limbs, blurry, out of focus, noise, oversaturated, posterized, artifacts, jpeg artifacts"
775,airplane,biplane,parked,a gravel lot,high angle,nighttime under streetlights,clean,a detailed photograph,"a detailed photograph of a biplane airplane parked in a gravel lot, high angle, nighttime under streetlights. single main subject, photorealistic color photo, natural colors, realistic texture, sharp focus on subject, no people, no text, no watermark, no logo, no border, no collage, no CGI, no illustration.","text, watermark, logo, caption, signature, border, frame, collage, multiple panels, cartoon, illustration, CGI, 3d render, low-poly, painting, anime, surreal, deformed, duplicate objects, extra limbs, blurry, out of focus, noise, oversaturated, posterized, artifacts, jpeg artifacts"
772,airplane,biplane,taking off,a city park,close-up,overcast daylight,clean,a finely detailed photo,"a finely detailed photo of a biplane airplane taking off in a city park, close-up, overcast daylight. single main subject, photorealistic color photo, natural colors, realistic texture, sharp focus on subject, no people, no text, no watermark, no logo, no border, no collage, no CGI, no illustration.","text, watermark, logo, caption, signature, border, frame, collage, multiple panels, cartoon, illustration, CGI, 3d render, low-poly, painting, anime, surreal, deformed, duplicate objects, extra limbs, blurry, out of focus, noise, oversaturated, posterized, artifacts, jpeg artifacts"
722,airplane,small prop airplane,taxiing,an industrial yard,front view,rainy with wet reflections,clean,a high-quality image,"a high-quality image of a small prop airplane taxiing in an industrial yard, front view, rainy with wet reflections. single main subject, photorealistic color photo, natural colors, realistic texture, sharp focus on subject, no people, no text, no watermark, no logo, no border, no collage, no CGI, no illustration.","text, watermark, logo, caption, signature, border, frame, collage, multiple panels, cartoon, illustration, CGI, 3d render, low-poly, painting, anime, surreal, deformed, duplicate objects, extra limbs, blurry, out of focus, noise, oversaturated, posterized, artifacts, jpeg artifacts"
221,airplane,biplane,taking off,a countryside road,high angle,rainy with wet reflections,clean,a detailed photograph,"a detailed photograph of a biplane airplane taking off in a countryside road, high angle, rainy with wet reflections. single main subject, photorealistic color photo, natural colors, realistic texture, sharp focus on subject, no people, no text, no watermark, no logo, no border, no collage, no CGI, no illustration.","text, watermark, logo, caption, signature, border, frame, collage, multiple panels, cartoon, illustration, CGI, 3d render, low-poly, painting, anime, surreal, deformed, duplicate objects, extra limbs, blurry, out of focus, noise, oversaturated, posterized, artifacts, jpeg artifacts"
189,airplane,cargo plane,flying,a lakeside shore,close-up,overcast daylight,clean,a detailed photograph,"a detailed photograph of a cargo plane airplane flying in a lakeside shore, close-up, overcast daylight. single main subject, photorealistic color photo, natural colors, realistic texture, sharp focus on subject, no people, no text, no watermark, no logo, no border, no collage, no CGI, no illustration.","text, watermark, logo, caption, signature, border, frame, collage, multiple panels, cartoon, illustration, CGI, 3d render, low-poly, painting, anime, surreal, deformed, duplicate objects, extra limbs, blurry, out of focus, noise, oversaturated, posterized, artifacts, jpeg artifacts"
208,airplane,seaplane,taxiing,a sandy beach,front view,golden hour,clean,a photorealistic color photo,"a photorealistic color photo of a seaplane airplane taxiing in a sandy beach, front view, golden hour. single main subject, photorealistic color photo, natural colors, realistic texture, sharp focus on subject, no people, no text, no watermark, no logo, no border, no collage, no CGI, no illustration.","text, watermark, logo, caption, signature, border, frame, collage, multiple panels, cartoon, illustration, CGI, 3d render, low-poly, painting, anime, surreal, deformed, duplicate objects, extra limbs, blurry, out of focus, noise, oversaturated, posterized, artifacts, jpeg artifacts"
207,airplane,biplane,parked,a backyard,wide shot,nighttime under streetlights,clean,an ultra-realistic rendering,"an ultra-realistic rendering of a biplane airplane parked in a backyard, wide shot, nighttime under streetlights. single main subject, photorealistic color photo, natural colors, realistic texture, sharp focus on subject, no people, no text, no watermark, no logo, no border, no collage, no CGI, no illustration.","text, watermark, logo, caption, signature, border, frame, collage, multiple panels, cartoon, illustration, CGI, 3d render, low-poly, painting, anime, surreal, deformed, duplicate objects, extra limbs, blurry, out of focus, noise, oversaturated, posterized, artifacts, jpeg artifacts"
650,airplane,biplane,flying,a wet roadway after rain,high angle,foggy morning,clean,a photorealistic color photo,"a photorealistic color photo of a biplane airplane flying in a wet roadway after rain, high angle, foggy morning. single main subject, photorealistic color photo, natural colors, realistic texture, sharp focus on subject, no people, no text, no watermark, no logo, no border, no collage, no CGI, no illustration.","text, watermark, logo, caption, signature, border, frame, collage, multiple panels, cartoon, illustration, CGI, 3d render, low-poly, painting, anime, surreal, deformed, duplicate objects, extra limbs, blurry, out of focus, noise, oversaturated, posterized, artifacts, jpeg artifacts"
313,airplane,biplane,taxiing,an urban street,side profile,indoor soft window light,clean,an ultra-realistic rendering,"an ultra-realistic rendering of a biplane airplane taxiing in an urban street, side profile, indoor soft window light. single main subject, photorealistic color photo, natural colors, realistic texture, sharp focus on subject, no people, no text, no watermark, no logo, no border, no collage, no CGI, no illustration.","text, watermark, logo, caption, signature, border, frame, collage, multiple panels, cartoon, illustration, CGI, 3d render, low-poly, painting, anime, surreal, deformed, duplicate objects, extra limbs, blurry, out of focus, noise, oversaturated, posterized, artifacts, jpeg artifacts"
284,airplane,seaplane,parked,a forest clearing,high angle,indoor soft window light,clean,an ultra-realistic rendering,"an ultra-realistic rendering of a seaplane airplane parked in a forest clearing, high angle, indoor soft window light. single main subject, photorealistic color photo, natural colors, realistic texture, sharp focus on subject, no people, no text, no watermark, no logo, no border, no collage, no CGI, no illustration.","text, watermark, logo, caption, signature, border, frame, collage, multiple panels, cartoon, illustration, CGI, 3d render, low-poly, painting, anime, surreal, deformed, duplicate objects, extra limbs, blurry, out of focus, noise, oversaturated, posterized, artifacts, jpeg artifacts"
895,airplane,passenger jet,taxiing,a gravel lot,3/4 view,overcast daylight,hard,an ultra-realistic rendering,"an ultra-realistic rendering of a passenger jet airplane taxiing in a gravel lot, 3/4 view, overcast daylight. cropped slightly. single main subject, photorealistic color photo, natural colors, realistic texture, sharp focus on subject, no people, no text, no watermark, no logo, no border, no collage, no CGI, no illustration.","text, watermark, logo, caption, signature, border, frame, collage, multiple panels, cartoon, illustration, CGI, 3d render, low-poly, painting, anime, surreal, deformed, duplicate objects, extra limbs, blurry, out of focus, noise, oversaturated, posterized, artifacts, jpeg artifacts"
762,airplane,biplane,parked,a quiet residential street,high angle,nighttime under streetlights,clean,a professional photo,"a professional photo of a biplane airplane parked in a quiet residential street, high angle, nighttime under streetlights. single main subject, photorealistic color photo, natural colors, realistic texture, sharp focus on subject, no people, no text, no watermark, no logo, no border, no collage, no CGI, no illustration.","text, watermark, logo, caption, signature, border, frame, collage, multiple panels, cartoon, illustration, CGI, 3d render, low-poly, painting, anime, surreal, deformed, duplicate objects, extra limbs, blurry, out of focus, noise, oversaturated, posterized, artifacts, jpeg artifacts"
651,airplane,small prop airplane,flying,a city park,front view,backlit rim light,clean,a finely detailed photo,"a finely detailed photo of a small prop airplane flying in a city park, front view, backlit rim light. single main subject, photorealistic color photo, natural colors, realistic texture, sharp focus on subject, no people, no text, no watermark, no logo, no border, no collage, no CGI, no illustration.","text, watermark, logo, caption, signature, border, frame, collage, multiple panels, cartoon, illustration, CGI, 3d render, low-poly, painting, anime, surreal, deformed, duplicate objects, extra limbs, blurry, out of focus, noise, oversaturated, posterized, artifacts, jpeg artifacts"
789,airplane,biplane,flying,a countryside road,slightly off-center framing,backlit rim light,clean,a high-quality image,"a high-quality image of a biplane airplane flying in a countryside road, slightly off-center framing, backlit rim light. single main subject, photorealistic color photo, natural colors, realistic texture, sharp focus on subject, no people, no text, no watermark, no logo, no border, no collage, no CGI, no illustration.","text, watermark, logo, caption, signature, border, frame, collage, multiple panels, cartoon, illustration, CGI, 3d render, low-poly, painting, anime, surreal, deformed, duplicate objects, extra limbs, blurry, out of focus, noise, oversaturated, posterized, artifacts, jpeg artifacts"
229,airplane,biplane,parked,a gravel lot,low angle,golden hour,clean,a photorealistic color photo,"a photorealistic color photo of a biplane airplane parked in a gravel lot, low angle, golden hour. single main subject, photorealistic color photo, natural colors, realistic texture, sharp focus on subject, no people, no text, no watermark, no logo, no border, no collage, no CGI, no illustration.","text, watermark, logo, caption, signature, border, frame, collage, multiple panels, cartoon, illustration, CGI, 3d render, low-poly, painting, anime, surreal, deformed, duplicate objects, extra limbs, blurry, out of focus, noise, oversaturated, posterized, artifacts, jpeg artifacts"
899,airplane,passenger jet,taxiing,a countryside road,distant subject in the background,nighttime under streetlights,hard,a high-quality image,"a high-quality image of a passenger jet airplane taxiing in a countryside road, distant subject in the background, nighttime under streetlights. partially occluded by a foreground object. single main subject, photorealistic color photo, natural colors, realistic texture, sharp focus on subject, no people, no text, no watermark, no logo, no border, no collage, no CGI, no illustration.","text, watermark, logo, caption, signature, border, frame, collage, multiple panels, cartoon, illustration, CGI, 3d render, low-poly, painting, anime, surreal, deformed, duplicate objects, extra limbs, blurry, out of focus, noise, oversaturated, posterized, artifacts, jpeg artifacts"
658,airplane,passenger jet,taking off,a wet roadway after rain,slightly off-center framing,indoor soft window light,clean,a professional photo,"a professional photo of a passenger jet airplane taking off in a wet roadway after rain, slightly off-center framing, indoor soft window light. single main subject, photorealistic color photo, natural colors, realistic texture, sharp focus on subject, no people, no text, no watermark, no logo, no border, no collage, no CGI, no illustration.","text, watermark, logo, caption, signature, border, frame, collage, multiple panels, cartoon, illustration, CGI, 3d render, low-poly, painting, anime, surreal, deformed, duplicate objects, extra limbs, blurry, out of focus, noise, oversaturated, posterized, artifacts, jpeg artifacts"
566,airplane,glider,parked,a countryside road,high angle,foggy morning,clean,a photorealistic color photo,"a photorealistic color photo of a glider airplane parked in a countryside road, high angle, foggy morning. single main subject, photorealistic color photo, natural colors, realistic texture, sharp focus on subject, no people, no text, no watermark, no logo, no border, no collage, no CGI, no illustration.","text, watermark, logo, caption, signature, border, frame, collage, multiple panels, cartoon, illustration, CGI, 3d render, low-poly, painting, anime, surreal, deformed, duplicate objects, extra limbs, blurry, out of focus, noise, oversaturated, posterized, artifacts, jpeg artifacts"
901,airplane,biplane,taking off,a city park,side profile,golden hour,hard,a professional photo,"a professional photo of a biplane airplane taking off in a city park, side profile, golden hour. slight motion blur. single main subject, photorealistic color photo, natural colors, realistic texture, sharp focus on subject, no people, no text, no watermark, no logo, no border, no collage, no CGI, no illustration.","text, watermark, logo, caption, signature, border, frame, collage, multiple panels, cartoon, illustration, CGI, 3d render, low-poly, painting, anime, surreal, deformed, duplicate objects, extra limbs, blurry, out of focus, noise, oversaturated, posterized, artifacts, jpeg artifacts"
237,airplane,cargo plane,flying,a lakeside shore,wide shot,backlit rim light,clean,a detailed photograph,"a detailed photograph of a cargo plane airplane flying in a lakeside shore, wide shot, backlit rim light. single main subject, photorealistic color photo, natural colors, realistic texture, sharp focus on subject, no people, no text, no watermark, no logo, no border, no collage, no CGI, no illustration.","text, watermark, logo, caption, signature, border, frame, collage, multiple panels, cartoon, illustration, CGI, 3d render, low-poly, painting, anime, surreal, deformed, duplicate objects, extra limbs, blurry, out of focus, noise, oversaturated, posterized, artifacts, jpeg artifacts"
559,airplane,glider,parked,a suburban neighborhood,close-up,rainy with wet reflections,clean,a detailed photograph,"a detailed photograph of a glider airplane parked in a suburban neighborhood, close-up, rainy with wet reflections. single main subject, photorealistic color photo, natural colors, realistic texture, sharp focus on subject, no people, no text, no watermark, no logo, no border, no collage, no CGI, no illustration.","text, watermark, logo, caption, signature, border, frame, collage, multiple panels, cartoon, illustration, CGI, 3d render, low-poly, painting, anime, surreal, deformed, duplicate objects, extra limbs, blurry, out of focus, noise, oversaturated, posterized, artifacts, jpeg artifacts"
449,airplane,cargo plane,taking off,an industrial yard,close-up,sunny afternoon,clean,a professional photo,"a professional photo of a cargo plane airplane taking off in an industrial yard, close-up, sunny afternoon. single main subject, photorealistic color photo, natural colors, realistic texture, sharp focus on subject, no people, no text, no watermark, no logo, no border, no collage, no CGI, no illustration.","text, watermark, logo, caption, signature, border, frame, collage, multiple panels, cartoon, illustration, CGI, 3d render, low-poly, painting, anime, surreal, deformed, duplicate objects, extra limbs, blurry, out of focus, noise, oversaturated, posterized, artifacts, jpeg artifacts"
525,airplane,passenger jet,flying,a backyard,wide shot,nighttime under streetlights,clean,a photorealistic color photo,"a photorealistic color photo of a passenger jet airplane flying in a backyard, wide shot, nighttime under streetlights. single main subject, photorealistic color photo, natural colors, realistic texture, sharp focus on subject, no people, no text, no watermark, no logo, no border, no collage, no CGI, no illustration.","text, watermark, logo, caption, signature, border, frame, collage, multiple panels, cartoon, illustration, CGI, 3d render, low-poly, painting, anime, surreal, deformed, duplicate objects, extra limbs, blurry, out of focus, noise, oversaturated, posterized, artifacts, jpeg artifacts"
108,airplane,small prop airplane,taxiing,a parking lot,low angle,backlit rim light,clean,a professional photo,"a professional photo of a small prop airplane taxiing in a parking lot, low angle, backlit rim light. single main subject, photorealistic color photo, natural colors, realistic texture, sharp focus on subject, no people, no text, no watermark, no logo, no border, no collage, no CGI, no illustration.","text, watermark, logo, caption, signature, border, frame, collage, multiple panels, cartoon, illustration, CGI, 3d render, low-poly, painting, anime, surreal, deformed, duplicate objects, extra limbs, blurry, out of focus, noise, oversaturated, posterized, artifacts, jpeg artifacts"
867,airplane,cargo plane,taxiing,a lakeside shore,cropped at the edge of the frame,sunny afternoon,hard,a detailed photograph,"a detailed photograph of a cargo plane airplane taxiing in a lakeside shore, cropped at the edge of the frame, sunny afternoon. cropped slightly. single main subject, photorealistic color photo, natural colors, realistic texture, sharp focus on subject, no people, no text, no watermark, no logo, no border, no collage, no CGI, no illustration.","text, watermark, logo, caption, signature, border, frame, collage, multiple panels, cartoon, illustration, CGI, 3d render, low-poly, painting, anime, surreal, deformed, duplicate objects, extra limbs, blurry, out of focus, noise, oversaturated, posterized, artifacts, jpeg artifacts"
463,airplane,biplane,flying,a lakeside shore,high angle,foggy morning,clean,an ultra-realistic rendering,"an ultra-realistic rendering of a biplane airplane flying in a lakeside shore, high angle, foggy morning. single main subject, photorealistic color photo, natural colors, realistic texture, sharp focus on subject, no people, no text, no watermark, no logo, no border, no collage, no CGI, no illustration.","text, watermark, logo, caption, signature, border, frame, collage, multiple panels, cartoon, illustration, CGI, 3d render, low-poly, painting, anime, surreal, deformed, duplicate objects, extra limbs, blurry, out of focus, noise, oversaturated, posterized, artifacts, jpeg artifacts"
37,airplane,passenger jet,flying,a city park,front view,rainy with wet reflections,clean,a detailed photograph,"a detailed photograph of a passenger jet airplane flying in a city park, front view, rainy with wet reflections. single main subject, photorealistic color photo, natural colors, realistic texture, sharp focus on subject, no people, no text, no watermark, no logo, no border, no collage, no CGI, no illustration.","text, watermark, logo, caption, signature, border, frame, collage, multiple panels, cartoon, illustration, CGI, 3d render, low-poly, painting, anime, surreal, deformed, duplicate objects, extra limbs, blurry, out of focus, noise, oversaturated, posterized, artifacts, jpeg artifacts"
151,airplane,glider,taking off,a forest clearing,front view,indoor soft window light,clean,a photorealistic color photo,"a photorealistic color photo of a glider airplane taking off in a forest clearing, front view, indoor soft window light. single main subject, photorealistic color photo, natural colors, realistic texture, sharp focus on subject, no people, no text, no watermark, no logo, no border, no collage, no CGI, no illustration.","text, watermark, logo, caption, signature, border, frame, collage, multiple panels, cartoon, illustration, CGI, 3d render, low-poly, painting, anime, surreal, deformed, duplicate objects, extra limbs, blurry, out of focus, noise, oversaturated, posterized, artifacts, jpeg artifacts"
234,airplane,passenger jet,flying,a sandy beach,close-up,sunny afternoon,clean,a high-quality image,"a high-quality image of a passenger jet airplane flying in a sandy beach, close-up, sunny afternoon. single main subject, photorealistic color photo, natural colors, realistic texture, sharp focus on subject, no people, no text, no watermark, no logo, no border, no collage, no CGI, no illustration.","text, watermark, logo, caption, signature, border, frame, collage, multiple panels, cartoon, illustration, CGI, 3d render, low-poly, painting, anime, surreal, deformed, duplicate objects, extra limbs, blurry, out of focus, noise, oversaturated, posterized, artifacts, jpeg artifacts"
103,airplane,cargo plane,taking off,a lakeside shore,high angle,nighttime under streetlights,clean,an ultra-realistic rendering,"an ultra-realistic rendering of a cargo plane airplane taking off in a lakeside shore, high angle, nighttime under streetlights. single main subject, photorealistic color photo, natural colors, realistic texture, sharp focus on subject, no people, no text, no watermark, no logo, no border, no collage, no CGI, no illustration.","text, watermark, logo, caption, signature, border, frame, collage, multiple panels, cartoon, illustration, CGI, 3d render, low-poly, painting, anime, surreal, deformed, duplicate objects, extra limbs, blurry, out of focus, noise, oversaturated, posterized, artifacts, jpeg artifacts"
172,airplane,biplane,parked,a city park,high angle,foggy morning,clean,a finely detailed photo,"a finely detailed photo of a biplane airplane parked in a city park, high angle, foggy morning. single main subject, photorealistic color photo, natural colors, realistic texture, sharp focus on subject, no people, no text, no watermark, no logo, no border, no collage, no CGI, no illustration.","text, watermark, logo, caption, signature, border, frame, collage, multiple panels, cartoon, illustration, CGI, 3d render, low-poly, painting, anime, surreal, deformed, duplicate objects, extra limbs, blurry, out of focus, noise, oversaturated, posterized, artifacts, jpeg artifacts"
982,airplane,cargo plane,taxiing,a grassy field,low angle,nighttime under streetlights,hard,a detailed photograph,"a detailed photograph of a cargo plane airplane taxiing in a grassy field, low angle, nighttime under streetlights. cropped slightly. single main subject, photorealistic color photo, natural colors, realistic texture, sharp focus on subject, no people, no text, no watermark, no logo, no border, no collage, no CGI, no illustration.","text, watermark, logo, caption, signature, border, frame, collage, multiple panels, cartoon, illustration, CGI, 3d render, low-poly, painting, anime, surreal, deformed, duplicate objects, extra limbs, blurry, out of focus, noise, oversaturated, posterized, artifacts, jpeg artifacts"
645,airplane,glider,parked,a gravel lot,low angle,sunny afternoon,clean,a photorealistic color photo,"a photorealistic color photo of a glider airplane parked in a gravel lot, low angle, sunny afternoon. single main subject, photorealistic color photo, natural colors, realistic texture, sharp focus on subject, no people, no text, no watermark, no logo, no border, no collage, no CGI, no illustration.","text, watermark, logo, caption, signature, border, frame, collage, multiple panels, cartoon, illustration, CGI, 3d render, low-poly, painting, anime, surreal, deformed, duplicate objects, extra limbs, blurry, out of focus, noise, oversaturated, posterized, artifacts, jpeg artifacts"
551,airplane,biplane,parked,an urban street,side profile,golden hour,clean,a professional photo,"a professional photo of a biplane airplane parked in an urban street, side profile, golden hour. single main subject, photorealistic color photo, natural colors, realistic texture, sharp focus on subject, no people, no text, no watermark, no logo, no border, no collage, no CGI, no illustration.","text, watermark, logo, caption, signature, border, frame, collage, multiple panels, cartoon, illustration, CGI, 3d render, low-poly, painting, anime, surreal, deformed, duplicate objects, extra limbs, blurry, out of focus, noise, oversaturated, posterized, artifacts, jpeg artifacts"
156,airplane,biplane,taking off,a gravel lot,wide shot,indoor soft window light,clean,a detailed photograph,"a detailed photograph of a biplane airplane taking off in a gravel lot, wide shot, indoor soft window light. single main subject, photorealistic color photo, natural colors, realistic texture, sharp focus on subject, no people, no text, no watermark, no logo, no border, no collage, no CGI, no illustration.","text, watermark, logo, caption, signature, border, frame, collage, multiple panels, cartoon, illustration, CGI, 3d render, low-poly, painting, anime, surreal, deformed, duplicate objects, extra limbs, blurry, out of focus, noise, oversaturated, posterized, artifacts, jpeg artifacts"
13,airplane,passenger jet,taxiing,a parking lot,front view,sunny afternoon,clean,an ultra-realistic rendering,"an ultra-realistic rendering of a passenger jet airplane taxiing in a parking lot, front view, sunny afternoon. single main subject, photorealistic color photo, natural colors, realistic texture, sharp focus on subject, no people, no text, no watermark, no logo, no border, no collage, no CGI, no illustration.","text, watermark, logo, caption, signature, border, frame, collage, multiple panels, cartoon, illustration, CGI, 3d render, low-poly, painting, anime, surreal, deformed, duplicate objects, extra limbs, blurry, out of focus, noise, oversaturated, posterized, artifacts, jpeg artifacts"
593,airplane,small prop airplane,taxiing,an urban street,wide shot,foggy morning,clean,a professional photo,"a professional photo of a small prop airplane taxiing in an urban street, wide shot, foggy morning. single main subject, photorealistic color photo, natural colors, realistic texture, sharp focus on subject, no people, no text, no watermark, no logo, no border, no collage, no CGI, no illustration.","text, watermark, logo, caption, signature, border, frame, collage, multiple panels, cartoon, illustration, CGI, 3d render, low-poly, painting, anime, surreal, deformed, duplicate objects, extra limbs, blurry, out of focus, noise, oversaturated, posterized, artifacts, jpeg artifacts"
622,airplane,seaplane,taking off,an urban street,wide shot,backlit rim light,clean,a professional photo,"a professional photo of a seaplane airplane taking off in an urban street, wide shot, backlit rim light. single main subject, photorealistic color photo, natural colors, realistic texture, sharp focus on subject, no people, no text, no watermark, no logo, no border, no collage, no CGI, no illustration.","text, watermark, logo, caption, signature, border, frame, collage, multiple panels, cartoon, illustration, CGI, 3d render, low-poly, painting, anime, surreal, deformed, duplicate objects, extra limbs, blurry, out of focus, noise, oversaturated, posterized, artifacts, jpeg artifacts"
105,airplane,glider,parked,a city park,slightly off-center framing,indoor soft window light,clean,an ultra-realistic rendering,"an ultra-realistic rendering of a glider airplane parked in a city park, slightly off-center framing, indoor soft window light. single main subject, photorealistic color photo, natural colors, realistic texture, sharp focus on subject, no people, no text, no watermark, no logo, no border, no collage, no CGI, no illustration.","text, watermark, logo, caption, signature, border, frame, collage, multiple panels, cartoon, illustration, CGI, 3d render, low-poly, painting, anime, surreal, deformed, duplicate objects, extra limbs, blurry, out of focus, noise, oversaturated, posterized, artifacts, jpeg artifacts"
50,airplane,passenger jet,taking off,a gravel lot,front view,foggy morning,clean,a high-quality image,"a high-quality image of a passenger jet airplane taking off in a gravel lot, front view, foggy morning. single main subject, photorealistic color photo, natural colors, realistic texture, sharp focus on subject, no people, no text, no watermark, no logo, no border, no collage, no CGI, no illustration.","text, watermark, logo, caption, signature, border, frame, collage, multiple panels, cartoon, illustration, CGI, 3d render, low-poly, painting, anime, surreal, deformed, duplicate objects, extra limbs, blurry, out of focus, noise, oversaturated, posterized, artifacts, jpeg artifacts"
904,airplane,passenger jet,taxiing,a gravel lot,low angle,rainy with wet reflections,hard,an ultra-realistic rendering,"an ultra-realistic rendering of a passenger jet airplane taxiing in a gravel lot, low angle, rainy with wet reflections. slight motion blur. single main subject, photorealistic color photo, natural colors, realistic texture, sharp focus on subject, no people, no text, no watermark, no logo, no border, no collage, no CGI, no illustration.","text, watermark, logo, caption, signature, border, frame, collage, multiple panels, cartoon, illustration, CGI, 3d render, low-poly, painting, anime, surreal, deformed, duplicate objects, extra limbs, blurry, out of focus, noise, oversaturated, posterized, artifacts, jpeg artifacts"
120,airplane,glider,taking off,an industrial yard,slightly off-center framing,sunny afternoon,clean,a finely detailed photo,"a finely detailed photo of a glider airplane taking off in an industrial yard, slightly off-center framing, sunny afternoon. single main subject, photorealistic color photo, natural colors, realistic texture, sharp focus on subject, no people, no text, no watermark, no logo, no border, no collage, no CGI, no illustration.","text, watermark, logo, caption, signature, border, frame, collage, multiple panels, cartoon, illustration, CGI, 3d render, low-poly, painting, anime, surreal, deformed, duplicate objects, extra limbs, blurry, out of focus, noise, oversaturated, posterized, artifacts, jpeg artifacts"
601,airplane,cargo plane,taking off,a gravel lot,close-up,nighttime under streetlights,clean,a professional photo,"a professional photo of a cargo plane airplane taking off in a gravel lot, close-up, nighttime under streetlights. single main subject, photorealistic color photo, natural colors, realistic texture, sharp focus on subject, no people, no text, no watermark, no logo, no border, no collage, no CGI, no illustration.","text, watermark, logo, caption, signature, border, frame, collage, multiple panels, cartoon, illustration, CGI, 3d render, low-poly, painting, anime, surreal, deformed, duplicate objects, extra limbs, blurry, out of focus, noise, oversaturated, posterized, artifacts, jpeg artifacts"
532,airplane,passenger jet,taxiing,a suburban neighborhood,close-up,golden hour,clean,an ultra-realistic rendering,"an ultra-realistic rendering of a passenger jet airplane taxiing in a suburban neighborhood, close-up, golden hour. single main subject, photorealistic color photo, natural colors, realistic texture, sharp focus on subject, no people, no text, no watermark, no logo, no border, no collage, no CGI, no illustration.","text, watermark, logo, caption, signature, border, frame, collage, multiple panels, cartoon, illustration, CGI, 3d render, low-poly, painting, anime, surreal, deformed, duplicate objects, extra limbs, blurry, out of focus, noise, oversaturated, posterized, artifacts, jpeg artifacts"
330,airplane,small prop airplane,parked,a quiet residential street,side profile,sunny afternoon,clean,a photorealistic color photo,"a photorealistic color photo of a small prop airplane parked in a quiet residential street, side profile, sunny afternoon. single main subject, photorealistic color photo, natural colors, realistic texture, sharp focus on subject, no people, no text, no watermark, no logo, no border, no collage, no CGI, no illustration.","text, watermark, logo, caption, signature, border, frame, collage, multiple panels, cartoon, illustration, CGI, 3d render, low-poly, painting, anime, surreal, deformed, duplicate objects, extra limbs, blurry, out of focus, noise, oversaturated, posterized, artifacts, jpeg artifacts"
802,airplane,cargo plane,taxiing,a grassy field,high angle,rainy with wet reflections,hard,a detailed photograph,"a detailed photograph of a cargo plane airplane taxiing in a grassy field, high angle, rainy with wet reflections. slight motion blur. single main subject, photorealistic color photo, natural colors, realistic texture, sharp focus on subject, no people, no text, no watermark, no logo, no border, no collage, no CGI, no illustration.","text, watermark, logo, caption, signature, border, frame, collage, multiple panels, cartoon, illustration, CGI, 3d render, low-poly, painting, anime, surreal, deformed, duplicate objects, extra limbs, blurry, out of focus, noise, oversaturated, posterized, artifacts, jpeg artifacts"
294,airplane,biplane,flying,a lakeside shore,high angle,nighttime under streetlights,clean,a high-quality image,"a high-quality image of a biplane airplane flying in a lakeside shore, high angle, nighttime under streetlights. single main subject, photorealistic color photo, natural colors, realistic texture, sharp focus on subject, no people, no text, no watermark, no logo, no border, no collage, no CGI, no illustration.","text, watermark, logo, caption, signature, border, frame, collage, multiple panels, cartoon, illustration, CGI, 3d render, low-poly, painting, anime, surreal, deformed, duplicate objects, extra limbs, blurry, out of focus, noise, oversaturated, posterized, artifacts, jpeg artifacts"
937,airplane,biplane,parked,a city park,distant subject in the background,golden hour,hard,a professional photo,"a professional photo of a biplane airplane parked in a city park, distant subject in the background, golden hour. in the distance. single main subject, photorealistic color photo, natural colors, realistic texture, sharp focus on subject, no people, no text, no watermark, no logo, no border, no collage, no CGI, no illustration.","text, watermark, logo, caption, signature, border, frame, collage, multiple panels, cartoon, illustration, CGI, 3d render, low-poly, painting, anime, surreal, deformed, duplicate objects, extra limbs, blurry, out of focus, noise, oversaturated, posterized, artifacts, jpeg artifacts"
230,airplane,glider,taxiing,a forest clearing,3/4 view,golden hour,clean,an ultra-realistic rendering,"an ultra-realistic rendering of a glider airplane taxiing in a forest clearing, 3/4 view, golden hour. single main subject, photorealistic color photo, natural colors, realistic texture, sharp focus on subject, no people, no text, no watermark, no logo, no border, no collage, no CGI, no illustration.","text, watermark, logo, caption, signature, border, frame, collage, multiple panels, cartoon, illustration, CGI, 3d render, low-poly, painting, anime, surreal, deformed, duplicate objects, extra limbs, blurry, out of focus, noise, oversaturated, posterized, artifacts, jpeg artifacts"
638,airplane,seaplane,taxiing,a suburban neighborhood,side profile,indoor soft window light,clean,an ultra-realistic rendering,"an ultra-realistic rendering of a seaplane airplane taxiing in a suburban neighborhood, side profile, indoor soft window light. single main subject, photorealistic color photo, natural colors, realistic texture, sharp focus on subject, no people, no text, no watermark, no logo, no border, no collage, no CGI, no illustration.","text, watermark, logo, caption, signature, border, frame, collage, multiple panels, cartoon, illustration, CGI, 3d render, low-poly, painting, anime, surreal, deformed, duplicate objects, extra limbs, blurry, out of focus, noise, oversaturated, posterized, artifacts, jpeg artifacts"
741,airplane,glider,parked,a wet roadway after rain,slightly off-center framing,indoor soft window light,clean,a finely detailed photo,"a finely detailed photo of a glider airplane parked in a wet roadway after rain, slightly off-center framing, indoor soft window light. single main subject, photorealistic color photo, natural colors, realistic texture, sharp focus on subject, no people, no text, no watermark, no logo, no border, no collage, no CGI, no illustration.","text, watermark, logo, caption, signature, border, frame, collage, multiple panels, cartoon, illustration, CGI, 3d render, low-poly, painting, anime, surreal, deformed, duplicate objects, extra limbs, blurry, out of focus, noise, oversaturated, posterized, artifacts, jpeg artifacts"
896,airplane,seaplane,parked,a grassy field,3/4 view,golden hour,hard,a high-quality image,"a high-quality image of a seaplane airplane parked in a grassy field, 3/4 view, golden hour. in the distance. single main subject, photorealistic color photo, natural colors, realistic texture, sharp focus on subject, no people, no text, no watermark, no logo, no border, no collage, no CGI, no illustration.","text, watermark, logo, caption, signature, border, frame, collage, multiple panels, cartoon, illustration, CGI, 3d render, low-poly, painting, anime, surreal, deformed, duplicate objects, extra limbs, blurry, out of focus, noise, oversaturated, posterized, artifacts, jpeg artifacts"
688,airplane,biplane,flying,a backyard,front view,sunny afternoon,clean,an ultra-realistic rendering,"an ultra-realistic rendering of a biplane airplane flying in a backyard, front view, sunny afternoon. single main subject, photorealistic color photo, natural colors, realistic texture, sharp focus on subject, no people, no text, no watermark, no logo, no border, no collage, no CGI, no illustration.","text, watermark, logo, caption, signature, border, frame, collage, multiple panels, cartoon, illustration, CGI, 3d render, low-poly, painting, anime, surreal, deformed, duplicate objects, extra limbs, blurry, out of focus, noise, oversaturated, posterized, artifacts, jpeg artifacts"
796,airplane,glider,flying,an industrial yard,front view,backlit rim light,clean,a detailed photograph,"a detailed photograph of a glider airplane flying in an industrial yard, front view, backlit rim light. single main subject, photorealistic color photo, natural colors, realistic texture, sharp focus on subject, no people, no text, no watermark, no logo, no border, no collage, no CGI, no illustration.","text, watermark, logo, caption, signature, border, frame, collage, multiple panels, cartoon, illustration, CGI, 3d render, low-poly, painting, anime, surreal, deformed, duplicate objects, extra limbs, blurry, out of focus, noise, oversaturated, posterized, artifacts, jpeg artifacts"
179,airplane,passenger jet,taking off,a sandy beach,low angle,indoor soft window light,clean,a professional photo,"a professional photo of a passenger jet airplane taking off in a sandy beach, low angle, indoor soft window light. single main subject, photorealistic color photo, natural colors, realistic texture, sharp focus on subject, no people, no text, no watermark, no logo, no border, no collage, no CGI, no illustration.","text, watermark, logo, caption, signature, border, frame, collage, multiple panels, cartoon, illustration, CGI, 3d render, low-poly, painting, anime, surreal, deformed, duplicate objects, extra limbs, blurry, out of focus, noise, oversaturated, posterized, artifacts, jpeg artifacts"
538,airplane,cargo plane,flying,a countryside road,3/4 view,nighttime under streetlights,clean,a detailed photograph,"a detailed photograph of a cargo plane airplane flying in a countryside road, 3/4 view, nighttime under streetlights. single main subject, photorealistic color photo, natural colors, realistic texture, sharp focus on subject, no people, no text, no watermark, no logo, no border, no collage, no CGI, no illustration.","text, watermark, logo, caption, signature, border, frame, collage, multiple panels, cartoon, illustration, CGI, 3d render, low-poly, painting, anime, surreal, deformed, duplicate objects, extra limbs, blurry, out of focus, noise, oversaturated, posterized, artifacts, jpeg artifacts"
931,airplane,small prop airplane,taxiing,a backyard,distant subject in the background,rainy with wet reflections,hard,an ultra-realistic rendering,"an ultra-realistic rendering of a small prop airplane taxiing in a backyard, distant subject in the background, rainy with wet reflections. in the distance. single main subject, photorealistic color photo, natural colors, realistic texture, sharp focus on subject, no people, no text, no watermark, no logo, no border, no collage, no CGI, no illustration.","text, watermark, logo, caption, signature, border, frame, collage, multiple panels, cartoon, illustration, CGI, 3d render, low-poly, painting, anime, surreal, deformed, duplicate objects, extra limbs, blurry, out of focus, noise, oversaturated, posterized, artifacts, jpeg artifacts"
390,airplane,seaplane,parked,a countryside road,low angle,rainy with wet reflections,clean,a professional photo,"a professional photo of a seaplane airplane parked in a countryside road, low angle, rainy with wet reflections. single main subject, photorealistic color photo, natural colors, realistic texture, sharp focus on subject, no people, no text, no watermark, no logo, no border, no collage, no CGI, no illustration.","text, watermark, logo, caption, signature, border, frame, collage, multiple panels, cartoon, illustration, CGI, 3d render, low-poly, painting, anime, surreal, deformed, duplicate objects, extra limbs, blurry, out of focus, noise, oversaturated, posterized, artifacts, jpeg artifacts"
484,airplane,small prop airplane,parked,a sandy beach,wide shot,indoor soft window light,clean,an ultra-realistic rendering,"an ultra-realistic rendering of a small prop airplane parked in a sandy beach, wide shot, indoor soft window light. single main subject, photorealistic color photo, natural colors, realistic texture, sharp focus on subject, no people, no text, no watermark, no logo, no border, no collage, no CGI, no illustration.","text, watermark, logo, caption, signature, border, frame, collage, multiple panels, cartoon, illustration, CGI, 3d render, low-poly, painting, anime, surreal, deformed, duplicate objects, extra limbs, blurry, out of focus, noise, oversaturated, posterized, artifacts, jpeg artifacts"
506,airplane,small prop airplane,flying,a suburban neighborhood,high angle,backlit rim light,clean,an ultra-realistic rendering,"an ultra-realistic rendering of a small prop airplane flying in a suburban neighborhood, high angle, backlit rim light. single main subject, photorealistic color photo, natural colors, realistic texture, sharp focus on subject, no people, no text, no watermark, no logo, no border, no collage, no CGI, no illustration.","text, watermark, logo, caption, signature, border, frame, collage, multiple panels, cartoon, illustration, CGI, 3d render, low-poly, painting, anime, surreal, deformed, duplicate objects, extra limbs, blurry, out of focus, noise, oversaturated, posterized, artifacts, jpeg artifacts"
4,airplane,biplane,parked,a wet roadway after rain,low angle,sunny afternoon,clean,a detailed photograph,"a detailed photograph of a biplane airplane parked in a wet roadway after rain, low angle, sunny afternoon. single main subject, photorealistic color photo, natural colors, realistic texture, sharp focus on subject, no people, no text, no watermark, no logo, no border, no collage, no CGI, no illustration.","text, watermark, logo, caption, signature, border, frame, collage, multiple panels, cartoon, illustration, CGI, 3d render, low-poly, painting, anime, surreal, deformed, duplicate objects, extra limbs, blurry, out of focus, noise, oversaturated, posterized, artifacts, jpeg artifacts"
517,airplane,glider,taxiing,a forest clearing,front view,overcast daylight,clean,a detailed photograph,"a detailed photograph of a glider airplane taxiing in a forest clearing, front view, overcast daylight. single main subject, photorealistic color photo, natural colors, realistic texture, sharp focus on subject, no people, no text, no watermark, no logo, no border, no collage, no CGI, no illustration.","text, watermark, logo, caption, signature, border, frame, collage, multiple panels, cartoon, illustration, CGI, 3d render, low-poly, painting, anime, surreal, deformed, duplicate objects, extra limbs, blurry, out of focus, noise, oversaturated, posterized, artifacts, jpeg artifacts"
689,airplane,seaplane,taxiing,a countryside road,front view,golden hour,clean,an ultra-realistic rendering,"an ultra-realistic rendering of a seaplane airplane taxiing in a countryside road, front view, golden hour. single main subject, photorealistic color photo, natural colors, realistic texture, sharp focus on subject, no people, no text, no watermark, no logo, no border, no collage, no CGI, no illustration.","text, watermark, logo, caption, signature, border, frame, collage, multiple panels, cartoon, illustration, CGI, 3d render, low-poly, painting, anime, surreal, deformed, duplicate objects, extra limbs, blurry, out of focus, noise, oversaturated, posterized, artifacts, jpeg artifacts"
434,airplane,glider,parked,a quiet residential street,close-up,indoor soft window light,clean,a professional photo,"a professional photo of a glider airplane parked in a quiet residential street, close-up, indoor soft window light. single main subject, photorealistic color photo, natural colors, realistic texture, sharp focus on subject, no people, no text, no watermark, no logo, no border, no collage, no CGI, no illustration.","text, watermark, logo, caption, signature, border, frame, collage, multiple panels, cartoon, illustration, CGI, 3d render, low-poly, painting, anime, surreal, deformed, duplicate objects, extra limbs, blurry, out of focus, noise, oversaturated, posterized, artifacts, jpeg artifacts"
75,airplane,seaplane,flying,a suburban neighborhood,wide shot,golden hour,clean,a professional photo,"a professional photo of a seaplane airplane flying in a suburban neighborhood, wide shot, golden hour. single main subject, photorealistic color photo, natural colors, realistic texture, sharp focus on subject, no people, no text, no watermark, no logo, no border, no collage, no CGI, no illustration.","text, watermark, logo, caption, signature, border, frame, collage, multiple panels, cartoon, illustration, CGI, 3d render, low-poly, painting, anime, surreal, deformed, duplicate objects, extra limbs, blurry, out of focus, noise, oversaturated, posterized, artifacts, jpeg artifacts"
260,airplane,glider,parked,a countryside road,slightly off-center framing,sunny afternoon,clean,a detailed photograph,"a detailed photograph of a glider airplane parked in a countryside road, slightly off-center framing, sunny afternoon. single main subject, photorealistic color photo, natural colors, realistic texture, sharp focus on subject, no people, no text, no watermark, no logo, no border, no collage, no CGI, no illustration.","text, watermark, logo, caption, signature, border, frame, collage, multiple panels, cartoon, illustration, CGI, 3d render, low-poly, painting, anime, surreal, deformed, duplicate objects, extra limbs, blurry, out of focus, noise, oversaturated, posterized, artifacts, jpeg artifacts"
302,airplane,passenger jet,taking off,a parking lot,side profile,backlit rim light,clean,a finely detailed photo,"a finely detailed photo of a passenger jet airplane taking off in a parking lot, side profile, backlit rim light. single main subject, photorealistic color photo, natural colors, realistic texture, sharp focus on subject, no people, no text, no watermark, no logo, no border, no collage, no CGI, no illustration.","text, watermark, logo, caption, signature, border, frame, collage, multiple panels, cartoon, illustration, CGI, 3d render, low-poly, painting, anime, surreal, deformed, duplicate objects, extra limbs, blurry, out of focus, noise, oversaturated, posterized, artifacts, jpeg artifacts"
934,airplane,seaplane,taxiing,an industrial yard,slightly off-center framing,nighttime under streetlights,hard,an ultra-realistic rendering,"an ultra-realistic rendering of a seaplane airplane taxiing in an industrial yard, slightly off-center framing, nighttime under streetlights. cropped slightly. single main subject, photorealistic color photo, natural colors, realistic texture, sharp focus on subject, no people, no text, no watermark, no logo, no border, no collage, no CGI, no illustration.","text, watermark, logo, caption, signature, border, frame, collage, multiple panels, cartoon, illustration, CGI, 3d render, low-poly, painting, anime, surreal, deformed, duplicate objects, extra limbs, blurry, out of focus, noise, oversaturated, posterized, artifacts, jpeg artifacts"
170,airplane,cargo plane,taxiing,a grassy field,wide shot,foggy morning,clean,a finely detailed photo,"a finely detailed photo of a cargo plane airplane taxiing in a grassy field, wide shot, foggy morning. single main subject, photorealistic color photo, natural colors, realistic texture, sharp focus on subject, no people, no text, no watermark, no logo, no border, no collage, no CGI, no illustration.","text, watermark, logo, caption, signature, border, frame, collage, multiple panels, cartoon, illustration, CGI, 3d render, low-poly, painting, anime, surreal, deformed, duplicate objects, extra limbs, blurry, out of focus, noise, oversaturated, posterized, artifacts, jpeg artifacts"
485,airplane,biplane,taking off,a wet roadway after rain,wide shot,sunny afternoon,clean,an ultra-realistic rendering,"an ultra-realistic rendering of a biplane airplane taking off in a wet roadway after rain, wide shot, sunny afternoon. single main subject, photorealistic color photo, natural colors, realistic texture, sharp focus on subject, no people, no text, no watermark, no logo, no border, no collage, no CGI, no illustration.","text, watermark, logo, caption, signature, border, frame, collage, multiple panels, cartoon, illustration, CGI, 3d render, low-poly, painting, anime, surreal, deformed, duplicate objects, extra limbs, blurry, out of focus, noise, oversaturated, posterized, artifacts, jpeg artifacts"
868,airplane,cargo plane,taxiing,a grassy field,front view,foggy morning,hard,a photorealistic color photo,"a photorealistic color photo of a cargo plane airplane taxiing in a grassy field, front view, foggy morning. busy background but still one main subject. single main subject, photorealistic color photo, natural colors, realistic texture, sharp focus on subject, no people, no text, no watermark, no logo, no border, no collage, no CGI, no illustration.","text, watermark, logo, caption, signature, border, frame, collage, multiple panels, cartoon, illustration, CGI, 3d render, low-poly, painting, anime, surreal, deformed, duplicate objects, extra limbs, blurry, out of focus, noise, oversaturated, posterized, artifacts, jpeg artifacts"
77,airplane,seaplane,taking off,a grassy field,slightly off-center framing,sunny afternoon,clean,a high-quality image,"a high-quality image of a seaplane airplane taking off in a grassy field, slightly off-center framing, sunny afternoon. single main subject, photorealistic color photo, natural colors, realistic texture, sharp focus on subject, no people, no text, no watermark, no logo, no border, no collage, no CGI, no illustration.","text, watermark, logo, caption, signature, border, frame, collage, multiple panels, cartoon, illustration, CGI, 3d render, low-poly, painting, anime, surreal, deformed, duplicate objects, extra limbs, blurry, out of focus, noise, oversaturated, posterized, artifacts, jpeg artifacts"
303,airplane,glider,taking off,an industrial yard,side profile,sunny afternoon,clean,an ultra-realistic rendering,"an ultra-realistic rendering of a glider airplane taking off in an industrial yard, side profile, sunny afternoon. single main subject, photorealistic color photo, natural colors, realistic texture, sharp focus on subject, no people, no text, no watermark, no logo, no border, no collage, no CGI, no illustration.","text, watermark, logo, caption, signature, border, frame, collage, multiple panels, cartoon, illustration, CGI, 3d render, low-poly, painting, anime, surreal, deformed, duplicate objects, extra limbs, blurry, out of focus, noise, oversaturated, posterized, artifacts, jpeg artifacts"
919,airplane,small prop airplane,flying,a sandy beach,low angle,backlit rim light,hard,a professional photo,"a professional photo of a small prop airplane flying in a sandy beach, low angle, backlit rim light. cropped slightly. single main subject, photorealistic color photo, natural colors, realistic texture, sharp focus on subject, no people, no text, no watermark, no logo, no border, no collage, no CGI, no illustration.","text, watermark, logo, caption, signature, border, frame, collage, multiple panels, cartoon, illustration, CGI, 3d render, low-poly, painting, anime, surreal, deformed, duplicate objects, extra limbs, blurry, out of focus, noise, oversaturated, posterized, artifacts, jpeg artifacts"
444,airplane,passenger jet,taking off,a sandy beach,high angle,golden hour,clean,a high-quality image,"a high-quality image of a passenger jet airplane taking off in a sandy beach, high angle, golden hour. single main subject, photorealistic color photo, natural colors, realistic texture, sharp focus on subject, no people, no text, no watermark, no logo, no border, no collage, no CGI, no illustration.","text, watermark, logo, caption, signature, border, frame, collage, multiple panels, cartoon, illustration, CGI, 3d render, low-poly, painting, anime, surreal, deformed, duplicate objects, extra limbs, blurry, out of focus, noise, oversaturated, posterized, artifacts, jpeg artifacts"
496,airplane,cargo plane,taxiing,a gravel lot,side profile,backlit rim light,clean,a professional photo,"a professional photo of a cargo plane airplane taxiing in a gravel lot, side profile, backlit rim light. single main subject, photorealistic color photo, natural colors, realistic texture, sharp focus on subject, no people, no text, no watermark, no logo, no border, no collage, no CGI, no illustration.","text, watermark, logo, caption, signature, border, frame, collage, multiple panels, cartoon, illustration, CGI, 3d render, low-poly, painting, anime, surreal, deformed, duplicate objects, extra limbs, blurry, out of focus, noise, oversaturated, posterized, artifacts, jpeg artifacts"
134,airplane,glider,taxiing,a parking lot,close-up,overcast daylight,clean,a professional photo,"a professional photo of a glider airplane taxiing in a parking lot, close-up, overcast daylight. single main subject, photorealistic color photo, natural colors, realistic texture, sharp focus on subject, no people, no text, no watermark, no logo, no border, no collage, no CGI, no illustration.","text, watermark, logo, caption, signature, border, frame, collage, multiple panels, cartoon, illustration, CGI, 3d render, low-poly, painting, anime, surreal, deformed, duplicate objects, extra limbs, blurry, out of focus, noise, oversaturated, posterized, artifacts, jpeg artifacts"
583,airplane,biplane,taking off,an urban street,high angle,foggy morning,clean,a photorealistic color photo,"a photorealistic color photo of a biplane airplane taking off in an urban street, high angle, foggy morning. single main subject, photorealistic color photo, natural colors, realistic texture, sharp focus on subject, no people, no text, no watermark, no logo, no border, no collage, no CGI, no illustration.","text, watermark, logo, caption, signature, border, frame, collage, multiple panels, cartoon, illustration, CGI, 3d render, low-poly, painting, anime, surreal, deformed, duplicate objects, extra limbs, blurry, out of focus, noise, oversaturated, posterized, artifacts, jpeg artifacts"
612,airplane,seaplane,taxiing,an urban street,wide shot,sunny afternoon,clean,a photorealistic color photo,"a photorealistic color photo of a seaplane airplane taxiing in an urban street, wide shot, sunny afternoon. single main subject, photorealistic color photo, natural colors, realistic texture, sharp focus on subject, no people, no text, no watermark, no logo, no border, no collage, no CGI, no illustration.","text, watermark, logo, caption, signature, border, frame, collage, multiple panels, cartoon, illustration, CGI, 3d render, low-poly, painting, anime, surreal, deformed, duplicate objects, extra limbs, blurry, out of focus, noise, oversaturated, posterized, artifacts, jpeg artifacts"
945,airplane,cargo plane,taxiing,a lakeside shore,slightly off-center framing,rainy with wet reflections,hard,a high-quality image,"a high-quality image of a cargo plane airplane taxiing in a lakeside shore, slightly off-center framing, rainy with wet reflections. partially occluded by a foreground object. single main subject, photorealistic color photo, natural colors, realistic texture, sharp focus on subject, no people, no text, no watermark, no logo, no border, no collage, no CGI, no illustration.","text, watermark, logo, caption, signature, border, frame, collage, multiple panels, cartoon, illustration, CGI, 3d render, low-poly, painting, anime, surreal, deformed, duplicate objects, extra limbs, blurry, out of focus, noise, oversaturated, posterized, artifacts, jpeg artifacts"
654,airplane,cargo plane,parked,a forest clearing,wide shot,indoor soft window light,clean,a detailed photograph,"a detailed photograph of a cargo plane airplane parked in a forest clearing, wide shot, indoor soft window light. single main subject, photorealistic color photo, natural colors, realistic texture, sharp focus on subject, no people, no text, no watermark, no logo, no border, no collage, no CGI, no illustration.","text, watermark, logo, caption, signature, border, frame, collage, multiple panels, cartoon, illustration, CGI, 3d render, low-poly, painting, anime, surreal, deformed, duplicate objects, extra limbs, blurry, out of focus, noise, oversaturated, posterized, artifacts, jpeg artifacts"
531,airplane,passenger jet,parked,a gravel lot,high angle,sunny afternoon,clean,an ultra-realistic rendering,"an ultra-realistic rendering of a passenger jet airplane parked in a gravel lot, high angle, sunny afternoon. single main subject, photorealistic color photo, natural colors, realistic texture, sharp focus on subject, no people, no text, no watermark, no logo, no border, no collage, no CGI, no illustration.","text, watermark, logo, caption, signature, border, frame, collage, multiple panels, cartoon, illustration, CGI, 3d render, low-poly, painting, anime, surreal, deformed, duplicate objects, extra limbs, blurry, out of focus, noise, oversaturated, posterized, artifacts, jpeg artifacts"
745,airplane,passenger jet,taxiing,an urban street,close-up,nighttime under streetlights,clean,an ultra-realistic rendering,"an ultra-realistic rendering of a passenger jet airplane taxiing in an urban street, close-up, nighttime under streetlights. single main subject, photorealistic color photo, natural colors, realistic texture, sharp focus on subject, no people, no text, no watermark, no logo, no border, no collage, no CGI, no illustration.","text, watermark, logo, caption, signature, border, frame, collage, multiple panels, cartoon, illustration, CGI, 3d render, low-poly, painting, anime, surreal, deformed, duplicate objects, extra limbs, blurry, out of focus, noise, oversaturated, posterized, artifacts, jpeg artifacts"
192,airplane,small prop airplane,flying,a forest clearing,slightly off-center framing,backlit rim light,clean,a photorealistic color photo,"a photorealistic color photo of a small prop airplane flying in a forest clearing, slightly off-center framing, backlit rim light. single main subject, photorealistic color photo, natural colors, realistic texture, sharp focus on subject, no people, no text, no watermark, no logo, no border, no collage, no CGI, no illustration.","text, watermark, logo, caption, signature, border, frame, collage, multiple panels, cartoon, illustration, CGI, 3d render, low-poly, painting, anime, surreal, deformed, duplicate objects, extra limbs, blurry, out of focus, noise, oversaturated, posterized, artifacts, jpeg artifacts"
427,airplane,small prop airplane,taxiing,a quiet residential street,high angle,sunny afternoon,clean,an ultra-realistic rendering,"an ultra-realistic rendering of a small prop airplane taxiing in a quiet residential street, high angle, sunny afternoon. single main subject, photorealistic color photo, natural colors, realistic texture, sharp focus on subject, no people, no text, no watermark, no logo, no border, no collage, no CGI, no illustration.","text, watermark, logo, caption, signature, border, frame, collage, multiple panels, cartoon, illustration, CGI, 3d render, low-poly, painting, anime, surreal, deformed, duplicate objects, extra limbs, blurry, out of focus, noise, oversaturated, posterized, artifacts, jpeg artifacts"
827,airplane,biplane,flying,a quiet residential street,high angle,rainy with wet reflections,hard,a detailed photograph,"a detailed photograph of a biplane airplane flying in a quiet residential street, high angle, rainy with wet reflections. partially occluded by a foreground object. single main subject, photorealistic color photo, natural colors, realistic texture, sharp focus on subject, no people, no text, no watermark, no logo, no border, no collage, no CGI, no illustration.","text, watermark, logo, caption, signature, border, frame, collage, multiple panels, cartoon, illustration, CGI, 3d render, low-poly, painting, anime, surreal, deformed, duplicate objects, extra limbs, blurry, out of focus, noise, oversaturated, posterized, artifacts, jpeg artifacts"
510,airplane,seaplane,flying,a wet roadway after rain,3/4 view,rainy with wet reflections,clean,an ultra-realistic rendering,"an ultra-realistic rendering of a seaplane airplane flying in a wet roadway after rain, 3/4 view, rainy with wet reflections. single main subject, photorealistic color photo, natural colors, realistic texture, sharp focus on subject, no people, no text, no watermark, no logo, no border, no collage, no CGI, no illustration.","text, watermark, logo, caption, signature, border, frame, collage, multiple panels, cartoon, illustration, CGI, 3d render, low-poly, painting, anime, surreal, deformed, duplicate objects, extra limbs, blurry, out of focus, noise, oversaturated, posterized, artifacts, jpeg artifacts"
402,airplane,cargo plane,flying,a city park,side profile,indoor soft window light,clean,a photorealistic color photo,"a photorealistic color photo of a cargo plane airplane flying in a city park, side profile, indoor soft window light. single main subject, photorealistic color photo, natural colors, realistic texture, sharp focus on subject, no people, no text, no watermark, no logo, no border, no collage, no CGI, no illustration.","text, watermark, logo, caption, signature, border, frame, collage, multiple panels, cartoon, illustration, CGI, 3d render, low-poly, painting, anime, surreal, deformed, duplicate objects, extra limbs, blurry, out of focus, noise, oversaturated, posterized, artifacts, jpeg artifacts"
91,airplane,biplane,parked,a backyard,front view,overcast daylight,clean,an ultra-realistic rendering,"an ultra-realistic rendering of a biplane airplane parked in a backyard, front view, overcast daylight. single main subject, photorealistic color photo, natural colors, realistic texture, sharp focus on subject, no people, no text, no watermark, no logo, no border, no collage, no CGI, no illustration.","text, watermark, logo, caption, signature, border, frame, collage, multiple panels, cartoon, illustration, CGI, 3d render, low-poly, painting, anime, surreal, deformed, duplicate objects, extra limbs, blurry, out of focus, noise, oversaturated, posterized, artifacts, jpeg artifacts"
184,airplane,seaplane,parked,a parking lot,low angle,backlit rim light,clean,a high-quality image,"a high-quality image of a seaplane airplane parked in a parking lot, low angle, backlit rim light. single main subject, photorealistic color photo, natural colors, realistic texture, sharp focus on subject, no people, no text, no watermark, no logo, no border, no collage, no CGI, no illustration.","text, watermark, logo, caption, signature, border, frame, collage, multiple panels, cartoon, illustration, CGI, 3d render, low-poly, painting, anime, surreal, deformed, duplicate objects, extra limbs, blurry, out of focus, noise, oversaturated, posterized, artifacts, jpeg artifacts"
533,airplane,biplane,parked,a wet roadway after rain,front view,backlit rim light,clean,an ultra-realistic rendering,"an ultra-realistic rendering of a biplane airplane parked in a wet roadway after rain, front view, backlit rim light. single main subject, photorealistic color photo, natural colors, realistic texture, sharp focus on subject, no people, no text, no watermark, no logo, no border, no collage, no CGI, no illustration.","text, watermark, logo, caption, signature, border, frame, collage, multiple panels, cartoon, illustration, CGI, 3d render, low-poly, painting, anime, surreal, deformed, duplicate objects, extra limbs, blurry, out of focus, noise, oversaturated, posterized, artifacts, jpeg artifacts"
216,airplane,passenger jet,taxiing,a countryside road,side profile,rainy with wet reflections,clean,a finely detailed photo,"a finely detailed photo of a passenger jet airplane taxiing in a countryside road, side profile, rainy with wet reflections. single main subject, photorealistic color photo, natural colors, realistic texture, sharp focus on subject, no people, no text, no watermark, no logo, no border, no collage, no CGI, no illustration.","text, watermark, logo, caption, signature, border, frame, collage, multiple panels, cartoon, illustration, CGI, 3d render, low-poly, painting, anime, surreal, deformed, duplicate objects, extra limbs, blurry, out of focus, noise, oversaturated, posterized, artifacts, jpeg artifacts"
735,airplane,biplane,flying,a quiet residential street,side profile,overcast daylight,clean,a professional photo,"a professional photo of a biplane airplane flying in a quiet residential street, side profile, overcast daylight. single main subject, photorealistic color photo, natural colors, realistic texture, sharp focus on subject, no people, no text, no watermark, no logo, no border, no collage, no CGI, no illustration.","text, watermark, logo, caption, signature, border, frame, collage, multiple panels, cartoon, illustration, CGI, 3d render, low-poly, painting, anime, surreal, deformed, duplicate objects, extra limbs, blurry, out of focus, noise, oversaturated, posterized, artifacts, jpeg artifacts"
639,airplane,seaplane,parked,an industrial yard,slightly off-center framing,rainy with wet reflections,clean,a finely detailed photo,"a finely detailed photo of a seaplane airplane parked in an industrial yard, slightly off-center framing, rainy with wet reflections. single main subject, photorealistic color photo, natural colors, realistic texture, sharp focus on subject, no people, no text, no watermark, no logo, no border, no collage, no CGI, no illustration.","text, watermark, logo, caption, signature, border, frame, collage, multiple panels, cartoon, illustration, CGI, 3d render, low-poly, painting, anime, surreal, deformed, duplicate objects, extra limbs, blurry, out of focus, noise, oversaturated, posterized, artifacts, jpeg artifacts"
462,airplane,cargo plane,parked,an industrial yard,slightly off-center framing,backlit rim light,clean,an ultra-realistic rendering,"an ultra-realistic rendering of a cargo plane airplane parked in an industrial yard, slightly off-center framing, backlit rim light. single main subject, photorealistic color photo, natural colors, realistic texture, sharp focus on subject, no people, no text, no watermark, no logo, no border, no collage, no CGI, no illustration.","text, watermark, logo, caption, signature, border, frame, collage, multiple panels, cartoon, illustration, CGI, 3d render, low-poly, painting, anime, surreal, deformed, duplicate objects, extra limbs, blurry, out of focus, noise, oversaturated, posterized, artifacts, jpeg artifacts"
664,airplane,biplane,parked,a countryside road,wide shot,indoor soft window light,clean,an ultra-realistic rendering,"an ultra-realistic rendering of a biplane airplane parked in a countryside road, wide shot, indoor soft window light. single main subject, photorealistic color photo, natural colors, realistic texture, sharp focus on subject, no people, no text, no watermark, no logo, no border, no collage, no CGI, no illustration.","text, watermark, logo, caption, signature, border, frame, collage, multiple panels, cartoon, illustration, CGI, 3d render, low-poly, painting, anime, surreal, deformed, duplicate objects, extra limbs, blurry, out of focus, noise, oversaturated, posterized, artifacts, jpeg artifacts"
652,airplane,glider,parked,an industrial yard,wide shot,indoor soft window light,clean,a finely detailed photo,"a finely detailed photo of a glider airplane parked in an industrial yard, wide shot, indoor soft window light. single main subject, photorealistic color photo, natural colors, realistic texture, sharp focus on subject, no people, no text, no watermark, no logo, no border, no collage, no CGI, no illustration.","text, watermark, logo, caption, signature, border, frame, collage, multiple panels, cartoon, illustration, CGI, 3d render, low-poly, painting, anime, surreal, deformed, duplicate objects, extra limbs, blurry, out of focus, noise, oversaturated, posterized, artifacts, jpeg artifacts"
742,airplane,seaplane,parked,a quiet residential street,wide shot,sunny afternoon,clean,an ultra-realistic rendering,"an ultra-realistic rendering of a seaplane airplane parked in a quiet residential street, wide shot, sunny afternoon. single main subject, photorealistic color photo, natural colors, realistic texture, sharp focus on subject, no people, no text, no watermark, no logo, no border, no collage, no CGI, no illustration.","text, watermark, logo, caption, signature, border, frame, collage, multiple panels, cartoon, illustration, CGI, 3d render, low-poly, painting, anime, surreal, deformed, duplicate objects, extra limbs, blurry, out of focus, noise, oversaturated, posterized, artifacts, jpeg artifacts"
780,airplane,seaplane,parked,a grassy field,low angle,sunny afternoon,clean,a professional photo,"a professional photo of a seaplane airplane parked in a grassy field, low angle, sunny afternoon. single main subject, photorealistic color photo, natural colors, realistic texture, sharp focus on subject, no people, no text, no watermark, no logo, no border, no collage, no CGI, no illustration.","text, watermark, logo, caption, signature, border, frame, collage, multiple panels, cartoon, illustration, CGI, 3d render, low-poly, painting, anime, surreal, deformed, duplicate objects, extra limbs, blurry, out of focus, noise, oversaturated, posterized, artifacts, jpeg artifacts"
273,airplane,small prop airplane,flying,a quiet residential street,low angle,nighttime under streetlights,clean,a high-quality image,"a high-quality image of a small prop airplane flying in a quiet residential street, low angle, nighttime under streetlights. single main subject, photorealistic color photo, natural colors, realistic texture, sharp focus on subject, no people, no text, no watermark, no logo, no border, no collage, no CGI, no illustration.","text, watermark, logo, caption, signature, border, frame, collage, multiple panels, cartoon, illustration, CGI, 3d render, low-poly, painting, anime, surreal, deformed, duplicate objects, extra limbs, blurry, out of focus, noise, oversaturated, posterized, artifacts, jpeg artifacts"
818,airplane,small prop airplane,parked,a quiet residential street,front view,golden hour,hard,a photorealistic color photo,"a photorealistic color photo of a small prop airplane parked in a quiet residential street, front view, golden hour. busy background but still one main subject. single main subject, photorealistic color photo, natural colors, realistic texture, sharp focus on subject, no people, no text, no watermark, no logo, no border, no collage, no CGI, no illustration.","text, watermark, logo, caption, signature, border, frame, collage, multiple panels, cartoon, illustration, CGI, 3d render, low-poly, painting, anime, surreal, deformed, duplicate objects, extra limbs, blurry, out of focus, noise, oversaturated, posterized, artifacts, jpeg artifacts"
342,airplane,glider,flying,a suburban neighborhood,front view,overcast daylight,clean,a photorealistic color photo,"a photorealistic color photo of a glider airplane flying in a suburban neighborhood, front view, overcast daylight. single main subject, photorealistic color photo, natural colors, realistic texture, sharp focus on subject, no people, no text, no watermark, no logo, no border, no collage, no CGI, no illustration.","text, watermark, logo, caption, signature, border, frame, collage, multiple panels, cartoon, illustration, CGI, 3d render, low-poly, painting, anime, surreal, deformed, duplicate objects, extra limbs, blurry, out of focus, noise, oversaturated, posterized, artifacts, jpeg artifacts"
452,airplane,passenger jet,taxiing,an urban street,3/4 view,sunny afternoon,clean,a photorealistic color photo,"a photorealistic color photo of a passenger jet airplane taxiing in an urban street, 3/4 view, sunny afternoon. single main subject, photorealistic color photo, natural colors, realistic texture, sharp focus on subject, no people, no text, no watermark, no logo, no border, no collage, no CGI, no illustration.","text, watermark, logo, caption, signature, border, frame, collage, multiple panels, cartoon, illustration, CGI, 3d render, low-poly, painting, anime, surreal, deformed, duplicate objects, extra limbs, blurry, out of focus, noise, oversaturated, posterized, artifacts, jpeg artifacts"
977,airplane,glider,flying,a backyard,distant subject in the background,golden hour,hard,a detailed photograph,"a detailed photograph of a glider airplane flying in a backyard, distant subject in the background, golden hour. cropped slightly. single main subject, photorealistic color photo, natural colors, realistic texture, sharp focus on subject, no people, no text, no watermark, no logo, no border, no collage, no CGI, no illustration.","text, watermark, logo, caption, signature, border, frame, collage, multiple panels, cartoon, illustration, CGI, 3d render, low-poly, painting, anime, surreal, deformed, duplicate objects, extra limbs, blurry, out of focus, noise, oversaturated, posterized, artifacts, jpeg artifacts"
526,airplane,biplane,parked,an industrial yard,front view,sunny afternoon,clean,a photorealistic color photo,"a photorealistic color photo of a biplane airplane parked in an industrial yard, front view, sunny afternoon. single main subject, photorealistic color photo, natural colors, realistic texture, sharp focus on subject, no people, no text, no watermark, no logo, no border, no collage, no CGI, no illustration.","text, watermark, logo, caption, signature, border, frame, collage, multiple panels, cartoon, illustration, CGI, 3d render, low-poly, painting, anime, surreal, deformed, duplicate objects, extra limbs, blurry, out of focus, noise, oversaturated, posterized, artifacts, jpeg artifacts"
112,airplane,biplane,taxiing,an industrial yard,high angle,overcast daylight,clean,a high-quality image,"a high-quality image of a biplane airplane taxiing in an industrial yard, high angle, overcast daylight. single main subject, photorealistic color photo, natural colors, realistic texture, sharp focus on subject, no people, no text, no watermark, no logo, no border, no collage, no CGI, no illustration.","text, watermark, logo, caption, signature, border, frame, collage, multiple panels, cartoon, illustration, CGI, 3d render, low-poly, painting, anime, surreal, deformed, duplicate objects, extra limbs, blurry, out of focus, noise, oversaturated, posterized, artifacts, jpeg artifacts"
186,airplane,biplane,taxiing,a suburban neighborhood,close-up,rainy with wet reflections,clean,a professional photo,"a professional photo of a biplane airplane taxiing in a suburban neighborhood, close-up, rainy with wet reflections. single main subject, photorealistic color photo, natural colors, realistic texture, sharp focus on subject, no people, no text, no watermark, no logo, no border, no collage, no CGI, no illustration.","text, watermark, logo, caption, signature, border, frame, collage, multiple panels, cartoon, illustration, CGI, 3d render, low-poly, painting, anime, surreal, deformed, duplicate objects, extra limbs, blurry, out of focus, noise, oversaturated, posterized, artifacts, jpeg artifacts"
246,airplane,cargo plane,parked,a backyard,close-up,foggy morning,clean,a professional photo,"a professional photo of a cargo plane airplane parked in a backyard, close-up, foggy morning. single main subject, photorealistic color photo, natural colors, realistic texture, sharp focus on subject, no people, no text, no watermark, no logo, no border, no collage, no CGI, no illustration.","text, watermark, logo, caption, signature, border, frame, collage, multiple panels, cartoon, illustration, CGI, 3d render, low-poly, painting, anime, surreal, deformed, duplicate objects, extra limbs, blurry, out of focus, noise, oversaturated, posterized, artifacts, jpeg artifacts"
512,airplane,glider,taxiing,an urban street,side profile,nighttime under streetlights,clean,a photorealistic color photo,"a photorealistic color photo of a glider airplane taxiing in an urban street, side profile, nighttime under streetlights. single main subject, photorealistic color photo, natural colors, realistic texture, sharp focus on subject, no people, no text, no watermark, no logo, no border, no collage, no CGI, no illustration.","text, watermark, logo, caption, signature, border, frame, collage, multiple panels, cartoon, illustration, CGI, 3d render, low-poly, painting, anime, surreal, deformed, duplicate objects, extra limbs, blurry, out of focus, noise, oversaturated, posterized, artifacts, jpeg artifacts"
344,airplane,glider,taking off,a sandy beach,side profile,sunny afternoon,clean,a detailed photograph,"a detailed photograph of a glider airplane taking off in a sandy beach, side profile, sunny afternoon. single main subject, photorealistic color photo, natural colors, realistic texture, sharp focus on subject, no people, no text, no watermark, no logo, no border, no collage, no CGI, no illustration.","text, watermark, logo, caption, signature, border, frame, collage, multiple panels, cartoon, illustration, CGI, 3d render, low-poly, painting, anime, surreal, deformed, duplicate objects, extra limbs, blurry, out of focus, noise, oversaturated, posterized, artifacts, jpeg artifacts"
252,airplane,glider,parked,a backyard,close-up,nighttime under streetlights,clean,a detailed photograph,"a detailed photograph of a glider airplane parked in a backyard, close-up, nighttime under streetlights. single main subject, photorealistic color photo, natural colors, realistic texture, sharp focus on subject, no people, no text, no watermark, no logo, no border, no collage, no CGI, no illustration.","text, watermark, logo, caption, signature, border, frame, collage, multiple panels, cartoon, illustration, CGI, 3d render, low-poly, painting, anime, surreal, deformed, duplicate objects, extra limbs, blurry, out of focus, noise, oversaturated, posterized, artifacts, jpeg artifacts"
272,airplane,glider,taxiing,an industrial yard,low angle,rainy with wet reflections,clean,an ultra-realistic rendering,"an ultra-realistic rendering of a glider airplane taxiing in an industrial yard, low angle, rainy with wet reflections. single main subject, photorealistic color photo, natural colors, realistic texture, sharp focus on subject, no people, no text, no watermark, no logo, no border, no collage, no CGI, no illustration.","text, watermark, logo, caption, signature, border, frame, collage, multiple panels, cartoon, illustration, CGI, 3d render, low-poly, painting, anime, surreal, deformed, duplicate objects, extra limbs, blurry, out of focus, noise, oversaturated, posterized, artifacts, jpeg artifacts"
289,airplane,small prop airplane,flying,a wet roadway after rain,low angle,rainy with wet reflections,clean,a photorealistic color photo,"a photorealistic color photo of a small prop airplane flying in a wet roadway after rain, low angle, rainy with wet reflections. single main subject, photorealistic color photo, natural colors, realistic texture, sharp focus on subject, no people, no text, no watermark, no logo, no border, no collage, no CGI, no illustration.","text, watermark, logo, caption, signature, border, frame, collage, multiple panels, cartoon, illustration, CGI, 3d render, low-poly, painting, anime, surreal, deformed, duplicate objects, extra limbs, blurry, out of focus, noise, oversaturated, posterized, artifacts, jpeg artifacts"
356,airplane,seaplane,flying,a gravel lot,wide shot,rainy with wet reflections,clean,a high-quality image,"a high-quality image of a seaplane airplane flying in a gravel lot, wide shot, rainy with wet reflections. single main subject, photorealistic color photo, natural colors, realistic texture, sharp focus on subject, no people, no text, no watermark, no logo, no border, no collage, no CGI, no illustration.","text, watermark, logo, caption, signature, border, frame, collage, multiple panels, cartoon, illustration, CGI, 3d render, low-poly, painting, anime, surreal, deformed, duplicate objects, extra limbs, blurry, out of focus, noise, oversaturated, posterized, artifacts, jpeg artifacts"
709,airplane,cargo plane,taxiing,a sandy beach,close-up,foggy morning,clean,a finely detailed photo,"a finely detailed photo of a cargo plane airplane taxiing in a sandy beach, close-up, foggy morning. single main subject, photorealistic color photo, natural colors, realistic texture, sharp focus on subject, no people, no text, no watermark, no logo, no border, no collage, no CGI, no illustration.","text, watermark, logo, caption, signature, border, frame, collage, multiple panels, cartoon, illustration, CGI, 3d render, low-poly, painting, anime, surreal, deformed, duplicate objects, extra limbs, blurry, out of focus, noise, oversaturated, posterized, artifacts, jpeg artifacts"
275,airplane,passenger jet,taking off,a countryside road,side profile,overcast daylight,clean,a detailed photograph,"a detailed photograph of a passenger jet airplane taking off in a countryside road, side profile, overcast daylight. single main subject, photorealistic color photo, natural colors, realistic texture, sharp focus on subject, no people, no text, no watermark, no logo, no border, no collage, no CGI, no illustration.","text, watermark, logo, caption, signature, border, frame, collage, multiple panels, cartoon, illustration, CGI, 3d render, low-poly, painting, anime, surreal, deformed, duplicate objects, extra limbs, blurry, out of focus, noise, oversaturated, posterized, artifacts, jpeg artifacts"
967,airplane,seaplane,taking off,a parking lot,high angle,rainy with wet reflections,hard,a photorealistic color photo,"a photorealistic color photo of a seaplane airplane taking off in a parking lot, high angle, rainy with wet reflections. cropped slightly. single main subject, photorealistic color photo, natural colors, realistic texture, sharp focus on subject, no people, no text, no watermark, no logo, no border, no collage, no CGI, no illustration.","text, watermark, logo, caption, signature, border, frame, collage, multiple panels, cartoon, illustration, CGI, 3d render, low-poly, painting, anime, surreal, deformed, duplicate objects, extra limbs, blurry, out of focus, noise, oversaturated, posterized, artifacts, jpeg artifacts"
574,airplane,glider,parked,a lakeside shore,low angle,indoor soft window light,clean,an ultra-realistic rendering,"an ultra-realistic rendering of a glider airplane parked in a lakeside shore, low angle, indoor soft window light. single main subject, photorealistic color photo, natural colors, realistic texture, sharp focus on subject, no people, no text, no watermark, no logo, no border, no collage, no CGI, no illustration.","text, watermark, logo, caption, signature, border, frame, collage, multiple panels, cartoon, illustration, CGI, 3d render, low-poly, painting, anime, surreal, deformed, duplicate objects, extra limbs, blurry, out of focus, noise, oversaturated, posterized, artifacts, jpeg artifacts"
316,airplane,passenger jet,taxiing,a lakeside shore,front view,foggy morning,clean,an ultra-realistic rendering,"an ultra-realistic rendering of a passenger jet airplane taxiing in a lakeside shore, front view, foggy morning. single main subject, photorealistic color photo, natural colors, realistic texture, sharp focus on subject, no people, no text, no watermark, no logo, no border, no collage, no CGI, no illustration.","text, watermark, logo, caption, signature, border, frame, collage, multiple panels, cartoon, illustration, CGI, 3d render, low-poly, painting, anime, surreal, deformed, duplicate objects, extra limbs, blurry, out of focus, noise, oversaturated, posterized, artifacts, jpeg artifacts"
884,airplane,cargo plane,taxiing,a sandy beach,3/4 view,indoor soft window light,hard,a photorealistic color photo,"a photorealistic color photo of a cargo plane airplane taxiing in a sandy beach, 3/4 view, indoor soft window light. busy background but still one main subject. single main subject, photorealistic color photo, natural colors, realistic texture, sharp focus on subject, no people, no text, no watermark, no logo, no border, no collage, no CGI, no illustration.","text, watermark, logo, caption, signature, border, frame, collage, multiple panels, cartoon, illustration, CGI, 3d render, low-poly, painting, anime, surreal, deformed, duplicate objects, extra limbs, blurry, out of focus, noise, oversaturated, posterized, artifacts, jpeg artifacts"
197,airplane,glider,taking off,a gravel lot,slightly off-center framing,backlit rim light,clean,a photorealistic color photo,"a photorealistic color photo of a glider airplane taking off in a gravel lot, slightly off-center framing, backlit rim light. single main subject, photorealistic color photo, natural colors, realistic texture, sharp focus on subject, no people, no text, no watermark, no logo, no border, no collage, no CGI, no illustration.","text, watermark, logo, caption, signature, border, frame, collage, multiple panels, cartoon, illustration, CGI, 3d render, low-poly, painting, anime, surreal, deformed, duplicate objects, extra limbs, blurry, out of focus, noise, oversaturated, posterized, artifacts, jpeg artifacts"
852,airplane,biplane,taxiing,a gravel lot,front view,backlit rim light,hard,a high-quality image,"a high-quality image of a biplane airplane taxiing in a gravel lot, front view, backlit rim light. in the distance. single main subject, photorealistic color photo, natural colors, realistic texture, sharp focus on subject, no people, no text, no watermark, no logo, no border, no collage, no CGI, no illustration.","text, watermark, logo, caption, signature, border, frame, collage, multiple panels, cartoon, illustration, CGI, 3d render, low-poly, painting, anime, surreal, deformed, duplicate objects, extra limbs, blurry, out of focus, noise, oversaturated, posterized, artifacts, jpeg artifacts"
467,airplane,small prop airplane,parked,a grassy field,3/4 view,rainy with wet reflections,clean,a finely detailed photo,"a finely detailed photo of a small prop airplane parked in a grassy field, 3/4 view, rainy with wet reflections. single main subject, photorealistic color photo, natural colors, realistic texture, sharp focus on subject, no people, no text, no watermark, no logo, no border, no collage, no CGI, no illustration.","text, watermark, logo, caption, signature, border, frame, collage, multiple panels, cartoon, illustration, CGI, 3d render, low-poly, painting, anime, surreal, deformed, duplicate objects, extra limbs, blurry, out of focus, noise, oversaturated, posterized, artifacts, jpeg artifacts"
751,airplane,cargo plane,parked,a wet roadway after rain,close-up,golden hour,clean,a high-quality image,"a high-quality image of a cargo plane airplane parked in a wet roadway after rain, close-up, golden hour. single main subject, photorealistic color photo, natural colors, realistic texture, sharp focus on subject, no people, no text, no watermark, no logo, no border, no collage, no CGI, no illustration.","text, watermark, logo, caption, signature, border, frame, collage, multiple panels, cartoon, illustration, CGI, 3d render, low-poly, painting, anime, surreal, deformed, duplicate objects, extra limbs, blurry, out of focus, noise, oversaturated, posterized, artifacts, jpeg artifacts"
834,airplane,passenger jet,taking off,a sandy beach,3/4 view,golden hour,hard,an ultra-realistic rendering,"an ultra-realistic rendering of a passenger jet airplane taking off in a sandy beach, 3/4 view, golden hour. in the distance. single main subject, photorealistic color photo, natural colors, realistic texture, sharp focus on subject, no people, no text, no watermark, no logo, no border, no collage, no CGI, no illustration.","text, watermark, logo, caption, signature, border, frame, collage, multiple panels, cartoon, illustration, CGI, 3d render, low-poly, painting, anime, surreal, deformed, duplicate objects, extra limbs, blurry, out of focus, noise, oversaturated, posterized, artifacts, jpeg artifacts"
969,airplane,seaplane,taxiing,a backyard,low angle,nighttime under streetlights,hard,an ultra-realistic rendering,"an ultra-realistic rendering of a seaplane airplane taxiing in a backyard, low angle, nighttime under streetlights. in the distance. single main subject, photorealistic color photo, natural colors, realistic texture, sharp focus on subject, no people, no text, no watermark, no logo, no border, no collage, no CGI, no illustration.","text, watermark, logo, caption, signature, border, frame, collage, multiple panels, cartoon, illustration, CGI, 3d render, low-poly, painting, anime, surreal, deformed, duplicate objects, extra limbs, blurry, out of focus, noise, oversaturated, posterized, artifacts, jpeg artifacts"
212,airplane,seaplane,flying,a parking lot,side profile,backlit rim light,clean,a photorealistic color photo,"a photorealistic color photo of a seaplane airplane flying in a parking lot, side profile, backlit rim light. single main subject, photorealistic color photo, natural colors, realistic texture, sharp focus on subject, no people, no text, no watermark, no logo, no border, no collage, no CGI, no illustration.","text, watermark, logo, caption, signature, border, frame, collage, multiple panels, cartoon, illustration, CGI, 3d render, low-poly, painting, anime, surreal, deformed, duplicate objects, extra limbs, blurry, out of focus, noise, oversaturated, posterized, artifacts, jpeg artifacts"
799,airplane,small prop airplane,flying,a gravel lot,wide shot,golden hour,clean,a detailed photograph,"a detailed photograph of a small prop airplane flying in a gravel lot, wide shot, golden hour. single main subject, photorealistic color photo, natural colors, realistic texture, sharp focus on subject, no people, no text, no watermark, no logo, no border, no collage, no CGI, no illustration.","text, watermark, logo, caption, signature, border, frame, collage, multiple panels, cartoon, illustration, CGI, 3d render, low-poly, painting, anime, surreal, deformed, duplicate objects, extra limbs, blurry, out of focus, noise, oversaturated, posterized, artifacts, jpeg artifacts"
499,airplane,seaplane,parked,a quiet residential street,low angle,sunny afternoon,clean,a detailed photograph,"a detailed photograph of a seaplane airplane parked in a quiet residential street, low angle, sunny afternoon. single main subject, photorealistic color photo, natural colors, realistic texture, sharp focus on subject, no people, no text, no watermark, no logo, no border, no collage, no CGI, no illustration.","text, watermark, logo, caption, signature, border, frame, collage, multiple panels, cartoon, illustration, CGI, 3d render, low-poly, painting, anime, surreal, deformed, duplicate objects, extra limbs, blurry, out of focus, noise, oversaturated, posterized, artifacts, jpeg artifacts"
590,airplane,biplane,flying,a suburban neighborhood,close-up,nighttime under streetlights,clean,a high-quality image,"a high-quality image of a biplane airplane flying in a suburban neighborhood, close-up, nighttime under streetlights. single main subject, photorealistic color photo, natural colors, realistic texture, sharp focus on subject, no people, no text, no watermark, no logo, no border, no collage, no CGI, no illustration.","text, watermark, logo, caption, signature, border, frame, collage, multiple panels, cartoon, illustration, CGI, 3d render, low-poly, painting, anime, surreal, deformed, duplicate objects, extra limbs, blurry, out of focus, noise, oversaturated, posterized, artifacts, jpeg artifacts"
25,airplane,biplane,parked,an urban street,wide shot,backlit rim light,clean,a photorealistic color photo,"a photorealistic color photo of a biplane airplane parked in an urban street, wide shot, backlit rim light. single main subject, photorealistic color photo, natural colors, realistic texture, sharp focus on subject, no people, no text, no watermark, no logo, no border, no collage, no CGI, no illustration.","text, watermark, logo, caption, signature, border, frame, collage, multiple panels, cartoon, illustration, CGI, 3d render, low-poly, painting, anime, surreal, deformed, duplicate objects, extra limbs, blurry, out of focus, noise, oversaturated, posterized, artifacts, jpeg artifacts"
339,airplane,seaplane,parked,an industrial yard,front view,sunny afternoon,clean,an ultra-realistic rendering,"an ultra-realistic rendering of a seaplane airplane parked in an industrial yard, front view, sunny afternoon. single main subject, photorealistic color photo, natural colors, realistic texture, sharp focus on subject, no people, no text, no watermark, no logo, no border, no collage, no CGI, no illustration.","text, watermark, logo, caption, signature, border, frame, collage, multiple panels, cartoon, illustration, CGI, 3d render, low-poly, painting, anime, surreal, deformed, duplicate objects, extra limbs, blurry, out of focus, noise, oversaturated, posterized, artifacts, jpeg artifacts"
565,airplane,biplane,flying,an industrial yard,low angle,rainy with wet reflections,clean,an ultra-realistic rendering,"an ultra-realistic rendering of a biplane airplane flying in an industrial yard, low angle, rainy with wet reflections. single main subject, photorealistic color photo, natural colors, realistic texture, sharp focus on subject, no people, no text, no watermark, no logo, no border, no collage, no CGI, no illustration.","text, watermark, logo, caption, signature, border, frame, collage, multiple panels, cartoon, illustration, CGI, 3d render, low-poly, painting, anime, surreal, deformed, duplicate objects, extra limbs, blurry, out of focus, noise, oversaturated, posterized, artifacts, jpeg artifacts"
529,airplane,small prop airplane,flying,a grassy field,slightly off-center framing,rainy with wet reflections,clean,a high-quality image,"a high-quality image of a small prop airplane flying in a grassy field, slightly off-center framing, rainy with wet reflections. single main subject, photorealistic color photo, natural colors, realistic texture, sharp focus on subject, no people, no text, no watermark, no logo, no border, no collage, no CGI, no illustration.","text, watermark, logo, caption, signature, border, frame, collage, multiple panels, cartoon, illustration, CGI, 3d render, low-poly, painting, anime, surreal, deformed, duplicate objects, extra limbs, blurry, out of focus, noise, oversaturated, posterized, artifacts, jpeg artifacts"
625,airplane,biplane,parked,an urban street,front view,foggy morning,clean,an ultra-realistic rendering,"an ultra-realistic rendering of a biplane airplane parked in an urban street, front view, foggy morning. single main subject, photorealistic color photo, natural colors, realistic texture, sharp focus on subject, no people, no text, no watermark, no logo, no border, no collage, no CGI, no illustration.","text, watermark, logo, caption, signature, border, frame, collage, multiple panels, cartoon, illustration, CGI, 3d render, low-poly, painting, anime, surreal, deformed, duplicate objects, extra limbs, blurry, out of focus, noise, oversaturated, posterized, artifacts, jpeg artifacts"
636,airplane,passenger jet,parked,a wet roadway after rain,wide shot,indoor soft window light,clean,a finely detailed photo,"a finely detailed photo of a passenger jet airplane parked in a wet roadway after rain, wide shot, indoor soft window light. single main subject, photorealistic color photo, natural colors, realistic texture, sharp focus on subject, no people, no text, no watermark, no logo, no border, no collage, no CGI, no illustration.","text, watermark, logo, caption, signature, border, frame, collage, multiple panels, cartoon, illustration, CGI, 3d render, low-poly, painting, anime, surreal, deformed, duplicate objects, extra limbs, blurry, out of focus, noise, oversaturated, posterized, artifacts, jpeg artifacts"
662,airplane,passenger jet,taxiing,a gravel lot,close-up,golden hour,clean,a professional photo,"a professional photo of a passenger jet airplane taxiing in a gravel lot, close-up, golden hour. single main subject, photorealistic color photo, natural colors, realistic texture, sharp focus on subject, no people, no text, no watermark, no logo, no border, no collage, no CGI, no illustration.","text, watermark, logo, caption, signature, border, frame, collage, multiple panels, cartoon, illustration, CGI, 3d render, low-poly, painting, anime, surreal, deformed, duplicate objects, extra limbs, blurry, out of focus, noise, oversaturated, posterized, artifacts, jpeg artifacts"
299,airplane,glider,taking off,a backyard,low angle,rainy with wet reflections,clean,an ultra-realistic rendering,"an ultra-realistic rendering of a glider airplane taking off in a backyard, low angle, rainy with wet reflections. single main subject, photorealistic color photo, natural colors, realistic texture, sharp focus on subject, no people, no text, no watermark, no logo, no border, no collage, no CGI, no illustration.","text, watermark, logo, caption, signature, border, frame, collage, multiple panels, cartoon, illustration, CGI, 3d render, low-poly, painting, anime, surreal, deformed, duplicate objects, extra limbs, blurry, out of focus, noise, oversaturated, posterized, artifacts, jpeg artifacts"
352,airplane,glider,parked,an urban street,front view,foggy morning,clean,a photorealistic color photo,"a photorealistic color photo of a glider airplane parked in an urban street, front view, foggy morning. single main subject, photorealistic color photo, natural colors, realistic texture, sharp focus on subject, no people, no text, no watermark, no logo, no border, no collage, no CGI, no illustration.","text, watermark, logo, caption, signature, border, frame, collage, multiple panels, cartoon, illustration, CGI, 3d render, low-poly, painting, anime, surreal, deformed, duplicate objects, extra limbs, blurry, out of focus, noise, oversaturated, posterized, artifacts, jpeg artifacts"
659,airplane,glider,taxiing,a countryside road,wide shot,indoor soft window light,clean,a photorealistic color photo,"a photorealistic color photo of a glider airplane taxiing in a countryside road, wide shot, indoor soft window light. single main subject, photorealistic color photo, natural colors, realistic texture, sharp focus on subject, no people, no text, no watermark, no logo, no border, no collage, no CGI, no illustration.","text, watermark, logo, caption, signature, border, frame, collage, multiple panels, cartoon, illustration, CGI, 3d render, low-poly, painting, anime, surreal, deformed, duplicate objects, extra limbs, blurry, out of focus, noise, oversaturated, posterized, artifacts, jpeg artifacts"
553,airplane,glider,taking off,a wet roadway after rain,3/4 view,nighttime under streetlights,clean,a detailed photograph,"a detailed photograph of a glider airplane taking off in a wet roadway after rain, 3/4 view, nighttime under streetlights. single main subject, photorealistic color photo, natural colors, realistic texture, sharp focus on subject, no people, no text, no watermark, no logo, no border, no collage, no CGI, no illustration.","text, watermark, logo, caption, signature, border, frame, collage, multiple panels, cartoon, illustration, CGI, 3d render, low-poly, painting, anime, surreal, deformed, duplicate objects, extra limbs, blurry, out of focus, noise, oversaturated, posterized, artifacts, jpeg artifacts"
53,airplane,seaplane,taking off,a wet roadway after rain,wide shot,backlit rim light,clean,a detailed photograph,"a detailed photograph of a seaplane airplane taking off in a wet roadway after rain, wide shot, backlit rim light. single main subject, photorealistic color photo, natural colors, realistic texture, sharp focus on subject, no people, no text, no watermark, no logo, no border, no collage, no CGI, no illustration.","text, watermark, logo, caption, signature, border, frame, collage, multiple panels, cartoon, illustration, CGI, 3d render, low-poly, painting, anime, surreal, deformed, duplicate objects, extra limbs, blurry, out of focus, noise, oversaturated, posterized, artifacts, jpeg artifacts"
123,airplane,passenger jet,taxiing,a city park,side profile,backlit rim light,clean,an ultra-realistic rendering,"an ultra-realistic rendering of a passenger jet airplane taxiing in a city park, side profile, backlit rim light. single main subject, photorealistic color photo, natural colors, realistic texture, sharp focus on subject, no people, no text, no watermark, no logo, no border, no collage, no CGI, no illustration.","text, watermark, logo, caption, signature, border, frame, collage, multiple panels, cartoon, illustration, CGI, 3d render, low-poly, painting, anime, surreal, deformed, duplicate objects, extra limbs, blurry, out of focus, noise, oversaturated, posterized, artifacts, jpeg artifacts"
362,airplane,small prop airplane,parked,a gravel lot,wide shot,sunny afternoon,clean,a finely detailed photo,"a finely detailed photo of a small prop airplane parked in a gravel lot, wide shot, sunny afternoon. single main subject, photorealistic color photo, natural colors, realistic texture, sharp focus on subject, no people, no text, no watermark, no logo, no border, no collage, no CGI, no illustration.","text, watermark, logo, caption, signature, border, frame, collage, multiple panels, cartoon, illustration, CGI, 3d render, low-poly, painting, anime, surreal, deformed, duplicate objects, extra limbs, blurry, out of focus, noise, oversaturated, posterized, artifacts, jpeg artifacts"
885,airplane,seaplane,parked,a sandy beach,cropped at the edge of the frame,sunny afternoon,hard,a professional photo,"a professional photo of a seaplane airplane parked in a sandy beach, cropped at the edge of the frame, sunny afternoon. slight motion blur. single main subject, photorealistic color photo, natural colors, realistic texture, sharp focus on subject, no people, no text, no watermark, no logo, no border, no collage, no CGI, no illustration.","text, watermark, logo, caption, signature, border, frame, collage, multiple panels, cartoon, illustration, CGI, 3d render, low-poly, painting, anime, surreal, deformed, duplicate objects, extra limbs, blurry, out of focus, noise, oversaturated, posterized, artifacts, jpeg artifacts"
438,airplane,biplane,parked,a countryside road,3/4 view,sunny afternoon,clean,an ultra-realistic rendering,"an ultra-realistic rendering of a biplane airplane parked in a countryside road, 3/4 view, sunny afternoon. single main subject, photorealistic color photo, natural colors, realistic texture, sharp focus on subject, no people, no text, no watermark, no logo, no border, no collage, no CGI, no illustration.","text, watermark, logo, caption, signature, border, frame, collage, multiple panels, cartoon, illustration, CGI, 3d render, low-poly, painting, anime, surreal, deformed, duplicate objects, extra limbs, blurry, out of focus, noise, oversaturated, posterized, artifacts, jpeg artifacts"
74,airplane,biplane,taxiing,a city park,close-up,nighttime under streetlights,clean,a finely detailed photo,"a finely detailed photo of a biplane airplane taxiing in a city park, close-up, nighttime under streetlights. single main subject, photorealistic color photo, natural colors, realistic texture, sharp focus on subject, no people, no text, no watermark, no logo, no border, no collage, no CGI, no illustration.","text, watermark, logo, caption, signature, border, frame, collage, multiple panels, cartoon, illustration, CGI, 3d render, low-poly, painting, anime, surreal, deformed, duplicate objects, extra limbs, blurry, out of focus, noise, oversaturated, posterized, artifacts, jpeg artifacts"
384,airplane,cargo plane,parked,a countryside road,wide shot,overcast daylight,clean,a high-quality image,"a high-quality image of a cargo plane airplane parked in a countryside road, wide shot, overcast daylight. single main subject, photorealistic color photo, natural colors, realistic texture, sharp focus on subject, no people, no text, no watermark, no logo, no border, no collage, no CGI, no illustration.","text, watermark, logo, caption, signature, border, frame, collage, multiple panels, cartoon, illustration, CGI, 3d render, low-poly, painting, anime, surreal, deformed, duplicate objects, extra limbs, blurry, out of focus, noise, oversaturated, posterized, artifacts, jpeg artifacts"
338,airplane,seaplane,taking off,a city park,side profile,golden hour,clean,a finely detailed photo,"a finely detailed photo of a seaplane airplane taking off in a city park, side profile, golden hour. single main subject, photorealistic color photo, natural colors, realistic texture, sharp focus on subject, no people, no text, no watermark, no logo, no border, no collage, no CGI, no illustration.","text, watermark, logo, caption, signature, border, frame, collage, multiple panels, cartoon, illustration, CGI, 3d render, low-poly, painting, anime, surreal, deformed, duplicate objects, extra limbs, blurry, out of focus, noise, oversaturated, posterized, artifacts, jpeg artifacts"
423,airplane,cargo plane,parked,a countryside road,side profile,rainy with wet reflections,clean,a professional photo,"a professional photo of a cargo plane airplane parked in a countryside road, side profile, rainy with wet reflections. single main subject, photorealistic color photo, natural colors, realistic texture, sharp focus on subject, no people, no text, no watermark, no logo, no border, no collage, no CGI, no illustration.","text, watermark, logo, caption, signature, border, frame, collage, multiple panels, cartoon, illustration, CGI, 3d render, low-poly, painting, anime, surreal, deformed, duplicate objects, extra limbs, blurry, out of focus, noise, oversaturated, posterized, artifacts, jpeg artifacts"
923,airplane,cargo plane,taxiing,a lakeside shore,cropped at the edge of the frame,foggy morning,hard,an ultra-realistic rendering,"an ultra-realistic rendering of a cargo plane airplane taxiing in a lakeside shore, cropped at the edge of the frame, foggy morning. cropped slightly. single main subject, photorealistic color photo, natural colors, realistic texture, sharp focus on subject, no people, no text, no watermark, no logo, no border, no collage, no CGI, no illustration.","text, watermark, logo, caption, signature, border, frame, collage, multiple panels, cartoon, illustration, CGI, 3d render, low-poly, painting, anime, surreal, deformed, duplicate objects, extra limbs, blurry, out of focus, noise, oversaturated, posterized, artifacts, jpeg artifacts"
858,airplane,passenger jet,flying,a sandy beach,3/4 view,backlit rim light,hard,a photorealistic color photo,"a photorealistic color photo of a passenger jet airplane flying in a sandy beach, 3/4 view, backlit rim light. busy background but still one main subject. single main subject, photorealistic color photo, natural colors, realistic texture, sharp focus on subject, no people, no text, no watermark, no logo, no border, no collage, no CGI, no illustration.","text, watermark, logo, caption, signature, border, frame, collage, multiple panels, cartoon, illustration, CGI, 3d render, low-poly, painting, anime, surreal, deformed, duplicate objects, extra limbs, blurry, out of focus, noise, oversaturated, posterized, artifacts, jpeg artifacts"
493,airplane,small prop airplane,parked,a suburban neighborhood,3/4 view,golden hour,clean,a high-quality image,"a high-quality image of a small prop airplane parked in a suburban neighborhood, 3/4 view, golden hour. single main subject, photorealistic color photo, natural colors, realistic texture, sharp focus on subject, no people, no text, no watermark, no logo, no border, no collage, no CGI, no illustration.","text, watermark, logo, caption, signature, border, frame, collage, multiple panels, cartoon, illustration, CGI, 3d render, low-poly, painting, anime, surreal, deformed, duplicate objects, extra limbs, blurry, out of focus, noise, oversaturated, posterized, artifacts, jpeg artifacts"
6,airplane,small prop airplane,taxiing,a parking lot,low angle,nighttime under streetlights,clean,a professional photo,"a professional photo of a small prop airplane taxiing in a parking lot, low angle, nighttime under streetlights. single main subject, photorealistic color photo, natural colors, realistic texture, sharp focus on subject, no people, no text, no watermark, no logo, no border, no collage, no CGI, no illustration.","text, watermark, logo, caption, signature, border, frame, collage, multiple panels, cartoon, illustration, CGI, 3d render, low-poly, painting, anime, surreal, deformed, duplicate objects, extra limbs, blurry, out of focus, noise, oversaturated, posterized, artifacts, jpeg artifacts"
148,airplane,glider,parked,an industrial yard,front view,indoor soft window light,clean,a professional photo,"a professional photo of a glider airplane parked in an industrial yard, front view, indoor soft window light. single main subject, photorealistic color photo, natural colors, realistic texture, sharp focus on subject, no people, no text, no watermark, no logo, no border, no collage, no CGI, no illustration.","text, watermark, logo, caption, signature, border, frame, collage, multiple panels, cartoon, illustration, CGI, 3d render, low-poly, painting, anime, surreal, deformed, duplicate objects, extra limbs, blurry, out of focus, noise, oversaturated, posterized, artifacts, jpeg artifacts"
494,airplane,small prop airplane,flying,an urban street,3/4 view,foggy morning,clean,a finely detailed photo,"a finely detailed photo of a small prop airplane flying in an urban street, 3/4 view, foggy morning. single main subject, photorealistic color photo, natural colors, realistic texture, sharp focus on subject, no people, no text, no watermark, no logo, no border, no collage, no CGI, no illustration.","text, watermark, logo, caption, signature, border, frame, collage, multiple panels, cartoon, illustration, CGI, 3d render, low-poly, painting, anime, surreal, deformed, duplicate objects, extra limbs, blurry, out of focus, noise, oversaturated, posterized, artifacts, jpeg artifacts"
454,airplane,biplane,taxiing,a sandy beach,close-up,backlit rim light,clean,a professional photo,"a professional photo of a biplane airplane taxiing in a sandy beach, close-up, backlit rim light. single main subject, photorealistic color photo, natural colors, realistic texture, sharp focus on subject, no people, no text, no watermark, no logo, no border, no collage, no CGI, no illustration.","text, watermark, logo, caption, signature, border, frame, collage, multiple panels, cartoon, illustration, CGI, 3d render, low-poly, painting, anime, surreal, deformed, duplicate objects, extra limbs, blurry, out of focus, noise, oversaturated, posterized, artifacts, jpeg artifacts"
888,airplane,cargo plane,taking off,a grassy field,front view,backlit rim light,hard,a high-quality image,"a high-quality image of a cargo plane airplane taking off in a grassy field, front view, backlit rim light. partially occluded by a foreground object. single main subject, photorealistic color photo, natural colors, realistic texture, sharp focus on subject, no people, no text, no watermark, no logo, no border, no collage, no CGI, no illustration.","text, watermark, logo, caption, signature, border, frame, collage, multiple panels, cartoon, illustration, CGI, 3d render, low-poly, painting, anime, surreal, deformed, duplicate objects, extra limbs, blurry, out of focus, noise, oversaturated, posterized, artifacts, jpeg artifacts"
211,airplane,passenger jet,taking off,an industrial yard,front view,foggy morning,clean,a detailed photograph,"a detailed photograph of a passenger jet airplane taking off in an industrial yard, front view, foggy morning. single main subject, photorealistic color photo, natural colors, realistic texture, sharp focus on subject, no people, no text, no watermark, no logo, no border, no collage, no CGI, no illustration.","text, watermark, logo, caption, signature, border, frame, collage, multiple panels, cartoon, illustration, CGI, 3d render, low-poly, painting, anime, surreal, deformed, duplicate objects, extra limbs, blurry, out of focus, noise, oversaturated, posterized, artifacts, jpeg artifacts"
704,airplane,seaplane,parked,a suburban neighborhood,wide shot,sunny afternoon,clean,a detailed photograph,"a detailed photograph of a seaplane airplane parked in a suburban neighborhood, wide shot, sunny afternoon. single main subject, photorealistic color photo, natural colors, realistic texture, sharp focus on subject, no people, no text, no watermark, no logo, no border, no collage, no CGI, no illustration.","text, watermark, logo, caption, signature, border, frame, collage, multiple panels, cartoon, illustration, CGI, 3d render, low-poly, painting, anime, surreal, deformed, duplicate objects, extra limbs, blurry, out of focus, noise, oversaturated, posterized, artifacts, jpeg artifacts"
498,airplane,seaplane,taking off,a sandy beach,3/4 view,overcast daylight,clean,an ultra-realistic rendering,"an ultra-realistic rendering of a seaplane airplane taking off in a sandy beach, 3/4 view, overcast daylight. single main subject, photorealistic color photo, natural colors, realistic texture, sharp focus on subject, no people, no text, no watermark, no logo, no border, no collage, no CGI, no illustration.","text, watermark, logo, caption, signature, border, frame, collage, multiple panels, cartoon, illustration, CGI, 3d render, low-poly, painting, anime, surreal, deformed, duplicate objects, extra limbs, blurry, out of focus, noise, oversaturated, posterized, artifacts, jpeg artifacts"
916,airplane,cargo plane,flying,an industrial yard,high angle,golden hour,hard,a detailed photograph,"a detailed photograph of a cargo plane airplane flying in an industrial yard, high angle, golden hour. cropped slightly. single main subject, photorealistic color photo, natural colors, realistic texture, sharp focus on subject, no people, no text, no watermark, no logo, no border, no collage, no CGI, no illustration.","text, watermark, logo, caption, signature, border, frame, collage, multiple panels, cartoon, illustration, CGI, 3d render, low-poly, painting, anime, surreal, deformed, duplicate objects, extra limbs, blurry, out of focus, noise, oversaturated, posterized, artifacts, jpeg artifacts"
305,airplane,small prop airplane,taking off,a quiet residential street,3/4 view,overcast daylight,clean,a photorealistic color photo,"a photorealistic color photo of a small prop airplane taking off in a quiet residential street, 3/4 view, overcast daylight. single main subject, photorealistic color photo, natural colors, realistic texture, sharp focus on subject, no people, no text, no watermark, no logo, no border, no collage, no CGI, no illustration.","text, watermark, logo, caption, signature, border, frame, collage, multiple panels, cartoon, illustration, CGI, 3d render, low-poly, painting, anime, surreal, deformed, duplicate objects, extra limbs, blurry, out of focus, noise, oversaturated, posterized, artifacts, jpeg artifacts"
377,airplane,biplane,taxiing,a countryside road,high angle,nighttime under streetlights,clean,a professional photo,"a professional photo of a biplane airplane taxiing in a countryside road, high angle, nighttime under streetlights. single main subject, photorealistic color photo, natural colors, realistic texture, sharp focus on subject, no people, no text, no watermark, no logo, no border, no collage, no CGI, no illustration.","text, watermark, logo, caption, signature, border, frame, collage, multiple panels, cartoon, illustration, CGI, 3d render, low-poly, painting, anime, surreal, deformed, duplicate objects, extra limbs, blurry, out of focus, noise, oversaturated, posterized, artifacts, jpeg artifacts"
387,airplane,biplane,taxiing,an industrial yard,side profile,backlit rim light,clean,a detailed photograph,"a detailed photograph of a biplane airplane taxiing in an industrial yard, side profile, backlit rim light. single main subject, photorealistic color photo, natural colors, realistic texture, sharp focus on subject, no people, no text, no watermark, no logo, no border, no collage, no CGI, no illustration.","text, watermark, logo, caption, signature, border, frame, collage, multiple panels, cartoon, illustration, CGI, 3d render, low-poly, painting, anime, surreal, deformed, duplicate objects, extra limbs, blurry, out of focus, noise, oversaturated, posterized, artifacts, jpeg artifacts"
430,airplane,passenger jet,taxiing,a backyard,wide shot,nighttime under streetlights,clean,a finely detailed photo,"a finely detailed photo of a passenger jet airplane taxiing in a backyard, wide shot, nighttime under streetlights. single main subject, photorealistic color photo, natural colors, realistic texture, sharp focus on subject, no people, no text, no watermark, no logo, no border, no collage, no CGI, no illustration.","text, watermark, logo, caption, signature, border, frame, collage, multiple panels, cartoon, illustration, CGI, 3d render, low-poly, painting, anime, surreal, deformed, duplicate objects, extra limbs, blurry, out of focus, noise, oversaturated, posterized, artifacts, jpeg artifacts"
723,airplane,cargo plane,flying,a gravel lot,slightly off-center framing,foggy morning,clean,a finely detailed photo,"a finely detailed photo of a cargo plane airplane flying in a gravel lot, slightly off-center framing, foggy morning. single main subject, photorealistic color photo, natural colors, realistic texture, sharp focus on subject, no people, no text, no watermark, no logo, no border, no collage, no CGI, no illustration.","text, watermark, logo, caption, signature, border, frame, collage, multiple panels, cartoon, illustration, CGI, 3d render, low-poly, painting, anime, surreal, deformed, duplicate objects, extra limbs, blurry, out of focus, noise, oversaturated, posterized, artifacts, jpeg artifacts"
744,airplane,cargo plane,parked,a forest clearing,3/4 view,backlit rim light,clean,an ultra-realistic rendering,"an ultra-realistic rendering of a cargo plane airplane parked in a forest clearing, 3/4 view, backlit rim light. single main subject, photorealistic color photo, natural colors, realistic texture, sharp focus on subject, no people, no text, no watermark, no logo, no border, no collage, no CGI, no illustration.","text, watermark, logo, caption, signature, border, frame, collage, multiple panels, cartoon, illustration, CGI, 3d render, low-poly, painting, anime, surreal, deformed, duplicate objects, extra limbs, blurry, out of focus, noise, oversaturated, posterized, artifacts, jpeg artifacts"
963,airplane,seaplane,flying,a quiet residential street,high angle,backlit rim light,hard,a professional photo,"a professional photo of a seaplane airplane flying in a quiet residential street, high angle, backlit rim light. busy background but still one main subject. single main subject, photorealistic color photo, natural colors, realistic texture, sharp focus on subject, no people, no text, no watermark, no logo, no border, no collage, no CGI, no illustration.","text, watermark, logo, caption, signature, border, frame, collage, multiple panels, cartoon, illustration, CGI, 3d render, low-poly, painting, anime, surreal, deformed, duplicate objects, extra limbs, blurry, out of focus, noise, oversaturated, posterized, artifacts, jpeg artifacts"
755,airplane,seaplane,taxiing,a quiet residential street,3/4 view,foggy morning,clean,an ultra-realistic rendering,"an ultra-realistic rendering of a seaplane airplane taxiing in a quiet residential street, 3/4 view, foggy morning. single main subject, photorealistic color photo, natural colors, realistic texture, sharp focus on subject, no people, no text, no watermark, no logo, no border, no collage, no CGI, no illustration.","text, watermark, logo, caption, signature, border, frame, collage, multiple panels, cartoon, illustration, CGI, 3d render, low-poly, painting, anime, surreal, deformed, duplicate objects, extra limbs, blurry, out of focus, noise, oversaturated, posterized, artifacts, jpeg artifacts"
335,airplane,passenger jet,taking off,a suburban neighborhood,3/4 view,overcast daylight,clean,a photorealistic color photo,"a photorealistic color photo of a passenger jet airplane taking off in a suburban neighborhood, 3/4 view, overcast daylight. single main subject, photorealistic color photo, natural colors, realistic texture, sharp focus on subject, no people, no text, no watermark, no logo, no border, no collage, no CGI, no illustration.","text, watermark, logo, caption, signature, border, frame, collage, multiple panels, cartoon, illustration, CGI, 3d render, low-poly, painting, anime, surreal, deformed, duplicate objects, extra limbs, blurry, out of focus, noise, oversaturated, posterized, artifacts, jpeg artifacts"
634,airplane,small prop airplane,parked,a suburban neighborhood,front view,foggy morning,clean,an ultra-realistic rendering,"an ultra-realistic rendering of a small prop airplane parked in a suburban neighborhood, front view, foggy morning. single main subject, photorealistic color photo, natural colors, realistic texture, sharp focus on subject, no people, no text, no watermark, no logo, no border, no collage, no CGI, no illustration.","text, watermark, logo, caption, signature, border, frame, collage, multiple panels, cartoon, illustration, CGI, 3d render, low-poly, painting, anime, surreal, deformed, duplicate objects, extra limbs, blurry, out of focus, noise, oversaturated, posterized, artifacts, jpeg artifacts"
486,airplane,glider,taking off,a sandy beach,close-up,overcast daylight,clean,a professional photo,"a professional photo of a glider airplane taking off in a sandy beach, close-up, overcast daylight. single main subject, photorealistic color photo, natural colors, realistic texture, sharp focus on subject, no people, no text, no watermark, no logo, no border, no collage, no CGI, no illustration.","text, watermark, logo, caption, signature, border, frame, collage, multiple panels, cartoon, illustration, CGI, 3d render, low-poly, painting, anime, surreal, deformed, duplicate objects, extra limbs, blurry, out of focus, noise, oversaturated, posterized, artifacts, jpeg artifacts"
87,airplane,seaplane,parked,a backyard,3/4 view,golden hour,clean,a high-quality image,"a high-quality image of a seaplane airplane parked in a backyard, 3/4 view, golden hour. single main subject, photorealistic color photo, natural colors, realistic texture, sharp focus on subject, no people, no text, no watermark, no logo, no border, no collage, no CGI, no illustration.","text, watermark, logo, caption, signature, border, frame, collage, multiple panels, cartoon, illustration, CGI, 3d render, low-poly, painting, anime, surreal, deformed, duplicate objects, extra limbs, blurry, out of focus, noise, oversaturated, posterized, artifacts, jpeg artifacts"
655,airplane,biplane,taking off,a countryside road,low angle,rainy with wet reflections,clean,a detailed photograph,"a detailed photograph of a biplane airplane taking off in a countryside road, low angle, rainy with wet reflections. single main subject, photorealistic color photo, natural colors, realistic texture, sharp focus on subject, no people, no text, no watermark, no logo, no border, no collage, no CGI, no illustration.","text, watermark, logo, caption, signature, border, frame, collage, multiple panels, cartoon, illustration, CGI, 3d render, low-poly, painting, anime, surreal, deformed, duplicate objects, extra limbs, blurry, out of focus, noise, oversaturated, posterized, artifacts, jpeg artifacts"
966,airplane,seaplane,taking off,an industrial yard,front view,sunny afternoon,hard,an ultra-realistic rendering,"an ultra-realistic rendering of a seaplane airplane taking off in an industrial yard, front view, sunny afternoon. cropped slightly. single main subject, photorealistic color photo, natural colors, realistic texture, sharp focus on subject, no people, no text, no watermark, no logo, no border, no collage, no CGI, no illustration.","text, watermark, logo, caption, signature, border, frame, collage, multiple panels, cartoon, illustration, CGI, 3d render, low-poly, painting, anime, surreal, deformed, duplicate objects, extra limbs, blurry, out of focus, noise, oversaturated, posterized, artifacts, jpeg artifacts"
228,airplane,glider,taxiing,a forest clearing,side profile,sunny afternoon,clean,a photorealistic color photo,"a photorealistic color photo of a glider airplane taxiing in a forest clearing, side profile, sunny afternoon. single main subject, photorealistic color photo, natural colors, realistic texture, sharp focus on subject, no people, no text, no watermark, no logo, no border, no collage, no CGI, no illustration.","text, watermark, logo, caption, signature, border, frame, collage, multiple panels, cartoon, illustration, CGI, 3d render, low-poly, painting, anime, surreal, deformed, duplicate objects, extra limbs, blurry, out of focus, noise, oversaturated, posterized, artifacts, jpeg artifacts"
776,airplane,biplane,flying,a countryside road,wide shot,overcast daylight,clean,a photorealistic color photo,"a photorealistic color photo of a biplane airplane flying in a countryside road, wide shot, overcast daylight. single main subject, photorealistic color photo, natural colors, realistic texture, sharp focus on subject, no people, no text, no watermark, no logo, no border, no collage, no CGI, no illustration.","text, watermark, logo, caption, signature, border, frame, collage, multiple panels, cartoon, illustration, CGI, 3d render, low-poly, painting, anime, surreal, deformed, duplicate objects, extra limbs, blurry, out of focus, noise, oversaturated, posterized, artifacts, jpeg artifacts"
643,airplane,cargo plane,flying,a suburban neighborhood,low angle,nighttime under streetlights,clean,a detailed photograph,"a detailed photograph of a cargo plane airplane flying in a suburban neighborhood, low angle, nighttime under streetlights. single main subject, photorealistic color photo, natural colors, realistic texture, sharp focus on subject, no people, no text, no watermark, no logo, no border, no collage, no CGI, no illustration.","text, watermark, logo, caption, signature, border, frame, collage, multiple panels, cartoon, illustration, CGI, 3d render, low-poly, painting, anime, surreal, deformed, duplicate objects, extra limbs, blurry, out of focus, noise, oversaturated, posterized, artifacts, jpeg artifacts"
121,airplane,glider,taking off,an urban street,close-up,indoor soft window light,clean,an ultra-realistic rendering,"an ultra-realistic rendering of a glider airplane taking off in an urban street, close-up, indoor soft window light. single main subject, photorealistic color photo, natural colors, realistic texture, sharp focus on subject, no people, no text, no watermark, no logo, no border, no collage, no CGI, no illustration.","text, watermark, logo, caption, signature, border, frame, collage, multiple panels, cartoon, illustration, CGI, 3d render, low-poly, painting, anime, surreal, deformed, duplicate objects, extra limbs, blurry, out of focus, noise, oversaturated, posterized, artifacts, jpeg artifacts"
761,airplane,passenger jet,flying,a parking lot,wide shot,rainy with wet reflections,clean,a photorealistic color photo,"a photorealistic color photo of a passenger jet airplane flying in a parking lot, wide shot, rainy with wet reflections. single main subject, photorealistic color photo, natural colors, realistic texture, sharp focus on subject, no people, no text, no watermark, no logo, no border, no collage, no CGI, no illustration.","text, watermark, logo, caption, signature, border, frame, collage, multiple panels, cartoon, illustration, CGI, 3d render, low-poly, painting, anime, surreal, deformed, duplicate objects, extra limbs, blurry, out of focus, noise, oversaturated, posterized, artifacts, jpeg artifacts"
331,airplane,seaplane,flying,an industrial yard,low angle,backlit rim light,clean,a detailed photograph,"a detailed photograph of a seaplane airplane flying in an industrial yard, low angle, backlit rim light. single main subject, photorealistic color photo, natural colors, realistic texture, sharp focus on subject, no people, no text, no watermark, no logo, no border, no collage, no CGI, no illustration.","text, watermark, logo, caption, signature, border, frame, collage, multiple panels, cartoon, illustration, CGI, 3d render, low-poly, painting, anime, surreal, deformed, duplicate objects, extra limbs, blurry, out of focus, noise, oversaturated, posterized, artifacts, jpeg artifacts"
116,airplane,cargo plane,taking off,an industrial yard,low angle,backlit rim light,clean,a high-quality image,"a high-quality image of a cargo plane airplane taking off in an industrial yard, low angle, backlit rim light. single main subject, photorealistic color photo, natural colors, realistic texture, sharp focus on subject, no people, no text, no watermark, no logo, no border, no collage, no CGI, no illustration.","text, watermark, logo, caption, signature, border, frame, collage, multiple panels, cartoon, illustration, CGI, 3d render, low-poly, painting, anime, surreal, deformed, duplicate objects, extra limbs, blurry, out of focus, noise, oversaturated, posterized, artifacts, jpeg artifacts"
978,airplane,cargo plane,flying,a gravel lot,slightly off-center framing,indoor soft window light,hard,an ultra-realistic rendering,"an ultra-realistic rendering of a cargo plane airplane flying in a gravel lot, slightly off-center framing, indoor soft window light. slight motion blur. single main subject, photorealistic color photo, natural colors, realistic texture, sharp focus on subject, no people, no text, no watermark, no logo, no border, no collage, no CGI, no illustration.","text, watermark, logo, caption, signature, border, frame, collage, multiple panels, cartoon, illustration, CGI, 3d render, low-poly, painting, anime, surreal, deformed, duplicate objects, extra limbs, blurry, out of focus, noise, oversaturated, posterized, artifacts, jpeg artifacts"
36,airplane,cargo plane,parked,a forest clearing,front view,rainy with wet reflections,clean,a finely detailed photo,"a finely detailed photo of a cargo plane airplane parked in a forest clearing, front view, rainy with wet reflections. single main subject, photorealistic color photo, natural colors, realistic texture, sharp focus on subject, no people, no text, no watermark, no logo, no border, no collage, no CGI, no illustration.","text, watermark, logo, caption, signature, border, frame, collage, multiple panels, cartoon, illustration, CGI, 3d render, low-poly, painting, anime, surreal, deformed, duplicate objects, extra limbs, blurry, out of focus, noise, oversaturated, posterized, artifacts, jpeg artifacts"
363,airplane,biplane,taxiing,a suburban neighborhood,low angle,golden hour,clean,a finely detailed photo,"a finely detailed photo of a biplane airplane taxiing in a suburban neighborhood, low angle, golden hour. single main subject, photorealistic color photo, natural colors, realistic texture, sharp focus on subject, no people, no text, no watermark, no logo, no border, no collage, no CGI, no illustration.","text, watermark, logo, caption, signature, border, frame, collage, multiple panels, cartoon, illustration, CGI, 3d render, low-poly, painting, anime, surreal, deformed, duplicate objects, extra limbs, blurry, out of focus, noise, oversaturated, posterized, artifacts, jpeg artifacts"
575,airplane,biplane,taxiing,a lakeside shore,close-up,rainy with wet reflections,clean,a photorealistic color photo,"a photorealistic color photo of a biplane airplane taxiing in a lakeside shore, close-up, rainy with wet reflections. single main subject, photorealistic color photo, natural colors, realistic texture, sharp focus on subject, no people, no text, no watermark, no logo, no border, no collage, no CGI, no illustration.","text, watermark, logo, caption, signature, border, frame, collage, multiple panels, cartoon, illustration, CGI, 3d render, low-poly, painting, anime, surreal, deformed, duplicate objects, extra limbs, blurry, out of focus, noise, oversaturated, posterized, artifacts, jpeg artifacts"
798,airplane,small prop airplane,flying,an urban street,side profile,nighttime under streetlights,clean,an ultra-realistic rendering,"an ultra-realistic rendering of a small prop airplane flying in an urban street, side profile, nighttime under streetlights. single main subject, photorealistic color photo, natural colors, realistic texture, sharp focus on subject, no people, no text, no watermark, no logo, no border, no collage, no CGI, no illustration.","text, watermark, logo, caption, signature, border, frame, collage, multiple panels, cartoon, illustration, CGI, 3d render, low-poly, painting, anime, surreal, deformed, duplicate objects, extra limbs, blurry, out of focus, noise, oversaturated, posterized, artifacts, jpeg artifacts"
345,airplane,small prop airplane,parked,a quiet residential street,wide shot,nighttime under streetlights,clean,a detailed photograph,"a detailed photograph of a small prop airplane parked in a quiet residential street, wide shot, nighttime under streetlights. single main subject, photorealistic color photo, natural colors, realistic texture, sharp focus on subject, no people, no text, no watermark, no logo, no border, no collage, no CGI, no illustration.","text, watermark, logo, caption, signature, border, frame, collage, multiple panels, cartoon, illustration, CGI, 3d render, low-poly, painting, anime, surreal, deformed, duplicate objects, extra limbs, blurry, out of focus, noise, oversaturated, posterized, artifacts, jpeg artifacts"
730,airplane,glider,taxiing,a suburban neighborhood,high angle,indoor soft window light,clean,an ultra-realistic rendering,"an ultra-realistic rendering of a glider airplane taxiing in a suburban neighborhood, high angle, indoor soft window light. single main subject, photorealistic color photo, natural colors, realistic texture, sharp focus on subject, no people, no text, no watermark, no logo, no border, no collage, no CGI, no illustration.","text, watermark, logo, caption, signature, border, frame, collage, multiple panels, cartoon, illustration, CGI, 3d render, low-poly, painting, anime, surreal, deformed, duplicate objects, extra limbs, blurry, out of focus, noise, oversaturated, posterized, artifacts, jpeg artifacts"
825,airplane,biplane,parked,an industrial yard,cropped at the edge of the frame,overcast daylight,hard,a photorealistic color photo,"a photorealistic color photo of a biplane airplane parked in an industrial yard, cropped at the edge of the frame, overcast daylight. cropped slightly. single main subject, photorealistic color photo, natural colors, realistic texture, sharp focus on subject, no people, no text, no watermark, no logo, no border, no collage, no CGI, no illustration.","text, watermark, logo, caption, signature, border, frame, collage, multiple panels, cartoon, illustration, CGI, 3d render, low-poly, painting, anime, surreal, deformed, duplicate objects, extra limbs, blurry, out of focus, noise, oversaturated, posterized, artifacts, jpeg artifacts"
791,airplane,biplane,parked,a lakeside shore,side profile,golden hour,clean,a detailed photograph,"a detailed photograph of a biplane airplane parked in a lakeside shore, side profile, golden hour. single main subject, photorealistic color photo, natural colors, realistic texture, sharp focus on subject, no people, no text, no watermark, no logo, no border, no collage, no CGI, no illustration.","text, watermark, logo, caption, signature, border, frame, collage, multiple panels, cartoon, illustration, CGI, 3d render, low-poly, painting, anime, surreal, deformed, duplicate objects, extra limbs, blurry, out of focus, noise, oversaturated, posterized, artifacts, jpeg artifacts"
874,airplane,glider,flying,a gravel lot,wide shot,overcast daylight,hard,a high-quality image,"a high-quality image of a glider airplane flying in a gravel lot, wide shot, overcast daylight. busy background but still one main subject. single main subject, photorealistic color photo, natural colors, realistic texture, sharp focus on subject, no people, no text, no watermark, no logo, no border, no collage, no CGI, no illustration.","text, watermark, logo, caption, signature, border, frame, collage, multiple panels, cartoon, illustration, CGI, 3d render, low-poly, painting, anime, surreal, deformed, duplicate objects, extra limbs, blurry, out of focus, noise, oversaturated, posterized, artifacts, jpeg artifacts"
713,airplane,cargo plane,parked,a lakeside shore,close-up,rainy with wet reflections,clean,a finely detailed photo,"a finely detailed photo of a cargo plane airplane parked in a lakeside shore, close-up, rainy with wet reflections. single main subject, photorealistic color photo, natural colors, realistic texture, sharp focus on subject, no people, no text, no watermark, no logo, no border, no collage, no CGI, no illustration.","text, watermark, logo, caption, signature, border, frame, collage, multiple panels, cartoon, illustration, CGI, 3d render, low-poly, painting, anime, surreal, deformed, duplicate objects, extra limbs, blurry, out of focus, noise, oversaturated, posterized, artifacts, jpeg artifacts"
411,airplane,passenger jet,flying,a city park,close-up,sunny afternoon,clean,a finely detailed photo,"a finely detailed photo of a passenger jet airplane flying in a city park, close-up, sunny afternoon. single main subject, photorealistic color photo, natural colors, realistic texture, sharp focus on subject, no people, no text, no watermark, no logo, no border, no collage, no CGI, no illustration.","text, watermark, logo, caption, signature, border, frame, collage, multiple panels, cartoon, illustration, CGI, 3d render, low-poly, painting, anime, surreal, deformed, duplicate objects, extra limbs, blurry, out of focus, noise, oversaturated, posterized, artifacts, jpeg artifacts"
420,airplane,cargo plane,flying,a parking lot,side profile,foggy morning,clean,an ultra-realistic rendering,"an ultra-realistic rendering of a cargo plane airplane flying in a parking lot, side profile, foggy morning. single main subject, photorealistic color photo, natural colors, realistic texture, sharp focus on subject, no people, no text, no watermark, no logo, no border, no collage, no CGI, no illustration.","text, watermark, logo, caption, signature, border, frame, collage, multiple panels, cartoon, illustration, CGI, 3d render, low-poly, painting, anime, surreal, deformed, duplicate objects, extra limbs, blurry, out of focus, noise, oversaturated, posterized, artifacts, jpeg artifacts"
803,airplane,small prop airplane,parked,a suburban neighborhood,cropped at the edge of the frame,foggy morning,hard,a high-quality image,"a high-quality image of a small prop airplane parked in a suburban neighborhood, cropped at the edge of the frame, foggy morning. busy background but still one main subject. single main subject, photorealistic color photo, natural colors, realistic texture, sharp focus on subject, no people, no text, no watermark, no logo, no border, no collage, no CGI, no illustration.","text, watermark, logo, caption, signature, border, frame, collage, multiple panels, cartoon, illustration, CGI, 3d render, low-poly, painting, anime, surreal, deformed, duplicate objects, extra limbs, blurry, out of focus, noise, oversaturated, posterized, artifacts, jpeg artifacts"
159,airplane,small prop airplane,flying,a grassy field,wide shot,rainy with wet reflections,clean,an ultra-realistic rendering,"an ultra-realistic rendering of a small prop airplane flying in a grassy field, wide shot, rainy with wet reflections. single main subject, photorealistic color photo, natural colors, realistic texture, sharp focus on subject, no people, no text, no watermark, no logo, no border, no collage, no CGI, no illustration.","text, watermark, logo, caption, signature, border, frame, collage, multiple panels, cartoon, illustration, CGI, 3d render, low-poly, painting, anime, surreal, deformed, duplicate objects, extra limbs, blurry, out of focus, noise, oversaturated, posterized, artifacts, jpeg artifacts"
290,airplane,passenger jet,taking off,a parking lot,slightly off-center framing,nighttime under streetlights,clean,a finely detailed photo,"a finely detailed photo of a passenger jet airplane taking off in a parking lot, slightly off-center framing, nighttime under streetlights. single main subject, photorealistic color photo, natural colors, realistic texture, sharp focus on subject, no people, no text, no watermark, no logo, no border, no collage, no CGI, no illustration.","text, watermark, logo, caption, signature, border, frame, collage, multiple panels, cartoon, illustration, CGI, 3d render, low-poly, painting, anime, surreal, deformed, duplicate objects, extra limbs, blurry, out of focus, noise, oversaturated, posterized, artifacts, jpeg artifacts"
616,airplane,cargo plane,parked,a gravel lot,side profile,foggy morning,clean,a detailed photograph,"a detailed photograph of a cargo plane airplane parked in a gravel lot, side profile, foggy morning. single main subject, photorealistic color photo, natural colors, realistic texture, sharp focus on subject, no people, no text, no watermark, no logo, no border, no collage, no CGI, no illustration.","text, watermark, logo, caption, signature, border, frame, collage, multiple panels, cartoon, illustration, CGI, 3d render, low-poly, painting, anime, surreal, deformed, duplicate objects, extra limbs, blurry, out of focus, noise, oversaturated, posterized, artifacts, jpeg artifacts"
882,airplane,small prop airplane,flying,a city park,slightly off-center framing,indoor soft window light,hard,a finely detailed photo,"a finely detailed photo of a small prop airplane flying in a city park, slightly off-center framing, indoor soft window light. partially occluded by a foreground object. single main subject, photorealistic color photo, natural colors, realistic texture, sharp focus on subject, no people, no text, no watermark, no logo, no border, no collage, no CGI, no illustration.","text, watermark, logo, caption, signature, border, frame, collage, multiple panels, cartoon, illustration, CGI, 3d render, low-poly, painting, anime, surreal, deformed, duplicate objects, extra limbs, blurry, out of focus, noise, oversaturated, posterized, artifacts, jpeg artifacts"
908,airplane,cargo plane,taxiing,an urban street,front view,backlit rim light,hard,a finely detailed photo,"a finely detailed photo of a cargo plane airplane taxiing in an urban street, front view, backlit rim light. busy background but still one main subject. single main subject, photorealistic color photo, natural colors, realistic texture, sharp focus on subject, no people, no text, no watermark, no logo, no border, no collage, no CGI, no illustration.","text, watermark, logo, caption, signature, border, frame, collage, multiple panels, cartoon, illustration, CGI, 3d render, low-poly, painting, anime, surreal, deformed, duplicate objects, extra limbs, blurry, out of focus, noise, oversaturated, posterized, artifacts, jpeg artifacts"
814,airplane,passenger jet,taking off,a sandy beach,slightly off-center framing,golden hour,hard,a professional photo,"a professional photo of a passenger jet airplane taking off in a sandy beach, slightly off-center framing, golden hour. in the distance. single main subject, photorealistic color photo, natural colors, realistic texture, sharp focus on subject, no people, no text, no watermark, no logo, no border, no collage, no CGI, no illustration.","text, watermark, logo, caption, signature, border, frame, collage, multiple panels, cartoon, illustration, CGI, 3d render, low-poly, painting, anime, surreal, deformed, duplicate objects, extra limbs, blurry, out of focus, noise, oversaturated, posterized, artifacts, jpeg artifacts"
17,airplane,glider,taking off,a lakeside shore,close-up,backlit rim light,clean,a finely detailed photo,"a finely detailed photo of a glider airplane taking off in a lakeside shore, close-up, backlit rim light. single main subject, photorealistic color photo, natural colors, realistic texture, sharp focus on subject, no people, no text, no watermark, no logo, no border, no collage, no CGI, no illustration.","text, watermark, logo, caption, signature, border, frame, collage, multiple panels, cartoon, illustration, CGI, 3d render, low-poly, painting, anime, surreal, deformed, duplicate objects, extra limbs, blurry, out of focus, noise, oversaturated, posterized, artifacts, jpeg artifacts"
453,airplane,small prop airplane,parked,a grassy field,side profile,indoor soft window light,clean,a finely detailed photo,"a finely detailed photo of a small prop airplane parked in a grassy field, side profile, indoor soft window light. single main subject, photorealistic color photo, natural colors, realistic texture, sharp focus on subject, no people, no text, no watermark, no logo, no border, no collage, no CGI, no illustration.","text, watermark, logo, caption, signature, border, frame, collage, multiple panels, cartoon, illustration, CGI, 3d render, low-poly, painting, anime, surreal, deformed, duplicate objects, extra limbs, blurry, out of focus, noise, oversaturated, posterized, artifacts, jpeg artifacts"
310,airplane,cargo plane,taking off,a city park,close-up,foggy morning,clean,an ultra-realistic rendering,"an ultra-realistic rendering of a cargo plane airplane taking off in a city park, close-up, foggy morning. single main subject, photorealistic color photo, natural colors, realistic texture, sharp focus on subject, no people, no text, no watermark, no logo, no border, no collage, no CGI, no illustration.","text, watermark, logo, caption, signature, border, frame, collage, multiple panels, cartoon, illustration, CGI, 3d render, low-poly, painting, anime, surreal, deformed, duplicate objects, extra limbs, blurry, out of focus, noise, oversaturated, posterized, artifacts, jpeg artifacts"
738,airplane,biplane,taking off,a countryside road,wide shot,indoor soft window light,clean,a professional photo,"a professional photo of a biplane airplane taking off in a countryside road, wide shot, indoor soft window light. single main subject, photorealistic color photo, natural colors, realistic texture, sharp focus on subject, no people, no text, no watermark, no logo, no border, no collage, no CGI, no illustration.","text, watermark, logo, caption, signature, border, frame, collage, multiple panels, cartoon, illustration, CGI, 3d render, low-poly, painting, anime, surreal, deformed, duplicate objects, extra limbs, blurry, out of focus, noise, oversaturated, posterized, artifacts, jpeg artifacts"
145,airplane,biplane,taking off,a city park,front view,overcast daylight,clean,a professional photo,"a professional photo of a biplane airplane taking off in a city park, front view, overcast daylight. single main subject, photorealistic color photo, natural colors, realistic texture, sharp focus on subject, no people, no text, no watermark, no logo, no border, no collage, no CGI, no illustration.","text, watermark, logo, caption, signature, border, frame, collage, multiple panels, cartoon, illustration, CGI, 3d render, low-poly, painting, anime, surreal, deformed, duplicate objects, extra limbs, blurry, out of focus, noise, oversaturated, posterized, artifacts, jpeg artifacts"
886,airplane,small prop airplane,taxiing,a quiet residential street,high angle,backlit rim light,hard,a finely detailed photo,"a finely detailed photo of a small prop airplane taxiing in a quiet residential street, high angle, backlit rim light. in the distance. single main subject, photorealistic color photo, natural colors, realistic texture, sharp focus on subject, no people, no text, no watermark, no logo, no border, no collage, no CGI, no illustration.","text, watermark, logo, caption, signature, border, frame, collage, multiple panels, cartoon, illustration, CGI, 3d render, low-poly, painting, anime, surreal, deformed, duplicate objects, extra limbs, blurry, out of focus, noise, oversaturated, posterized, artifacts, jpeg artifacts"
191,airplane,glider,flying,a city park,side profile,backlit rim light,clean,an ultra-realistic rendering,"an ultra-realistic rendering of a glider airplane flying in a city park, side profile, backlit rim light. single main subject, photorealistic color photo, natural colors, realistic texture, sharp focus on subject, no people, no text, no watermark, no logo, no border, no collage, no CGI, no illustration.","text, watermark, logo, caption, signature, border, frame, collage, multiple panels, cartoon, illustration, CGI, 3d render, low-poly, painting, anime, surreal, deformed, duplicate objects, extra limbs, blurry, out of focus, noise, oversaturated, posterized, artifacts, jpeg artifacts"
489,airplane,biplane,flying,a wet roadway after rain,side profile,sunny afternoon,clean,a finely detailed photo,"a finely detailed photo of a biplane airplane flying in a wet roadway after rain, side profile, sunny afternoon. single main subject, photorealistic color photo, natural colors, realistic texture, sharp focus on subject, no people, no text, no watermark, no logo, no border, no collage, no CGI, no illustration.","text, watermark, logo, caption, signature, border, frame, collage, multiple panels, cartoon, illustration, CGI, 3d render, low-poly, painting, anime, surreal, deformed, duplicate objects, extra limbs, blurry, out of focus, noise, oversaturated, posterized, artifacts, jpeg artifacts"
226,airplane,seaplane,parked,a gravel lot,front view,backlit rim light,clean,a photorealistic color photo,"a photorealistic color photo of a seaplane airplane parked in a gravel lot, front view, backlit rim light. single main subject, photorealistic color photo, natural colors, realistic texture, sharp focus on subject, no people, no text, no watermark, no logo, no border, no collage, no CGI, no illustration.","text, watermark, logo, caption, signature, border, frame, collage, multiple panels, cartoon, illustration, CGI, 3d render, low-poly, painting, anime, surreal, deformed, duplicate objects, extra limbs, blurry, out of focus, noise, oversaturated, posterized, artifacts, jpeg artifacts"
83,airplane,glider,parked,a gravel lot,close-up,indoor soft window light,clean,a professional photo,"a professional photo of a glider airplane parked in a gravel lot, close-up, indoor soft window light. single main subject, photorealistic color photo, natural colors, realistic texture, sharp focus on subject, no people, no text, no watermark, no logo, no border, no collage, no CGI, no illustration.","text, watermark, logo, caption, signature, border, frame, collage, multiple panels, cartoon, illustration, CGI, 3d render, low-poly, painting, anime, surreal, deformed, duplicate objects, extra limbs, blurry, out of focus, noise, oversaturated, posterized, artifacts, jpeg artifacts"
599,airplane,passenger jet,taking off,a forest clearing,slightly off-center framing,sunny afternoon,clean,an ultra-realistic rendering,"an ultra-realistic rendering of a passenger jet airplane taking off in a forest clearing, slightly off-center framing, sunny afternoon. single main subject, photorealistic color photo, natural colors, realistic texture, sharp focus on subject, no people, no text, no watermark, no logo, no border, no collage, no CGI, no illustration.","text, watermark, logo, caption, signature, border, frame, collage, multiple panels, cartoon, illustration, CGI, 3d render, low-poly, painting, anime, surreal, deformed, duplicate objects, extra limbs, blurry, out of focus, noise, oversaturated, posterized, artifacts, jpeg artifacts"
541,airplane,small prop airplane,flying,a parking lot,high angle,indoor soft window light,clean,a detailed photograph,"a detailed photograph of a small prop airplane flying in a parking lot, high angle, indoor soft window light. single main subject, photorealistic color photo, natural colors, realistic texture, sharp focus on subject, no people, no text, no watermark, no logo, no border, no collage, no CGI, no illustration.","text, watermark, logo, caption, signature, border, frame, collage, multiple panels, cartoon, illustration, CGI, 3d render, low-poly, painting, anime, surreal, deformed, duplicate objects, extra limbs, blurry, out of focus, noise, oversaturated, posterized, artifacts, jpeg artifacts"
386,airplane,seaplane,flying,a forest clearing,3/4 view,nighttime under streetlights,clean,an ultra-realistic rendering,"an ultra-realistic rendering of a seaplane airplane flying in a forest clearing, 3/4 view, nighttime under streetlights. single main subject, photorealistic color photo, natural colors, realistic texture, sharp focus on subject, no people, no text, no watermark, no logo, no border, no collage, no CGI, no illustration.","text, watermark, logo, caption, signature, border, frame, collage, multiple panels, cartoon, illustration, CGI, 3d render, low-poly, painting, anime, surreal, deformed, duplicate objects, extra limbs, blurry, out of focus, noise, oversaturated, posterized, artifacts, jpeg artifacts"
263,airplane,passenger jet,taxiing,a quiet residential street,slightly off-center framing,overcast daylight,clean,an ultra-realistic rendering,"an ultra-realistic rendering of a passenger jet airplane taxiing in a quiet residential street, slightly off-center framing, overcast daylight. single main subject, photorealistic color photo, natural colors, realistic texture, sharp focus on subject, no people, no text, no watermark, no logo, no border, no collage, no CGI, no illustration.","text, watermark, logo, caption, signature, border, frame, collage, multiple panels, cartoon, illustration, CGI, 3d render, low-poly, painting, anime, surreal, deformed, duplicate objects, extra limbs, blurry, out of focus, noise, oversaturated, posterized, artifacts, jpeg artifacts"
22,airplane,seaplane,flying,a city park,close-up,backlit rim light,clean,a detailed photograph,"a detailed photograph of a seaplane airplane flying in a city park, close-up, backlit rim light. single main subject, photorealistic color photo, natural colors, realistic texture, sharp focus on subject, no people, no text, no watermark, no logo, no border, no collage, no CGI, no illustration.","text, watermark, logo, caption, signature, border, frame, collage, multiple panels, cartoon, illustration, CGI, 3d render, low-poly, painting, anime, surreal, deformed, duplicate objects, extra limbs, blurry, out of focus, noise, oversaturated, posterized, artifacts, jpeg artifacts"
792,airplane,small prop airplane,parked,a backyard,wide shot,overcast daylight,clean,a high-quality image,"a high-quality image of a small prop airplane parked in a backyard, wide shot, overcast daylight. single main subject, photorealistic color photo, natural colors, realistic texture, sharp focus on subject, no people, no text, no watermark, no logo, no border, no collage, no CGI, no illustration.","text, watermark, logo, caption, signature, border, frame, collage, multiple panels, cartoon, illustration, CGI, 3d render, low-poly, painting, anime, surreal, deformed, duplicate objects, extra limbs, blurry, out of focus, noise, oversaturated, posterized, artifacts, jpeg artifacts"
62,airplane,passenger jet,taking off,a gravel lot,wide shot,foggy morning,clean,a photorealistic color photo,"a photorealistic color photo of a passenger jet airplane taking off in a gravel lot, wide shot, foggy morning. single main subject, photorealistic color photo, natural colors, realistic texture, sharp focus on subject, no people, no text, no watermark, no logo, no border, no collage, no CGI, no illustration.","text, watermark, logo, caption, signature, border, frame, collage, multiple panels, cartoon, illustration, CGI, 3d render, low-poly, painting, anime, surreal, deformed, duplicate objects, extra limbs, blurry, out of focus, noise, oversaturated, posterized, artifacts, jpeg artifacts"
656,airplane,cargo plane,flying,a backyard,wide shot,rainy with wet reflections,clean,a finely detailed photo,"a finely detailed photo of a cargo plane airplane flying in a backyard, wide shot, rainy with wet reflections. single main subject, photorealistic color photo, natural colors, realistic texture, sharp focus on subject, no people, no text, no watermark, no logo, no border, no collage, no CGI, no illustration.","text, watermark, logo, caption, signature, border, frame, collage, multiple panels, cartoon, illustration, CGI, 3d render, low-poly, painting, anime, surreal, deformed, duplicate objects, extra limbs, blurry, out of focus, noise, oversaturated, posterized, artifacts, jpeg artifacts"
922,airplane,seaplane,flying,a countryside road,slightly off-center framing,sunny afternoon,hard,a photorealistic color photo,"a photorealistic color photo of a seaplane airplane flying in a countryside road, slightly off-center framing, sunny afternoon. cropped slightly. single main subject, photorealistic color photo, natural colors, realistic texture, sharp focus on subject, no people, no text, no watermark, no logo, no border, no collage, no CGI, no illustration.","text, watermark, logo, caption, signature, border, frame, collage, multiple panels, cartoon, illustration, CGI, 3d render, low-poly, painting, anime, surreal, deformed, duplicate objects, extra limbs, blurry, out of focus, noise, oversaturated, posterized, artifacts, jpeg artifacts"
199,airplane,small prop airplane,parked,a backyard,slightly off-center framing,rainy with wet reflections,clean,an ultra-realistic rendering,"an ultra-realistic rendering of a small prop airplane parked in a backyard, slightly off-center framing, rainy with wet reflections. single main subject, photorealistic color photo, natural colors, realistic texture, sharp focus on subject, no people, no text, no watermark, no logo, no border, no collage, no CGI, no illustration.","text, watermark, logo, caption, signature, border, frame, collage, multiple panels, cartoon, illustration, CGI, 3d render, low-poly, painting, anime, surreal, deformed, duplicate objects, extra limbs, blurry, out of focus, noise, oversaturated, posterized, artifacts, jpeg artifacts"
710,airplane,passenger jet,taking off,a sandy beach,front view,indoor soft window light,clean,a high-quality image,"a high-quality image of a passenger jet airplane taking off in a sandy beach, front view, indoor soft window light. single main subject, photorealistic color photo, natural colors, realistic texture, sharp focus on subject, no people, no text, no watermark, no logo, no border, no collage, no CGI, no illustration.","text, watermark, logo, caption, signature, border, frame, collage, multiple panels, cartoon, illustration, CGI, 3d render, low-poly, painting, anime, surreal, deformed, duplicate objects, extra limbs, blurry, out of focus, noise, oversaturated, posterized, artifacts, jpeg artifacts"
416,airplane,small prop airplane,taxiing,a suburban neighborhood,3/4 view,sunny afternoon,clean,an ultra-realistic rendering,"an ultra-realistic rendering of a small prop airplane taxiing in a suburban neighborhood, 3/4 view, sunny afternoon. single main subject, photorealistic color photo, natural colors, realistic texture, sharp focus on subject, no people, no text, no watermark, no logo, no border, no collage, no CGI, no illustration.","text, watermark, logo, caption, signature, border, frame, collage, multiple panels, cartoon, illustration, CGI, 3d render, low-poly, painting, anime, surreal, deformed, duplicate objects, extra limbs, blurry, out of focus, noise, oversaturated, posterized, artifacts, jpeg artifacts"
587,airplane,biplane,parked,an industrial yard,side profile,indoor soft window light,clean,an ultra-realistic rendering,"an ultra-realistic rendering of a biplane airplane parked in an industrial yard, side profile, indoor soft window light. single main subject, photorealistic color photo, natural colors, realistic texture, sharp focus on subject, no people, no text, no watermark, no logo, no border, no collage, no CGI, no illustration.","text, watermark, logo, caption, signature, border, frame, collage, multiple panels, cartoon, illustration, CGI, 3d render, low-poly, painting, anime, surreal, deformed, duplicate objects, extra limbs, blurry, out of focus, noise, oversaturated, posterized, artifacts, jpeg artifacts"
223,airplane,small prop airplane,flying,a quiet residential street,close-up,nighttime under streetlights,clean,an ultra-realistic rendering,"an ultra-realistic rendering of a small prop airplane flying in a quiet residential street, close-up, nighttime under streetlights. single main subject, photorealistic color photo, natural colors, realistic texture, sharp focus on subject, no people, no text, no watermark, no logo, no border, no collage, no CGI, no illustration.","text, watermark, logo, caption, signature, border, frame, collage, multiple panels, cartoon, illustration, CGI, 3d render, low-poly, painting, anime, surreal, deformed, duplicate objects, extra limbs, blurry, out of focus, noise, oversaturated, posterized, artifacts, jpeg artifacts"
8,airplane,glider,flying,a wet roadway after rain,3/4 view,foggy morning,clean,a detailed photograph,"a detailed photograph of a glider airplane flying in a wet roadway after rain, 3/4 view, foggy morning. single main subject, photorealistic color photo, natural colors, realistic texture, sharp focus on subject, no people, no text, no watermark, no logo, no border, no collage, no CGI, no illustration.","text, watermark, logo, caption, signature, border, frame, collage, multiple panels, cartoon, illustration, CGI, 3d render, low-poly, painting, anime, surreal, deformed, duplicate objects, extra limbs, blurry, out of focus, noise, oversaturated, posterized, artifacts, jpeg artifacts"
89,airplane,biplane,flying,a gravel lot,side profile,golden hour,clean,a detailed photograph,"a detailed photograph of a biplane airplane flying in a gravel lot, side profile, golden hour. single main subject, photorealistic color photo, natural colors, realistic texture, sharp focus on subject, no people, no text, no watermark, no logo, no border, no collage, no CGI, no illustration.","text, watermark, logo, caption, signature, border, frame, collage, multiple panels, cartoon, illustration, CGI, 3d render, low-poly, painting, anime, surreal, deformed, duplicate objects, extra limbs, blurry, out of focus, noise, oversaturated, posterized, artifacts, jpeg artifacts"
205,airplane,seaplane,taxiing,a sandy beach,3/4 view,rainy with wet reflections,clean,a detailed photograph,"a detailed photograph of a seaplane airplane taxiing in a sandy beach, 3/4 view, rainy with wet reflections. single main subject, photorealistic color photo, natural colors, realistic texture, sharp focus on subject, no people, no text, no watermark, no logo, no border, no collage, no CGI, no illustration.","text, watermark, logo, caption, signature, border, frame, collage, multiple panels, cartoon, illustration, CGI, 3d render, low-poly, painting, anime, surreal, deformed, duplicate objects, extra limbs, blurry, out of focus, noise, oversaturated, posterized, artifacts, jpeg artifacts"
7,airplane,passenger jet,flying,a city park,low angle,foggy morning,clean,a high-quality image,"a high-quality image of a passenger jet airplane flying in a city park, low angle, foggy morning. single main subject, photorealistic color photo, natural colors, realistic texture, sharp focus on subject, no people, no text, no watermark, no logo, no border, no collage, no CGI, no illustration.","text, watermark, logo, caption, signature, border, frame, collage, multiple panels, cartoon, illustration, CGI, 3d render, low-poly, painting, anime, surreal, deformed, duplicate objects, extra limbs, blurry, out of focus, noise, oversaturated, posterized, artifacts, jpeg artifacts"
883,airplane,cargo plane,taking off,a backyard,close-up,backlit rim light,hard,a finely detailed photo,"a finely detailed photo of a cargo plane airplane taking off in a backyard, close-up, backlit rim light. in the distance. single main subject, photorealistic color photo, natural colors, realistic texture, sharp focus on subject, no people, no text, no watermark, no logo, no border, no collage, no CGI, no illustration.","text, watermark, logo, caption, signature, border, frame, collage, multiple panels, cartoon, illustration, CGI, 3d render, low-poly, painting, anime, surreal, deformed, duplicate objects, extra limbs, blurry, out of focus, noise, oversaturated, posterized, artifacts, jpeg artifacts"
354,airplane,biplane,flying,an urban street,slightly off-center framing,sunny afternoon,clean,an ultra-realistic rendering,"an ultra-realistic rendering of a biplane airplane flying in an urban street, slightly off-center framing, sunny afternoon. single main subject, photorealistic color photo, natural colors, realistic texture, sharp focus on subject, no people, no text, no watermark, no logo, no border, no collage, no CGI, no illustration.","text, watermark, logo, caption, signature, border, frame, collage, multiple panels, cartoon, illustration, CGI, 3d render, low-poly, painting, anime, surreal, deformed, duplicate objects, extra limbs, blurry, out of focus, noise, oversaturated, posterized, artifacts, jpeg artifacts"
195,airplane,cargo plane,taxiing,a suburban neighborhood,3/4 view,nighttime under streetlights,clean,an ultra-realistic rendering,"an ultra-realistic rendering of a cargo plane airplane taxiing in a suburban neighborhood, 3/4 view, nighttime under streetlights. single main subject, photorealistic color photo, natural colors, realistic texture, sharp focus on subject, no people, no text, no watermark, no logo, no border, no collage, no CGI, no illustration.","text, watermark, logo, caption, signature, border, frame, collage, multiple panels, cartoon, illustration, CGI, 3d render, low-poly, painting, anime, surreal, deformed, duplicate objects, extra limbs, blurry, out of focus, noise, oversaturated, posterized, artifacts, jpeg artifacts"
442,airplane,cargo plane,parked,an urban street,side profile,nighttime under streetlights,clean,an ultra-realistic rendering,"an ultra-realistic rendering of a cargo plane airplane parked in an urban street, side profile, nighttime under streetlights. single main subject, photorealistic color photo, natural colors, realistic texture, sharp focus on subject, no people, no text, no watermark, no logo, no border, no collage, no CGI, no illustration.","text, watermark, logo, caption, signature, border, frame, collage, multiple panels, cartoon, illustration, CGI, 3d render, low-poly, painting, anime, surreal, deformed, duplicate objects, extra limbs, blurry, out of focus, noise, oversaturated, posterized, artifacts, jpeg artifacts"
480,airplane,passenger jet,taking off,a sandy beach,wide shot,nighttime under streetlights,clean,a detailed photograph,"a detailed photograph of a passenger jet airplane taking off in a sandy beach, wide shot, nighttime under streetlights. single main subject, photorealistic color photo, natural colors, realistic texture, sharp focus on subject, no people, no text, no watermark, no logo, no border, no collage, no CGI, no illustration.","text, watermark, logo, caption, signature, border, frame, collage, multiple panels, cartoon, illustration, CGI, 3d render, low-poly, painting, anime, surreal, deformed, duplicate objects, extra limbs, blurry, out of focus, noise, oversaturated, posterized, artifacts, jpeg artifacts"
820,airplane,cargo plane,taxiing,a forest clearing,low angle,indoor soft window light,hard,an ultra-realistic rendering,"an ultra-realistic rendering of a cargo plane airplane taxiing in a forest clearing, low angle, indoor soft window light. busy background but still one main subject. single main subject, photorealistic color photo, natural colors, realistic texture, sharp focus on subject, no people, no text, no watermark, no logo, no border, no collage, no CGI, no illustration.","text, watermark, logo, caption, signature, border, frame, collage, multiple panels, cartoon, illustration, CGI, 3d render, low-poly, painting, anime, surreal, deformed, duplicate objects, extra limbs, blurry, out of focus, noise, oversaturated, posterized, artifacts, jpeg artifacts"
863,airplane,seaplane,taxiing,a wet roadway after rain,distant subject in the background,nighttime under streetlights,hard,a finely detailed photo,"a finely detailed photo of a seaplane airplane taxiing in a wet roadway after rain, distant subject in the background, nighttime under streetlights. cropped slightly. single main subject, photorealistic color photo, natural colors, realistic texture, sharp focus on subject, no people, no text, no watermark, no logo, no border, no collage, no CGI, no illustration.","text, watermark, logo, caption, signature, border, frame, collage, multiple panels, cartoon, illustration, CGI, 3d render, low-poly, painting, anime, surreal, deformed, duplicate objects, extra limbs, blurry, out of focus, noise, oversaturated, posterized, artifacts, jpeg artifacts"
468,airplane,cargo plane,taking off,a parking lot,3/4 view,foggy morning,clean,a professional photo,"a professional photo of a cargo plane airplane taking off in a parking lot, 3/4 view, foggy morning. single main subject, photorealistic color photo, natural colors, realistic texture, sharp focus on subject, no people, no text, no watermark, no logo, no border, no collage, no CGI, no illustration.","text, watermark, logo, caption, signature, border, frame, collage, multiple panels, cartoon, illustration, CGI, 3d render, low-poly, painting, anime, surreal, deformed, duplicate objects, extra limbs, blurry, out of focus, noise, oversaturated, posterized, artifacts, jpeg artifacts"
215,airplane,passenger jet,taking off,a lakeside shore,high angle,sunny afternoon,clean,an ultra-realistic rendering,"an ultra-realistic rendering of a passenger jet airplane taking off in a lakeside shore, high angle, sunny afternoon. single main subject, photorealistic color photo, natural colors, realistic texture, sharp focus on subject, no people, no text, no watermark, no logo, no border, no collage, no CGI, no illustration.","text, watermark, logo, caption, signature, border, frame, collage, multiple panels, cartoon, illustration, CGI, 3d render, low-poly, painting, anime, surreal, deformed, duplicate objects, extra limbs, blurry, out of focus, noise, oversaturated, posterized, artifacts, jpeg artifacts"
952,airplane,cargo plane,taking off,a sandy beach,wide shot,nighttime under streetlights,hard,a photorealistic color photo,"a photorealistic color photo of a cargo plane airplane taking off in a sandy beach, wide shot, nighttime under streetlights. slight motion blur. single main subject, photorealistic color photo, natural colors, realistic texture, sharp focus on subject, no people, no text, no watermark, no logo, no border, no collage, no CGI, no illustration.","text, watermark, logo, caption, signature, border, frame, collage, multiple panels, cartoon, illustration, CGI, 3d render, low-poly, painting, anime, surreal, deformed, duplicate objects, extra limbs, blurry, out of focus, noise, oversaturated, posterized, artifacts, jpeg artifacts"
282,airplane,biplane,taking off,a lakeside shore,side profile,indoor soft window light,clean,a photorealistic color photo,"a photorealistic color photo of a biplane airplane taking off in a lakeside shore, side profile, indoor soft window light. single main subject, photorealistic color photo, natural colors, realistic texture, sharp focus on subject, no people, no text, no watermark, no logo, no border, no collage, no CGI, no illustration.","text, watermark, logo, caption, signature, border, frame, collage, multiple panels, cartoon, illustration, CGI, 3d render, low-poly, painting, anime, surreal, deformed, duplicate objects, extra limbs, blurry, out of focus, noise, oversaturated, posterized, artifacts, jpeg artifacts"
166,airplane,biplane,flying,a quiet residential street,slightly off-center framing,rainy with wet reflections,clean,a detailed photograph,"a detailed photograph of a biplane airplane flying in a quiet residential street, slightly off-center framing, rainy with wet reflections. single main subject, photorealistic color photo, natural colors, realistic texture, sharp focus on subject, no people, no text, no watermark, no logo, no border, no collage, no CGI, no illustration.","text, watermark, logo, caption, signature, border, frame, collage, multiple panels, cartoon, illustration, CGI, 3d render, low-poly, painting, anime, surreal, deformed, duplicate objects, extra limbs, blurry, out of focus, noise, oversaturated, posterized, artifacts, jpeg artifacts"
701,airplane,biplane,flying,an urban street,low angle,golden hour,clean,a photorealistic color photo,"a photorealistic color photo of a biplane airplane flying in an urban street, low angle, golden hour. single main subject, photorealistic color photo, natural colors, realistic texture, sharp focus on subject, no people, no text, no watermark, no logo, no border, no collage, no CGI, no illustration.","text, watermark, logo, caption, signature, border, frame, collage, multiple panels, cartoon, illustration, CGI, 3d render, low-poly, painting, anime, surreal, deformed, duplicate objects, extra limbs, blurry, out of focus, noise, oversaturated, posterized, artifacts, jpeg artifacts"
203,airplane,cargo plane,parked,a backyard,side profile,foggy morning,clean,an ultra-realistic rendering,"an ultra-realistic rendering of a cargo plane airplane parked in a backyard, side profile, foggy morning. single main subject, photorealistic color photo, natural colors, realistic texture, sharp focus on subject, no people, no text, no watermark, no logo, no border, no collage, no CGI, no illustration.","text, watermark, logo, caption, signature, border, frame, collage, multiple panels, cartoon, illustration, CGI, 3d render, low-poly, painting, anime, surreal, deformed, duplicate objects, extra limbs, blurry, out of focus, noise, oversaturated, posterized, artifacts, jpeg artifacts"
138,airplane,passenger jet,parked,a backyard,slightly off-center framing,sunny afternoon,clean,a finely detailed photo,"a finely detailed photo of a passenger jet airplane parked in a backyard, slightly off-center framing, sunny afternoon. single main subject, photorealistic color photo, natural colors, realistic texture, sharp focus on subject, no people, no text, no watermark, no logo, no border, no collage, no CGI, no illustration.","text, watermark, logo, caption, signature, border, frame, collage, multiple panels, cartoon, illustration, CGI, 3d render, low-poly, painting, anime, surreal, deformed, duplicate objects, extra limbs, blurry, out of focus, noise, oversaturated, posterized, artifacts, jpeg artifacts"
693,airplane,cargo plane,taxiing,a city park,3/4 view,golden hour,clean,a professional photo,"a professional photo of a cargo plane airplane taxiing in a city park, 3/4 view, golden hour. single main subject, photorealistic color photo, natural colors, realistic texture, sharp focus on subject, no people, no text, no watermark, no logo, no border, no collage, no CGI, no illustration.","text, watermark, logo, caption, signature, border, frame, collage, multiple panels, cartoon, illustration, CGI, 3d render, low-poly, painting, anime, surreal, deformed, duplicate objects, extra limbs, blurry, out of focus, noise, oversaturated, posterized, artifacts, jpeg artifacts"
292,airplane,glider,flying,a quiet residential street,high angle,foggy morning,clean,a finely detailed photo,"a finely detailed photo of a glider airplane flying in a quiet residential street, high angle, foggy morning. single main subject, photorealistic color photo, natural colors, realistic texture, sharp focus on subject, no people, no text, no watermark, no logo, no border, no collage, no CGI, no illustration.","text, watermark, logo, caption, signature, border, frame, collage, multiple panels, cartoon, illustration, CGI, 3d render, low-poly, painting, anime, surreal, deformed, duplicate objects, extra limbs, blurry, out of focus, noise, oversaturated, posterized, artifacts, jpeg artifacts"
168,airplane,passenger jet,parked,a suburban neighborhood,slightly off-center framing,foggy morning,clean,a high-quality image,"a high-quality image of a passenger jet airplane parked in a suburban neighborhood, slightly off-center framing, foggy morning. single main subject, photorealistic color photo, natural colors, realistic texture, sharp focus on subject, no people, no text, no watermark, no logo, no border, no collage, no CGI, no illustration.","text, watermark, logo, caption, signature, border, frame, collage, multiple panels, cartoon, illustration, CGI, 3d render, low-poly, painting, anime, surreal, deformed, duplicate objects, extra limbs, blurry, out of focus, noise, oversaturated, posterized, artifacts, jpeg artifacts"
627,airplane,cargo plane,flying,a wet roadway after rain,3/4 view,overcast daylight,clean,an ultra-realistic rendering,"an ultra-realistic rendering of a cargo plane airplane flying in a wet roadway after rain, 3/4 view, overcast daylight. single main subject, photorealistic color photo, natural colors, realistic texture, sharp focus on subject, no people, no text, no watermark, no logo, no border, no collage, no CGI, no illustration.","text, watermark, logo, caption, signature, border, frame, collage, multiple panels, cartoon, illustration, CGI, 3d render, low-poly, painting, anime, surreal, deformed, duplicate objects, extra limbs, blurry, out of focus, noise, oversaturated, posterized, artifacts, jpeg artifacts"
534,airplane,glider,taxiing,a backyard,front view,overcast daylight,clean,a photorealistic color photo,"a photorealistic color photo of a glider airplane taxiing in a backyard, front view, overcast daylight. single main subject, photorealistic color photo, natural colors, realistic texture, sharp focus on subject, no people, no text, no watermark, no logo, no border, no collage, no CGI, no illustration.","text, watermark, logo, caption, signature, border, frame, collage, multiple panels, cartoon, illustration, CGI, 3d render, low-poly, painting, anime, surreal, deformed, duplicate objects, extra limbs, blurry, out of focus, noise, oversaturated, posterized, artifacts, jpeg artifacts"
962,airplane,cargo plane,taxiing,a suburban neighborhood,front view,rainy with wet reflections,hard,a photorealistic color photo,"a photorealistic color photo of a cargo plane airplane taxiing in a suburban neighborhood, front view, rainy with wet reflections. cropped slightly. single main subject, photorealistic color photo, natural colors, realistic texture, sharp focus on subject, no people, no text, no watermark, no logo, no border, no collage, no CGI, no illustration.","text, watermark, logo, caption, signature, border, frame, collage, multiple panels, cartoon, illustration, CGI, 3d render, low-poly, painting, anime, surreal, deformed, duplicate objects, extra limbs, blurry, out of focus, noise, oversaturated, posterized, artifacts, jpeg artifacts"
975,airplane,passenger jet,flying,a grassy field,slightly off-center framing,nighttime under streetlights,hard,a professional photo,"a professional photo of a passenger jet airplane flying in a grassy field, slightly off-center framing, nighttime under streetlights. partially occluded by a foreground object. single main subject, photorealistic color photo, natural colors, realistic texture, sharp focus on subject, no people, no text, no watermark, no logo, no border, no collage, no CGI, no illustration.","text, watermark, logo, caption, signature, border, frame, collage, multiple panels, cartoon, illustration, CGI, 3d render, low-poly, painting, anime, surreal, deformed, duplicate objects, extra limbs, blurry, out of focus, noise, oversaturated, posterized, artifacts, jpeg artifacts"
698,airplane,seaplane,taking off,a wet roadway after rain,3/4 view,overcast daylight,clean,an ultra-realistic rendering,"an ultra-realistic rendering of a seaplane airplane taking off in a wet roadway after rain, 3/4 view, overcast daylight. single main subject, photorealistic color photo, natural colors, realistic texture, sharp focus on subject, no people, no text, no watermark, no logo, no border, no collage, no CGI, no illustration.","text, watermark, logo, caption, signature, border, frame, collage, multiple panels, cartoon, illustration, CGI, 3d render, low-poly, painting, anime, surreal, deformed, duplicate objects, extra limbs, blurry, out of focus, noise, oversaturated, posterized, artifacts, jpeg artifacts"
60,airplane,biplane,parked,a forest clearing,close-up,indoor soft window light,clean,a professional photo,"a professional photo of a biplane airplane parked in a forest clearing, close-up, indoor soft window light. single main subject, photorealistic color photo, natural colors, realistic texture, sharp focus on subject, no people, no text, no watermark, no logo, no border, no collage, no CGI, no illustration.","text, watermark, logo, caption, signature, border, frame, collage, multiple panels, cartoon, illustration, CGI, 3d render, low-poly, painting, anime, surreal, deformed, duplicate objects, extra limbs, blurry, out of focus, noise, oversaturated, posterized, artifacts, jpeg artifacts"
243,airplane,passenger jet,flying,an industrial yard,low angle,sunny afternoon,clean,a finely detailed photo,"a finely detailed photo of a passenger jet airplane flying in an industrial yard, low angle, sunny afternoon. single main subject, photorealistic color photo, natural colors, realistic texture, sharp focus on subject, no people, no text, no watermark, no logo, no border, no collage, no CGI, no illustration.","text, watermark, logo, caption, signature, border, frame, collage, multiple panels, cartoon, illustration, CGI, 3d render, low-poly, painting, anime, surreal, deformed, duplicate objects, extra limbs, blurry, out of focus, noise, oversaturated, posterized, artifacts, jpeg artifacts"
972,airplane,biplane,parked,a gravel lot,distant subject in the background,overcast daylight,hard,an ultra-realistic rendering,"an ultra-realistic rendering of a biplane airplane parked in a gravel lot, distant subject in the background, overcast daylight. busy background but still one main subject. single main subject, photorealistic color photo, natural colors, realistic texture, sharp focus on subject, no people, no text, no watermark, no logo, no border, no collage, no CGI, no illustration.","text, watermark, logo, caption, signature, border, frame, collage, multiple panels, cartoon, illustration, CGI, 3d render, low-poly, painting, anime, surreal, deformed, duplicate objects, extra limbs, blurry, out of focus, noise, oversaturated, posterized, artifacts, jpeg artifacts"
840,airplane,small prop airplane,taxiing,a sandy beach,wide shot,golden hour,hard,a photorealistic color photo,"a photorealistic color photo of a small prop airplane taxiing in a sandy beach, wide shot, golden hour. slight motion blur. single main subject, photorealistic color photo, natural colors, realistic texture, sharp focus on subject, no people, no text, no watermark, no logo, no border, no collage, no CGI, no illustration.","text, watermark, logo, caption, signature, border, frame, collage, multiple panels, cartoon, illustration, CGI, 3d render, low-poly, painting, anime, surreal, deformed, duplicate objects, extra limbs, blurry, out of focus, noise, oversaturated, posterized, artifacts, jpeg artifacts"
921,airplane,glider,flying,a grassy field,slightly off-center framing,foggy morning,hard,an ultra-realistic rendering,"an ultra-realistic rendering of a glider airplane flying in a grassy field, slightly off-center framing, foggy morning. partially occluded by a foreground object. single main subject, photorealistic color photo, natural colors, realistic texture, sharp focus on subject, no people, no text, no watermark, no logo, no border, no collage, no CGI, no illustration.","text, watermark, logo, caption, signature, border, frame, collage, multiple panels, cartoon, illustration, CGI, 3d render, low-poly, painting, anime, surreal, deformed, duplicate objects, extra limbs, blurry, out of focus, noise, oversaturated, posterized, artifacts, jpeg artifacts"
55,airplane,cargo plane,taxiing,a grassy field,3/4 view,golden hour,clean,a professional photo,"a professional photo of a cargo plane airplane taxiing in a grassy field, 3/4 view, golden hour. single main subject, photorealistic color photo, natural colors, realistic texture, sharp focus on subject, no people, no text, no watermark, no logo, no border, no collage, no CGI, no illustration.","text, watermark, logo, caption, signature, border, frame, collage, multiple panels, cartoon, illustration, CGI, 3d render, low-poly, painting, anime, surreal, deformed, duplicate objects, extra limbs, blurry, out of focus, noise, oversaturated, posterized, artifacts, jpeg artifacts"
459,airplane,passenger jet,flying,a wet roadway after rain,high angle,sunny afternoon,clean,an ultra-realistic rendering,"an ultra-realistic rendering of a passenger jet airplane flying in a wet roadway after rain, high angle, sunny afternoon. single main subject, photorealistic color photo, natural colors, realistic texture, sharp focus on subject, no people, no text, no watermark, no logo, no border, no collage, no CGI, no illustration.","text, watermark, logo, caption, signature, border, frame, collage, multiple panels, cartoon, illustration, CGI, 3d render, low-poly, painting, anime, surreal, deformed, duplicate objects, extra limbs, blurry, out of focus, noise, oversaturated, posterized, artifacts, jpeg artifacts"
147,airplane,small prop airplane,taxiing,a city park,slightly off-center framing,foggy morning,clean,a professional photo,"a professional photo of a small prop airplane taxiing in a city park, slightly off-center framing, foggy morning. single main subject, photorealistic color photo, natural colors, realistic texture, sharp focus on subject, no people, no text, no watermark, no logo, no border, no collage, no CGI, no illustration.","text, watermark, logo, caption, signature, border, frame, collage, multiple panels, cartoon, illustration, CGI, 3d render, low-poly, painting, anime, surreal, deformed, duplicate objects, extra limbs, blurry, out of focus, noise, oversaturated, posterized, artifacts, jpeg artifacts"
523,airplane,seaplane,taking off,a suburban neighborhood,side profile,indoor soft window light,clean,a detailed photograph,"a detailed photograph of a seaplane airplane taking off in a suburban neighborhood, side profile, indoor soft window light. single main subject, photorealistic color photo, natural colors, realistic texture, sharp focus on subject, no people, no text, no watermark, no logo, no border, no collage, no CGI, no illustration.","text, watermark, logo, caption, signature, border, frame, collage, multiple panels, cartoon, illustration, CGI, 3d render, low-poly, painting, anime, surreal, deformed, duplicate objects, extra limbs, blurry, out of focus, noise, oversaturated, posterized, artifacts, jpeg artifacts"
424,airplane,cargo plane,flying,an urban street,wide shot,indoor soft window light,clean,a photorealistic color photo,"a photorealistic color photo of a cargo plane airplane flying in an urban street, wide shot, indoor soft window light. single main subject, photorealistic color photo, natural colors, realistic texture, sharp focus on subject, no people, no text, no watermark, no logo, no border, no collage, no CGI, no illustration.","text, watermark, logo, caption, signature, border, frame, collage, multiple panels, cartoon, illustration, CGI, 3d render, low-poly, painting, anime, surreal, deformed, duplicate objects, extra limbs, blurry, out of focus, noise, oversaturated, posterized, artifacts, jpeg artifacts"
349,airplane,cargo plane,taxiing,a sandy beach,3/4 view,nighttime under streetlights,clean,a detailed photograph,"a detailed photograph of a cargo plane airplane taxiing in a sandy beach, 3/4 view, nighttime under streetlights. single main subject, photorealistic color photo, natural colors, realistic texture, sharp focus on subject, no people, no text, no watermark, no logo, no border, no collage, no CGI, no illustration.","text, watermark, logo, caption, signature, border, frame, collage, multiple panels, cartoon, illustration, CGI, 3d render, low-poly, painting, anime, surreal, deformed, duplicate objects, extra limbs, blurry, out of focus, noise, oversaturated, posterized, artifacts, jpeg artifacts"
130,airplane,passenger jet,taking off,a forest clearing,high angle,overcast daylight,clean,a professional photo,"a professional photo of a passenger jet airplane taking off in a forest clearing, high angle, overcast daylight. single main subject, photorealistic color photo, natural colors, realistic texture, sharp focus on subject, no people, no text, no watermark, no logo, no border, no collage, no CGI, no illustration.","text, watermark, logo, caption, signature, border, frame, collage, multiple panels, cartoon, illustration, CGI, 3d render, low-poly, painting, anime, surreal, deformed, duplicate objects, extra limbs, blurry, out of focus, noise, oversaturated, posterized, artifacts, jpeg artifacts"
887,airplane,seaplane,taxiing,a wet roadway after rain,3/4 view,rainy with wet reflections,hard,a finely detailed photo,"a finely detailed photo of a seaplane airplane taxiing in a wet roadway after rain, 3/4 view, rainy with wet reflections. slight motion blur. single main subject, photorealistic color photo, natural colors, realistic texture, sharp focus on subject, no people, no text, no watermark, no logo, no border, no collage, no CGI, no illustration.","text, watermark, logo, caption, signature, border, frame, collage, multiple panels, cartoon, illustration, CGI, 3d render, low-poly, painting, anime, surreal, deformed, duplicate objects, extra limbs, blurry, out of focus, noise, oversaturated, posterized, artifacts, jpeg artifacts"
687,airplane,small prop airplane,taxiing,a wet roadway after rain,wide shot,foggy morning,clean,an ultra-realistic rendering,"an ultra-realistic rendering of a small prop airplane taxiing in a wet roadway after rain, wide shot, foggy morning. single main subject, photorealistic color photo, natural colors, realistic texture, sharp focus on subject, no people, no text, no watermark, no logo, no border, no collage, no CGI, no illustration.","text, watermark, logo, caption, signature, border, frame, collage, multiple panels, cartoon, illustration, CGI, 3d render, low-poly, painting, anime, surreal, deformed, duplicate objects, extra limbs, blurry, out of focus, noise, oversaturated, posterized, artifacts, jpeg artifacts"
779,airplane,glider,taxiing,a forest clearing,front view,indoor soft window light,clean,a professional photo,"a professional photo of a glider airplane taxiing in a forest clearing, front view, indoor soft window light. single main subject, photorealistic color photo, natural colors, realistic texture, sharp focus on subject, no people, no text, no watermark, no logo, no border, no collage, no CGI, no illustration.","text, watermark, logo, caption, signature, border, frame, collage, multiple panels, cartoon, illustration, CGI, 3d render, low-poly, painting, anime, surreal, deformed, duplicate objects, extra limbs, blurry, out of focus, noise, oversaturated, posterized, artifacts, jpeg artifacts"
786,airplane,cargo plane,parked,a gravel lot,3/4 view,sunny afternoon,clean,a detailed photograph,"a detailed photograph of a cargo plane airplane parked in a gravel lot, 3/4 view, sunny afternoon. single main subject, photorealistic color photo, natural colors, realistic texture, sharp focus on subject, no people, no text, no watermark, no logo, no border, no collage, no CGI, no illustration.","text, watermark, logo, caption, signature, border, frame, collage, multiple panels, cartoon, illustration, CGI, 3d render, low-poly, painting, anime, surreal, deformed, duplicate objects, extra limbs, blurry, out of focus, noise, oversaturated, posterized, artifacts, jpeg artifacts"
225,airplane,small prop airplane,parked,a quiet residential street,close-up,backlit rim light,clean,a detailed photograph,"a detailed photograph of a small prop airplane parked in a quiet residential street, close-up, backlit rim light. single main subject, photorealistic color photo, natural colors, realistic texture, sharp focus on subject, no people, no text, no watermark, no logo, no border, no collage, no CGI, no illustration.","text, watermark, logo, caption, signature, border, frame, collage, multiple panels, cartoon, illustration, CGI, 3d render, low-poly, painting, anime, surreal, deformed, duplicate objects, extra limbs, blurry, out of focus, noise, oversaturated, posterized, artifacts, jpeg artifacts"
413,airplane,seaplane,parked,a lakeside shore,close-up,golden hour,clean,a finely detailed photo,"a finely detailed photo of a seaplane airplane parked in a lakeside shore, close-up, golden hour. single main subject, photorealistic color photo, natural colors, realistic texture, sharp focus on subject, no people, no text, no watermark, no logo, no border, no collage, no CGI, no illustration.","text, watermark, logo, caption, signature, border, frame, collage, multiple panels, cartoon, illustration, CGI, 3d render, low-poly, painting, anime, surreal, deformed, duplicate objects, extra limbs, blurry, out of focus, noise, oversaturated, posterized, artifacts, jpeg artifacts"
188,airplane,seaplane,taking off,a countryside road,high angle,nighttime under streetlights,clean,a professional photo,"a professional photo of a seaplane airplane taking off in a countryside road, high angle, nighttime under streetlights. single main subject, photorealistic color photo, natural colors, realistic texture, sharp focus on subject, no people, no text, no watermark, no logo, no border, no collage, no CGI, no illustration.","text, watermark, logo, caption, signature, border, frame, collage, multiple panels, cartoon, illustration, CGI, 3d render, low-poly, painting, anime, surreal, deformed, duplicate objects, extra limbs, blurry, out of focus, noise, oversaturated, posterized, artifacts, jpeg artifacts"
399,airplane,seaplane,taxiing,a forest clearing,3/4 view,backlit rim light,clean,a professional photo,"a professional photo of a seaplane airplane taxiing in a forest clearing, 3/4 view, backlit rim light. single main subject, photorealistic color photo, natural colors, realistic texture, sharp focus on subject, no people, no text, no watermark, no logo, no border, no collage, no CGI, no illustration.","text, watermark, logo, caption, signature, border, frame, collage, multiple panels, cartoon, illustration, CGI, 3d render, low-poly, painting, anime, surreal, deformed, duplicate objects, extra limbs, blurry, out of focus, noise, oversaturated, posterized, artifacts, jpeg artifacts"
407,airplane,passenger jet,taxiing,a lakeside shore,low angle,indoor soft window light,clean,a professional photo,"a professional photo of a passenger jet airplane taxiing in a lakeside shore, low angle, indoor soft window light. single main subject, photorealistic color photo, natural colors, realistic texture, sharp focus on subject, no people, no text, no watermark, no logo, no border, no collage, no CGI, no illustration.","text, watermark, logo, caption, signature, border, frame, collage, multiple panels, cartoon, illustration, CGI, 3d render, low-poly, painting, anime, surreal, deformed, duplicate objects, extra limbs, blurry, out of focus, noise, oversaturated, posterized, artifacts, jpeg artifacts"
450,airplane,glider,flying,an industrial yard,high angle,golden hour,clean,a professional photo,"a professional photo of a glider airplane flying in an industrial yard, high angle, golden hour. single main subject, photorealistic color photo, natural colors, realistic texture, sharp focus on subject, no people, no text, no watermark, no logo, no border, no collage, no CGI, no illustration.","text, watermark, logo, caption, signature, border, frame, collage, multiple panels, cartoon, illustration, CGI, 3d render, low-poly, painting, anime, surreal, deformed, duplicate objects, extra limbs, blurry, out of focus, noise, oversaturated, posterized, artifacts, jpeg artifacts"
932,airplane,glider,taking off,a gravel lot,cropped at the edge of the frame,foggy morning,hard,a high-quality image,"a high-quality image of a glider airplane taking off in a gravel lot, cropped at the edge of the frame, foggy morning. busy background but still one main subject. single main subject, photorealistic color photo, natural colors, realistic texture, sharp focus on subject, no people, no text, no watermark, no logo, no border, no collage, no CGI, no illustration.","text, watermark, logo, caption, signature, border, frame, collage, multiple panels, cartoon, illustration, CGI, 3d render, low-poly, painting, anime, surreal, deformed, duplicate objects, extra limbs, blurry, out of focus, noise, oversaturated, posterized, artifacts, jpeg artifacts"
726,airplane,seaplane,flying,a quiet residential street,side profile,golden hour,clean,an ultra-realistic rendering,"an ultra-realistic rendering of a seaplane airplane flying in a quiet residential street, side profile, golden hour. single main subject, photorealistic color photo, natural colors, realistic texture, sharp focus on subject, no people, no text, no watermark, no logo, no border, no collage, no CGI, no illustration.","text, watermark, logo, caption, signature, border, frame, collage, multiple panels, cartoon, illustration, CGI, 3d render, low-poly, painting, anime, surreal, deformed, duplicate objects, extra limbs, blurry, out of focus, noise, oversaturated, posterized, artifacts, jpeg artifacts"
63,airplane,biplane,parked,a sandy beach,3/4 view,nighttime under streetlights,clean,a photorealistic color photo,"a photorealistic color photo of a biplane airplane parked in a sandy beach, 3/4 view, nighttime under streetlights. single main subject, photorealistic color photo, natural colors, realistic texture, sharp focus on subject, no people, no text, no watermark, no logo, no border, no collage, no CGI, no illustration.","text, watermark, logo, caption, signature, border, frame, collage, multiple panels, cartoon, illustration, CGI, 3d render, low-poly, painting, anime, surreal, deformed, duplicate objects, extra limbs, blurry, out of focus, noise, oversaturated, posterized, artifacts, jpeg artifacts"
724,airplane,small prop airplane,taking off,a lakeside shore,3/4 view,indoor soft window light,clean,a professional photo,"a professional photo of a small prop airplane taking off in a lakeside shore, 3/4 view, indoor soft window light. single main subject, photorealistic color photo, natural colors, realistic texture, sharp focus on subject, no people, no text, no watermark, no logo, no border, no collage, no CGI, no illustration.","text, watermark, logo, caption, signature, border, frame, collage, multiple panels, cartoon, illustration, CGI, 3d render, low-poly, painting, anime, surreal, deformed, duplicate objects, extra limbs, blurry, out of focus, noise, oversaturated, posterized, artifacts, jpeg artifacts"
366,airplane,small prop airplane,taxiing,a suburban neighborhood,high angle,rainy with wet reflections,clean,a detailed photograph,"a detailed photograph of a small prop airplane taxiing in a suburban neighborhood, high angle, rainy with wet reflections. single main subject, photorealistic color photo, natural colors, realistic texture, sharp focus on subject, no people, no text, no watermark, no logo, no border, no collage, no CGI, no illustration.","text, watermark, logo, caption, signature, border, frame, collage, multiple panels, cartoon, illustration, CGI, 3d render, low-poly, painting, anime, surreal, deformed, duplicate objects, extra limbs, blurry, out of focus, noise, oversaturated, posterized, artifacts, jpeg artifacts"
567,airplane,seaplane,taking off,a backyard,close-up,indoor soft window light,clean,a detailed photograph,"a detailed photograph of a seaplane airplane taking off in a backyard, close-up, indoor soft window light. single main subject, photorealistic color photo, natural colors, realistic texture, sharp focus on subject, no people, no text, no watermark, no logo, no border, no collage, no CGI, no illustration.","text, watermark, logo, caption, signature, border, frame, collage, multiple panels, cartoon, illustration, CGI, 3d render, low-poly, painting, anime, surreal, deformed, duplicate objects, extra limbs, blurry, out of focus, noise, oversaturated, posterized, artifacts, jpeg artifacts"
826,airplane,passenger jet,taking off,a backyard,wide shot,rainy with wet reflections,hard,a high-quality image,"a high-quality image of a passenger jet airplane taking off in a backyard, wide shot, rainy with wet reflections. in the distance. single main subject, photorealistic color photo, natural colors, realistic texture, sharp focus on subject, no people, no text, no watermark, no logo, no border, no collage, no CGI, no illustration.","text, watermark, logo, caption, signature, border, frame, collage, multiple panels, cartoon, illustration, CGI, 3d render, low-poly, painting, anime, surreal, deformed, duplicate objects, extra limbs, blurry, out of focus, noise, oversaturated, posterized, artifacts, jpeg artifacts"
70,airplane,small prop airplane,taxiing,a wet roadway after rain,front view,overcast daylight,clean,a high-quality image,"a high-quality image of a small prop airplane taxiing in a wet roadway after rain, front view, overcast daylight. single main subject, photorealistic color photo, natural colors, realistic texture, sharp focus on subject, no people, no text, no watermark, no logo, no border, no collage, no CGI, no illustration.","text, watermark, logo, caption, signature, border, frame, collage, multiple panels, cartoon, illustration, CGI, 3d render, low-poly, painting, anime, surreal, deformed, duplicate objects, extra limbs, blurry, out of focus, noise, oversaturated, posterized, artifacts, jpeg artifacts"
866,airplane,biplane,taking off,a quiet residential street,slightly off-center framing,sunny afternoon,hard,a finely detailed photo,"a finely detailed photo of a biplane airplane taking off in a quiet residential street, slightly off-center framing, sunny afternoon. partially occluded by a foreground object. single main subject, photorealistic color photo, natural colors, realistic texture, sharp focus on subject, no people, no text, no watermark, no logo, no border, no collage, no CGI, no illustration.","text, watermark, logo, caption, signature, border, frame, collage, multiple panels, cartoon, illustration, CGI, 3d render, low-poly, painting, anime, surreal, deformed, duplicate objects, extra limbs, blurry, out of focus, noise, oversaturated, posterized, artifacts, jpeg artifacts"
18,airplane,seaplane,taking off,an urban street,3/4 view,foggy morning,clean,a detailed photograph,"a detailed photograph of a seaplane airplane taking off in an urban street, 3/4 view, foggy morning. single main subject, photorealistic color photo, natural colors, realistic texture, sharp focus on subject, no people, no text, no watermark, no logo, no border, no collage, no CGI, no illustration.","text, watermark, logo, caption, signature, border, frame, collage, multiple panels, cartoon, illustration, CGI, 3d render, low-poly, painting, anime, surreal, deformed, duplicate objects, extra limbs, blurry, out of focus, noise, oversaturated, posterized, artifacts, jpeg artifacts"
843,airplane,glider,taxiing,a quiet residential street,front view,foggy morning,hard,a professional photo,"a professional photo of a glider airplane taxiing in a quiet residential street, front view, foggy morning. in the distance. single main subject, photorealistic color photo, natural colors, realistic texture, sharp focus on subject, no people, no text, no watermark, no logo, no border, no collage, no CGI, no illustration.","text, watermark, logo, caption, signature, border, frame, collage, multiple panels, cartoon, illustration, CGI, 3d render, low-poly, painting, anime, surreal, deformed, duplicate objects, extra limbs, blurry, out of focus, noise, oversaturated, posterized, artifacts, jpeg artifacts"
880,airplane,passenger jet,flying,a forest clearing,slightly off-center framing,backlit rim light,hard,a photorealistic color photo,"a photorealistic color photo of a passenger jet airplane flying in a forest clearing, slightly off-center framing, backlit rim light. cropped slightly. single main subject, photorealistic color photo, natural colors, realistic texture, sharp focus on subject, no people, no text, no watermark, no logo, no border, no collage, no CGI, no illustration.","text, watermark, logo, caption, signature, border, frame, collage, multiple panels, cartoon, illustration, CGI, 3d render, low-poly, painting, anime, surreal, deformed, duplicate objects, extra limbs, blurry, out of focus, noise, oversaturated, posterized, artifacts, jpeg artifacts"
642,airplane,seaplane,flying,a sandy beach,side profile,rainy with wet reflections,clean,a detailed photograph,"a detailed photograph of a seaplane airplane flying in a sandy beach, side profile, rainy with wet reflections. single main subject, photorealistic color photo, natural colors, realistic texture, sharp focus on subject, no people, no text, no watermark, no logo, no border, no collage, no CGI, no illustration.","text, watermark, logo, caption, signature, border, frame, collage, multiple panels, cartoon, illustration, CGI, 3d render, low-poly, painting, anime, surreal, deformed, duplicate objects, extra limbs, blurry, out of focus, noise, oversaturated, posterized, artifacts, jpeg artifacts"
343,airplane,small prop airplane,flying,a quiet residential street,3/4 view,sunny afternoon,clean,a photorealistic color photo,"a photorealistic color photo of a small prop airplane flying in a quiet residential street, 3/4 view, sunny afternoon. single main subject, photorealistic color photo, natural colors, realistic texture, sharp focus on subject, no people, no text, no watermark, no logo, no border, no collage, no CGI, no illustration.","text, watermark, logo, caption, signature, border, frame, collage, multiple panels, cartoon, illustration, CGI, 3d render, low-poly, painting, anime, surreal, deformed, duplicate objects, extra limbs, blurry, out of focus, noise, oversaturated, posterized, artifacts, jpeg artifacts"
235,airplane,cargo plane,flying,a city park,close-up,nighttime under streetlights,clean,a finely detailed photo,"a finely detailed photo of a cargo plane airplane flying in a city park, close-up, nighttime under streetlights. single main subject, photorealistic color photo, natural colors, realistic texture, sharp focus on subject, no people, no text, no watermark, no logo, no border, no collage, no CGI, no illustration.","text, watermark, logo, caption, signature, border, frame, collage, multiple panels, cartoon, illustration, CGI, 3d render, low-poly, painting, anime, surreal, deformed, duplicate objects, extra limbs, blurry, out of focus, noise, oversaturated, posterized, artifacts, jpeg artifacts"
194,airplane,cargo plane,taking off,an industrial yard,front view,golden hour,clean,a photorealistic color photo,"a photorealistic color photo of a cargo plane airplane taking off in an industrial yard, front view, golden hour. single main subject, photorealistic color photo, natural colors, realistic texture, sharp focus on subject, no people, no text, no watermark, no logo, no border, no collage, no CGI, no illustration.","text, watermark, logo, caption, signature, border, frame, collage, multiple panels, cartoon, illustration, CGI, 3d render, low-poly, painting, anime, surreal, deformed, duplicate objects, extra limbs, blurry, out of focus, noise, oversaturated, posterized, artifacts, jpeg artifacts"
19,airplane,passenger jet,parked,a wet roadway after rain,high angle,rainy with wet reflections,clean,a photorealistic color photo,"a photorealistic color photo of a passenger jet airplane parked in a wet roadway after rain, high angle, rainy with wet reflections. single main subject, photorealistic color photo, natural colors, realistic texture, sharp focus on subject, no people, no text, no watermark, no logo, no border, no collage, no CGI, no illustration.","text, watermark, logo, caption, signature, border, frame, collage, multiple panels, cartoon, illustration, CGI, 3d render, low-poly, painting, anime, surreal, deformed, duplicate objects, extra limbs, blurry, out of focus, noise, oversaturated, posterized, artifacts, jpeg artifacts"
259,airplane,passenger jet,taking off,a city park,high angle,foggy morning,clean,a high-quality image,"a high-quality image of a passenger jet airplane taking off in a city park, high angle, foggy morning. single main subject, photorealistic color photo, natural colors, realistic texture, sharp focus on subject, no people, no text, no watermark, no logo, no border, no collage, no CGI, no illustration.","text, watermark, logo, caption, signature, border, frame, collage, multiple panels, cartoon, illustration, CGI, 3d render, low-poly, painting, anime, surreal, deformed, duplicate objects, extra limbs, blurry, out of focus, noise, oversaturated, posterized, artifacts, jpeg artifacts"
855,airplane,small prop airplane,flying,a forest clearing,distant subject in the background,golden hour,hard,a detailed photograph,"a detailed photograph of a small prop airplane flying in a forest clearing, distant subject in the background, golden hour. slight motion blur. single main subject, photorealistic color photo, natural colors, realistic texture, sharp focus on subject, no people, no text, no watermark, no logo, no border, no collage, no CGI, no illustration.","text, watermark, logo, caption, signature, border, frame, collage, multiple panels, cartoon, illustration, CGI, 3d render, low-poly, painting, anime, surreal, deformed, duplicate objects, extra limbs, blurry, out of focus, noise, oversaturated, posterized, artifacts, jpeg artifacts"
286,airplane,small prop airplane,taxiing,a suburban neighborhood,front view,sunny afternoon,clean,a high-quality image,"a high-quality image of a small prop airplane taxiing in a suburban neighborhood, front view, sunny afternoon. single main subject, photorealistic color photo, natural colors, realistic texture, sharp focus on subject, no people, no text, no watermark, no logo, no border, no collage, no CGI, no illustration.","text, watermark, logo, caption, signature, border, frame, collage, multiple panels, cartoon, illustration, CGI, 3d render, low-poly, painting, anime, surreal, deformed, duplicate objects, extra limbs, blurry, out of focus, noise, oversaturated, posterized, artifacts, jpeg artifacts"
10,airplane,seaplane,taxiing,an industrial yard,front view,rainy with wet reflections,clean,a high-quality image,"a high-quality image of a seaplane airplane taxiing in an industrial yard, front view, rainy with wet reflections. single main subject, photorealistic color photo, natural colors, realistic texture, sharp focus on subject, no people, no text, no watermark, no logo, no border, no collage, no CGI, no illustration.","text, watermark, logo, caption, signature, border, frame, collage, multiple panels, cartoon, illustration, CGI, 3d render, low-poly, painting, anime, surreal, deformed, duplicate objects, extra limbs, blurry, out of focus, noise, oversaturated, posterized, artifacts, jpeg artifacts"
605,airplane,cargo plane,flying,a countryside road,slightly off-center framing,sunny afternoon,clean,a high-quality image,"a high-quality image of a cargo plane airplane flying in a countryside road, slightly off-center framing, sunny afternoon. single main subject, photorealistic color photo, natural colors, realistic texture, sharp focus on subject, no people, no text, no watermark, no logo, no border, no collage, no CGI, no illustration.","text, watermark, logo, caption, signature, border, frame, collage, multiple panels, cartoon, illustration, CGI, 3d render, low-poly, painting, anime, surreal, deformed, duplicate objects, extra limbs, blurry, out of focus, noise, oversaturated, posterized, artifacts, jpeg artifacts"
360,airplane,biplane,taking off,a wet roadway after rain,front view,golden hour,clean,a finely detailed photo,"a finely detailed photo of a biplane airplane taking off in a wet roadway after rain, front view, golden hour. single main subject, photorealistic color photo, natural colors, realistic texture, sharp focus on subject, no people, no text, no watermark, no logo, no border, no collage, no CGI, no illustration.","text, watermark, logo, caption, signature, border, frame, collage, multiple panels, cartoon, illustration, CGI, 3d render, low-poly, painting, anime, surreal, deformed, duplicate objects, extra limbs, blurry, out of focus, noise, oversaturated, posterized, artifacts, jpeg artifacts"
5,airplane,biplane,parked,a countryside road,front view,golden hour,clean,a professional photo,"a professional photo of a biplane airplane parked in a countryside road, front view, golden hour. single main subject, photorealistic color photo, natural colors, realistic texture, sharp focus on subject, no people, no text, no watermark, no logo, no border, no collage, no CGI, no illustration.","text, watermark, logo, caption, signature, border, frame, collage, multiple panels, cartoon, illustration, CGI, 3d render, low-poly, painting, anime, surreal, deformed, duplicate objects, extra limbs, blurry, out of focus, noise, oversaturated, posterized, artifacts, jpeg artifacts"
602,airplane,cargo plane,parked,a parking lot,low angle,golden hour,clean,a high-quality image,"a high-quality image of a cargo plane airplane parked in a parking lot, low angle, golden hour. single main subject, photorealistic color photo, natural colors, realistic texture, sharp focus on subject, no people, no text, no watermark, no logo, no border, no collage, no CGI, no illustration.","text, watermark, logo, caption, signature, border, frame, collage, multiple panels, cartoon, illustration, CGI, 3d render, low-poly, painting, anime, surreal, deformed, duplicate objects, extra limbs, blurry, out of focus, noise, oversaturated, posterized, artifacts, jpeg artifacts"
458,airplane,passenger jet,taxiing,a backyard,high angle,rainy with wet reflections,clean,a high-quality image,"a high-quality image of a passenger jet airplane taxiing in a backyard, high angle, rainy with wet reflections. single main subject, photorealistic color photo, natural colors, realistic texture, sharp focus on subject, no people, no text, no watermark, no logo, no border, no collage, no CGI, no illustration.","text, watermark, logo, caption, signature, border, frame, collage, multiple panels, cartoon, illustration, CGI, 3d render, low-poly, painting, anime, surreal, deformed, duplicate objects, extra limbs, blurry, out of focus, noise, oversaturated, posterized, artifacts, jpeg artifacts"
665,airplane,seaplane,flying,a city park,wide shot,backlit rim light,clean,a finely detailed photo,"a finely detailed photo of a seaplane airplane flying in a city park, wide shot, backlit rim light. single main subject, photorealistic color photo, natural colors, realistic texture, sharp focus on subject, no people, no text, no watermark, no logo, no border, no collage, no CGI, no illustration.","text, watermark, logo, caption, signature, border, frame, collage, multiple panels, cartoon, illustration, CGI, 3d render, low-poly, painting, anime, surreal, deformed, duplicate objects, extra limbs, blurry, out of focus, noise, oversaturated, posterized, artifacts, jpeg artifacts"
528,airplane,biplane,parked,a grassy field,side profile,overcast daylight,clean,an ultra-realistic rendering,"an ultra-realistic rendering of a biplane airplane parked in a grassy field, side profile, overcast daylight. single main subject, photorealistic color photo, natural colors, realistic texture, sharp focus on subject, no people, no text, no watermark, no logo, no border, no collage, no CGI, no illustration.","text, watermark, logo, caption, signature, border, frame, collage, multiple panels, cartoon, illustration, CGI, 3d render, low-poly, painting, anime, surreal, deformed, duplicate objects, extra limbs, blurry, out of focus, noise, oversaturated, posterized, artifacts, jpeg artifacts"
557,airplane,biplane,taxiing,a parking lot,high angle,rainy with wet reflections,clean,an ultra-realistic rendering,"an ultra-realistic rendering of a biplane airplane taxiing in a parking lot, high angle, rainy with wet reflections. single main subject, photorealistic color photo, natural colors, realistic texture, sharp focus on subject, no people, no text, no watermark, no logo, no border, no collage, no CGI, no illustration.","text, watermark, logo, caption, signature, border, frame, collage, multiple panels, cartoon, illustration, CGI, 3d render, low-poly, painting, anime, surreal, deformed, duplicate objects, extra limbs, blurry, out of focus, noise, oversaturated, posterized, artifacts, jpeg artifacts"
628,airplane,passenger jet,taxiing,an urban street,wide shot,backlit rim light,clean,a high-quality image,"a high-quality image of a passenger jet airplane taxiing in an urban street, wide shot, backlit rim light. single main subject, photorealistic color photo, natural colors, realistic texture, sharp focus on subject, no people, no text, no watermark, no logo, no border, no collage, no CGI, no illustration.","text, watermark, logo, caption, signature, border, frame, collage, multiple panels, cartoon, illustration, CGI, 3d render, low-poly, painting, anime, surreal, deformed, duplicate objects, extra limbs, blurry, out of focus, noise, oversaturated, posterized, artifacts, jpeg artifacts"
140,airplane,glider,flying,an industrial yard,slightly off-center framing,indoor soft window light,clean,a high-quality image,"a high-quality image of a glider airplane flying in an industrial yard, slightly off-center framing, indoor soft window light. single main subject, photorealistic color photo, natural colors, realistic texture, sharp focus on subject, no people, no text, no watermark, no logo, no border, no collage, no CGI, no illustration.","text, watermark, logo, caption, signature, border, frame, collage, multiple panels, cartoon, illustration, CGI, 3d render, low-poly, painting, anime, surreal, deformed, duplicate objects, extra limbs, blurry, out of focus, noise, oversaturated, posterized, artifacts, jpeg artifacts"
210,airplane,passenger jet,parked,a grassy field,close-up,indoor soft window light,clean,a high-quality image,"a high-quality image of a passenger jet airplane parked in a grassy field, close-up, indoor soft window light. single main subject, photorealistic color photo, natural colors, realistic texture, sharp focus on subject, no people, no text, no watermark, no logo, no border, no collage, no CGI, no illustration.","text, watermark, logo, caption, signature, border, frame, collage, multiple panels, cartoon, illustration, CGI, 3d render, low-poly, painting, anime, surreal, deformed, duplicate objects, extra limbs, blurry, out of focus, noise, oversaturated, posterized, artifacts, jpeg artifacts"
288,airplane,biplane,taking off,a quiet residential street,slightly off-center framing,golden hour,clean,a high-quality image,"a high-quality image of a biplane airplane taking off in a quiet residential street, slightly off-center framing, golden hour. single main subject, photorealistic color photo, natural colors, realistic texture, sharp focus on subject, no people, no text, no watermark, no logo, no border, no collage, no CGI, no illustration.","text, watermark, logo, caption, signature, border, frame, collage, multiple panels, cartoon, illustration, CGI, 3d render, low-poly, painting, anime, surreal, deformed, duplicate objects, extra limbs, blurry, out of focus, noise, oversaturated, posterized, artifacts, jpeg artifacts"
984,airplane,seaplane,taking off,a gravel lot,cropped at the edge of the frame,backlit rim light,hard,a finely detailed photo,"a finely detailed photo of a seaplane airplane taking off in a gravel lot, cropped at the edge of the frame, backlit rim light. slight motion blur. single main subject, photorealistic color photo, natural colors, realistic texture, sharp focus on subject, no people, no text, no watermark, no logo, no border, no collage, no CGI, no illustration.","text, watermark, logo, caption, signature, border, frame, collage, multiple panels, cartoon, illustration, CGI, 3d render, low-poly, painting, anime, surreal, deformed, duplicate objects, extra limbs, blurry, out of focus, noise, oversaturated, posterized, artifacts, jpeg artifacts"
314,airplane,seaplane,taxiing,a countryside road,low angle,golden hour,clean,a photorealistic color photo,"a photorealistic color photo of a seaplane airplane taxiing in a countryside road, low angle, golden hour. single main subject, photorealistic color photo, natural colors, realistic texture, sharp focus on subject, no people, no text, no watermark, no logo, no border, no collage, no CGI, no illustration.","text, watermark, logo, caption, signature, border, frame, collage, multiple panels, cartoon, illustration, CGI, 3d render, low-poly, painting, anime, surreal, deformed, duplicate objects, extra limbs, blurry, out of focus, noise, oversaturated, posterized, artifacts, jpeg artifacts"
604,airplane,glider,taxiing,an urban street,high angle,indoor soft window light,clean,a photorealistic color photo,"a photorealistic color photo of a glider airplane taxiing in an urban street, high angle, indoor soft window light. single main subject, photorealistic color photo, natural colors, realistic texture, sharp focus on subject, no people, no text, no watermark, no logo, no border, no collage, no CGI, no illustration.","text, watermark, logo, caption, signature, border, frame, collage, multiple panels, cartoon, illustration, CGI, 3d render, low-poly, painting, anime, surreal, deformed, duplicate objects, extra limbs, blurry, out of focus, noise, oversaturated, posterized, artifacts, jpeg artifacts"
326,airplane,biplane,flying,a lakeside shore,wide shot,backlit rim light,clean,a detailed photograph,"a detailed photograph of a biplane airplane flying in a lakeside shore, wide shot, backlit rim light. single main subject, photorealistic color photo, natural colors, realistic texture, sharp focus on subject, no people, no text, no watermark, no logo, no border, no collage, no CGI, no illustration.","text, watermark, logo, caption, signature, border, frame, collage, multiple panels, cartoon, illustration, CGI, 3d render, low-poly, painting, anime, surreal, deformed, duplicate objects, extra limbs, blurry, out of focus, noise, oversaturated, posterized, artifacts, jpeg artifacts"
178,airplane,glider,taxiing,a city park,wide shot,nighttime under streetlights,clean,an ultra-realistic rendering,"an ultra-realistic rendering of a glider airplane taxiing in a city park, wide shot, nighttime under streetlights. single main subject, photorealistic color photo, natural colors, realistic texture, sharp focus on subject, no people, no text, no watermark, no logo, no border, no collage, no CGI, no illustration.","text, watermark, logo, caption, signature, border, frame, collage, multiple panels, cartoon, illustration, CGI, 3d render, low-poly, painting, anime, surreal, deformed, duplicate objects, extra limbs, blurry, out of focus, noise, oversaturated, posterized, artifacts, jpeg artifacts"
393,airplane,passenger jet,parked,a forest clearing,slightly off-center framing,nighttime under streetlights,clean,a detailed photograph,"a detailed photograph of a passenger jet airplane parked in a forest clearing, slightly off-center framing, nighttime under streetlights. single main subject, photorealistic color photo, natural colors, realistic texture, sharp focus on subject, no people, no text, no watermark, no logo, no border, no collage, no CGI, no illustration.","text, watermark, logo, caption, signature, border, frame, collage, multiple panels, cartoon, illustration, CGI, 3d render, low-poly, painting, anime, surreal, deformed, duplicate objects, extra limbs, blurry, out of focus, noise, oversaturated, posterized, artifacts, jpeg artifacts"
671,airplane,small prop airplane,flying,a forest clearing,side profile,nighttime under streetlights,clean,a photorealistic color photo,"a photorealistic color photo of a small prop airplane flying in a forest clearing, side profile, nighttime under streetlights. single main subject, photorealistic color photo, natural colors, realistic texture, sharp focus on subject, no people, no text, no watermark, no logo, no border, no collage, no CGI, no illustration.","text, watermark, logo, caption, signature, border, frame, collage, multiple panels, cartoon, illustration, CGI, 3d render, low-poly, painting, anime, surreal, deformed, duplicate objects, extra limbs, blurry, out of focus, noise, oversaturated, posterized, artifacts, jpeg artifacts"
97,airplane,small prop airplane,flying,a city park,side profile,overcast daylight,clean,an ultra-realistic rendering,"an ultra-realistic rendering of a small prop airplane flying in a city park, side profile, overcast daylight. single main subject, photorealistic color photo, natural colors, realistic texture, sharp focus on subject, no people, no text, no watermark, no logo, no border, no collage, no CGI, no illustration.","text, watermark, logo, caption, signature, border, frame, collage, multiple panels, cartoon, illustration, CGI, 3d render, low-poly, painting, anime, surreal, deformed, duplicate objects, extra limbs, blurry, out of focus, noise, oversaturated, posterized, artifacts, jpeg artifacts"
927,airplane,small prop airplane,parked,a parking lot,slightly off-center framing,sunny afternoon,hard,a professional photo,"a professional photo of a small prop airplane parked in a parking lot, slightly off-center framing, sunny afternoon. cropped slightly. single main subject, photorealistic color photo, natural colors, realistic texture, sharp focus on subject, no people, no text, no watermark, no logo, no border, no collage, no CGI, no illustration.","text, watermark, logo, caption, signature, border, frame, collage, multiple panels, cartoon, illustration, CGI, 3d render, low-poly, painting, anime, surreal, deformed, duplicate objects, extra limbs, blurry, out of focus, noise, oversaturated, posterized, artifacts, jpeg artifacts"
832,airplane,seaplane,flying,an urban street,front view,rainy with wet reflections,hard,a detailed photograph,"a detailed photograph of a seaplane airplane flying in an urban street, front view, rainy with wet reflections. in the distance. single main subject, photorealistic color photo, natural colors, realistic texture, sharp focus on subject, no people, no text, no watermark, no logo, no border, no collage, no CGI, no illustration.","text, watermark, logo, caption, signature, border, frame, collage, multiple panels, cartoon, illustration, CGI, 3d render, low-poly, painting, anime, surreal, deformed, duplicate objects, extra limbs, blurry, out of focus, noise, oversaturated, posterized, artifacts, jpeg artifacts"
46,airplane,glider,parked,a quiet residential street,3/4 view,foggy morning,clean,a high-quality image,"a high-quality image of a glider airplane parked in a quiet residential street, 3/4 view, foggy morning. single main subject, photorealistic color photo, natural colors, realistic texture, sharp focus on subject, no people, no text, no watermark, no logo, no border, no collage, no CGI, no illustration.","text, watermark, logo, caption, signature, border, frame, collage, multiple panels, cartoon, illustration, CGI, 3d render, low-poly, painting, anime, surreal, deformed, duplicate objects, extra limbs, blurry, out of focus, noise, oversaturated, posterized, artifacts, jpeg artifacts"
461,airplane,cargo plane,flying,a gravel lot,low angle,backlit rim light,clean,an ultra-realistic rendering,"an ultra-realistic rendering of a cargo plane airplane flying in a gravel lot, low angle, backlit rim light. single main subject, photorealistic color photo, natural colors, realistic texture, sharp focus on subject, no people, no text, no watermark, no logo, no border, no collage, no CGI, no illustration.","text, watermark, logo, caption, signature, border, frame, collage, multiple panels, cartoon, illustration, CGI, 3d render, low-poly, painting, anime, surreal, deformed, duplicate objects, extra limbs, blurry, out of focus, noise, oversaturated, posterized, artifacts, jpeg artifacts"
953,airplane,passenger jet,parked,an industrial yard,distant subject in the background,nighttime under streetlights,hard,a high-quality image,"a high-quality image of a passenger jet airplane parked in an industrial yard, distant subject in the background, nighttime under streetlights. cropped slightly. single main subject, photorealistic color photo, natural colors, realistic texture, sharp focus on subject, no people, no text, no watermark, no logo, no border, no collage, no CGI, no illustration.","text, watermark, logo, caption, signature, border, frame, collage, multiple panels, cartoon, illustration, CGI, 3d render, low-poly, painting, anime, surreal, deformed, duplicate objects, extra limbs, blurry, out of focus, noise, oversaturated, posterized, artifacts, jpeg artifacts"
321,airplane,seaplane,parked,a suburban neighborhood,low angle,overcast daylight,clean,a finely detailed photo,"a finely detailed photo of a seaplane airplane parked in a suburban neighborhood, low angle, overcast daylight. single main subject, photorealistic color photo, natural colors, realistic texture, sharp focus on subject, no people, no text, no watermark, no logo, no border, no collage, no CGI, no illustration.","text, watermark, logo, caption, signature, border, frame, collage, multiple panels, cartoon, illustration, CGI, 3d render, low-poly, painting, anime, surreal, deformed, duplicate objects, extra limbs, blurry, out of focus, noise, oversaturated, posterized, artifacts, jpeg artifacts"
421,airplane,passenger jet,parked,a gravel lot,close-up,nighttime under streetlights,clean,a professional photo,"a professional photo of a passenger jet airplane parked in a gravel lot, close-up, nighttime under streetlights. single main subject, photorealistic color photo, natural colors, realistic texture, sharp focus on subject, no people, no text, no watermark, no logo, no border, no collage, no CGI, no illustration.","text, watermark, logo, caption, signature, border, frame, collage, multiple panels, cartoon, illustration, CGI, 3d render, low-poly, painting, anime, surreal, deformed, duplicate objects, extra limbs, blurry, out of focus, noise, oversaturated, posterized, artifacts, jpeg artifacts"
251,airplane,glider,flying,an industrial yard,high angle,rainy with wet reflections,clean,a photorealistic color photo,"a photorealistic color photo of a glider airplane flying in an industrial yard, high angle, rainy with wet reflections. single main subject, photorealistic color photo, natural colors, realistic texture, sharp focus on subject, no people, no text, no watermark, no logo, no border, no collage, no CGI, no illustration.","text, watermark, logo, caption, signature, border, frame, collage, multiple panels, cartoon, illustration, CGI, 3d render, low-poly, painting, anime, surreal, deformed, duplicate objects, extra limbs, blurry, out of focus, noise, oversaturated, posterized, artifacts, jpeg artifacts"
681,airplane,glider,taxiing,an urban street,side profile,foggy morning,clean,a detailed photograph,"a detailed photograph of a glider airplane taxiing in an urban street, side profile, foggy morning. single main subject, photorealistic color photo, natural colors, realistic texture, sharp focus on subject, no people, no text, no watermark, no logo, no border, no collage, no CGI, no illustration.","text, watermark, logo, caption, signature, border, frame, collage, multiple panels, cartoon, illustration, CGI, 3d render, low-poly, painting, anime, surreal, deformed, duplicate objects, extra limbs, blurry, out of focus, noise, oversaturated, posterized, artifacts, jpeg artifacts"
27,airplane,seaplane,taxiing,a sandy beach,close-up,rainy with wet reflections,clean,an ultra-realistic rendering,"an ultra-realistic rendering of a seaplane airplane taxiing in a sandy beach, close-up, rainy with wet reflections. single main subject, photorealistic color photo, natural colors, realistic texture, sharp focus on subject, no people, no text, no watermark, no logo, no border, no collage, no CGI, no illustration.","text, watermark, logo, caption, signature, border, frame, collage, multiple panels, cartoon, illustration, CGI, 3d render, low-poly, painting, anime, surreal, deformed, duplicate objects, extra limbs, blurry, out of focus, noise, oversaturated, posterized, artifacts, jpeg artifacts"
727,airplane,biplane,taxiing,a gravel lot,front view,golden hour,clean,a finely detailed photo,"a finely detailed photo of a biplane airplane taxiing in a gravel lot, front view, golden hour. single main subject, photorealistic color photo, natural colors, realistic texture, sharp focus on subject, no people, no text, no watermark, no logo, no border, no collage, no CGI, no illustration.","text, watermark, logo, caption, signature, border, frame, collage, multiple panels, cartoon, illustration, CGI, 3d render, low-poly, painting, anime, surreal, deformed, duplicate objects, extra limbs, blurry, out of focus, noise, oversaturated, posterized, artifacts, jpeg artifacts"
783,airplane,cargo plane,flying,a sandy beach,wide shot,foggy morning,clean,a finely detailed photo,"a finely detailed photo of a cargo plane airplane flying in a sandy beach, wide shot, foggy morning. single main subject, photorealistic color photo, natural colors, realistic texture, sharp focus on subject, no people, no text, no watermark, no logo, no border, no collage, no CGI, no illustration.","text, watermark, logo, caption, signature, border, frame, collage, multiple panels, cartoon, illustration, CGI, 3d render, low-poly, painting, anime, surreal, deformed, duplicate objects, extra limbs, blurry, out of focus, noise, oversaturated, posterized, artifacts, jpeg artifacts"
600,airplane,cargo plane,flying,a countryside road,low angle,golden hour,clean,a professional photo,"a professional photo of a cargo plane airplane flying in a countryside road, low angle, golden hour. single main subject, photorealistic color photo, natural colors, realistic texture, sharp focus on subject, no people, no text, no watermark, no logo, no border, no collage, no CGI, no illustration.","text, watermark, logo, caption, signature, border, frame, collage, multiple panels, cartoon, illustration, CGI, 3d render, low-poly, painting, anime, surreal, deformed, duplicate objects, extra limbs, blurry, out of focus, noise, oversaturated, posterized, artifacts, jpeg artifacts"
544,airplane,cargo plane,taking off,an industrial yard,high angle,backlit rim light,clean,a high-quality image,"a high-quality image of a cargo plane airplane taking off in an industrial yard, high angle, backlit rim light. single main subject, photorealistic color photo, natural colors, realistic texture, sharp focus on subject, no people, no text, no watermark, no logo, no border, no collage, no CGI, no illustration.","text, watermark, logo, caption, signature, border, frame, collage, multiple panels, cartoon, illustration, CGI, 3d render, low-poly, painting, anime, surreal, deformed, duplicate objects, extra limbs, blurry, out of focus, noise, oversaturated, posterized, artifacts, jpeg artifacts"
250,airplane,small prop airplane,taking off,a wet roadway after rain,low angle,sunny afternoon,clean,a professional photo,"a professional photo of a small prop airplane taking off in a wet roadway after rain, low angle, sunny afternoon. single main subject, photorealistic color photo, natural colors, realistic texture, sharp focus on subject, no people, no text, no watermark, no logo, no border, no collage, no CGI, no illustration.","text, watermark, logo, caption, signature, border, frame, collage, multiple panels, cartoon, illustration, CGI, 3d render, low-poly, painting, anime, surreal, deformed, duplicate objects, extra limbs, blurry, out of focus, noise, oversaturated, posterized, artifacts, jpeg artifacts"
956,airplane,biplane,taking off,a sandy beach,front view,nighttime under streetlights,hard,an ultra-realistic rendering,"an ultra-realistic rendering of a biplane airplane taking off in a sandy beach, front view, nighttime under streetlights. in the distance. single main subject, photorealistic color photo, natural colors, realistic texture, sharp focus on subject, no people, no text, no watermark, no logo, no border, no collage, no CGI, no illustration.","text, watermark, logo, caption, signature, border, frame, collage, multiple panels, cartoon, illustration, CGI, 3d render, low-poly, painting, anime, surreal, deformed, duplicate objects, extra limbs, blurry, out of focus, noise, oversaturated, posterized, artifacts, jpeg artifacts"
844,airplane,seaplane,taxiing,a parking lot,front view,indoor soft window light,hard,a professional photo,"a professional photo of a seaplane airplane taxiing in a parking lot, front view, indoor soft window light. cropped slightly. single main subject, photorealistic color photo, natural colors, realistic texture, sharp focus on subject, no people, no text, no watermark, no logo, no border, no collage, no CGI, no illustration.","text, watermark, logo, caption, signature, border, frame, collage, multiple panels, cartoon, illustration, CGI, 3d render, low-poly, painting, anime, surreal, deformed, duplicate objects, extra limbs, blurry, out of focus, noise, oversaturated, posterized, artifacts, jpeg artifacts"
889,airplane,glider,taking off,a quiet residential street,slightly off-center framing,backlit rim light,hard,a professional photo,"a professional photo of a glider airplane taking off in a quiet residential street, slightly off-center framing, backlit rim light. partially occluded by a foreground object. single main subject, photorealistic color photo, natural colors, realistic texture, sharp focus on subject, no people, no text, no watermark, no logo, no border, no collage, no CGI, no illustration.","text, watermark, logo, caption, signature, border, frame, collage, multiple panels, cartoon, illustration, CGI, 3d render, low-poly, painting, anime, surreal, deformed, duplicate objects, extra limbs, blurry, out of focus, noise, oversaturated, posterized, artifacts, jpeg artifacts"
359,airplane,seaplane,parked,a grassy field,slightly off-center framing,rainy with wet reflections,clean,an ultra-realistic rendering,"an ultra-realistic rendering of a seaplane airplane parked in a grassy field, slightly off-center framing, rainy with wet reflections. single main subject, photorealistic color photo, natural colors, realistic texture, sharp focus on subject, no people, no text, no watermark, no logo, no border, no collage, no CGI, no illustration.","text, watermark, logo, caption, signature, border, frame, collage, multiple panels, cartoon, illustration, CGI, 3d render, low-poly, painting, anime, surreal, deformed, duplicate objects, extra limbs, blurry, out of focus, noise, oversaturated, posterized, artifacts, jpeg artifacts"
33,airplane,biplane,taking off,a countryside road,front view,overcast daylight,clean,a photorealistic color photo,"a photorealistic color photo of a biplane airplane taking off in a countryside road, front view, overcast daylight. single main subject, photorealistic color photo, natural colors, realistic texture, sharp focus on subject, no people, no text, no watermark, no logo, no border, no collage, no CGI, no illustration.","text, watermark, logo, caption, signature, border, frame, collage, multiple panels, cartoon, illustration, CGI, 3d render, low-poly, painting, anime, surreal, deformed, duplicate objects, extra limbs, blurry, out of focus, noise, oversaturated, posterized, artifacts, jpeg artifacts"
596,airplane,cargo plane,taking off,an urban street,side profile,backlit rim light,clean,a finely detailed photo,"a finely detailed photo of a cargo plane airplane taking off in an urban street, side profile, backlit rim light. single main subject, photorealistic color photo, natural colors, realistic texture, sharp focus on subject, no people, no text, no watermark, no logo, no border, no collage, no CGI, no illustration.","text, watermark, logo, caption, signature, border, frame, collage, multiple panels, cartoon, illustration, CGI, 3d render, low-poly, painting, anime, surreal, deformed, duplicate objects, extra limbs, blurry, out of focus, noise, oversaturated, posterized, artifacts, jpeg artifacts"
949,airplane,passenger jet,taxiing,a forest clearing,distant subject in the background,overcast daylight,hard,a photorealistic color photo,"a photorealistic color photo of a passenger jet airplane taxiing in a forest clearing, distant subject in the background, overcast daylight. busy background but still one main subject. single main subject, photorealistic color photo, natural colors, realistic texture, sharp focus on subject, no people, no text, no watermark, no logo, no border, no collage, no CGI, no illustration.","text, watermark, logo, caption, signature, border, frame, collage, multiple panels, cartoon, illustration, CGI, 3d render, low-poly, painting, anime, surreal, deformed, duplicate objects, extra limbs, blurry, out of focus, noise, oversaturated, posterized, artifacts, jpeg artifacts"
505,airplane,biplane,taking off,a lakeside shore,slightly off-center framing,overcast daylight,clean,a detailed photograph,"a detailed photograph of a biplane airplane taking off in a lakeside shore, slightly off-center framing, overcast daylight. single main subject, photorealistic color photo, natural colors, realistic texture, sharp focus on subject, no people, no text, no watermark, no logo, no border, no collage, no CGI, no illustration.","text, watermark, logo, caption, signature, border, frame, collage, multiple panels, cartoon, illustration, CGI, 3d render, low-poly, painting, anime, surreal, deformed, duplicate objects, extra limbs, blurry, out of focus, noise, oversaturated, posterized, artifacts, jpeg artifacts"
819,airplane,passenger jet,parked,an industrial yard,side profile,indoor soft window light,hard,a high-quality image,"a high-quality image of a passenger jet airplane parked in an industrial yard, side profile, indoor soft window light. partially occluded by a foreground object. single main subject, photorealistic color photo, natural colors, realistic texture, sharp focus on subject, no people, no text, no watermark, no logo, no border, no collage, no CGI, no illustration.","text, watermark, logo, caption, signature, border, frame, collage, multiple panels, cartoon, illustration, CGI, 3d render, low-poly, painting, anime, surreal, deformed, duplicate objects, extra limbs, blurry, out of focus, noise, oversaturated, posterized, artifacts, jpeg artifacts"
697,airplane,seaplane,taxiing,a suburban neighborhood,3/4 view,overcast daylight,clean,a professional photo,"a professional photo of a seaplane airplane taxiing in a suburban neighborhood, 3/4 view, overcast daylight. single main subject, photorealistic color photo, natural colors, realistic texture, sharp focus on subject, no people, no text, no watermark, no logo, no border, no collage, no CGI, no illustration.","text, watermark, logo, caption, signature, border, frame, collage, multiple panels, cartoon, illustration, CGI, 3d render, low-poly, painting, anime, surreal, deformed, duplicate objects, extra limbs, blurry, out of focus, noise, oversaturated, posterized, artifacts, jpeg artifacts"
206,airplane,seaplane,parked,a grassy field,high angle,foggy morning,clean,a professional photo,"a professional photo of a seaplane airplane parked in a grassy field, high angle, foggy morning. single main subject, photorealistic color photo, natural colors, realistic texture, sharp focus on subject, no people, no text, no watermark, no logo, no border, no collage, no CGI, no illustration.","text, watermark, logo, caption, signature, border, frame, collage, multiple panels, cartoon, illustration, CGI, 3d render, low-poly, painting, anime, surreal, deformed, duplicate objects, extra limbs, blurry, out of focus, noise, oversaturated, posterized, artifacts, jpeg artifacts"
581,airplane,seaplane,taking off,a gravel lot,slightly off-center framing,overcast daylight,clean,a detailed photograph,"a detailed photograph of a seaplane airplane taking off in a gravel lot, slightly off-center framing, overcast daylight. single main subject, photorealistic color photo, natural colors, realistic texture, sharp focus on subject, no people, no text, no watermark, no logo, no border, no collage, no CGI, no illustration.","text, watermark, logo, caption, signature, border, frame, collage, multiple panels, cartoon, illustration, CGI, 3d render, low-poly, painting, anime, surreal, deformed, duplicate objects, extra limbs, blurry, out of focus, noise, oversaturated, posterized, artifacts, jpeg artifacts"
231,airplane,cargo plane,taking off,a gravel lot,low angle,golden hour,clean,a detailed photograph,"a detailed photograph of a cargo plane airplane taking off in a gravel lot, low angle, golden hour. single main subject, photorealistic color photo, natural colors, realistic texture, sharp focus on subject, no people, no text, no watermark, no logo, no border, no collage, no CGI, no illustration.","text, watermark, logo, caption, signature, border, frame, collage, multiple panels, cartoon, illustration, CGI, 3d render, low-poly, painting, anime, surreal, deformed, duplicate objects, extra limbs, blurry, out of focus, noise, oversaturated, posterized, artifacts, jpeg artifacts"
549,airplane,passenger jet,flying,a gravel lot,high angle,nighttime under streetlights,clean,a photorealistic color photo,"a photorealistic color photo of a passenger jet airplane flying in a gravel lot, high angle, nighttime under streetlights. single main subject, photorealistic color photo, natural colors, realistic texture, sharp focus on subject, no people, no text, no watermark, no logo, no border, no collage, no CGI, no illustration.","text, watermark, logo, caption, signature, border, frame, collage, multiple panels, cartoon, illustration, CGI, 3d render, low-poly, painting, anime, surreal, deformed, duplicate objects, extra limbs, blurry, out of focus, noise, oversaturated, posterized, artifacts, jpeg artifacts"
242,airplane,seaplane,flying,an industrial yard,wide shot,foggy morning,clean,a professional photo,"a professional photo of a seaplane airplane flying in an industrial yard, wide shot, foggy morning. single main subject, photorealistic color photo, natural colors, realistic texture, sharp focus on subject, no people, no text, no watermark, no logo, no border, no collage, no CGI, no illustration.","text, watermark, logo, caption, signature, border, frame, collage, multiple panels, cartoon, illustration, CGI, 3d render, low-poly, painting, anime, surreal, deformed, duplicate objects, extra limbs, blurry, out of focus, noise, oversaturated, posterized, artifacts, jpeg artifacts"
696,airplane,passenger jet,taking off,a city park,slightly off-center framing,golden hour,clean,a professional photo,"a professional photo of a passenger jet airplane taking off in a city park, slightly off-center framing, golden hour. single main subject, photorealistic color photo, natural colors, realistic texture, sharp focus on subject, no people, no text, no watermark, no logo, no border, no collage, no CGI, no illustration.","text, watermark, logo, caption, signature, border, frame, collage, multiple panels, cartoon, illustration, CGI, 3d render, low-poly, painting, anime, surreal, deformed, duplicate objects, extra limbs, blurry, out of focus, noise, oversaturated, posterized, artifacts, jpeg artifacts"
712,airplane,seaplane,flying,a suburban neighborhood,high angle,golden hour,clean,a photorealistic color photo,"a photorealistic color photo of a seaplane airplane flying in a suburban neighborhood, high angle, golden hour. single main subject, photorealistic color photo, natural colors, realistic texture, sharp focus on subject, no people, no text, no watermark, no logo, no border, no collage, no CGI, no illustration.","text, watermark, logo, caption, signature, border, frame, collage, multiple panels, cartoon, illustration, CGI, 3d render, low-poly, painting, anime, surreal, deformed, duplicate objects, extra limbs, blurry, out of focus, noise, oversaturated, posterized, artifacts, jpeg artifacts"
133,airplane,seaplane,taxiing,a quiet residential street,side profile,foggy morning,clean,a finely detailed photo,"a finely detailed photo of a seaplane airplane taxiing in a quiet residential street, side profile, foggy morning. single main subject, photorealistic color photo, natural colors, realistic texture, sharp focus on subject, no people, no text, no watermark, no logo, no border, no collage, no CGI, no illustration.","text, watermark, logo, caption, signature, border, frame, collage, multiple panels, cartoon, illustration, CGI, 3d render, low-poly, painting, anime, surreal, deformed, duplicate objects, extra limbs, blurry, out of focus, noise, oversaturated, posterized, artifacts, jpeg artifacts"
79,airplane,small prop airplane,taking off,a grassy field,high angle,backlit rim light,clean,a photorealistic color photo,"a photorealistic color photo of a small prop airplane taking off in a grassy field, high angle, backlit rim light. single main subject, photorealistic color photo, natural colors, realistic texture, sharp focus on subject, no people, no text, no watermark, no logo, no border, no collage, no CGI, no illustration.","text, watermark, logo, caption, signature, border, frame, collage, multiple panels, cartoon, illustration, CGI, 3d render, low-poly, painting, anime, surreal, deformed, duplicate objects, extra limbs, blurry, out of focus, noise, oversaturated, posterized, artifacts, jpeg artifacts"
829,airplane,small prop airplane,taxiing,a forest clearing,slightly off-center framing,rainy with wet reflections,hard,a photorealistic color photo,"a photorealistic color photo of a small prop airplane taxiing in a forest clearing, slightly off-center framing, rainy with wet reflections. busy background but still one main subject. single main subject, photorealistic color photo, natural colors, realistic texture, sharp focus on subject, no people, no text, no watermark, no logo, no border, no collage, no CGI, no illustration.","text, watermark, logo, caption, signature, border, frame, collage, multiple panels, cartoon, illustration, CGI, 3d render, low-poly, painting, anime, surreal, deformed, duplicate objects, extra limbs, blurry, out of focus, noise, oversaturated, posterized, artifacts, jpeg artifacts"
476,airplane,glider,flying,a suburban neighborhood,close-up,indoor soft window light,clean,a professional photo,"a professional photo of a glider airplane flying in a suburban neighborhood, close-up, indoor soft window light. single main subject, photorealistic color photo, natural colors, realistic texture, sharp focus on subject, no people, no text, no watermark, no logo, no border, no collage, no CGI, no illustration.","text, watermark, logo, caption, signature, border, frame, collage, multiple panels, cartoon, illustration, CGI, 3d render, low-poly, painting, anime, surreal, deformed, duplicate objects, extra limbs, blurry, out of focus, noise, oversaturated, posterized, artifacts, jpeg artifacts"
11,airplane,cargo plane,flying,a lakeside shore,side profile,overcast daylight,clean,a finely detailed photo,"a finely detailed photo of a cargo plane airplane flying in a lakeside shore, side profile, overcast daylight. single main subject, photorealistic color photo, natural colors, realistic texture, sharp focus on subject, no people, no text, no watermark, no logo, no border, no collage, no CGI, no illustration.","text, watermark, logo, caption, signature, border, frame, collage, multiple panels, cartoon, illustration, CGI, 3d render, low-poly, painting, anime, surreal, deformed, duplicate objects, extra limbs, blurry, out of focus, noise, oversaturated, posterized, artifacts, jpeg artifacts"
917,airplane,cargo plane,flying,an urban street,high angle,sunny afternoon,hard,an ultra-realistic rendering,"an ultra-realistic rendering of a cargo plane airplane flying in an urban street, high angle, sunny afternoon. in the distance. single main subject, photorealistic color photo, natural colors, realistic texture, sharp focus on subject, no people, no text, no watermark, no logo, no border, no collage, no CGI, no illustration.","text, watermark, logo, caption, signature, border, frame, collage, multiple panels, cartoon, illustration, CGI, 3d render, low-poly, painting, anime, surreal, deformed, duplicate objects, extra limbs, blurry, out of focus, noise, oversaturated, posterized, artifacts, jpeg artifacts"
848,airplane,cargo plane,taking off,a forest clearing,3/4 view,golden hour,hard,a photorealistic color photo,"a photorealistic color photo of a cargo plane airplane taking off in a forest clearing, 3/4 view, golden hour. in the distance. single main subject, photorealistic color photo, natural colors, realistic texture, sharp focus on subject, no people, no text, no watermark, no logo, no border, no collage, no CGI, no illustration.","text, watermark, logo, caption, signature, border, frame, collage, multiple panels, cartoon, illustration, CGI, 3d render, low-poly, painting, anime, surreal, deformed, duplicate objects, extra limbs, blurry, out of focus, noise, oversaturated, posterized, artifacts, jpeg artifacts"
702,airplane,seaplane,taxiing,a wet roadway after rain,low angle,golden hour,clean,a finely detailed photo,"a finely detailed photo of a seaplane airplane taxiing in a wet roadway after rain, low angle, golden hour. single main subject, photorealistic color photo, natural colors, realistic texture, sharp focus on subject, no people, no text, no watermark, no logo, no border, no collage, no CGI, no illustration.","text, watermark, logo, caption, signature, border, frame, collage, multiple panels, cartoon, illustration, CGI, 3d render, low-poly, painting, anime, surreal, deformed, duplicate objects, extra limbs, blurry, out of focus, noise, oversaturated, posterized, artifacts, jpeg artifacts"
474,airplane,passenger jet,parked,an urban street,wide shot,backlit rim light,clean,a photorealistic color photo,"a photorealistic color photo of a passenger jet airplane parked in an urban street, wide shot, backlit rim light. single main subject, photorealistic color photo, natural colors, realistic texture, sharp focus on subject, no people, no text, no watermark, no logo, no border, no collage, no CGI, no illustration.","text, watermark, logo, caption, signature, border, frame, collage, multiple panels, cartoon, illustration, CGI, 3d render, low-poly, painting, anime, surreal, deformed, duplicate objects, extra limbs, blurry, out of focus, noise, oversaturated, posterized, artifacts, jpeg artifacts"
388,airplane,small prop airplane,taxiing,a gravel lot,close-up,foggy morning,clean,a detailed photograph,"a detailed photograph of a small prop airplane taxiing in a gravel lot, close-up, foggy morning. single main subject, photorealistic color photo, natural colors, realistic texture, sharp focus on subject, no people, no text, no watermark, no logo, no border, no collage, no CGI, no illustration.","text, watermark, logo, caption, signature, border, frame, collage, multiple panels, cartoon, illustration, CGI, 3d render, low-poly, painting, anime, surreal, deformed, duplicate objects, extra limbs, blurry, out of focus, noise, oversaturated, posterized, artifacts, jpeg artifacts"
376,airplane,glider,taxiing,a gravel lot,3/4 view,sunny afternoon,clean,a photorealistic color photo,"a photorealistic color photo of a glider airplane taxiing in a gravel lot, 3/4 view, sunny afternoon. single main subject, photorealistic color photo, natural colors, realistic texture, sharp focus on subject, no people, no text, no watermark, no logo, no border, no collage, no CGI, no illustration.","text, watermark, logo, caption, signature, border, frame, collage, multiple panels, cartoon, illustration, CGI, 3d render, low-poly, painting, anime, surreal, deformed, duplicate objects, extra limbs, blurry, out of focus, noise, oversaturated, posterized, artifacts, jpeg artifacts"
232,airplane,small prop airplane,taking off,a wet roadway after rain,low angle,backlit rim light,clean,a photorealistic color photo,"a photorealistic color photo of a small prop airplane taking off in a wet roadway after rain, low angle, backlit rim light. single main subject, photorealistic color photo, natural colors, realistic texture, sharp focus on subject, no people, no text, no watermark, no logo, no border, no collage, no CGI, no illustration.","text, watermark, logo, caption, signature, border, frame, collage, multiple panels, cartoon, illustration, CGI, 3d render, low-poly, painting, anime, surreal, deformed, duplicate objects, extra limbs, blurry, out of focus, noise, oversaturated, posterized, artifacts, jpeg artifacts"
327,airplane,biplane,parked,a city park,3/4 view,rainy with wet reflections,clean,an ultra-realistic rendering,"an ultra-realistic rendering of a biplane airplane parked in a city park, 3/4 view, rainy with wet reflections. single main subject, photorealistic color photo, natural colors, realistic texture, sharp focus on subject, no people, no text, no watermark, no logo, no border, no collage, no CGI, no illustration.","text, watermark, logo, caption, signature, border, frame, collage, multiple panels, cartoon, illustration, CGI, 3d render, low-poly, painting, anime, surreal, deformed, duplicate objects, extra limbs, blurry, out of focus, noise, oversaturated, posterized, artifacts, jpeg artifacts"
728,airplane,seaplane,taking off,a sandy beach,front view,foggy morning,clean,a detailed photograph,"a detailed photograph of a seaplane airplane taking off in a sandy beach, front view, foggy morning. single main subject, photorealistic color photo, natural colors, realistic texture, sharp focus on subject, no people, no text, no watermark, no logo, no border, no collage, no CGI, no illustration.","text, watermark, logo, caption, signature, border, frame, collage, multiple panels, cartoon, illustration, CGI, 3d render, low-poly, painting, anime, surreal, deformed, duplicate objects, extra limbs, blurry, out of focus, noise, oversaturated, posterized, artifacts, jpeg artifacts"
545,airplane,biplane,parked,a gravel lot,slightly off-center framing,golden hour,clean,a finely detailed photo,"a finely detailed photo of a biplane airplane parked in a gravel lot, slightly off-center framing, golden hour. single main subject, photorealistic color photo, natural colors, realistic texture, sharp focus on subject, no people, no text, no watermark, no logo, no border, no collage, no CGI, no illustration.","text, watermark, logo, caption, signature, border, frame, collage, multiple panels, cartoon, illustration, CGI, 3d render, low-poly, painting, anime, surreal, deformed, duplicate objects, extra limbs, blurry, out of focus, noise, oversaturated, posterized, artifacts, jpeg artifacts"
839,airplane,biplane,flying,an industrial yard,wide shot,nighttime under streetlights,hard,a high-quality image,"a high-quality image of a biplane airplane flying in an industrial yard, wide shot, nighttime under streetlights. slight motion blur. single main subject, photorealistic color photo, natural colors, realistic texture, sharp focus on subject, no people, no text, no watermark, no logo, no border, no collage, no CGI, no illustration.","text, watermark, logo, caption, signature, border, frame, collage, multiple panels, cartoon, illustration, CGI, 3d render, low-poly, painting, anime, surreal, deformed, duplicate objects, extra limbs, blurry, out of focus, noise, oversaturated, posterized, artifacts, jpeg artifacts"
255,airplane,small prop airplane,taking off,a suburban neighborhood,slightly off-center framing,nighttime under streetlights,clean,an ultra-realistic rendering,"an ultra-realistic rendering of a small prop airplane taking off in a suburban neighborhood, slightly off-center framing, nighttime under streetlights. single main subject, photorealistic color photo, natural colors, realistic texture, sharp focus on subject, no people, no text, no watermark, no logo, no border, no collage, no CGI, no illustration.","text, watermark, logo, caption, signature, border, frame, collage, multiple panels, cartoon, illustration, CGI, 3d render, low-poly, painting, anime, surreal, deformed, duplicate objects, extra limbs, blurry, out of focus, noise, oversaturated, posterized, artifacts, jpeg artifacts"
45,airplane,passenger jet,taxiing,an industrial yard,3/4 view,backlit rim light,clean,a photorealistic color photo,"a photorealistic color photo of a passenger jet airplane taxiing in an industrial yard, 3/4 view, backlit rim light. single main subject, photorealistic color photo, natural colors, realistic texture, sharp focus on subject, no people, no text, no watermark, no logo, no border, no collage, no CGI, no illustration.","text, watermark, logo, caption, signature, border, frame, collage, multiple panels, cartoon, illustration, CGI, 3d render, low-poly, painting, anime, surreal, deformed, duplicate objects, extra limbs, blurry, out of focus, noise, oversaturated, posterized, artifacts, jpeg artifacts"
611,airplane,passenger jet,parked,a city park,side profile,sunny afternoon,clean,a professional photo,"a professional photo of a passenger jet airplane parked in a city park, side profile, sunny afternoon. single main subject, photorealistic color photo, natural colors, realistic texture, sharp focus on subject, no people, no text, no watermark, no logo, no border, no collage, no CGI, no illustration.","text, watermark, logo, caption, signature, border, frame, collage, multiple panels, cartoon, illustration, CGI, 3d render, low-poly, painting, anime, surreal, deformed, duplicate objects, extra limbs, blurry, out of focus, noise, oversaturated, posterized, artifacts, jpeg artifacts"
200,airplane,biplane,taxiing,an urban street,slightly off-center framing,indoor soft window light,clean,a professional photo,"a professional photo of a biplane airplane taxiing in an urban street, slightly off-center framing, indoor soft window light. single main subject, photorealistic color photo, natural colors, realistic texture, sharp focus on subject, no people, no text, no watermark, no logo, no border, no collage, no CGI, no illustration.","text, watermark, logo, caption, signature, border, frame, collage, multiple panels, cartoon, illustration, CGI, 3d render, low-poly, painting, anime, surreal, deformed, duplicate objects, extra limbs, blurry, out of focus, noise, oversaturated, posterized, artifacts, jpeg artifacts"
768,airplane,glider,taxiing,a wet roadway after rain,front view,indoor soft window light,clean,a high-quality image,"a high-quality image of a glider airplane taxiing in a wet roadway after rain, front view, indoor soft window light. single main subject, photorealistic color photo, natural colors, realistic texture, sharp focus on subject, no people, no text, no watermark, no logo, no border, no collage, no CGI, no illustration.","text, watermark, logo, caption, signature, border, frame, collage, multiple panels, cartoon, illustration, CGI, 3d render, low-poly, painting, anime, surreal, deformed, duplicate objects, extra limbs, blurry, out of focus, noise, oversaturated, posterized, artifacts, jpeg artifacts"
815,airplane,cargo plane,taxiing,a suburban neighborhood,high angle,nighttime under streetlights,hard,a finely detailed photo,"a finely detailed photo of a cargo plane airplane taxiing in a suburban neighborhood, high angle, nighttime under streetlights. slight motion blur. single main subject, photorealistic color photo, natural colors, realistic texture, sharp focus on subject, no people, no text, no watermark, no logo, no border, no collage, no CGI, no illustration.","text, watermark, logo, caption, signature, border, frame, collage, multiple panels, cartoon, illustration, CGI, 3d render, low-poly, painting, anime, surreal, deformed, duplicate objects, extra limbs, blurry, out of focus, noise, oversaturated, posterized, artifacts, jpeg artifacts"
396,airplane,glider,flying,a wet roadway after rain,front view,rainy with wet reflections,clean,an ultra-realistic rendering,"an ultra-realistic rendering of a glider airplane flying in a wet roadway after rain, front view, rainy with wet reflections. single main subject, photorealistic color photo, natural colors, realistic texture, sharp focus on subject, no people, no text, no watermark, no logo, no border, no collage, no CGI, no illustration.","text, watermark, logo, caption, signature, border, frame, collage, multiple panels, cartoon, illustration, CGI, 3d render, low-poly, painting, anime, surreal, deformed, duplicate objects, extra limbs, blurry, out of focus, noise, oversaturated, posterized, artifacts, jpeg artifacts"
322,airplane,glider,flying,a parking lot,close-up,golden hour,clean,a photorealistic color photo,"a photorealistic color photo of a glider airplane flying in a parking lot, close-up, golden hour. single main subject, photorealistic color photo, natural colors, realistic texture, sharp focus on subject, no people, no text, no watermark, no logo, no border, no collage, no CGI, no illustration.","text, watermark, logo, caption, signature, border, frame, collage, multiple panels, cartoon, illustration, CGI, 3d render, low-poly, painting, anime, surreal, deformed, duplicate objects, extra limbs, blurry, out of focus, noise, oversaturated, posterized, artifacts, jpeg artifacts"
902,airplane,passenger jet,parked,a wet roadway after rain,close-up,backlit rim light,hard,a photorealistic color photo,"a photorealistic color photo of a passenger jet airplane parked in a wet roadway after rain, close-up, backlit rim light. in the distance. single main subject, photorealistic color photo, natural colors, realistic texture, sharp focus on subject, no people, no text, no watermark, no logo, no border, no collage, no CGI, no illustration.","text, watermark, logo, caption, signature, border, frame, collage, multiple panels, cartoon, illustration, CGI, 3d render, low-poly, painting, anime, surreal, deformed, duplicate objects, extra limbs, blurry, out of focus, noise, oversaturated, posterized, artifacts, jpeg artifacts"
304,airplane,passenger jet,taking off,a wet roadway after rain,side profile,overcast daylight,clean,a high-quality image,"a high-quality image of a passenger jet airplane taking off in a wet roadway after rain, side profile, overcast daylight. single main subject, photorealistic color photo, natural colors, realistic texture, sharp focus on subject, no people, no text, no watermark, no logo, no border, no collage, no CGI, no illustration.","text, watermark, logo, caption, signature, border, frame, collage, multiple panels, cartoon, illustration, CGI, 3d render, low-poly, painting, anime, surreal, deformed, duplicate objects, extra limbs, blurry, out of focus, noise, oversaturated, posterized, artifacts, jpeg artifacts"
550,airplane,cargo plane,flying,a sandy beach,close-up,indoor soft window light,clean,a detailed photograph,"a detailed photograph of a cargo plane airplane flying in a sandy beach, close-up, indoor soft window light. single main subject, photorealistic color photo, natural colors, realistic texture, sharp focus on subject, no people, no text, no watermark, no logo, no border, no collage, no CGI, no illustration.","text, watermark, logo, caption, signature, border, frame, collage, multiple panels, cartoon, illustration, CGI, 3d render, low-poly, painting, anime, surreal, deformed, duplicate objects, extra limbs, blurry, out of focus, noise, oversaturated, posterized, artifacts, jpeg artifacts"
370,airplane,small prop airplane,flying,a suburban neighborhood,wide shot,rainy with wet reflections,clean,a detailed photograph,"a detailed photograph of a small prop airplane flying in a suburban neighborhood, wide shot, rainy with wet reflections. single main subject, photorealistic color photo, natural colors, realistic texture, sharp focus on subject, no people, no text, no watermark, no logo, no border, no collage, no CGI, no illustration.","text, watermark, logo, caption, signature, border, frame, collage, multiple panels, cartoon, illustration, CGI, 3d render, low-poly, painting, anime, surreal, deformed, duplicate objects, extra limbs, blurry, out of focus, noise, oversaturated, posterized, artifacts, jpeg artifacts"
703,airplane,small prop airplane,parked,a backyard,slightly off-center framing,foggy morning,clean,a professional photo,"a professional photo of a small prop airplane parked in a backyard, slightly off-center framing, foggy morning. single main subject, photorealistic color photo, natural colors, realistic texture, sharp focus on subject, no people, no text, no watermark, no logo, no border, no collage, no CGI, no illustration.","text, watermark, logo, caption, signature, border, frame, collage, multiple panels, cartoon, illustration, CGI, 3d render, low-poly, painting, anime, surreal, deformed, duplicate objects, extra limbs, blurry, out of focus, noise, oversaturated, posterized, artifacts, jpeg artifacts"
319,airplane,cargo plane,flying,a forest clearing,close-up,overcast daylight,clean,a professional photo,"a professional photo of a cargo plane airplane flying in a forest clearing, close-up, overcast daylight. single main subject, photorealistic color photo, natural colors, realistic texture, sharp focus on subject, no people, no text, no watermark, no logo, no border, no collage, no CGI, no illustration.","text, watermark, logo, caption, signature, border, frame, collage, multiple panels, cartoon, illustration, CGI, 3d render, low-poly, painting, anime, surreal, deformed, duplicate objects, extra limbs, blurry, out of focus, noise, oversaturated, posterized, artifacts, jpeg artifacts"
455,airplane,small prop airplane,taking off,a sandy beach,low angle,indoor soft window light,clean,a professional photo,"a professional photo of a small prop airplane taking off in a sandy beach, low angle, indoor soft window light. single main subject, photorealistic color photo, natural colors, realistic texture, sharp focus on subject, no people, no text, no watermark, no logo, no border, no collage, no CGI, no illustration.","text, watermark, logo, caption, signature, border, frame, collage, multiple panels, cartoon, illustration, CGI, 3d render, low-poly, painting, anime, surreal, deformed, duplicate objects, extra limbs, blurry, out of focus, noise, oversaturated, posterized, artifacts, jpeg artifacts"
756,airplane,biplane,taking off,a parking lot,low angle,nighttime under streetlights,clean,a photorealistic color photo,"a photorealistic color photo of a biplane airplane taking off in a parking lot, low angle, nighttime under streetlights. single main subject, photorealistic color photo, natural colors, realistic texture, sharp focus on subject, no people, no text, no watermark, no logo, no border, no collage, no CGI, no illustration.","text, watermark, logo, caption, signature, border, frame, collage, multiple panels, cartoon, illustration, CGI, 3d render, low-poly, painting, anime, surreal, deformed, duplicate objects, extra limbs, blurry, out of focus, noise, oversaturated, posterized, artifacts, jpeg artifacts"
569,airplane,cargo plane,flying,an industrial yard,low angle,backlit rim light,clean,an ultra-realistic rendering,"an ultra-realistic rendering of a cargo plane airplane flying in an industrial yard, low angle, backlit rim light. single main subject, photorealistic color photo, natural colors, realistic texture, sharp focus on subject, no people, no text, no watermark, no logo, no border, no collage, no CGI, no illustration.","text, watermark, logo, caption, signature, border, frame, collage, multiple panels, cartoon, illustration, CGI, 3d render, low-poly, painting, anime, surreal, deformed, duplicate objects, extra limbs, blurry, out of focus, noise, oversaturated, posterized, artifacts, jpeg artifacts"
244,airplane,passenger jet,taking off,a grassy field,side profile,golden hour,clean,a detailed photograph,"a detailed photograph of a passenger jet airplane taking off in a grassy field, side profile, golden hour. single main subject, photorealistic color photo, natural colors, realistic texture, sharp focus on subject, no people, no text, no watermark, no logo, no border, no collage, no CGI, no illustration.","text, watermark, logo, caption, signature, border, frame, collage, multiple panels, cartoon, illustration, CGI, 3d render, low-poly, painting, anime, surreal, deformed, duplicate objects, extra limbs, blurry, out of focus, noise, oversaturated, posterized, artifacts, jpeg artifacts"
865,airplane,passenger jet,taxiing,a sandy beach,low angle,backlit rim light,hard,a finely detailed photo,"a finely detailed photo of a passenger jet airplane taxiing in a sandy beach, low angle, backlit rim light. slight motion blur. single main subject, photorealistic color photo, natural colors, realistic texture, sharp focus on subject, no people, no text, no watermark, no logo, no border, no collage, no CGI, no illustration.","text, watermark, logo, caption, signature, border, frame, collage, multiple panels, cartoon, illustration, CGI, 3d render, low-poly, painting, anime, surreal, deformed, duplicate objects, extra limbs, blurry, out of focus, noise, oversaturated, posterized, artifacts, jpeg artifacts"
547,airplane,seaplane,flying,a wet roadway after rain,slightly off-center framing,overcast daylight,clean,a professional photo,"a professional photo of a seaplane airplane flying in a wet roadway after rain, slightly off-center framing, overcast daylight. single main subject, photorealistic color photo, natural colors, realistic texture, sharp focus on subject, no people, no text, no watermark, no logo, no border, no collage, no CGI, no illustration.","text, watermark, logo, caption, signature, border, frame, collage, multiple panels, cartoon, illustration, CGI, 3d render, low-poly, painting, anime, surreal, deformed, duplicate objects, extra limbs, blurry, out of focus, noise, oversaturated, posterized, artifacts, jpeg artifacts"
933,airplane,passenger jet,parked,an urban street,slightly off-center framing,nighttime under streetlights,hard,a photorealistic color photo,"a photorealistic color photo of a passenger jet airplane parked in an urban street, slightly off-center framing, nighttime under streetlights. slight motion blur. single main subject, photorealistic color photo, natural colors, realistic texture, sharp focus on subject, no people, no text, no watermark, no logo, no border, no collage, no CGI, no illustration.","text, watermark, logo, caption, signature, border, frame, collage, multiple panels, cartoon, illustration, CGI, 3d render, low-poly, painting, anime, surreal, deformed, duplicate objects, extra limbs, blurry, out of focus, noise, oversaturated, posterized, artifacts, jpeg artifacts"
328,airplane,biplane,taxiing,a suburban neighborhood,slightly off-center framing,backlit rim light,clean,a finely detailed photo,"a finely detailed photo of a biplane airplane taxiing in a suburban neighborhood, slightly off-center framing, backlit rim light. single main subject, photorealistic color photo, natural colors, realistic texture, sharp focus on subject, no people, no text, no watermark, no logo, no border, no collage, no CGI, no illustration.","text, watermark, logo, caption, signature, border, frame, collage, multiple panels, cartoon, illustration, CGI, 3d render, low-poly, painting, anime, surreal, deformed, duplicate objects, extra limbs, blurry, out of focus, noise, oversaturated, posterized, artifacts, jpeg artifacts"
418,airplane,small prop airplane,taxiing,a wet roadway after rain,3/4 view,nighttime under streetlights,clean,a photorealistic color photo,"a photorealistic color photo of a small prop airplane taxiing in a wet roadway after rain, 3/4 view, nighttime under streetlights. single main subject, photorealistic color photo, natural colors, realistic texture, sharp focus on subject, no people, no text, no watermark, no logo, no border, no collage, no CGI, no illustration.","text, watermark, logo, caption, signature, border, frame, collage, multiple panels, cartoon, illustration, CGI, 3d render, low-poly, painting, anime, surreal, deformed, duplicate objects, extra limbs, blurry, out of focus, noise, oversaturated, posterized, artifacts, jpeg artifacts"
546,airplane,small prop airplane,taxiing,a backyard,high angle,indoor soft window light,clean,a finely detailed photo,"a finely detailed photo of a small prop airplane taxiing in a backyard, high angle, indoor soft window light. single main subject, photorealistic color photo, natural colors, realistic texture, sharp focus on subject, no people, no text, no watermark, no logo, no border, no collage, no CGI, no illustration.","text, watermark, logo, caption, signature, border, frame, collage, multiple panels, cartoon, illustration, CGI, 3d render, low-poly, painting, anime, surreal, deformed, duplicate objects, extra limbs, blurry, out of focus, noise, oversaturated, posterized, artifacts, jpeg artifacts"
845,airplane,seaplane,parked,a city park,3/4 view,indoor soft window light,hard,an ultra-realistic rendering,"an ultra-realistic rendering of a seaplane airplane parked in a city park, 3/4 view, indoor soft window light. slight motion blur. single main subject, photorealistic color photo, natural colors, realistic texture, sharp focus on subject, no people, no text, no watermark, no logo, no border, no collage, no CGI, no illustration.","text, watermark, logo, caption, signature, border, frame, collage, multiple panels, cartoon, illustration, CGI, 3d render, low-poly, painting, anime, surreal, deformed, duplicate objects, extra limbs, blurry, out of focus, noise, oversaturated, posterized, artifacts, jpeg artifacts"
715,airplane,cargo plane,flying,a backyard,side profile,nighttime under streetlights,clean,a high-quality image,"a high-quality image of a cargo plane airplane flying in a backyard, side profile, nighttime under streetlights. single main subject, photorealistic color photo, natural colors, realistic texture, sharp focus on subject, no people, no text, no watermark, no logo, no border, no collage, no CGI, no illustration.","text, watermark, logo, caption, signature, border, frame, collage, multiple panels, cartoon, illustration, CGI, 3d render, low-poly, painting, anime, surreal, deformed, duplicate objects, extra limbs, blurry, out of focus, noise, oversaturated, posterized, artifacts, jpeg artifacts"
324,airplane,biplane,taxiing,a sandy beach,high angle,sunny afternoon,clean,a photorealistic color photo,"a photorealistic color photo of a biplane airplane taxiing in a sandy beach, high angle, sunny afternoon. single main subject, photorealistic color photo, natural colors, realistic texture, sharp focus on subject, no people, no text, no watermark, no logo, no border, no collage, no CGI, no illustration.","text, watermark, logo, caption, signature, border, frame, collage, multiple panels, cartoon, illustration, CGI, 3d render, low-poly, painting, anime, surreal, deformed, duplicate objects, extra limbs, blurry, out of focus, noise, oversaturated, posterized, artifacts, jpeg artifacts"
155,airplane,seaplane,taking off,a gravel lot,3/4 view,overcast daylight,clean,an ultra-realistic rendering,"an ultra-realistic rendering of a seaplane airplane taking off in a gravel lot, 3/4 view, overcast daylight. single main subject, photorealistic color photo, natural colors, realistic texture, sharp focus on subject, no people, no text, no watermark, no logo, no border, no collage, no CGI, no illustration.","text, watermark, logo, caption, signature, border, frame, collage, multiple panels, cartoon, illustration, CGI, 3d render, low-poly, painting, anime, surreal, deformed, duplicate objects, extra limbs, blurry, out of focus, noise, oversaturated, posterized, artifacts, jpeg artifacts"
999,airplane,cargo plane,taking off,a gravel lot,close-up,overcast daylight,hard,a professional photo,"a professional photo of a cargo plane airplane taking off in a gravel lot, close-up, overcast daylight. in the distance. single main subject, photorealistic color photo, natural colors, realistic texture, sharp focus on subject, no people, no text, no watermark, no logo, no border, no collage, no CGI, no illustration.","text, watermark, logo, caption, signature, border, frame, collage, multiple panels, cartoon, illustration, CGI, 3d render, low-poly, painting, anime, surreal, deformed, duplicate objects, extra limbs, blurry, out of focus, noise, oversaturated, posterized, artifacts, jpeg artifacts"
965,airplane,glider,flying,a lakeside shore,front view,backlit rim light,hard,an ultra-realistic rendering,"an ultra-realistic rendering of a glider airplane flying in a lakeside shore, front view, backlit rim light. in the distance. single main subject, photorealistic color photo, natural colors, realistic texture, sharp focus on subject, no people, no text, no watermark, no logo, no border, no collage, no CGI, no illustration.","text, watermark, logo, caption, signature, border, frame, collage, multiple panels, cartoon, illustration, CGI, 3d render, low-poly, painting, anime, surreal, deformed, duplicate objects, extra limbs, blurry, out of focus, noise, oversaturated, posterized, artifacts, jpeg artifacts"
82,airplane,small prop airplane,taxiing,a wet roadway after rain,close-up,golden hour,clean,a finely detailed photo,"a finely detailed photo of a small prop airplane taxiing in a wet roadway after rain, close-up, golden hour. single main subject, photorealistic color photo, natural colors, realistic texture, sharp focus on subject, no people, no text, no watermark, no logo, no border, no collage, no CGI, no illustration.","text, watermark, logo, caption, signature, border, frame, collage, multiple panels, cartoon, illustration, CGI, 3d render, low-poly, painting, anime, surreal, deformed, duplicate objects, extra limbs, blurry, out of focus, noise, oversaturated, posterized, artifacts, jpeg artifacts"
295,airplane,passenger jet,taking off,a parking lot,front view,overcast daylight,clean,an ultra-realistic rendering,"an ultra-realistic rendering of a passenger jet airplane taking off in a parking lot, front view, overcast daylight. single main subject, photorealistic color photo, natural colors, realistic texture, sharp focus on subject, no people, no text, no watermark, no logo, no border, no collage, no CGI, no illustration.","text, watermark, logo, caption, signature, border, frame, collage, multiple panels, cartoon, illustration, CGI, 3d render, low-poly, painting, anime, surreal, deformed, duplicate objects, extra limbs, blurry, out of focus, noise, oversaturated, posterized, artifacts, jpeg artifacts"
854,airplane,passenger jet,flying,a quiet residential street,front view,sunny afternoon,hard,a detailed photograph,"a detailed photograph of a passenger jet airplane flying in a quiet residential street, front view, sunny afternoon. busy background but still one main subject. single main subject, photorealistic color photo, natural colors, realistic texture, sharp focus on subject, no people, no text, no watermark, no logo, no border, no collage, no CGI, no illustration.","text, watermark, logo, caption, signature, border, frame, collage, multiple panels, cartoon, illustration, CGI, 3d render, low-poly, painting, anime, surreal, deformed, duplicate objects, extra limbs, blurry, out of focus, noise, oversaturated, posterized, artifacts, jpeg artifacts"
971,airplane,glider,taxiing,a wet roadway after rain,low angle,foggy morning,hard,a photorealistic color photo,"a photorealistic color photo of a glider airplane taxiing in a wet roadway after rain, low angle, foggy morning. cropped slightly. single main subject, photorealistic color photo, natural colors, realistic texture, sharp focus on subject, no people, no text, no watermark, no logo, no border, no collage, no CGI, no illustration.","text, watermark, logo, caption, signature, border, frame, collage, multiple panels, cartoon, illustration, CGI, 3d render, low-poly, painting, anime, surreal, deformed, duplicate objects, extra limbs, blurry, out of focus, noise, oversaturated, posterized, artifacts, jpeg artifacts"
285,airplane,glider,taxiing,a quiet residential street,3/4 view,indoor soft window light,clean,a high-quality image,"a high-quality image of a glider airplane taxiing in a quiet residential street, 3/4 view, indoor soft window light. single main subject, photorealistic color photo, natural colors, realistic texture, sharp focus on subject, no people, no text, no watermark, no logo, no border, no collage, no CGI, no illustration.","text, watermark, logo, caption, signature, border, frame, collage, multiple panels, cartoon, illustration, CGI, 3d render, low-poly, painting, anime, surreal, deformed, duplicate objects, extra limbs, blurry, out of focus, noise, oversaturated, posterized, artifacts, jpeg artifacts"
785,airplane,cargo plane,parked,a parking lot,front view,backlit rim light,clean,a professional photo,"a professional photo of a cargo plane airplane parked in a parking lot, front view, backlit rim light. single main subject, photorealistic color photo, natural colors, realistic texture, sharp focus on subject, no people, no text, no watermark, no logo, no border, no collage, no CGI, no illustration.","text, watermark, logo, caption, signature, border, frame, collage, multiple panels, cartoon, illustration, CGI, 3d render, low-poly, painting, anime, surreal, deformed, duplicate objects, extra limbs, blurry, out of focus, noise, oversaturated, posterized, artifacts, jpeg artifacts"
635,airplane,seaplane,taking off,a city park,high angle,foggy morning,clean,an ultra-realistic rendering,"an ultra-realistic rendering of a seaplane airplane taking off in a city park, high angle, foggy morning. single main subject, photorealistic color photo, natural colors, realistic texture, sharp focus on subject, no people, no text, no watermark, no logo, no border, no collage, no CGI, no illustration.","text, watermark, logo, caption, signature, border, frame, collage, multiple panels, cartoon, illustration, CGI, 3d render, low-poly, painting, anime, surreal, deformed, duplicate objects, extra limbs, blurry, out of focus, noise, oversaturated, posterized, artifacts, jpeg artifacts"
32,airplane,cargo plane,parked,a lakeside shore,3/4 view,rainy with wet reflections,clean,a professional photo,"a professional photo of a cargo plane airplane parked in a lakeside shore, 3/4 view, rainy with wet reflections. single main subject, photorealistic color photo, natural colors, realistic texture, sharp focus on subject, no people, no text, no watermark, no logo, no border, no collage, no CGI, no illustration.","text, watermark, logo, caption, signature, border, frame, collage, multiple panels, cartoon, illustration, CGI, 3d render, low-poly, painting, anime, surreal, deformed, duplicate objects, extra limbs, blurry, out of focus, noise, oversaturated, posterized, artifacts, jpeg artifacts"
44,airplane,biplane,taxiing,a suburban neighborhood,low angle,indoor soft window light,clean,a finely detailed photo,"a finely detailed photo of a biplane airplane taxiing in a suburban neighborhood, low angle, indoor soft window light. single main subject, photorealistic color photo, natural colors, realistic texture, sharp focus on subject, no people, no text, no watermark, no logo, no border, no collage, no CGI, no illustration.","text, watermark, logo, caption, signature, border, frame, collage, multiple panels, cartoon, illustration, CGI, 3d render, low-poly, painting, anime, surreal, deformed, duplicate objects, extra limbs, blurry, out of focus, noise, oversaturated, posterized, artifacts, jpeg artifacts"
262,airplane,passenger jet,flying,an industrial yard,3/4 view,sunny afternoon,clean,a high-quality image,"a high-quality image of a passenger jet airplane flying in an industrial yard, 3/4 view, sunny afternoon. single main subject, photorealistic color photo, natural colors, realistic texture, sharp focus on subject, no people, no text, no watermark, no logo, no border, no collage, no CGI, no illustration.","text, watermark, logo, caption, signature, border, frame, collage, multiple panels, cartoon, illustration, CGI, 3d render, low-poly, painting, anime, surreal, deformed, duplicate objects, extra limbs, blurry, out of focus, noise, oversaturated, posterized, artifacts, jpeg artifacts"
41,airplane,cargo plane,taxiing,a parking lot,wide shot,indoor soft window light,clean,a detailed photograph,"a detailed photograph of a cargo plane airplane taxiing in a parking lot, wide shot, indoor soft window light. single main subject, photorealistic color photo, natural colors, realistic texture, sharp focus on subject, no people, no text, no watermark, no logo, no border, no collage, no CGI, no illustration.","text, watermark, logo, caption, signature, border, frame, collage, multiple panels, cartoon, illustration, CGI, 3d render, low-poly, painting, anime, surreal, deformed, duplicate objects, extra limbs, blurry, out of focus, noise, oversaturated, posterized, artifacts, jpeg artifacts"
490,airplane,cargo plane,taking off,a city park,side profile,overcast daylight,clean,a photorealistic color photo,"a photorealistic color photo of a cargo plane airplane taking off in a city park, side profile, overcast daylight. single main subject, photorealistic color photo, natural colors, realistic texture, sharp focus on subject, no people, no text, no watermark, no logo, no border, no collage, no CGI, no illustration.","text, watermark, logo, caption, signature, border, frame, collage, multiple panels, cartoon, illustration, CGI, 3d render, low-poly, painting, anime, surreal, deformed, duplicate objects, extra limbs, blurry, out of focus, noise, oversaturated, posterized, artifacts, jpeg artifacts"
695,airplane,small prop airplane,flying,a grassy field,high angle,golden hour,clean,a photorealistic color photo,"a photorealistic color photo of a small prop airplane flying in a grassy field, high angle, golden hour. single main subject, photorealistic color photo, natural colors, realistic texture, sharp focus on subject, no people, no text, no watermark, no logo, no border, no collage, no CGI, no illustration.","text, watermark, logo, caption, signature, border, frame, collage, multiple panels, cartoon, illustration, CGI, 3d render, low-poly, painting, anime, surreal, deformed, duplicate objects, extra limbs, blurry, out of focus, noise, oversaturated, posterized, artifacts, jpeg artifacts"
64,airplane,passenger jet,flying,a suburban neighborhood,close-up,rainy with wet reflections,clean,an ultra-realistic rendering,"an ultra-realistic rendering of a passenger jet airplane flying in a suburban neighborhood, close-up, rainy with wet reflections. single main subject, photorealistic color photo, natural colors, realistic texture, sharp focus on subject, no people, no text, no watermark, no logo, no border, no collage, no CGI, no illustration.","text, watermark, logo, caption, signature, border, frame, collage, multiple panels, cartoon, illustration, CGI, 3d render, low-poly, painting, anime, surreal, deformed, duplicate objects, extra limbs, blurry, out of focus, noise, oversaturated, posterized, artifacts, jpeg artifacts"
395,airplane,small prop airplane,taxiing,a lakeside shore,front view,nighttime under streetlights,clean,a professional photo,"a professional photo of a small prop airplane taxiing in a lakeside shore, front view, nighttime under streetlights. single main subject, photorealistic color photo, natural colors, realistic texture, sharp focus on subject, no people, no text, no watermark, no logo, no border, no collage, no CGI, no illustration.","text, watermark, logo, caption, signature, border, frame, collage, multiple panels, cartoon, illustration, CGI, 3d render, low-poly, painting, anime, surreal, deformed, duplicate objects, extra limbs, blurry, out of focus, noise, oversaturated, posterized, artifacts, jpeg artifacts"
469,airplane,seaplane,taxiing,a parking lot,3/4 view,rainy with wet reflections,clean,a detailed photograph,"a detailed photograph of a seaplane airplane taxiing in a parking lot, 3/4 view, rainy with wet reflections. single main subject, photorealistic color photo, natural colors, realistic texture, sharp focus on subject, no people, no text, no watermark, no logo, no border, no collage, no CGI, no illustration.","text, watermark, logo, caption, signature, border, frame, collage, multiple panels, cartoon, illustration, CGI, 3d render, low-poly, painting, anime, surreal, deformed, duplicate objects, extra limbs, blurry, out of focus, noise, oversaturated, posterized, artifacts, jpeg artifacts"
249,airplane,small prop airplane,flying,an urban street,side profile,foggy morning,clean,a detailed photograph,"a detailed photograph of a small prop airplane flying in an urban street, side profile, foggy morning. single main subject, photorealistic color photo, natural colors, realistic texture, sharp focus on subject, no people, no text, no watermark, no logo, no border, no collage, no CGI, no illustration.","text, watermark, logo, caption, signature, border, frame, collage, multiple panels, cartoon, illustration, CGI, 3d render, low-poly, painting, anime, surreal, deformed, duplicate objects, extra limbs, blurry, out of focus, noise, oversaturated, posterized, artifacts, jpeg artifacts"
488,airplane,cargo plane,taking off,a wet roadway after rain,side profile,foggy morning,clean,a finely detailed photo,"a finely detailed photo of a cargo plane airplane taking off in a wet roadway after rain, side profile, foggy morning. single main subject, photorealistic color photo, natural colors, realistic texture, sharp focus on subject, no people, no text, no watermark, no logo, no border, no collage, no CGI, no illustration.","text, watermark, logo, caption, signature, border, frame, collage, multiple panels, cartoon, illustration, CGI, 3d render, low-poly, painting, anime, surreal, deformed, duplicate objects, extra limbs, blurry, out of focus, noise, oversaturated, posterized, artifacts, jpeg artifacts"
256,airplane,biplane,taking off,a countryside road,high angle,backlit rim light,clean,a photorealistic color photo,"a photorealistic color photo of a biplane airplane taking off in a countryside road, high angle, backlit rim light. single main subject, photorealistic color photo, natural colors, realistic texture, sharp focus on subject, no people, no text, no watermark, no logo, no border, no collage, no CGI, no illustration.","text, watermark, logo, caption, signature, border, frame, collage, multiple panels, cartoon, illustration, CGI, 3d render, low-poly, painting, anime, surreal, deformed, duplicate objects, extra limbs, blurry, out of focus, noise, oversaturated, posterized, artifacts, jpeg artifacts"
522,airplane,seaplane,flying,a countryside road,side profile,nighttime under streetlights,clean,a high-quality image,"a high-quality image of a seaplane airplane flying in a countryside road, side profile, nighttime under streetlights. single main subject, photorealistic color photo, natural colors, realistic texture, sharp focus on subject, no people, no text, no watermark, no logo, no border, no collage, no CGI, no illustration.","text, watermark, logo, caption, signature, border, frame, collage, multiple panels, cartoon, illustration, CGI, 3d render, low-poly, painting, anime, surreal, deformed, duplicate objects, extra limbs, blurry, out of focus, noise, oversaturated, posterized, artifacts, jpeg artifacts"
169,airplane,small prop airplane,parked,a parking lot,front view,overcast daylight,clean,a high-quality image,"a high-quality image of a small prop airplane parked in a parking lot, front view, overcast daylight. single main subject, photorealistic color photo, natural colors, realistic texture, sharp focus on subject, no people, no text, no watermark, no logo, no border, no collage, no CGI, no illustration.","text, watermark, logo, caption, signature, border, frame, collage, multiple panels, cartoon, illustration, CGI, 3d render, low-poly, painting, anime, surreal, deformed, duplicate objects, extra limbs, blurry, out of focus, noise, oversaturated, posterized, artifacts, jpeg artifacts"
794,airplane,biplane,flying,a sandy beach,high angle,indoor soft window light,clean,a professional photo,"a professional photo of a biplane airplane flying in a sandy beach, high angle, indoor soft window light. single main subject, photorealistic color photo, natural colors, realistic texture, sharp focus on subject, no people, no text, no watermark, no logo, no border, no collage, no CGI, no illustration.","text, watermark, logo, caption, signature, border, frame, collage, multiple panels, cartoon, illustration, CGI, 3d render, low-poly, painting, anime, surreal, deformed, duplicate objects, extra limbs, blurry, out of focus, noise, oversaturated, posterized, artifacts, jpeg artifacts"
383,airplane,passenger jet,parked,a parking lot,wide shot,nighttime under streetlights,clean,a detailed photograph,"a detailed photograph of a passenger jet airplane parked in a parking lot, wide shot, nighttime under streetlights. single main subject, photorealistic color photo, natural colors, realistic texture, sharp focus on subject, no people, no text, no watermark, no logo, no border, no collage, no CGI, no illustration.","text, watermark, logo, caption, signature, border, frame, collage, multiple panels, cartoon, illustration, CGI, 3d render, low-poly, painting, anime, surreal, deformed, duplicate objects, extra limbs, blurry, out of focus, noise, oversaturated, posterized, artifacts, jpeg artifacts"
441,airplane,cargo plane,taking off,an industrial yard,side profile,sunny afternoon,clean,a photorealistic color photo,"a photorealistic color photo of a cargo plane airplane taking off in an industrial yard, side profile, sunny afternoon. single main subject, photorealistic color photo, natural colors, realistic texture, sharp focus on subject, no people, no text, no watermark, no logo, no border, no collage, no CGI, no illustration.","text, watermark, logo, caption, signature, border, frame, collage, multiple panels, cartoon, illustration, CGI, 3d render, low-poly, painting, anime, surreal, deformed, duplicate objects, extra limbs, blurry, out of focus, noise, oversaturated, posterized, artifacts, jpeg artifacts"
369,airplane,seaplane,taking off,a parking lot,close-up,indoor soft window light,clean,an ultra-realistic rendering,"an ultra-realistic rendering of a seaplane airplane taking off in a parking lot, close-up, indoor soft window light. single main subject, photorealistic color photo, natural colors, realistic texture, sharp focus on subject, no people, no text, no watermark, no logo, no border, no collage, no CGI, no illustration.","text, watermark, logo, caption, signature, border, frame, collage, multiple panels, cartoon, illustration, CGI, 3d render, low-poly, painting, anime, surreal, deformed, duplicate objects, extra limbs, blurry, out of focus, noise, oversaturated, posterized, artifacts, jpeg artifacts"
667,airplane,seaplane,flying,a quiet residential street,close-up,nighttime under streetlights,clean,a finely detailed photo,"a finely detailed photo of a seaplane airplane flying in a quiet residential street, close-up, nighttime under streetlights. single main subject, photorealistic color photo, natural colors, realistic texture, sharp focus on subject, no people, no text, no watermark, no logo, no border, no collage, no CGI, no illustration.","text, watermark, logo, caption, signature, border, frame, collage, multiple panels, cartoon, illustration, CGI, 3d render, low-poly, painting, anime, surreal, deformed, duplicate objects, extra limbs, blurry, out of focus, noise, oversaturated, posterized, artifacts, jpeg artifacts"
426,airplane,biplane,taxiing,a city park,high angle,foggy morning,clean,a finely detailed photo,"a finely detailed photo of a biplane airplane taxiing in a city park, high angle, foggy morning. single main subject, photorealistic color photo, natural colors, realistic texture, sharp focus on subject, no people, no text, no watermark, no logo, no border, no collage, no CGI, no illustration.","text, watermark, logo, caption, signature, border, frame, collage, multiple panels, cartoon, illustration, CGI, 3d render, low-poly, painting, anime, surreal, deformed, duplicate objects, extra limbs, blurry, out of focus, noise, oversaturated, posterized, artifacts, jpeg artifacts"
473,airplane,cargo plane,flying,a wet roadway after rain,front view,sunny afternoon,clean,a professional photo,"a professional photo of a cargo plane airplane flying in a wet roadway after rain, front view, sunny afternoon. single main subject, photorealistic color photo, natural colors, realistic texture, sharp focus on subject, no people, no text, no watermark, no logo, no border, no collage, no CGI, no illustration.","text, watermark, logo, caption, signature, border, frame, collage, multiple panels, cartoon, illustration, CGI, 3d render, low-poly, painting, anime, surreal, deformed, duplicate objects, extra limbs, blurry, out of focus, noise, oversaturated, posterized, artifacts, jpeg artifacts"
333,airplane,glider,parked,a city park,side profile,foggy morning,clean,a high-quality image,"a high-quality image of a glider airplane parked in a city park, side profile, foggy morning. single main subject, photorealistic color photo, natural colors, realistic texture, sharp focus on subject, no people, no text, no watermark, no logo, no border, no collage, no CGI, no illustration.","text, watermark, logo, caption, signature, border, frame, collage, multiple panels, cartoon, illustration, CGI, 3d render, low-poly, painting, anime, surreal, deformed, duplicate objects, extra limbs, blurry, out of focus, noise, oversaturated, posterized, artifacts, jpeg artifacts"
154,airplane,passenger jet,flying,a gravel lot,low angle,foggy morning,clean,a photorealistic color photo,"a photorealistic color photo of a passenger jet airplane flying in a gravel lot, low angle, foggy morning. single main subject, photorealistic color photo, natural colors, realistic texture, sharp focus on subject, no people, no text, no watermark, no logo, no border, no collage, no CGI, no illustration.","text, watermark, logo, caption, signature, border, frame, collage, multiple panels, cartoon, illustration, CGI, 3d render, low-poly, painting, anime, surreal, deformed, duplicate objects, extra limbs, blurry, out of focus, noise, oversaturated, posterized, artifacts, jpeg artifacts"
959,airplane,small prop airplane,taxiing,a lakeside shore,distant subject in the background,foggy morning,hard,a finely detailed photo,"a finely detailed photo of a small prop airplane taxiing in a lakeside shore, distant subject in the background, foggy morning. in the distance. single main subject, photorealistic color photo, natural colors, realistic texture, sharp focus on subject, no people, no text, no watermark, no logo, no border, no collage, no CGI, no illustration.","text, watermark, logo, caption, signature, border, frame, collage, multiple panels, cartoon, illustration, CGI, 3d render, low-poly, painting, anime, surreal, deformed, duplicate objects, extra limbs, blurry, out of focus, noise, oversaturated, posterized, artifacts, jpeg artifacts"
348,airplane,biplane,parked,a wet roadway after rain,side profile,nighttime under streetlights,clean,a photorealistic color photo,"a photorealistic color photo of a biplane airplane parked in a wet roadway after rain, side profile, nighttime under streetlights. single main subject, photorealistic color photo, natural colors, realistic texture, sharp focus on subject, no people, no text, no watermark, no logo, no border, no collage, no CGI, no illustration.","text, watermark, logo, caption, signature, border, frame, collage, multiple panels, cartoon, illustration, CGI, 3d render, low-poly, painting, anime, surreal, deformed, duplicate objects, extra limbs, blurry, out of focus, noise, oversaturated, posterized, artifacts, jpeg artifacts"
677,airplane,glider,taxiing,a forest clearing,low angle,rainy with wet reflections,clean,a high-quality image,"a high-quality image of a glider airplane taxiing in a forest clearing, low angle, rainy with wet reflections. single main subject, photorealistic color photo, natural colors, realistic texture, sharp focus on subject, no people, no text, no watermark, no logo, no border, no collage, no CGI, no illustration.","text, watermark, logo, caption, signature, border, frame, collage, multiple panels, cartoon, illustration, CGI, 3d render, low-poly, painting, anime, surreal, deformed, duplicate objects, extra limbs, blurry, out of focus, noise, oversaturated, posterized, artifacts, jpeg artifacts"
670,airplane,biplane,taxiing,an urban street,high angle,foggy morning,clean,a detailed photograph,"a detailed photograph of a biplane airplane taxiing in an urban street, high angle, foggy morning. single main subject, photorealistic color photo, natural colors, realistic texture, sharp focus on subject, no people, no text, no watermark, no logo, no border, no collage, no CGI, no illustration.","text, watermark, logo, caption, signature, border, frame, collage, multiple panels, cartoon, illustration, CGI, 3d render, low-poly, painting, anime, surreal, deformed, duplicate objects, extra limbs, blurry, out of focus, noise, oversaturated, posterized, artifacts, jpeg artifacts"
552,airplane,small prop airplane,taking off,a lakeside shore,side profile,indoor soft window light,clean,a photorealistic color photo,"a photorealistic color photo of a small prop airplane taking off in a lakeside shore, side profile, indoor soft window light. single main subject, photorealistic color photo, natural colors, realistic texture, sharp focus on subject, no people, no text, no watermark, no logo, no border, no collage, no CGI, no illustration.","text, watermark, logo, caption, signature, border, frame, collage, multiple panels, cartoon, illustration, CGI, 3d render, low-poly, painting, anime, surreal, deformed, duplicate objects, extra limbs, blurry, out of focus, noise, oversaturated, posterized, artifacts, jpeg artifacts"
12,airplane,passenger jet,taxiing,a countryside road,front view,overcast daylight,clean,a finely detailed photo,"a finely detailed photo of a passenger jet airplane taxiing in a countryside road, front view, overcast daylight. single main subject, photorealistic color photo, natural colors, realistic texture, sharp focus on subject, no people, no text, no watermark, no logo, no border, no collage, no CGI, no illustration.","text, watermark, logo, caption, signature, border, frame, collage, multiple panels, cartoon, illustration, CGI, 3d render, low-poly, painting, anime, surreal, deformed, duplicate objects, extra limbs, blurry, out of focus, noise, oversaturated, posterized, artifacts, jpeg artifacts"
892,airplane,seaplane,flying,a parking lot,wide shot,overcast daylight,hard,a detailed photograph,"a detailed photograph of a seaplane airplane flying in a parking lot, wide shot, overcast daylight. partially occluded by a foreground object. single main subject, photorealistic color photo, natural colors, realistic texture, sharp focus on subject, no people, no text, no watermark, no logo, no border, no collage, no CGI, no illustration.","text, watermark, logo, caption, signature, border, frame, collage, multiple panels, cartoon, illustration, CGI, 3d render, low-poly, painting, anime, surreal, deformed, duplicate objects, extra limbs, blurry, out of focus, noise, oversaturated, posterized, artifacts, jpeg artifacts"
905,airplane,biplane,parked,a countryside road,cropped at the edge of the frame,overcast daylight,hard,a photorealistic color photo,"a photorealistic color photo of a biplane airplane parked in a countryside road, cropped at the edge of the frame, overcast daylight. partially occluded by a foreground object. single main subject, photorealistic color photo, natural colors, realistic texture, sharp focus on subject, no people, no text, no watermark, no logo, no border, no collage, no CGI, no illustration.","text, watermark, logo, caption, signature, border, frame, collage, multiple panels, cartoon, illustration, CGI, 3d render, low-poly, painting, anime, surreal, deformed, duplicate objects, extra limbs, blurry, out of focus, noise, oversaturated, posterized, artifacts, jpeg artifacts"
597,airplane,small prop airplane,taxiing,an industrial yard,3/4 view,backlit rim light,clean,a high-quality image,"a high-quality image of a small prop airplane taxiing in an industrial yard, 3/4 view, backlit rim light. single main subject, photorealistic color photo, natural colors, realistic texture, sharp focus on subject, no people, no text, no watermark, no logo, no border, no collage, no CGI, no illustration.","text, watermark, logo, caption, signature, border, frame, collage, multiple panels, cartoon, illustration, CGI, 3d render, low-poly, painting, anime, surreal, deformed, duplicate objects, extra limbs, blurry, out of focus, noise, oversaturated, posterized, artifacts, jpeg artifacts"
606,airplane,passenger jet,taking off,a grassy field,slightly off-center framing,sunny afternoon,clean,an ultra-realistic rendering,"an ultra-realistic rendering of a passenger jet airplane taking off in a grassy field, slightly off-center framing, sunny afternoon. single main subject, photorealistic color photo, natural colors, realistic texture, sharp focus on subject, no people, no text, no watermark, no logo, no border, no collage, no CGI, no illustration.","text, watermark, logo, caption, signature, border, frame, collage, multiple panels, cartoon, illustration, CGI, 3d render, low-poly, painting, anime, surreal, deformed, duplicate objects, extra limbs, blurry, out of focus, noise, oversaturated, posterized, artifacts, jpeg artifacts"
291,airplane,seaplane,taxiing,a countryside road,high angle,golden hour,clean,a high-quality image,"a high-quality image of a seaplane airplane taxiing in a countryside road, high angle, golden hour. single main subject, photorealistic color photo, natural colors, realistic texture, sharp focus on subject, no people, no text, no watermark, no logo, no border, no collage, no CGI, no illustration.","text, watermark, logo, caption, signature, border, frame, collage, multiple panels, cartoon, illustration, CGI, 3d render, low-poly, painting, anime, surreal, deformed, duplicate objects, extra limbs, blurry, out of focus, noise, oversaturated, posterized, artifacts, jpeg artifacts"
1,airplane,small prop airplane,parked,a parking lot,side profile,sunny afternoon,clean,a detailed photograph,"a detailed photograph of a small prop airplane parked in a parking lot, side profile, sunny afternoon. single main subject, photorealistic color photo, natural colors, realistic texture, sharp focus on subject, no people, no text, no watermark, no logo, no border, no collage, no CGI, no illustration.","text, watermark, logo, caption, signature, border, frame, collage, multiple panels, cartoon, illustration, CGI, 3d render, low-poly, painting, anime, surreal, deformed, duplicate objects, extra limbs, blurry, out of focus, noise, oversaturated, posterized, artifacts, jpeg artifacts"
853,airplane,cargo plane,parked,a backyard,high angle,indoor soft window light,hard,a professional photo,"a professional photo of a cargo plane airplane parked in a backyard, high angle, indoor soft window light. partially occluded by a foreground object. single main subject, photorealistic color photo, natural colors, realistic texture, sharp focus on subject, no people, no text, no watermark, no logo, no border, no collage, no CGI, no illustration.","text, watermark, logo, caption, signature, border, frame, collage, multiple panels, cartoon, illustration, CGI, 3d render, low-poly, painting, anime, surreal, deformed, duplicate objects, extra limbs, blurry, out of focus, noise, oversaturated, posterized, artifacts, jpeg artifacts"
126,airplane,seaplane,taking off,a wet roadway after rain,front view,sunny afternoon,clean,a detailed photograph,"a detailed photograph of a seaplane airplane taking off in a wet roadway after rain, front view, sunny afternoon. single main subject, photorealistic color photo, natural colors, realistic texture, sharp focus on subject, no people, no text, no watermark, no logo, no border, no collage, no CGI, no illustration.","text, watermark, logo, caption, signature, border, frame, collage, multiple panels, cartoon, illustration, CGI, 3d render, low-poly, painting, anime, surreal, deformed, duplicate objects, extra limbs, blurry, out of focus, noise, oversaturated, posterized, artifacts, jpeg artifacts"
739,airplane,glider,parked,a lakeside shore,wide shot,indoor soft window light,clean,a professional photo,"a professional photo of a glider airplane parked in a lakeside shore, wide shot, indoor soft window light. single main subject, photorealistic color photo, natural colors, realistic texture, sharp focus on subject, no people, no text, no watermark, no logo, no border, no collage, no CGI, no illustration.","text, watermark, logo, caption, signature, border, frame, collage, multiple panels, cartoon, illustration, CGI, 3d render, low-poly, painting, anime, surreal, deformed, duplicate objects, extra limbs, blurry, out of focus, noise, oversaturated, posterized, artifacts, jpeg artifacts"
838,airplane,passenger jet,flying,a wet roadway after rain,cropped at the edge of the frame,overcast daylight,hard,an ultra-realistic rendering,"an ultra-realistic rendering of a passenger jet airplane flying in a wet roadway after rain, cropped at the edge of the frame, overcast daylight. cropped slightly. single main subject, photorealistic color photo, natural colors, realistic texture, sharp focus on subject, no people, no text, no watermark, no logo, no border, no collage, no CGI, no illustration.","text, watermark, logo, caption, signature, border, frame, collage, multiple panels, cartoon, illustration, CGI, 3d render, low-poly, painting, anime, surreal, deformed, duplicate objects, extra limbs, blurry, out of focus, noise, oversaturated, posterized, artifacts, jpeg artifacts"
994,airplane,biplane,flying,a countryside road,close-up,sunny afternoon,hard,an ultra-realistic rendering,"an ultra-realistic rendering of a biplane airplane flying in a countryside road, close-up, sunny afternoon. slight motion blur. single main subject, photorealistic color photo, natural colors, realistic texture, sharp focus on subject, no people, no text, no watermark, no logo, no border, no collage, no CGI, no illustration.","text, watermark, logo, caption, signature, border, frame, collage, multiple panels, cartoon, illustration, CGI, 3d render, low-poly, painting, anime, surreal, deformed, duplicate objects, extra limbs, blurry, out of focus, noise, oversaturated, posterized, artifacts, jpeg artifacts"
903,airplane,cargo plane,parked,an industrial yard,wide shot,golden hour,hard,a finely detailed photo,"a finely detailed photo of a cargo plane airplane parked in an industrial yard, wide shot, golden hour. partially occluded by a foreground object. single main subject, photorealistic color photo, natural colors, realistic texture, sharp focus on subject, no people, no text, no watermark, no logo, no border, no collage, no CGI, no illustration.","text, watermark, logo, caption, signature, border, frame, collage, multiple panels, cartoon, illustration, CGI, 3d render, low-poly, painting, anime, surreal, deformed, duplicate objects, extra limbs, blurry, out of focus, noise, oversaturated, posterized, artifacts, jpeg artifacts"
306,airplane,passenger jet,taking off,a sandy beach,side profile,rainy with wet reflections,clean,a professional photo,"a professional photo of a passenger jet airplane taking off in a sandy beach, side profile, rainy with wet reflections. single main subject, photorealistic color photo, natural colors, realistic texture, sharp focus on subject, no people, no text, no watermark, no logo, no border, no collage, no CGI, no illustration.","text, watermark, logo, caption, signature, border, frame, collage, multiple panels, cartoon, illustration, CGI, 3d render, low-poly, painting, anime, surreal, deformed, duplicate objects, extra limbs, blurry, out of focus, noise, oversaturated, posterized, artifacts, jpeg artifacts"
790,airplane,biplane,taxiing,a countryside road,close-up,rainy with wet reflections,clean,an ultra-realistic rendering,"an ultra-realistic rendering of a biplane airplane taxiing in a countryside road, close-up, rainy with wet reflections. single main subject, photorealistic color photo, natural colors, realistic texture, sharp focus on subject, no people, no text, no watermark, no logo, no border, no collage, no CGI, no illustration.","text, watermark, logo, caption, signature, border, frame, collage, multiple panels, cartoon, illustration, CGI, 3d render, low-poly, painting, anime, surreal, deformed, duplicate objects, extra limbs, blurry, out of focus, noise, oversaturated, posterized, artifacts, jpeg artifacts"
911,airplane,seaplane,flying,an urban street,front view,nighttime under streetlights,hard,a photorealistic color photo,"a photorealistic color photo of a seaplane airplane flying in an urban street, front view, nighttime under streetlights. busy background but still one main subject. single main subject, photorealistic color photo, natural colors, realistic texture, sharp focus on subject, no people, no text, no watermark, no logo, no border, no collage, no CGI, no illustration.","text, watermark, logo, caption, signature, border, frame, collage, multiple panels, cartoon, illustration, CGI, 3d render, low-poly, painting, anime, surreal, deformed, duplicate objects, extra limbs, blurry, out of focus, noise, oversaturated, posterized, artifacts, jpeg artifacts"
759,airplane,glider,taking off,a gravel lot,high angle,sunny afternoon,clean,a professional photo,"a professional photo of a glider airplane taking off in a gravel lot, high angle, sunny afternoon. single main subject, photorealistic color photo, natural colors, realistic texture, sharp focus on subject, no people, no text, no watermark, no logo, no border, no collage, no CGI, no illustration.","text, watermark, logo, caption, signature, border, frame, collage, multiple panels, cartoon, illustration, CGI, 3d render, low-poly, painting, anime, surreal, deformed, duplicate objects, extra limbs, blurry, out of focus, noise, oversaturated, posterized, artifacts, jpeg artifacts"
31,airplane,cargo plane,flying,a lakeside shore,low angle,sunny afternoon,clean,a detailed photograph,"a detailed photograph of a cargo plane airplane flying in a lakeside shore, low angle, sunny afternoon. single main subject, photorealistic color photo, natural colors, realistic texture, sharp focus on subject, no people, no text, no watermark, no logo, no border, no collage, no CGI, no illustration.","text, watermark, logo, caption, signature, border, frame, collage, multiple panels, cartoon, illustration, CGI, 3d render, low-poly, painting, anime, surreal, deformed, duplicate objects, extra limbs, blurry, out of focus, noise, oversaturated, posterized, artifacts, jpeg artifacts"
537,airplane,glider,parked,a suburban neighborhood,3/4 view,indoor soft window light,clean,a professional photo,"a professional photo of a glider airplane parked in a suburban neighborhood, 3/4 view, indoor soft window light. single main subject, photorealistic color photo, natural colors, realistic texture, sharp focus on subject, no people, no text, no watermark, no logo, no border, no collage, no CGI, no illustration.","text, watermark, logo, caption, signature, border, frame, collage, multiple panels, cartoon, illustration, CGI, 3d render, low-poly, painting, anime, surreal, deformed, duplicate objects, extra limbs, blurry, out of focus, noise, oversaturated, posterized, artifacts, jpeg artifacts"
928,airplane,cargo plane,taking off,a city park,3/4 view,overcast daylight,hard,a photorealistic color photo,"a photorealistic color photo of a cargo plane airplane taking off in a city park, 3/4 view, overcast daylight. in the distance. single main subject, photorealistic color photo, natural colors, realistic texture, sharp focus on subject, no people, no text, no watermark, no logo, no border, no collage, no CGI, no illustration.","text, watermark, logo, caption, signature, border, frame, collage, multiple panels, cartoon, illustration, CGI, 3d render, low-poly, painting, anime, surreal, deformed, duplicate objects, extra limbs, blurry, out of focus, noise, oversaturated, posterized, artifacts, jpeg artifacts"
861,airplane,glider,flying,a parking lot,slightly off-center framing,golden hour,hard,a high-quality image,"a high-quality image of a glider airplane flying in a parking lot, slightly off-center framing, golden hour. partially occluded by a foreground object. single main subject, photorealistic color photo, natural colors, realistic texture, sharp focus on subject, no people, no text, no watermark, no logo, no border, no collage, no CGI, no illustration.","text, watermark, logo, caption, signature, border, frame, collage, multiple panels, cartoon, illustration, CGI, 3d render, low-poly, painting, anime, surreal, deformed, duplicate objects, extra limbs, blurry, out of focus, noise, oversaturated, posterized, artifacts, jpeg artifacts"
669,airplane,passenger jet,taxiing,a parking lot,slightly off-center framing,sunny afternoon,clean,a photorealistic color photo,"a photorealistic color photo of a passenger jet airplane taxiing in a parking lot, slightly off-center framing, sunny afternoon. single main subject, photorealistic color photo, natural colors, realistic texture, sharp focus on subject, no people, no text, no watermark, no logo, no border, no collage, no CGI, no illustration.","text, watermark, logo, caption, signature, border, frame, collage, multiple panels, cartoon, illustration, CGI, 3d render, low-poly, painting, anime, surreal, deformed, duplicate objects, extra limbs, blurry, out of focus, noise, oversaturated, posterized, artifacts, jpeg artifacts"
976,airplane,cargo plane,parked,a wet roadway after rain,side profile,indoor soft window light,hard,a detailed photograph,"a detailed photograph of a cargo plane airplane parked in a wet roadway after rain, side profile, indoor soft window light. slight motion blur. single main subject, photorealistic color photo, natural colors, realistic texture, sharp focus on subject, no people, no text, no watermark, no logo, no border, no collage, no CGI, no illustration.","text, watermark, logo, caption, signature, border, frame, collage, multiple panels, cartoon, illustration, CGI, 3d render, low-poly, painting, anime, surreal, deformed, duplicate objects, extra limbs, blurry, out of focus, noise, oversaturated, posterized, artifacts, jpeg artifacts"
472,airplane,passenger jet,taxiing,an industrial yard,close-up,foggy morning,clean,a professional photo,"a professional photo of a passenger jet airplane taxiing in an industrial yard, close-up, foggy morning. single main subject, photorealistic color photo, natural colors, realistic texture, sharp focus on subject, no people, no text, no watermark, no logo, no border, no collage, no CGI, no illustration.","text, watermark, logo, caption, signature, border, frame, collage, multiple panels, cartoon, illustration, CGI, 3d render, low-poly, painting, anime, surreal, deformed, duplicate objects, extra limbs, blurry, out of focus, noise, oversaturated, posterized, artifacts, jpeg artifacts"
989,airplane,cargo plane,flying,a sandy beach,cropped at the edge of the frame,rainy with wet reflections,hard,a photorealistic color photo,"a photorealistic color photo of a cargo plane airplane flying in a sandy beach, cropped at the edge of the frame, rainy with wet reflections. busy background but still one main subject. single main subject, photorealistic color photo, natural colors, realistic texture, sharp focus on subject, no people, no text, no watermark, no logo, no border, no collage, no CGI, no illustration.","text, watermark, logo, caption, signature, border, frame, collage, multiple panels, cartoon, illustration, CGI, 3d render, low-poly, painting, anime, surreal, deformed, duplicate objects, extra limbs, blurry, out of focus, noise, oversaturated, posterized, artifacts, jpeg artifacts"
960,airplane,small prop airplane,flying,a countryside road,distant subject in the background,sunny afternoon,hard,a detailed photograph,"a detailed photograph of a small prop airplane flying in a countryside road, distant subject in the background, sunny afternoon. busy background but still one main subject. single main subject, photorealistic color photo, natural colors, realistic texture, sharp focus on subject, no people, no text, no watermark, no logo, no border, no collage, no CGI, no illustration.","text, watermark, logo, caption, signature, border, frame, collage, multiple panels, cartoon, illustration, CGI, 3d render, low-poly, painting, anime, surreal, deformed, duplicate objects, extra limbs, blurry, out of focus, noise, oversaturated, posterized, artifacts, jpeg artifacts"
241,airplane,seaplane,flying,a gravel lot,high angle,nighttime under streetlights,clean,a professional photo,"a professional photo of a seaplane airplane flying in a gravel lot, high angle, nighttime under streetlights. single main subject, photorealistic color photo, natural colors, realistic texture, sharp focus on subject, no people, no text, no watermark, no logo, no border, no collage, no CGI, no illustration.","text, watermark, logo, caption, signature, border, frame, collage, multiple panels, cartoon, illustration, CGI, 3d render, low-poly, painting, anime, surreal, deformed, duplicate objects, extra limbs, blurry, out of focus, noise, oversaturated, posterized, artifacts, jpeg artifacts"
515,airplane,small prop airplane,flying,a quiet residential street,low angle,golden hour,clean,a professional photo,"a professional photo of a small prop airplane flying in a quiet residential street, low angle, golden hour. single main subject, photorealistic color photo, natural colors, realistic texture, sharp focus on subject, no people, no text, no watermark, no logo, no border, no collage, no CGI, no illustration.","text, watermark, logo, caption, signature, border, frame, collage, multiple panels, cartoon, illustration, CGI, 3d render, low-poly, painting, anime, surreal, deformed, duplicate objects, extra limbs, blurry, out of focus, noise, oversaturated, posterized, artifacts, jpeg artifacts"
271,airplane,glider,taxiing,a city park,close-up,overcast daylight,clean,a detailed photograph,"a detailed photograph of a glider airplane taxiing in a city park, close-up, overcast daylight. single main subject, photorealistic color photo, natural colors, realistic texture, sharp focus on subject, no people, no text, no watermark, no logo, no border, no collage, no CGI, no illustration.","text, watermark, logo, caption, signature, border, frame, collage, multiple panels, cartoon, illustration, CGI, 3d render, low-poly, painting, anime, surreal, deformed, duplicate objects, extra limbs, blurry, out of focus, noise, oversaturated, posterized, artifacts, jpeg artifacts"
624,airplane,glider,taxiing,a quiet residential street,slightly off-center framing,foggy morning,clean,a finely detailed photo,"a finely detailed photo of a glider airplane taxiing in a quiet residential street, slightly off-center framing, foggy morning. single main subject, photorealistic color photo, natural colors, realistic texture, sharp focus on subject, no people, no text, no watermark, no logo, no border, no collage, no CGI, no illustration.","text, watermark, logo, caption, signature, border, frame, collage, multiple panels, cartoon, illustration, CGI, 3d render, low-poly, painting, anime, surreal, deformed, duplicate objects, extra limbs, blurry, out of focus, noise, oversaturated, posterized, artifacts, jpeg artifacts"
222,airplane,glider,taxiing,a city park,high angle,golden hour,clean,a professional photo,"a professional photo of a glider airplane taxiing in a city park, high angle, golden hour. single main subject, photorealistic color photo, natural colors, realistic texture, sharp focus on subject, no people, no text, no watermark, no logo, no border, no collage, no CGI, no illustration.","text, watermark, logo, caption, signature, border, frame, collage, multiple panels, cartoon, illustration, CGI, 3d render, low-poly, painting, anime, surreal, deformed, duplicate objects, extra limbs, blurry, out of focus, noise, oversaturated, posterized, artifacts, jpeg artifacts"
73,airplane,small prop airplane,flying,a suburban neighborhood,front view,overcast daylight,clean,a detailed photograph,"a detailed photograph of a small prop airplane flying in a suburban neighborhood, front view, overcast daylight. single main subject, photorealistic color photo, natural colors, realistic texture, sharp focus on subject, no people, no text, no watermark, no logo, no border, no collage, no CGI, no illustration.","text, watermark, logo, caption, signature, border, frame, collage, multiple panels, cartoon, illustration, CGI, 3d render, low-poly, painting, anime, surreal, deformed, duplicate objects, extra limbs, blurry, out of focus, noise, oversaturated, posterized, artifacts, jpeg artifacts"
694,airplane,cargo plane,taking off,a sandy beach,side profile,rainy with wet reflections,clean,a finely detailed photo,"a finely detailed photo of a cargo plane airplane taking off in a sandy beach, side profile, rainy with wet reflections. single main subject, photorealistic color photo, natural colors, realistic texture, sharp focus on subject, no people, no text, no watermark, no logo, no border, no collage, no CGI, no illustration.","text, watermark, logo, caption, signature, border, frame, collage, multiple panels, cartoon, illustration, CGI, 3d render, low-poly, painting, anime, surreal, deformed, duplicate objects, extra limbs, blurry, out of focus, noise, oversaturated, posterized, artifacts, jpeg artifacts"
281,airplane,glider,parked,an industrial yard,slightly off-center framing,rainy with wet reflections,clean,a finely detailed photo,"a finely detailed photo of a glider airplane parked in an industrial yard, slightly off-center framing, rainy with wet reflections. single main subject, photorealistic color photo, natural colors, realistic texture, sharp focus on subject, no people, no text, no watermark, no logo, no border, no collage, no CGI, no illustration.","text, watermark, logo, caption, signature, border, frame, collage, multiple panels, cartoon, illustration, CGI, 3d render, low-poly, painting, anime, surreal, deformed, duplicate objects, extra limbs, blurry, out of focus, noise, oversaturated, posterized, artifacts, jpeg artifacts"
620,airplane,glider,flying,a suburban neighborhood,high angle,nighttime under streetlights,clean,a professional photo,"a professional photo of a glider airplane flying in a suburban neighborhood, high angle, nighttime under streetlights. single main subject, photorealistic color photo, natural colors, realistic texture, sharp focus on subject, no people, no text, no watermark, no logo, no border, no collage, no CGI, no illustration.","text, watermark, logo, caption, signature, border, frame, collage, multiple panels, cartoon, illustration, CGI, 3d render, low-poly, painting, anime, surreal, deformed, duplicate objects, extra limbs, blurry, out of focus, noise, oversaturated, posterized, artifacts, jpeg artifacts"
245,airplane,cargo plane,taking off,a city park,3/4 view,overcast daylight,clean,a finely detailed photo,"a finely detailed photo of a cargo plane airplane taking off in a city park, 3/4 view, overcast daylight. single main subject, photorealistic color photo, natural colors, realistic texture, sharp focus on subject, no people, no text, no watermark, no logo, no border, no collage, no CGI, no illustration.","text, watermark, logo, caption, signature, border, frame, collage, multiple panels, cartoon, illustration, CGI, 3d render, low-poly, painting, anime, surreal, deformed, duplicate objects, extra limbs, blurry, out of focus, noise, oversaturated, posterized, artifacts, jpeg artifacts"
501,airplane,cargo plane,taking off,a quiet residential street,slightly off-center framing,golden hour,clean,a detailed photograph,"a detailed photograph of a cargo plane airplane taking off in a quiet residential street, slightly off-center framing, golden hour. single main subject, photorealistic color photo, natural colors, realistic texture, sharp focus on subject, no people, no text, no watermark, no logo, no border, no collage, no CGI, no illustration.","text, watermark, logo, caption, signature, border, frame, collage, multiple panels, cartoon, illustration, CGI, 3d render, low-poly, painting, anime, surreal, deformed, duplicate objects, extra limbs, blurry, out of focus, noise, oversaturated, posterized, artifacts, jpeg artifacts"
632,airplane,small prop airplane,taking off,an urban street,high angle,sunny afternoon,clean,a detailed photograph,"a detailed photograph of a small prop airplane taking off in an urban street, high angle, sunny afternoon. single main subject, photorealistic color photo, natural colors, realistic texture, sharp focus on subject, no people, no text, no watermark, no logo, no border, no collage, no CGI, no illustration.","text, watermark, logo, caption, signature, border, frame, collage, multiple panels, cartoon, illustration, CGI, 3d render, low-poly, painting, anime, surreal, deformed, duplicate objects, extra limbs, blurry, out of focus, noise, oversaturated, posterized, artifacts, jpeg artifacts"
765,airplane,biplane,parked,a quiet residential street,side profile,golden hour,clean,a high-quality image,"a high-quality image of a biplane airplane parked in a quiet residential street, side profile, golden hour. single main subject, photorealistic color photo, natural colors, realistic texture, sharp focus on subject, no people, no text, no watermark, no logo, no border, no collage, no CGI, no illustration.","text, watermark, logo, caption, signature, border, frame, collage, multiple panels, cartoon, illustration, CGI, 3d render, low-poly, painting, anime, surreal, deformed, duplicate objects, extra limbs, blurry, out of focus, noise, oversaturated, posterized, artifacts, jpeg artifacts"
998,airplane,passenger jet,taking off,an urban street,wide shot,sunny afternoon,hard,an ultra-realistic rendering,"an ultra-realistic rendering of a passenger jet airplane taking off in an urban street, wide shot, sunny afternoon. slight motion blur. single main subject, photorealistic color photo, natural colors, realistic texture, sharp focus on subject, no people, no text, no watermark, no logo, no border, no collage, no CGI, no illustration.","text, watermark, logo, caption, signature, border, frame, collage, multiple panels, cartoon, illustration, CGI, 3d render, low-poly, painting, anime, surreal, deformed, duplicate objects, extra limbs, blurry, out of focus, noise, oversaturated, posterized, artifacts, jpeg artifacts"
725,airplane,glider,flying,a parking lot,3/4 view,sunny afternoon,clean,a photorealistic color photo,"a photorealistic color photo of a glider airplane flying in a parking lot, 3/4 view, sunny afternoon. single main subject, photorealistic color photo, natural colors, realistic texture, sharp focus on subject, no people, no text, no watermark, no logo, no border, no collage, no CGI, no illustration.","text, watermark, logo, caption, signature, border, frame, collage, multiple panels, cartoon, illustration, CGI, 3d render, low-poly, painting, anime, surreal, deformed, duplicate objects, extra limbs, blurry, out of focus, noise, oversaturated, posterized, artifacts, jpeg artifacts"
149,airplane,passenger jet,parked,a parking lot,close-up,golden hour,clean,a high-quality image,"a high-quality image of a passenger jet airplane parked in a parking lot, close-up, golden hour. single main subject, photorealistic color photo, natural colors, realistic texture, sharp focus on subject, no people, no text, no watermark, no logo, no border, no collage, no CGI, no illustration.","text, watermark, logo, caption, signature, border, frame, collage, multiple panels, cartoon, illustration, CGI, 3d render, low-poly, painting, anime, surreal, deformed, duplicate objects, extra limbs, blurry, out of focus, noise, oversaturated, posterized, artifacts, jpeg artifacts"
763,airplane,glider,taxiing,a gravel lot,3/4 view,overcast daylight,clean,an ultra-realistic rendering,"an ultra-realistic rendering of a glider airplane taxiing in a gravel lot, 3/4 view, overcast daylight. single main subject, photorealistic color photo, natural colors, realistic texture, sharp focus on subject, no people, no text, no watermark, no logo, no border, no collage, no CGI, no illustration.","text, watermark, logo, caption, signature, border, frame, collage, multiple panels, cartoon, illustration, CGI, 3d render, low-poly, painting, anime, surreal, deformed, duplicate objects, extra limbs, blurry, out of focus, noise, oversaturated, posterized, artifacts, jpeg artifacts"
837,airplane,cargo plane,taking off,a grassy field,3/4 view,overcast daylight,hard,a photorealistic color photo,"a photorealistic color photo of a cargo plane airplane taking off in a grassy field, 3/4 view, overcast daylight. in the distance. single main subject, photorealistic color photo, natural colors, realistic texture, sharp focus on subject, no people, no text, no watermark, no logo, no border, no collage, no CGI, no illustration.","text, watermark, logo, caption, signature, border, frame, collage, multiple panels, cartoon, illustration, CGI, 3d render, low-poly, painting, anime, surreal, deformed, duplicate objects, extra limbs, blurry, out of focus, noise, oversaturated, posterized, artifacts, jpeg artifacts"
240,airplane,passenger jet,taxiing,a wet roadway after rain,close-up,backlit rim light,clean,a professional photo,"a professional photo of a passenger jet airplane taxiing in a wet roadway after rain, close-up, backlit rim light. single main subject, photorealistic color photo, natural colors, realistic texture, sharp focus on subject, no people, no text, no watermark, no logo, no border, no collage, no CGI, no illustration.","text, watermark, logo, caption, signature, border, frame, collage, multiple panels, cartoon, illustration, CGI, 3d render, low-poly, painting, anime, surreal, deformed, duplicate objects, extra limbs, blurry, out of focus, noise, oversaturated, posterized, artifacts, jpeg artifacts"
146,airplane,cargo plane,flying,a gravel lot,high angle,foggy morning,clean,a professional photo,"a professional photo of a cargo plane airplane flying in a gravel lot, high angle, foggy morning. single main subject, photorealistic color photo, natural colors, realistic texture, sharp focus on subject, no people, no text, no watermark, no logo, no border, no collage, no CGI, no illustration.","text, watermark, logo, caption, signature, border, frame, collage, multiple panels, cartoon, illustration, CGI, 3d render, low-poly, painting, anime, surreal, deformed, duplicate objects, extra limbs, blurry, out of focus, noise, oversaturated, posterized, artifacts, jpeg artifacts"
835,airplane,small prop airplane,flying,a parking lot,high angle,golden hour,hard,a high-quality image,"a high-quality image of a small prop airplane flying in a parking lot, high angle, golden hour. cropped slightly. single main subject, photorealistic color photo, natural colors, realistic texture, sharp focus on subject, no people, no text, no watermark, no logo, no border, no collage, no CGI, no illustration.","text, watermark, logo, caption, signature, border, frame, collage, multiple panels, cartoon, illustration, CGI, 3d render, low-poly, painting, anime, surreal, deformed, duplicate objects, extra limbs, blurry, out of focus, noise, oversaturated, posterized, artifacts, jpeg artifacts"
414,airplane,cargo plane,taking off,a gravel lot,side profile,nighttime under streetlights,clean,a finely detailed photo,"a finely detailed photo of a cargo plane airplane taking off in a gravel lot, side profile, nighttime under streetlights. single main subject, photorealistic color photo, natural colors, realistic texture, sharp focus on subject, no people, no text, no watermark, no logo, no border, no collage, no CGI, no illustration.","text, watermark, logo, caption, signature, border, frame, collage, multiple panels, cartoon, illustration, CGI, 3d render, low-poly, painting, anime, surreal, deformed, duplicate objects, extra limbs, blurry, out of focus, noise, oversaturated, posterized, artifacts, jpeg artifacts"
440,airplane,small prop airplane,flying,an urban street,slightly off-center framing,sunny afternoon,clean,an ultra-realistic rendering,"an ultra-realistic rendering of a small prop airplane flying in an urban street, slightly off-center framing, sunny afternoon. single main subject, photorealistic color photo, natural colors, realistic texture, sharp focus on subject, no people, no text, no watermark, no logo, no border, no collage, no CGI, no illustration.","text, watermark, logo, caption, signature, border, frame, collage, multiple panels, cartoon, illustration, CGI, 3d render, low-poly, painting, anime, surreal, deformed, duplicate objects, extra limbs, blurry, out of focus, noise, oversaturated, posterized, artifacts, jpeg artifacts"
706,airplane,cargo plane,parked,a suburban neighborhood,wide shot,overcast daylight,clean,an ultra-realistic rendering,"an ultra-realistic rendering of a cargo plane airplane parked in a suburban neighborhood, wide shot, overcast daylight. single main subject, photorealistic color photo, natural colors, realistic texture, sharp focus on subject, no people, no text, no watermark, no logo, no border, no collage, no CGI, no illustration.","text, watermark, logo, caption, signature, border, frame, collage, multiple panels, cartoon, illustration, CGI, 3d render, low-poly, painting, anime, surreal, deformed, duplicate objects, extra limbs, blurry, out of focus, noise, oversaturated, posterized, artifacts, jpeg artifacts"
563,airplane,seaplane,parked,a lakeside shore,3/4 view,golden hour,clean,a professional photo,"a professional photo of a seaplane airplane parked in a lakeside shore, 3/4 view, golden hour. single main subject, photorealistic color photo, natural colors, realistic texture, sharp focus on subject, no people, no text, no watermark, no logo, no border, no collage, no CGI, no illustration.","text, watermark, logo, caption, signature, border, frame, collage, multiple panels, cartoon, illustration, CGI, 3d render, low-poly, painting, anime, surreal, deformed, duplicate objects, extra limbs, blurry, out of focus, noise, oversaturated, posterized, artifacts, jpeg artifacts"
897,airplane,cargo plane,flying,a parking lot,front view,golden hour,hard,a finely detailed photo,"a finely detailed photo of a cargo plane airplane flying in a parking lot, front view, golden hour. cropped slightly. single main subject, photorealistic color photo, natural colors, realistic texture, sharp focus on subject, no people, no text, no watermark, no logo, no border, no collage, no CGI, no illustration.","text, watermark, logo, caption, signature, border, frame, collage, multiple panels, cartoon, illustration, CGI, 3d render, low-poly, painting, anime, surreal, deformed, duplicate objects, extra limbs, blurry, out of focus, noise, oversaturated, posterized, artifacts, jpeg artifacts"
425,airplane,biplane,taxiing,a parking lot,side profile,indoor soft window light,clean,an ultra-realistic rendering,"an ultra-realistic rendering of a biplane airplane taxiing in a parking lot, side profile, indoor soft window light. single main subject, photorealistic color photo, natural colors, realistic texture, sharp focus on subject, no people, no text, no watermark, no logo, no border, no collage, no CGI, no illustration.","text, watermark, logo, caption, signature, border, frame, collage, multiple panels, cartoon, illustration, CGI, 3d render, low-poly, painting, anime, surreal, deformed, duplicate objects, extra limbs, blurry, out of focus, noise, oversaturated, posterized, artifacts, jpeg artifacts"
167,airplane,glider,taxiing,a gravel lot,3/4 view,golden hour,clean,a high-quality image,"a high-quality image of a glider airplane taxiing in a gravel lot, 3/4 view, golden hour. single main subject, photorealistic color photo, natural colors, realistic texture, sharp focus on subject, no people, no text, no watermark, no logo, no border, no collage, no CGI, no illustration.","text, watermark, logo, caption, signature, border, frame, collage, multiple panels, cartoon, illustration, CGI, 3d render, low-poly, painting, anime, surreal, deformed, duplicate objects, extra limbs, blurry, out of focus, noise, oversaturated, posterized, artifacts, jpeg artifacts"
296,airplane,passenger jet,taxiing,a quiet residential street,close-up,indoor soft window light,clean,a high-quality image,"a high-quality image of a passenger jet airplane taxiing in a quiet residential street, close-up, indoor soft window light. single main subject, photorealistic color photo, natural colors, realistic texture, sharp focus on subject, no people, no text, no watermark, no logo, no border, no collage, no CGI, no illustration.","text, watermark, logo, caption, signature, border, frame, collage, multiple panels, cartoon, illustration, CGI, 3d render, low-poly, painting, anime, surreal, deformed, duplicate objects, extra limbs, blurry, out of focus, noise, oversaturated, posterized, artifacts, jpeg artifacts"
38,airplane,passenger jet,flying,a backyard,low angle,backlit rim light,clean,an ultra-realistic rendering,"an ultra-realistic rendering of a passenger jet airplane flying in a backyard, low angle, backlit rim light. single main subject, photorealistic color photo, natural colors, realistic texture, sharp focus on subject, no people, no text, no watermark, no logo, no border, no collage, no CGI, no illustration.","text, watermark, logo, caption, signature, border, frame, collage, multiple panels, cartoon, illustration, CGI, 3d render, low-poly, painting, anime, surreal, deformed, duplicate objects, extra limbs, blurry, out of focus, noise, oversaturated, posterized, artifacts, jpeg artifacts"
174,airplane,biplane,parked,a quiet residential street,front view,nighttime under streetlights,clean,an ultra-realistic rendering,"an ultra-realistic rendering of a biplane airplane parked in a quiet residential street, front view, nighttime under streetlights. single main subject, photorealistic color photo, natural colors, realistic texture, sharp focus on subject, no people, no text, no watermark, no logo, no border, no collage, no CGI, no illustration.","text, watermark, logo, caption, signature, border, frame, collage, multiple panels, cartoon, illustration, CGI, 3d render, low-poly, painting, anime, surreal, deformed, duplicate objects, extra limbs, blurry, out of focus, noise, oversaturated, posterized, artifacts, jpeg artifacts"
391,airplane,cargo plane,flying,an industrial yard,slightly off-center framing,foggy morning,clean,a photorealistic color photo,"a photorealistic color photo of a cargo plane airplane flying in an industrial yard, slightly off-center framing, foggy morning. single main subject, photorealistic color photo, natural colors, realistic texture, sharp focus on subject, no people, no text, no watermark, no logo, no border, no collage, no CGI, no illustration.","text, watermark, logo, caption, signature, border, frame, collage, multiple panels, cartoon, illustration, CGI, 3d render, low-poly, painting, anime, surreal, deformed, duplicate objects, extra limbs, blurry, out of focus, noise, oversaturated, posterized, artifacts, jpeg artifacts"
48,airplane,small prop airplane,parked,a sandy beach,slightly off-center framing,golden hour,clean,a professional photo,"a professional photo of a small prop airplane parked in a sandy beach, slightly off-center framing, golden hour. single main subject, photorealistic color photo, natural colors, realistic texture, sharp focus on subject, no people, no text, no watermark, no logo, no border, no collage, no CGI, no illustration.","text, watermark, logo, caption, signature, border, frame, collage, multiple panels, cartoon, illustration, CGI, 3d render, low-poly, painting, anime, surreal, deformed, duplicate objects, extra limbs, blurry, out of focus, noise, oversaturated, posterized, artifacts, jpeg artifacts"
65,airplane,cargo plane,taxiing,a gravel lot,high angle,backlit rim light,clean,a photorealistic color photo,"a photorealistic color photo of a cargo plane airplane taxiing in a gravel lot, high angle, backlit rim light. single main subject, photorealistic color photo, natural colors, realistic texture, sharp focus on subject, no people, no text, no watermark, no logo, no border, no collage, no CGI, no illustration.","text, watermark, logo, caption, signature, border, frame, collage, multiple panels, cartoon, illustration, CGI, 3d render, low-poly, painting, anime, surreal, deformed, duplicate objects, extra limbs, blurry, out of focus, noise, oversaturated, posterized, artifacts, jpeg artifacts"
161,airplane,small prop airplane,taxiing,a gravel lot,close-up,rainy with wet reflections,clean,a high-quality image,"a high-quality image of a small prop airplane taxiing in a gravel lot, close-up, rainy with wet reflections. single main subject, photorealistic color photo, natural colors, realistic texture, sharp focus on subject, no people, no text, no watermark, no logo, no border, no collage, no CGI, no illustration.","text, watermark, logo, caption, signature, border, frame, collage, multiple panels, cartoon, illustration, CGI, 3d render, low-poly, painting, anime, surreal, deformed, duplicate objects, extra limbs, blurry, out of focus, noise, oversaturated, posterized, artifacts, jpeg artifacts"
564,airplane,seaplane,taxiing,a city park,wide shot,backlit rim light,clean,a detailed photograph,"a detailed photograph of a seaplane airplane taxiing in a city park, wide shot, backlit rim light. single main subject, photorealistic color photo, natural colors, realistic texture, sharp focus on subject, no people, no text, no watermark, no logo, no border, no collage, no CGI, no illustration.","text, watermark, logo, caption, signature, border, frame, collage, multiple panels, cartoon, illustration, CGI, 3d render, low-poly, painting, anime, surreal, deformed, duplicate objects, extra limbs, blurry, out of focus, noise, oversaturated, posterized, artifacts, jpeg artifacts"
277,airplane,cargo plane,taxiing,a gravel lot,side profile,golden hour,clean,a professional photo,"a professional photo of a cargo plane airplane taxiing in a gravel lot, side profile, golden hour. single main subject, photorealistic color photo, natural colors, realistic texture, sharp focus on subject, no people, no text, no watermark, no logo, no border, no collage, no CGI, no illustration.","text, watermark, logo, caption, signature, border, frame, collage, multiple panels, cartoon, illustration, CGI, 3d render, low-poly, painting, anime, surreal, deformed, duplicate objects, extra limbs, blurry, out of focus, noise, oversaturated, posterized, artifacts, jpeg artifacts"
409,airplane,small prop airplane,flying,a suburban neighborhood,high angle,indoor soft window light,clean,an ultra-realistic rendering,"an ultra-realistic rendering of a small prop airplane flying in a suburban neighborhood, high angle, indoor soft window light. single main subject, photorealistic color photo, natural colors, realistic texture, sharp focus on subject, no people, no text, no watermark, no logo, no border, no collage, no CGI, no illustration.","text, watermark, logo, caption, signature, border, frame, collage, multiple panels, cartoon, illustration, CGI, 3d render, low-poly, painting, anime, surreal, deformed, duplicate objects, extra limbs, blurry, out of focus, noise, oversaturated, posterized, artifacts, jpeg artifacts"
584,airplane,glider,parked,a parking lot,3/4 view,rainy with wet reflections,clean,a detailed photograph,"a detailed photograph of a glider airplane parked in a parking lot, 3/4 view, rainy with wet reflections. single main subject, photorealistic color photo, natural colors, realistic texture, sharp focus on subject, no people, no text, no watermark, no logo, no border, no collage, no CGI, no illustration.","text, watermark, logo, caption, signature, border, frame, collage, multiple panels, cartoon, illustration, CGI, 3d render, low-poly, painting, anime, surreal, deformed, duplicate objects, extra limbs, blurry, out of focus, noise, oversaturated, posterized, artifacts, jpeg artifacts"
478,airplane,cargo plane,taxiing,a forest clearing,low angle,foggy morning,clean,a high-quality image,"a high-quality image of a cargo plane airplane taxiing in a forest clearing, low angle, foggy morning. single main subject, photorealistic color photo, natural colors, realistic texture, sharp focus on subject, no people, no text, no watermark, no logo, no border, no collage, no CGI, no illustration.","text, watermark, logo, caption, signature, border, frame, collage, multiple panels, cartoon, illustration, CGI, 3d render, low-poly, painting, anime, surreal, deformed, duplicate objects, extra limbs, blurry, out of focus, noise, oversaturated, posterized, artifacts, jpeg artifacts"
750,airplane,small prop airplane,flying,a city park,high angle,foggy morning,clean,a high-quality image,"a high-quality image of a small prop airplane flying in a city park, high angle, foggy morning. single main subject, photorealistic color photo, natural colors, realistic texture, sharp focus on subject, no people, no text, no watermark, no logo, no border, no collage, no CGI, no illustration.","text, watermark, logo, caption, signature, border, frame, collage, multiple panels, cartoon, illustration, CGI, 3d render, low-poly, painting, anime, surreal, deformed, duplicate objects, extra limbs, blurry, out of focus, noise, oversaturated, posterized, artifacts, jpeg artifacts"
682,airplane,biplane,taxiing,a backyard,3/4 view,nighttime under streetlights,clean,a detailed photograph,"a detailed photograph of a biplane airplane taxiing in a backyard, 3/4 view, nighttime under streetlights. single main subject, photorealistic color photo, natural colors, realistic texture, sharp focus on subject, no people, no text, no watermark, no logo, no border, no collage, no CGI, no illustration.","text, watermark, logo, caption, signature, border, frame, collage, multiple panels, cartoon, illustration, CGI, 3d render, low-poly, painting, anime, surreal, deformed, duplicate objects, extra limbs, blurry, out of focus, noise, oversaturated, posterized, artifacts, jpeg artifacts"
810,airplane,passenger jet,parked,a suburban neighborhood,front view,rainy with wet reflections,hard,a detailed photograph,"a detailed photograph of a passenger jet airplane parked in a suburban neighborhood, front view, rainy with wet reflections. in the distance. single main subject, photorealistic color photo, natural colors, realistic texture, sharp focus on subject, no people, no text, no watermark, no logo, no border, no collage, no CGI, no illustration.","text, watermark, logo, caption, signature, border, frame, collage, multiple panels, cartoon, illustration, CGI, 3d render, low-poly, painting, anime, surreal, deformed, duplicate objects, extra limbs, blurry, out of focus, noise, oversaturated, posterized, artifacts, jpeg artifacts"
657,airplane,biplane,taxiing,a grassy field,3/4 view,golden hour,clean,a finely detailed photo,"a finely detailed photo of a biplane airplane taxiing in a grassy field, 3/4 view, golden hour. single main subject, photorealistic color photo, natural colors, realistic texture, sharp focus on subject, no people, no text, no watermark, no logo, no border, no collage, no CGI, no illustration.","text, watermark, logo, caption, signature, border, frame, collage, multiple panels, cartoon, illustration, CGI, 3d render, low-poly, painting, anime, surreal, deformed, duplicate objects, extra limbs, blurry, out of focus, noise, oversaturated, posterized, artifacts, jpeg artifacts"
907,airplane,seaplane,parked,a suburban neighborhood,cropped at the edge of the frame,overcast daylight,hard,a finely detailed photo,"a finely detailed photo of a seaplane airplane parked in a suburban neighborhood, cropped at the edge of the frame, overcast daylight. busy background but still one main subject. single main subject, photorealistic color photo, natural colors, realistic texture, sharp focus on subject, no people, no text, no watermark, no logo, no border, no collage, no CGI, no illustration.","text, watermark, logo, caption, signature, border, frame, collage, multiple panels, cartoon, illustration, CGI, 3d render, low-poly, painting, anime, surreal, deformed, duplicate objects, extra limbs, blurry, out of focus, noise, oversaturated, posterized, artifacts, jpeg artifacts"
14,airplane,passenger jet,flying,a backyard,slightly off-center framing,foggy morning,clean,a photorealistic color photo,"a photorealistic color photo of a passenger jet airplane flying in a backyard, slightly off-center framing, foggy morning. single main subject, photorealistic color photo, natural colors, realistic texture, sharp focus on subject, no people, no text, no watermark, no logo, no border, no collage, no CGI, no illustration.","text, watermark, logo, caption, signature, border, frame, collage, multiple panels, cartoon, illustration, CGI, 3d render, low-poly, painting, anime, surreal, deformed, duplicate objects, extra limbs, blurry, out of focus, noise, oversaturated, posterized, artifacts, jpeg artifacts"
90,airplane,passenger jet,taking off,an urban street,close-up,sunny afternoon,clean,a professional photo,"a professional photo of a passenger jet airplane taking off in an urban street, close-up, sunny afternoon. single main subject, photorealistic color photo, natural colors, realistic texture, sharp focus on subject, no people, no text, no watermark, no logo, no border, no collage, no CGI, no illustration.","text, watermark, logo, caption, signature, border, frame, collage, multiple panels, cartoon, illustration, CGI, 3d render, low-poly, painting, anime, surreal, deformed, duplicate objects, extra limbs, blurry, out of focus, noise, oversaturated, posterized, artifacts, jpeg artifacts"
648,airplane,biplane,taxiing,a sandy beach,3/4 view,nighttime under streetlights,clean,a photorealistic color photo,"a photorealistic color photo of a biplane airplane taxiing in a sandy beach, 3/4 view, nighttime under streetlights. single main subject, photorealistic color photo, natural colors, realistic texture, sharp focus on subject, no people, no text, no watermark, no logo, no border, no collage, no CGI, no illustration.","text, watermark, logo, caption, signature, border, frame, collage, multiple panels, cartoon, illustration, CGI, 3d render, low-poly, painting, anime, surreal, deformed, duplicate objects, extra limbs, blurry, out of focus, noise, oversaturated, posterized, artifacts, jpeg artifacts"
881,airplane,passenger jet,taking off,a quiet residential street,side profile,foggy morning,hard,a detailed photograph,"a detailed photograph of a passenger jet airplane taking off in a quiet residential street, side profile, foggy morning. in the distance. single main subject, photorealistic color photo, natural colors, realistic texture, sharp focus on subject, no people, no text, no watermark, no logo, no border, no collage, no CGI, no illustration.","text, watermark, logo, caption, signature, border, frame, collage, multiple panels, cartoon, illustration, CGI, 3d render, low-poly, painting, anime, surreal, deformed, duplicate objects, extra limbs, blurry, out of focus, noise, oversaturated, posterized, artifacts, jpeg artifacts"
253,airplane,small prop airplane,taxiing,a parking lot,wide shot,overcast daylight,clean,a finely detailed photo,"a finely detailed photo of a small prop airplane taxiing in a parking lot, wide shot, overcast daylight. single main subject, photorealistic color photo, natural colors, realistic texture, sharp focus on subject, no people, no text, no watermark, no logo, no border, no collage, no CGI, no illustration.","text, watermark, logo, caption, signature, border, frame, collage, multiple panels, cartoon, illustration, CGI, 3d render, low-poly, painting, anime, surreal, deformed, duplicate objects, extra limbs, blurry, out of focus, noise, oversaturated, posterized, artifacts, jpeg artifacts"
67,airplane,glider,parked,an industrial yard,3/4 view,overcast daylight,clean,an ultra-realistic rendering,"an ultra-realistic rendering of a glider airplane parked in an industrial yard, 3/4 view, overcast daylight. single main subject, photorealistic color photo, natural colors, realistic texture, sharp focus on subject, no people, no text, no watermark, no logo, no border, no collage, no CGI, no illustration.","text, watermark, logo, caption, signature, border, frame, collage, multiple panels, cartoon, illustration, CGI, 3d render, low-poly, painting, anime, surreal, deformed, duplicate objects, extra limbs, blurry, out of focus, noise, oversaturated, posterized, artifacts, jpeg artifacts"
747,airplane,biplane,flying,a gravel lot,low angle,golden hour,clean,a high-quality image,"a high-quality image of a biplane airplane flying in a gravel lot, low angle, golden hour. single main subject, photorealistic color photo, natural colors, realistic texture, sharp focus on subject, no people, no text, no watermark, no logo, no border, no collage, no CGI, no illustration.","text, watermark, logo, caption, signature, border, frame, collage, multiple panels, cartoon, illustration, CGI, 3d render, low-poly, painting, anime, surreal, deformed, duplicate objects, extra limbs, blurry, out of focus, noise, oversaturated, posterized, artifacts, jpeg artifacts"
405,airplane,biplane,flying,a grassy field,wide shot,rainy with wet reflections,clean,a detailed photograph,"a detailed photograph of a biplane airplane flying in a grassy field, wide shot, rainy with wet reflections. single main subject, photorealistic color photo, natural colors, realistic texture, sharp focus on subject, no people, no text, no watermark, no logo, no border, no collage, no CGI, no illustration.","text, watermark, logo, caption, signature, border, frame, collage, multiple panels, cartoon, illustration, CGI, 3d render, low-poly, painting, anime, surreal, deformed, duplicate objects, extra limbs, blurry, out of focus, noise, oversaturated, posterized, artifacts, jpeg artifacts"
152,airplane,small prop airplane,taking off,a sandy beach,low angle,foggy morning,clean,a professional photo,"a professional photo of a small prop airplane taking off in a sandy beach, low angle, foggy morning. single main subject, photorealistic color photo, natural colors, realistic texture, sharp focus on subject, no people, no text, no watermark, no logo, no border, no collage, no CGI, no illustration.","text, watermark, logo, caption, signature, border, frame, collage, multiple panels, cartoon, illustration, CGI, 3d render, low-poly, painting, anime, surreal, deformed, duplicate objects, extra limbs, blurry, out of focus, noise, oversaturated, posterized, artifacts, jpeg artifacts"
487,airplane,biplane,flying,a forest clearing,front view,foggy morning,clean,an ultra-realistic rendering,"an ultra-realistic rendering of a biplane airplane flying in a forest clearing, front view, foggy morning. single main subject, photorealistic color photo, natural colors, realistic texture, sharp focus on subject, no people, no text, no watermark, no logo, no border, no collage, no CGI, no illustration.","text, watermark, logo, caption, signature, border, frame, collage, multiple panels, cartoon, illustration, CGI, 3d render, low-poly, painting, anime, surreal, deformed, duplicate objects, extra limbs, blurry, out of focus, noise, oversaturated, posterized, artifacts, jpeg artifacts"
943,airplane,cargo plane,parked,a sandy beach,side profile,overcast daylight,hard,a professional photo,"a professional photo of a cargo plane airplane parked in a sandy beach, side profile, overcast daylight. busy background but still one main subject. single main subject, photorealistic color photo, natural colors, realistic texture, sharp focus on subject, no people, no text, no watermark, no logo, no border, no collage, no CGI, no illustration.","text, watermark, logo, caption, signature, border, frame, collage, multiple panels, cartoon, illustration, CGI, 3d render, low-poly, painting, anime, surreal, deformed, duplicate objects, extra limbs, blurry, out of focus, noise, oversaturated, posterized, artifacts, jpeg artifacts"
957,airplane,small prop airplane,taxiing,a forest clearing,low angle,nighttime under streetlights,hard,a finely detailed photo,"a finely detailed photo of a small prop airplane taxiing in a forest clearing, low angle, nighttime under streetlights. in the distance. single main subject, photorealistic color photo, natural colors, realistic texture, sharp focus on subject, no people, no text, no watermark, no logo, no border, no collage, no CGI, no illustration.","text, watermark, logo, caption, signature, border, frame, collage, multiple panels, cartoon, illustration, CGI, 3d render, low-poly, painting, anime, surreal, deformed, duplicate objects, extra limbs, blurry, out of focus, noise, oversaturated, posterized, artifacts, jpeg artifacts"
508,airplane,seaplane,taxiing,a countryside road,slightly off-center framing,nighttime under streetlights,clean,a finely detailed photo,"a finely detailed photo of a seaplane airplane taxiing in a countryside road, slightly off-center framing, nighttime under streetlights. single main subject, photorealistic color photo, natural colors, realistic texture, sharp focus on subject, no people, no text, no watermark, no logo, no border, no collage, no CGI, no illustration.","text, watermark, logo, caption, signature, border, frame, collage, multiple panels, cartoon, illustration, CGI, 3d render, low-poly, painting, anime, surreal, deformed, duplicate objects, extra limbs, blurry, out of focus, noise, oversaturated, posterized, artifacts, jpeg artifacts"
777,airplane,seaplane,taxiing,a grassy field,wide shot,sunny afternoon,clean,a detailed photograph,"a detailed photograph of a seaplane airplane taxiing in a grassy field, wide shot, sunny afternoon. single main subject, photorealistic color photo, natural colors, realistic texture, sharp focus on subject, no people, no text, no watermark, no logo, no border, no collage, no CGI, no illustration.","text, watermark, logo, caption, signature, border, frame, collage, multiple panels, cartoon, illustration, CGI, 3d render, low-poly, painting, anime, surreal, deformed, duplicate objects, extra limbs, blurry, out of focus, noise, oversaturated, posterized, artifacts, jpeg artifacts"
35,airplane,small prop airplane,flying,a gravel lot,3/4 view,backlit rim light,clean,a professional photo,"a professional photo of a small prop airplane flying in a gravel lot, 3/4 view, backlit rim light. single main subject, photorealistic color photo, natural colors, realistic texture, sharp focus on subject, no people, no text, no watermark, no logo, no border, no collage, no CGI, no illustration.","text, watermark, logo, caption, signature, border, frame, collage, multiple panels, cartoon, illustration, CGI, 3d render, low-poly, painting, anime, surreal, deformed, duplicate objects, extra limbs, blurry, out of focus, noise, oversaturated, posterized, artifacts, jpeg artifacts"
909,airplane,biplane,parked,a lakeside shore,distant subject in the background,indoor soft window light,hard,a finely detailed photo,"a finely detailed photo of a biplane airplane parked in a lakeside shore, distant subject in the background, indoor soft window light. slight motion blur. single main subject, photorealistic color photo, natural colors, realistic texture, sharp focus on subject, no people, no text, no watermark, no logo, no border, no collage, no CGI, no illustration.","text, watermark, logo, caption, signature, border, frame, collage, multiple panels, cartoon, illustration, CGI, 3d render, low-poly, painting, anime, surreal, deformed, duplicate objects, extra limbs, blurry, out of focus, noise, oversaturated, posterized, artifacts, jpeg artifacts"
676,airplane,small prop airplane,parked,an industrial yard,close-up,sunny afternoon,clean,a professional photo,"a professional photo of a small prop airplane parked in an industrial yard, close-up, sunny afternoon. single main subject, photorealistic color photo, natural colors, realistic texture, sharp focus on subject, no people, no text, no watermark, no logo, no border, no collage, no CGI, no illustration.","text, watermark, logo, caption, signature, border, frame, collage, multiple panels, cartoon, illustration, CGI, 3d render, low-poly, painting, anime, surreal, deformed, duplicate objects, extra limbs, blurry, out of focus, noise, oversaturated, posterized, artifacts, jpeg artifacts"
592,airplane,passenger jet,taking off,a wet roadway after rain,front view,sunny afternoon,clean,a finely detailed photo,"a finely detailed photo of a passenger jet airplane taking off in a wet roadway after rain, front view, sunny afternoon. single main subject, photorealistic color photo, natural colors, realistic texture, sharp focus on subject, no people, no text, no watermark, no logo, no border, no collage, no CGI, no illustration.","text, watermark, logo, caption, signature, border, frame, collage, multiple panels, cartoon, illustration, CGI, 3d render, low-poly, painting, anime, surreal, deformed, duplicate objects, extra limbs, blurry, out of focus, noise, oversaturated, posterized, artifacts, jpeg artifacts"
860,airplane,passenger jet,parked,a parking lot,slightly off-center framing,nighttime under streetlights,hard,an ultra-realistic rendering,"an ultra-realistic rendering of a passenger jet airplane parked in a parking lot, slightly off-center framing, nighttime under streetlights. slight motion blur. single main subject, photorealistic color photo, natural colors, realistic texture, sharp focus on subject, no people, no text, no watermark, no logo, no border, no collage, no CGI, no illustration.","text, watermark, logo, caption, signature, border, frame, collage, multiple panels, cartoon, illustration, CGI, 3d render, low-poly, painting, anime, surreal, deformed, duplicate objects, extra limbs, blurry, out of focus, noise, oversaturated, posterized, artifacts, jpeg artifacts"
113,airplane,seaplane,taxiing,a backyard,front view,indoor soft window light,clean,a detailed photograph,"a detailed photograph of a seaplane airplane taxiing in a backyard, front view, indoor soft window light. single main subject, photorealistic color photo, natural colors, realistic texture, sharp focus on subject, no people, no text, no watermark, no logo, no border, no collage, no CGI, no illustration.","text, watermark, logo, caption, signature, border, frame, collage, multiple panels, cartoon, illustration, CGI, 3d render, low-poly, painting, anime, surreal, deformed, duplicate objects, extra limbs, blurry, out of focus, noise, oversaturated, posterized, artifacts, jpeg artifacts"
142,airplane,seaplane,flying,a lakeside shore,3/4 view,indoor soft window light,clean,a high-quality image,"a high-quality image of a seaplane airplane flying in a lakeside shore, 3/4 view, indoor soft window light. single main subject, photorealistic color photo, natural colors, realistic texture, sharp focus on subject, no people, no text, no watermark, no logo, no border, no collage, no CGI, no illustration.","text, watermark, logo, caption, signature, border, frame, collage, multiple panels, cartoon, illustration, CGI, 3d render, low-poly, painting, anime, surreal, deformed, duplicate objects, extra limbs, blurry, out of focus, noise, oversaturated, posterized, artifacts, jpeg artifacts"
491,airplane,biplane,taking off,a quiet residential street,low angle,sunny afternoon,clean,a photorealistic color photo,"a photorealistic color photo of a biplane airplane taking off in a quiet residential street, low angle, sunny afternoon. single main subject, photorealistic color photo, natural colors, realistic texture, sharp focus on subject, no people, no text, no watermark, no logo, no border, no collage, no CGI, no illustration.","text, watermark, logo, caption, signature, border, frame, collage, multiple panels, cartoon, illustration, CGI, 3d render, low-poly, painting, anime, surreal, deformed, duplicate objects, extra limbs, blurry, out of focus, noise, oversaturated, posterized, artifacts, jpeg artifacts"
983,airplane,cargo plane,taxiing,a wet roadway after rain,wide shot,nighttime under streetlights,hard,an ultra-realistic rendering,"an ultra-realistic rendering of a cargo plane airplane taxiing in a wet roadway after rain, wide shot, nighttime under streetlights. cropped slightly. single main subject, photorealistic color photo, natural colors, realistic texture, sharp focus on subject, no people, no text, no watermark, no logo, no border, no collage, no CGI, no illustration.","text, watermark, logo, caption, signature, border, frame, collage, multiple panels, cartoon, illustration, CGI, 3d render, low-poly, painting, anime, surreal, deformed, duplicate objects, extra limbs, blurry, out of focus, noise, oversaturated, posterized, artifacts, jpeg artifacts"
477,airplane,small prop airplane,flying,a countryside road,slightly off-center framing,sunny afternoon,clean,a finely detailed photo,"a finely detailed photo of a small prop airplane flying in a countryside road, slightly off-center framing, sunny afternoon. single main subject, photorealistic color photo, natural colors, realistic texture, sharp focus on subject, no people, no text, no watermark, no logo, no border, no collage, no CGI, no illustration.","text, watermark, logo, caption, signature, border, frame, collage, multiple panels, cartoon, illustration, CGI, 3d render, low-poly, painting, anime, surreal, deformed, duplicate objects, extra limbs, blurry, out of focus, noise, oversaturated, posterized, artifacts, jpeg artifacts"
891,airplane,seaplane,flying,a backyard,distant subject in the background,backlit rim light,hard,an ultra-realistic rendering,"an ultra-realistic rendering of a seaplane airplane flying in a backyard, distant subject in the background, backlit rim light. partially occluded by a foreground object. single main subject, photorealistic color photo, natural colors, realistic texture, sharp focus on subject, no people, no text, no watermark, no logo, no border, no collage, no CGI, no illustration.","text, watermark, logo, caption, signature, border, frame, collage, multiple panels, cartoon, illustration, CGI, 3d render, low-poly, painting, anime, surreal, deformed, duplicate objects, extra limbs, blurry, out of focus, noise, oversaturated, posterized, artifacts, jpeg artifacts"
238,airplane,cargo plane,flying,an urban street,low angle,foggy morning,clean,a detailed photograph,"a detailed photograph of a cargo plane airplane flying in an urban street, low angle, foggy morning. single main subject, photorealistic color photo, natural colors, realistic texture, sharp focus on subject, no people, no text, no watermark, no logo, no border, no collage, no CGI, no illustration.","text, watermark, logo, caption, signature, border, frame, collage, multiple panels, cartoon, illustration, CGI, 3d render, low-poly, painting, anime, surreal, deformed, duplicate objects, extra limbs, blurry, out of focus, noise, oversaturated, posterized, artifacts, jpeg artifacts"
481,airplane,cargo plane,parked,a parking lot,side profile,indoor soft window light,clean,a detailed photograph,"a detailed photograph of a cargo plane airplane parked in a parking lot, side profile, indoor soft window light. single main subject, photorealistic color photo, natural colors, realistic texture, sharp focus on subject, no people, no text, no watermark, no logo, no border, no collage, no CGI, no illustration.","text, watermark, logo, caption, signature, border, frame, collage, multiple panels, cartoon, illustration, CGI, 3d render, low-poly, painting, anime, surreal, deformed, duplicate objects, extra limbs, blurry, out of focus, noise, oversaturated, posterized, artifacts, jpeg artifacts"
368,airplane,biplane,taking off,a forest clearing,front view,sunny afternoon,clean,a finely detailed photo,"a finely detailed photo of a biplane airplane taking off in a forest clearing, front view, sunny afternoon. single main subject, photorealistic color photo, natural colors, realistic texture, sharp focus on subject, no people, no text, no watermark, no logo, no border, no collage, no CGI, no illustration.","text, watermark, logo, caption, signature, border, frame, collage, multiple panels, cartoon, illustration, CGI, 3d render, low-poly, painting, anime, surreal, deformed, duplicate objects, extra limbs, blurry, out of focus, noise, oversaturated, posterized, artifacts, jpeg artifacts"
752,airplane,biplane,taxiing,a lakeside shore,front view,overcast daylight,clean,a high-quality image,"a high-quality image of a biplane airplane taxiing in a lakeside shore, front view, overcast daylight. single main subject, photorealistic color photo, natural colors, realistic texture, sharp focus on subject, no people, no text, no watermark, no logo, no border, no collage, no CGI, no illustration.","text, watermark, logo, caption, signature, border, frame, collage, multiple panels, cartoon, illustration, CGI, 3d render, low-poly, painting, anime, surreal, deformed, duplicate objects, extra limbs, blurry, out of focus, noise, oversaturated, posterized, artifacts, jpeg artifacts"
475,airplane,glider,flying,an urban street,3/4 view,nighttime under streetlights,clean,a photorealistic color photo,"a photorealistic color photo of a glider airplane flying in an urban street, 3/4 view, nighttime under streetlights. single main subject, photorealistic color photo, natural colors, realistic texture, sharp focus on subject, no people, no text, no watermark, no logo, no border, no collage, no CGI, no illustration.","text, watermark, logo, caption, signature, border, frame, collage, multiple panels, cartoon, illustration, CGI, 3d render, low-poly, painting, anime, surreal, deformed, duplicate objects, extra limbs, blurry, out of focus, noise, oversaturated, posterized, artifacts, jpeg artifacts"
309,airplane,biplane,parked,an industrial yard,low angle,indoor soft window light,clean,a photorealistic color photo,"a photorealistic color photo of a biplane airplane parked in an industrial yard, low angle, indoor soft window light. single main subject, photorealistic color photo, natural colors, realistic texture, sharp focus on subject, no people, no text, no watermark, no logo, no border, no collage, no CGI, no illustration.","text, watermark, logo, caption, signature, border, frame, collage, multiple panels, cartoon, illustration, CGI, 3d render, low-poly, painting, anime, surreal, deformed, duplicate objects, extra limbs, blurry, out of focus, noise, oversaturated, posterized, artifacts, jpeg artifacts"
729,airplane,glider,flying,a suburban neighborhood,high angle,golden hour,clean,a professional photo,"a professional photo of a glider airplane flying in a suburban neighborhood, high angle, golden hour. single main subject, photorealistic color photo, natural colors, realistic texture, sharp focus on subject, no people, no text, no watermark, no logo, no border, no collage, no CGI, no illustration.","text, watermark, logo, caption, signature, border, frame, collage, multiple panels, cartoon, illustration, CGI, 3d render, low-poly, painting, anime, surreal, deformed, duplicate objects, extra limbs, blurry, out of focus, noise, oversaturated, posterized, artifacts, jpeg artifacts"
160,airplane,cargo plane,taxiing,a suburban neighborhood,low angle,nighttime under streetlights,clean,a professional photo,"a professional photo of a cargo plane airplane taxiing in a suburban neighborhood, low angle, nighttime under streetlights. single main subject, photorealistic color photo, natural colors, realistic texture, sharp focus on subject, no people, no text, no watermark, no logo, no border, no collage, no CGI, no illustration.","text, watermark, logo, caption, signature, border, frame, collage, multiple panels, cartoon, illustration, CGI, 3d render, low-poly, painting, anime, surreal, deformed, duplicate objects, extra limbs, blurry, out of focus, noise, oversaturated, posterized, artifacts, jpeg artifacts"
136,airplane,biplane,taxiing,a countryside road,close-up,foggy morning,clean,an ultra-realistic rendering,"an ultra-realistic rendering of a biplane airplane taxiing in a countryside road, close-up, foggy morning. single main subject, photorealistic color photo, natural colors, realistic texture, sharp focus on subject, no people, no text, no watermark, no logo, no border, no collage, no CGI, no illustration.","text, watermark, logo, caption, signature, border, frame, collage, multiple panels, cartoon, illustration, CGI, 3d render, low-poly, painting, anime, surreal, deformed, duplicate objects, extra limbs, blurry, out of focus, noise, oversaturated, posterized, artifacts, jpeg artifacts"
898,airplane,biplane,flying,a city park,side profile,foggy morning,hard,a detailed photograph,"a detailed photograph of a biplane airplane flying in a city park, side profile, foggy morning. busy background but still one main subject. single main subject, photorealistic color photo, natural colors, realistic texture, sharp focus on subject, no people, no text, no watermark, no logo, no border, no collage, no CGI, no illustration.","text, watermark, logo, caption, signature, border, frame, collage, multiple panels, cartoon, illustration, CGI, 3d render, low-poly, painting, anime, surreal, deformed, duplicate objects, extra limbs, blurry, out of focus, noise, oversaturated, posterized, artifacts, jpeg artifacts"
317,airplane,seaplane,taking off,a suburban neighborhood,side profile,backlit rim light,clean,a photorealistic color photo,"a photorealistic color photo of a seaplane airplane taking off in a suburban neighborhood, side profile, backlit rim light. single main subject, photorealistic color photo, natural colors, realistic texture, sharp focus on subject, no people, no text, no watermark, no logo, no border, no collage, no CGI, no illustration.","text, watermark, logo, caption, signature, border, frame, collage, multiple panels, cartoon, illustration, CGI, 3d render, low-poly, painting, anime, surreal, deformed, duplicate objects, extra limbs, blurry, out of focus, noise, oversaturated, posterized, artifacts, jpeg artifacts"
562,airplane,glider,flying,a backyard,slightly off-center framing,nighttime under streetlights,clean,a professional photo,"a professional photo of a glider airplane flying in a backyard, slightly off-center framing, nighttime under streetlights. single main subject, photorealistic color photo, natural colors, realistic texture, sharp focus on subject, no people, no text, no watermark, no logo, no border, no collage, no CGI, no illustration.","text, watermark, logo, caption, signature, border, frame, collage, multiple panels, cartoon, illustration, CGI, 3d render, low-poly, painting, anime, surreal, deformed, duplicate objects, extra limbs, blurry, out of focus, noise, oversaturated, posterized, artifacts, jpeg artifacts"
392,airplane,seaplane,parked,a sandy beach,3/4 view,indoor soft window light,clean,an ultra-realistic rendering,"an ultra-realistic rendering of a seaplane airplane parked in a sandy beach, 3/4 view, indoor soft window light. single main subject, photorealistic color photo, natural colors, realistic texture, sharp focus on subject, no people, no text, no watermark, no logo, no border, no collage, no CGI, no illustration.","text, watermark, logo, caption, signature, border, frame, collage, multiple panels, cartoon, illustration, CGI, 3d render, low-poly, painting, anime, surreal, deformed, duplicate objects, extra limbs, blurry, out of focus, noise, oversaturated, posterized, artifacts, jpeg artifacts"
817,airplane,seaplane,taking off,a wet roadway after rain,slightly off-center framing,sunny afternoon,hard,an ultra-realistic rendering,"an ultra-realistic rendering of a seaplane airplane taking off in a wet roadway after rain, slightly off-center framing, sunny afternoon. partially occluded by a foreground object. single main subject, photorealistic color photo, natural colors, realistic texture, sharp focus on subject, no people, no text, no watermark, no logo, no border, no collage, no CGI, no illustration.","text, watermark, logo, caption, signature, border, frame, collage, multiple panels, cartoon, illustration, CGI, 3d render, low-poly, painting, anime, surreal, deformed, duplicate objects, extra limbs, blurry, out of focus, noise, oversaturated, posterized, artifacts, jpeg artifacts"
204,airplane,passenger jet,parked,a city park,wide shot,overcast daylight,clean,a finely detailed photo,"a finely detailed photo of a passenger jet airplane parked in a city park, wide shot, overcast daylight. single main subject, photorealistic color photo, natural colors, realistic texture, sharp focus on subject, no people, no text, no watermark, no logo, no border, no collage, no CGI, no illustration.","text, watermark, logo, caption, signature, border, frame, collage, multiple panels, cartoon, illustration, CGI, 3d render, low-poly, painting, anime, surreal, deformed, duplicate objects, extra limbs, blurry, out of focus, noise, oversaturated, posterized, artifacts, jpeg artifacts"
332,airplane,biplane,taking off,a wet roadway after rain,high angle,foggy morning,clean,a finely detailed photo,"a finely detailed photo of a biplane airplane taking off in a wet roadway after rain, high angle, foggy morning. single main subject, photorealistic color photo, natural colors, realistic texture, sharp focus on subject, no people, no text, no watermark, no logo, no border, no collage, no CGI, no illustration.","text, watermark, logo, caption, signature, border, frame, collage, multiple panels, cartoon, illustration, CGI, 3d render, low-poly, painting, anime, surreal, deformed, duplicate objects, extra limbs, blurry, out of focus, noise, oversaturated, posterized, artifacts, jpeg artifacts"
190,airplane,small prop airplane,flying,a city park,low angle,nighttime under streetlights,clean,a finely detailed photo,"a finely detailed photo of a small prop airplane flying in a city park, low angle, nighttime under streetlights. single main subject, photorealistic color photo, natural colors, realistic texture, sharp focus on subject, no people, no text, no watermark, no logo, no border, no collage, no CGI, no illustration.","text, watermark, logo, caption, signature, border, frame, collage, multiple panels, cartoon, illustration, CGI, 3d render, low-poly, painting, anime, surreal, deformed, duplicate objects, extra limbs, blurry, out of focus, noise, oversaturated, posterized, artifacts, jpeg artifacts"
3,airplane,biplane,taking off,an urban street,wide shot,nighttime under streetlights,clean,a detailed photograph,"a detailed photograph of a biplane airplane taking off in an urban street, wide shot, nighttime under streetlights. single main subject, photorealistic color photo, natural colors, realistic texture, sharp focus on subject, no people, no text, no watermark, no logo, no border, no collage, no CGI, no illustration.","text, watermark, logo, caption, signature, border, frame, collage, multiple panels, cartoon, illustration, CGI, 3d render, low-poly, painting, anime, surreal, deformed, duplicate objects, extra limbs, blurry, out of focus, noise, oversaturated, posterized, artifacts, jpeg artifacts"
269,airplane,small prop airplane,taking off,a parking lot,3/4 view,overcast daylight,clean,an ultra-realistic rendering,"an ultra-realistic rendering of a small prop airplane taking off in a parking lot, 3/4 view, overcast daylight. single main subject, photorealistic color photo, natural colors, realistic texture, sharp focus on subject, no people, no text, no watermark, no logo, no border, no collage, no CGI, no illustration.","text, watermark, logo, caption, signature, border, frame, collage, multiple panels, cartoon, illustration, CGI, 3d render, low-poly, painting, anime, surreal, deformed, duplicate objects, extra limbs, blurry, out of focus, noise, oversaturated, posterized, artifacts, jpeg artifacts"
663,airplane,cargo plane,parked,a quiet residential street,3/4 view,indoor soft window light,clean,a high-quality image,"a high-quality image of a cargo plane airplane parked in a quiet residential street, 3/4 view, indoor soft window light. single main subject, photorealistic color photo, natural colors, realistic texture, sharp focus on subject, no people, no text, no watermark, no logo, no border, no collage, no CGI, no illustration.","text, watermark, logo, caption, signature, border, frame, collage, multiple panels, cartoon, illustration, CGI, 3d render, low-poly, painting, anime, surreal, deformed, duplicate objects, extra limbs, blurry, out of focus, noise, oversaturated, posterized, artifacts, jpeg artifacts"
668,airplane,passenger jet,taxiing,a lakeside shore,high angle,backlit rim light,clean,a high-quality image,"a high-quality image of a passenger jet airplane taxiing in a lakeside shore, high angle, backlit rim light. single main subject, photorealistic color photo, natural colors, realistic texture, sharp focus on subject, no people, no text, no watermark, no logo, no border, no collage, no CGI, no illustration.","text, watermark, logo, caption, signature, border, frame, collage, multiple panels, cartoon, illustration, CGI, 3d render, low-poly, painting, anime, surreal, deformed, duplicate objects, extra limbs, blurry, out of focus, noise, oversaturated, posterized, artifacts, jpeg artifacts"
857,airplane,biplane,parked,a parking lot,distant subject in the background,sunny afternoon,hard,a photorealistic color photo,"a photorealistic color photo of a biplane airplane parked in a parking lot, distant subject in the background, sunny afternoon. cropped slightly. single main subject, photorealistic color photo, natural colors, realistic texture, sharp focus on subject, no people, no text, no watermark, no logo, no border, no collage, no CGI, no illustration.","text, watermark, logo, caption, signature, border, frame, collage, multiple panels, cartoon, illustration, CGI, 3d render, low-poly, painting, anime, surreal, deformed, duplicate objects, extra limbs, blurry, out of focus, noise, oversaturated, posterized, artifacts, jpeg artifacts"
578,airplane,biplane,taking off,a parking lot,slightly off-center framing,foggy morning,clean,a high-quality image,"a high-quality image of a biplane airplane taking off in a parking lot, slightly off-center framing, foggy morning. single main subject, photorealistic color photo, natural colors, realistic texture, sharp focus on subject, no people, no text, no watermark, no logo, no border, no collage, no CGI, no illustration.","text, watermark, logo, caption, signature, border, frame, collage, multiple panels, cartoon, illustration, CGI, 3d render, low-poly, painting, anime, surreal, deformed, duplicate objects, extra limbs, blurry, out of focus, noise, oversaturated, posterized, artifacts, jpeg artifacts"
591,airplane,glider,flying,a city park,high angle,indoor soft window light,clean,a photorealistic color photo,"a photorealistic color photo of a glider airplane flying in a city park, high angle, indoor soft window light. single main subject, photorealistic color photo, natural colors, realistic texture, sharp focus on subject, no people, no text, no watermark, no logo, no border, no collage, no CGI, no illustration.","text, watermark, logo, caption, signature, border, frame, collage, multiple panels, cartoon, illustration, CGI, 3d render, low-poly, painting, anime, surreal, deformed, duplicate objects, extra limbs, blurry, out of focus, noise, oversaturated, posterized, artifacts, jpeg artifacts"
958,airplane,seaplane,taxiing,an industrial yard,high angle,overcast daylight,hard,a detailed photograph,"a detailed photograph of a seaplane airplane taxiing in an industrial yard, high angle, overcast daylight. partially occluded by a foreground object. single main subject, photorealistic color photo, natural colors, realistic texture, sharp focus on subject, no people, no text, no watermark, no logo, no border, no collage, no CGI, no illustration.","text, watermark, logo, caption, signature, border, frame, collage, multiple panels, cartoon, illustration, CGI, 3d render, low-poly, painting, anime, surreal, deformed, duplicate objects, extra limbs, blurry, out of focus, noise, oversaturated, posterized, artifacts, jpeg artifacts"
910,airplane,seaplane,parked,a backyard,wide shot,nighttime under streetlights,hard,a finely detailed photo,"a finely detailed photo of a seaplane airplane parked in a backyard, wide shot, nighttime under streetlights. cropped slightly. single main subject, photorealistic color photo, natural colors, realistic texture, sharp focus on subject, no people, no text, no watermark, no logo, no border, no collage, no CGI, no illustration.","text, watermark, logo, caption, signature, border, frame, collage, multiple panels, cartoon, illustration, CGI, 3d render, low-poly, painting, anime, surreal, deformed, duplicate objects, extra limbs, blurry, out of focus, noise, oversaturated, posterized, artifacts, jpeg artifacts"
114,airplane,cargo plane,flying,a suburban neighborhood,front view,foggy morning,clean,a detailed photograph,"a detailed photograph of a cargo plane airplane flying in a suburban neighborhood, front view, foggy morning. single main subject, photorealistic color photo, natural colors, realistic texture, sharp focus on subject, no people, no text, no watermark, no logo, no border, no collage, no CGI, no illustration.","text, watermark, logo, caption, signature, border, frame, collage, multiple panels, cartoon, illustration, CGI, 3d render, low-poly, painting, anime, surreal, deformed, duplicate objects, extra limbs, blurry, out of focus, noise, oversaturated, posterized, artifacts, jpeg artifacts"
270,airplane,cargo plane,taking off,a gravel lot,side profile,rainy with wet reflections,clean,a photorealistic color photo,"a photorealistic color photo of a cargo plane airplane taking off in a gravel lot, side profile, rainy with wet reflections. single main subject, photorealistic color photo, natural colors, realistic texture, sharp focus on subject, no people, no text, no watermark, no logo, no border, no collage, no CGI, no illustration.","text, watermark, logo, caption, signature, border, frame, collage, multiple panels, cartoon, illustration, CGI, 3d render, low-poly, painting, anime, surreal, deformed, duplicate objects, extra limbs, blurry, out of focus, noise, oversaturated, posterized, artifacts, jpeg artifacts"
20,airplane,seaplane,parked,a sandy beach,front view,foggy morning,clean,a professional photo,"a professional photo of a seaplane airplane parked in a sandy beach, front view, foggy morning. single main subject, photorealistic color photo, natural colors, realistic texture, sharp focus on subject, no people, no text, no watermark, no logo, no border, no collage, no CGI, no illustration.","text, watermark, logo, caption, signature, border, frame, collage, multiple panels, cartoon, illustration, CGI, 3d render, low-poly, painting, anime, surreal, deformed, duplicate objects, extra limbs, blurry, out of focus, noise, oversaturated, posterized, artifacts, jpeg artifacts"
150,airplane,biplane,taxiing,an industrial yard,wide shot,foggy morning,clean,a professional photo,"a professional photo of a biplane airplane taxiing in an industrial yard, wide shot, foggy morning. single main subject, photorealistic color photo, natural colors, realistic texture, sharp focus on subject, no people, no text, no watermark, no logo, no border, no collage, no CGI, no illustration.","text, watermark, logo, caption, signature, border, frame, collage, multiple panels, cartoon, illustration, CGI, 3d render, low-poly, painting, anime, surreal, deformed, duplicate objects, extra limbs, blurry, out of focus, noise, oversaturated, posterized, artifacts, jpeg artifacts"
649,airplane,cargo plane,taxiing,a gravel lot,side profile,foggy morning,clean,a professional photo,"a professional photo of a cargo plane airplane taxiing in a gravel lot, side profile, foggy morning. single main subject, photorealistic color photo, natural colors, realistic texture, sharp focus on subject, no people, no text, no watermark, no logo, no border, no collage, no CGI, no illustration.","text, watermark, logo, caption, signature, border, frame, collage, multiple panels, cartoon, illustration, CGI, 3d render, low-poly, painting, anime, surreal, deformed, duplicate objects, extra limbs, blurry, out of focus, noise, oversaturated, posterized, artifacts, jpeg artifacts"
737,airplane,passenger jet,flying,a countryside road,front view,backlit rim light,clean,a photorealistic color photo,"a photorealistic color photo of a passenger jet airplane flying in a countryside road, front view, backlit rim light. single main subject, photorealistic color photo, natural colors, realistic texture, sharp focus on subject, no people, no text, no watermark, no logo, no border, no collage, no CGI, no illustration.","text, watermark, logo, caption, signature, border, frame, collage, multiple panels, cartoon, illustration, CGI, 3d render, low-poly, painting, anime, surreal, deformed, duplicate objects, extra limbs, blurry, out of focus, noise, oversaturated, posterized, artifacts, jpeg artifacts"
842,airplane,biplane,taking off,a sandy beach,distant subject in the background,sunny afternoon,hard,a photorealistic color photo,"a photorealistic color photo of a biplane airplane taking off in a sandy beach, distant subject in the background, sunny afternoon. busy background but still one main subject. single main subject, photorealistic color photo, natural colors, realistic texture, sharp focus on subject, no people, no text, no watermark, no logo, no border, no collage, no CGI, no illustration.","text, watermark, logo, caption, signature, border, frame, collage, multiple panels, cartoon, illustration, CGI, 3d render, low-poly, painting, anime, surreal, deformed, duplicate objects, extra limbs, blurry, out of focus, noise, oversaturated, posterized, artifacts, jpeg artifacts"
734,airplane,biplane,taxiing,a quiet residential street,low angle,golden hour,clean,a professional photo,"a professional photo of a biplane airplane taxiing in a quiet residential street, low angle, golden hour. single main subject, photorealistic color photo, natural colors, realistic texture, sharp focus on subject, no people, no text, no watermark, no logo, no border, no collage, no CGI, no illustration.","text, watermark, logo, caption, signature, border, frame, collage, multiple panels, cartoon, illustration, CGI, 3d render, low-poly, painting, anime, surreal, deformed, duplicate objects, extra limbs, blurry, out of focus, noise, oversaturated, posterized, artifacts, jpeg artifacts"
944,airplane,small prop airplane,taking off,a parking lot,cropped at the edge of the frame,nighttime under streetlights,hard,a high-quality image,"a high-quality image of a small prop airplane taking off in a parking lot, cropped at the edge of the frame, nighttime under streetlights. cropped slightly. single main subject, photorealistic color photo, natural colors, realistic texture, sharp focus on subject, no people, no text, no watermark, no logo, no border, no collage, no CGI, no illustration.","text, watermark, logo, caption, signature, border, frame, collage, multiple panels, cartoon, illustration, CGI, 3d render, low-poly, painting, anime, surreal, deformed, duplicate objects, extra limbs, blurry, out of focus, noise, oversaturated, posterized, artifacts, jpeg artifacts"
69,airplane,cargo plane,taxiing,a forest clearing,wide shot,golden hour,clean,a detailed photograph,"a detailed photograph of a cargo plane airplane taxiing in a forest clearing, wide shot, golden hour. single main subject, photorealistic color photo, natural colors, realistic texture, sharp focus on subject, no people, no text, no watermark, no logo, no border, no collage, no CGI, no illustration.","text, watermark, logo, caption, signature, border, frame, collage, multiple panels, cartoon, illustration, CGI, 3d render, low-poly, painting, anime, surreal, deformed, duplicate objects, extra limbs, blurry, out of focus, noise, oversaturated, posterized, artifacts, jpeg artifacts"
52,airplane,biplane,taking off,a city park,side profile,foggy morning,clean,a photorealistic color photo,"a photorealistic color photo of a biplane airplane taking off in a city park, side profile, foggy morning. single main subject, photorealistic color photo, natural colors, realistic texture, sharp focus on subject, no people, no text, no watermark, no logo, no border, no collage, no CGI, no illustration.","text, watermark, logo, caption, signature, border, frame, collage, multiple panels, cartoon, illustration, CGI, 3d render, low-poly, painting, anime, surreal, deformed, duplicate objects, extra limbs, blurry, out of focus, noise, oversaturated, posterized, artifacts, jpeg artifacts"
224,airplane,glider,flying,a city park,side profile,rainy with wet reflections,clean,a professional photo,"a professional photo of a glider airplane flying in a city park, side profile, rainy with wet reflections. single main subject, photorealistic color photo, natural colors, realistic texture, sharp focus on subject, no people, no text, no watermark, no logo, no border, no collage, no CGI, no illustration.","text, watermark, logo, caption, signature, border, frame, collage, multiple panels, cartoon, illustration, CGI, 3d render, low-poly, painting, anime, surreal, deformed, duplicate objects, extra limbs, blurry, out of focus, noise, oversaturated, posterized, artifacts, jpeg artifacts"
503,airplane,passenger jet,parked,an urban street,3/4 view,rainy with wet reflections,clean,a finely detailed photo,"a finely detailed photo of a passenger jet airplane parked in an urban street, 3/4 view, rainy with wet reflections. single main subject, photorealistic color photo, natural colors, realistic texture, sharp focus on subject, no people, no text, no watermark, no logo, no border, no collage, no CGI, no illustration.","text, watermark, logo, caption, signature, border, frame, collage, multiple panels, cartoon, illustration, CGI, 3d render, low-poly, painting, anime, surreal, deformed, duplicate objects, extra limbs, blurry, out of focus, noise, oversaturated, posterized, artifacts, jpeg artifacts"
781,airplane,glider,flying,a backyard,wide shot,rainy with wet reflections,clean,a high-quality image,"a high-quality image of a glider airplane flying in a backyard, wide shot, rainy with wet reflections. single main subject, photorealistic color photo, natural colors, realistic texture, sharp focus on subject, no people, no text, no watermark, no logo, no border, no collage, no CGI, no illustration.","text, watermark, logo, caption, signature, border, frame, collage, multiple panels, cartoon, illustration, CGI, 3d render, low-poly, painting, anime, surreal, deformed, duplicate objects, extra limbs, blurry, out of focus, noise, oversaturated, posterized, artifacts, jpeg artifacts"
736,airplane,biplane,parked,a wet roadway after rain,close-up,nighttime under streetlights,clean,a finely detailed photo,"a finely detailed photo of a biplane airplane parked in a wet roadway after rain, close-up, nighttime under streetlights. single main subject, photorealistic color photo, natural colors, realistic texture, sharp focus on subject, no people, no text, no watermark, no logo, no border, no collage, no CGI, no illustration.","text, watermark, logo, caption, signature, border, frame, collage, multiple panels, cartoon, illustration, CGI, 3d render, low-poly, painting, anime, surreal, deformed, duplicate objects, extra limbs, blurry, out of focus, noise, oversaturated, posterized, artifacts, jpeg artifacts"
158,airplane,seaplane,taking off,a grassy field,wide shot,golden hour,clean,a finely detailed photo,"a finely detailed photo of a seaplane airplane taking off in a grassy field, wide shot, golden hour. single main subject, photorealistic color photo, natural colors, realistic texture, sharp focus on subject, no people, no text, no watermark, no logo, no border, no collage, no CGI, no illustration.","text, watermark, logo, caption, signature, border, frame, collage, multiple panels, cartoon, illustration, CGI, 3d render, low-poly, painting, anime, surreal, deformed, duplicate objects, extra limbs, blurry, out of focus, noise, oversaturated, posterized, artifacts, jpeg artifacts"
930,airplane,cargo plane,flying,a parking lot,cropped at the edge of the frame,nighttime under streetlights,hard,a professional photo,"a professional photo of a cargo plane airplane flying in a parking lot, cropped at the edge of the frame, nighttime under streetlights. cropped slightly. single main subject, photorealistic color photo, natural colors, realistic texture, sharp focus on subject, no people, no text, no watermark, no logo, no border, no collage, no CGI, no illustration.","text, watermark, logo, caption, signature, border, frame, collage, multiple panels, cartoon, illustration, CGI, 3d render, low-poly, painting, anime, surreal, deformed, duplicate objects, extra limbs, blurry, out of focus, noise, oversaturated, posterized, artifacts, jpeg artifacts"
162,airplane,glider,flying,a city park,3/4 view,golden hour,clean,a photorealistic color photo,"a photorealistic color photo of a glider airplane flying in a city park, 3/4 view, golden hour. single main subject, photorealistic color photo, natural colors, realistic texture, sharp focus on subject, no people, no text, no watermark, no logo, no border, no collage, no CGI, no illustration.","text, watermark, logo, caption, signature, border, frame, collage, multiple panels, cartoon, illustration, CGI, 3d render, low-poly, painting, anime, surreal, deformed, duplicate objects, extra limbs, blurry, out of focus, noise, oversaturated, posterized, artifacts, jpeg artifacts"
372,airplane,small prop airplane,flying,a lakeside shore,3/4 view,backlit rim light,clean,a finely detailed photo,"a finely detailed photo of a small prop airplane flying in a lakeside shore, 3/4 view, backlit rim light. single main subject, photorealistic color photo, natural colors, realistic texture, sharp focus on subject, no people, no text, no watermark, no logo, no border, no collage, no CGI, no illustration.","text, watermark, logo, caption, signature, border, frame, collage, multiple panels, cartoon, illustration, CGI, 3d render, low-poly, painting, anime, surreal, deformed, duplicate objects, extra limbs, blurry, out of focus, noise, oversaturated, posterized, artifacts, jpeg artifacts"
443,airplane,biplane,taking off,a countryside road,close-up,overcast daylight,clean,a finely detailed photo,"a finely detailed photo of a biplane airplane taking off in a countryside road, close-up, overcast daylight. single main subject, photorealistic color photo, natural colors, realistic texture, sharp focus on subject, no people, no text, no watermark, no logo, no border, no collage, no CGI, no illustration.","text, watermark, logo, caption, signature, border, frame, collage, multiple panels, cartoon, illustration, CGI, 3d render, low-poly, painting, anime, surreal, deformed, duplicate objects, extra limbs, blurry, out of focus, noise, oversaturated, posterized, artifacts, jpeg artifacts"
109,airplane,biplane,taxiing,an urban street,front view,overcast daylight,clean,an ultra-realistic rendering,"an ultra-realistic rendering of a biplane airplane taxiing in an urban street, front view, overcast daylight. single main subject, photorealistic color photo, natural colors, realistic texture, sharp focus on subject, no people, no text, no watermark, no logo, no border, no collage, no CGI, no illustration.","text, watermark, logo, caption, signature, border, frame, collage, multiple panels, cartoon, illustration, CGI, 3d render, low-poly, painting, anime, surreal, deformed, duplicate objects, extra limbs, blurry, out of focus, noise, oversaturated, posterized, artifacts, jpeg artifacts"
940,airplane,seaplane,parked,a suburban neighborhood,wide shot,backlit rim light,hard,a detailed photograph,"a detailed photograph of a seaplane airplane parked in a suburban neighborhood, wide shot, backlit rim light. in the distance. single main subject, photorealistic color photo, natural colors, realistic texture, sharp focus on subject, no people, no text, no watermark, no logo, no border, no collage, no CGI, no illustration.","text, watermark, logo, caption, signature, border, frame, collage, multiple panels, cartoon, illustration, CGI, 3d render, low-poly, painting, anime, surreal, deformed, duplicate objects, extra limbs, blurry, out of focus, noise, oversaturated, posterized, artifacts, jpeg artifacts"
981,airplane,passenger jet,parked,a parking lot,wide shot,foggy morning,hard,a professional photo,"a professional photo of a passenger jet airplane parked in a parking lot, wide shot, foggy morning. busy background but still one main subject. single main subject, photorealistic color photo, natural colors, realistic texture, sharp focus on subject, no people, no text, no watermark, no logo, no border, no collage, no CGI, no illustration.","text, watermark, logo, caption, signature, border, frame, collage, multiple panels, cartoon, illustration, CGI, 3d render, low-poly, painting, anime, surreal, deformed, duplicate objects, extra limbs, blurry, out of focus, noise, oversaturated, posterized, artifacts, jpeg artifacts"
157,airplane,seaplane,flying,a backyard,3/4 view,overcast daylight,clean,a photorealistic color photo,"a photorealistic color photo of a seaplane airplane flying in a backyard, 3/4 view, overcast daylight. single main subject, photorealistic color photo, natural colors, realistic texture, sharp focus on subject, no people, no text, no watermark, no logo, no border, no collage, no CGI, no illustration.","text, watermark, logo, caption, signature, border, frame, collage, multiple panels, cartoon, illustration, CGI, 3d render, low-poly, painting, anime, surreal, deformed, duplicate objects, extra limbs, blurry, out of focus, noise, oversaturated, posterized, artifacts, jpeg artifacts"
573,airplane,glider,taxiing,a backyard,side profile,golden hour,clean,a professional photo,"a professional photo of a glider airplane taxiing in a backyard, side profile, golden hour. single main subject, photorealistic color photo, natural colors, realistic texture, sharp focus on subject, no people, no text, no watermark, no logo, no border, no collage, no CGI, no illustration.","text, watermark, logo, caption, signature, border, frame, collage, multiple panels, cartoon, illustration, CGI, 3d render, low-poly, painting, anime, surreal, deformed, duplicate objects, extra limbs, blurry, out of focus, noise, oversaturated, posterized, artifacts, jpeg artifacts"
433,airplane,small prop airplane,flying,a forest clearing,3/4 view,indoor soft window light,clean,a high-quality image,"a high-quality image of a small prop airplane flying in a forest clearing, 3/4 view, indoor soft window light. single main subject, photorealistic color photo, natural colors, realistic texture, sharp focus on subject, no people, no text, no watermark, no logo, no border, no collage, no CGI, no illustration.","text, watermark, logo, caption, signature, border, frame, collage, multiple panels, cartoon, illustration, CGI, 3d render, low-poly, painting, anime, surreal, deformed, duplicate objects, extra limbs, blurry, out of focus, noise, oversaturated, posterized, artifacts, jpeg artifacts"
181,airplane,small prop airplane,parked,an industrial yard,low angle,sunny afternoon,clean,a photorealistic color photo,"a photorealistic color photo of a small prop airplane parked in an industrial yard, low angle, sunny afternoon. single main subject, photorealistic color photo, natural colors, realistic texture, sharp focus on subject, no people, no text, no watermark, no logo, no border, no collage, no CGI, no illustration.","text, watermark, logo, caption, signature, border, frame, collage, multiple panels, cartoon, illustration, CGI, 3d render, low-poly, painting, anime, surreal, deformed, duplicate objects, extra limbs, blurry, out of focus, noise, oversaturated, posterized, artifacts, jpeg artifacts"
357,airplane,glider,flying,a forest clearing,wide shot,nighttime under streetlights,clean,a photorealistic color photo,"a photorealistic color photo of a glider airplane flying in a forest clearing, wide shot, nighttime under streetlights. single main subject, photorealistic color photo, natural colors, realistic texture, sharp focus on subject, no people, no text, no watermark, no logo, no border, no collage, no CGI, no illustration.","text, watermark, logo, caption, signature, border, frame, collage, multiple panels, cartoon, illustration, CGI, 3d render, low-poly, painting, anime, surreal, deformed, duplicate objects, extra limbs, blurry, out of focus, noise, oversaturated, posterized, artifacts, jpeg artifacts"
39,airplane,cargo plane,taxiing,a gravel lot,high angle,overcast daylight,clean,a professional photo,"a professional photo of a cargo plane airplane taxiing in a gravel lot, high angle, overcast daylight. single main subject, photorealistic color photo, natural colors, realistic texture, sharp focus on subject, no people, no text, no watermark, no logo, no border, no collage, no CGI, no illustration.","text, watermark, logo, caption, signature, border, frame, collage, multiple panels, cartoon, illustration, CGI, 3d render, low-poly, painting, anime, surreal, deformed, duplicate objects, extra limbs, blurry, out of focus, noise, oversaturated, posterized, artifacts, jpeg artifacts"
913,airplane,seaplane,taking off,an urban street,side profile,golden hour,hard,a detailed photograph,"a detailed photograph of a seaplane airplane taking off in an urban street, side profile, golden hour. partially occluded by a foreground object. single main subject, photorealistic color photo, natural colors, realistic texture, sharp focus on subject, no people, no text, no watermark, no logo, no border, no collage, no CGI, no illustration.","text, watermark, logo, caption, signature, border, frame, collage, multiple panels, cartoon, illustration, CGI, 3d render, low-poly, painting, anime, surreal, deformed, duplicate objects, extra limbs, blurry, out of focus, noise, oversaturated, posterized, artifacts, jpeg artifacts"
21,airplane,small prop airplane,flying,a grassy field,wide shot,indoor soft window light,clean,a high-quality image,"a high-quality image of a small prop airplane flying in a grassy field, wide shot, indoor soft window light. single main subject, photorealistic color photo, natural colors, realistic texture, sharp focus on subject, no people, no text, no watermark, no logo, no border, no collage, no CGI, no illustration.","text, watermark, logo, caption, signature, border, frame, collage, multiple panels, cartoon, illustration, CGI, 3d render, low-poly, painting, anime, surreal, deformed, duplicate objects, extra limbs, blurry, out of focus, noise, oversaturated, posterized, artifacts, jpeg artifacts"
939,airplane,seaplane,flying,a forest clearing,wide shot,backlit rim light,hard,a professional photo,"a professional photo of a seaplane airplane flying in a forest clearing, wide shot, backlit rim light. slight motion blur. single main subject, photorealistic color photo, natural colors, realistic texture, sharp focus on subject, no people, no text, no watermark, no logo, no border, no collage, no CGI, no illustration.","text, watermark, logo, caption, signature, border, frame, collage, multiple panels, cartoon, illustration, CGI, 3d render, low-poly, painting, anime, surreal, deformed, duplicate objects, extra limbs, blurry, out of focus, noise, oversaturated, posterized, artifacts, jpeg artifacts"
124,airplane,small prop airplane,parked,an urban street,3/4 view,sunny afternoon,clean,a photorealistic color photo,"a photorealistic color photo of a small prop airplane parked in an urban street, 3/4 view, sunny afternoon. single main subject, photorealistic color photo, natural colors, realistic texture, sharp focus on subject, no people, no text, no watermark, no logo, no border, no collage, no CGI, no illustration.","text, watermark, logo, caption, signature, border, frame, collage, multiple panels, cartoon, illustration, CGI, 3d render, low-poly, painting, anime, surreal, deformed, duplicate objects, extra limbs, blurry, out of focus, noise, oversaturated, posterized, artifacts, jpeg artifacts"
686,airplane,seaplane,taking off,a countryside road,slightly off-center framing,golden hour,clean,a high-quality image,"a high-quality image of a seaplane airplane taking off in a countryside road, slightly off-center framing, golden hour. single main subject, photorealistic color photo, natural colors, realistic texture, sharp focus on subject, no people, no text, no watermark, no logo, no border, no collage, no CGI, no illustration.","text, watermark, logo, caption, signature, border, frame, collage, multiple panels, cartoon, illustration, CGI, 3d render, low-poly, painting, anime, surreal, deformed, duplicate objects, extra limbs, blurry, out of focus, noise, oversaturated, posterized, artifacts, jpeg artifacts"
500,airplane,biplane,flying,an urban street,side profile,rainy with wet reflections,clean,a professional photo,"a professional photo of a biplane airplane flying in an urban street, side profile, rainy with wet reflections. single main subject, photorealistic color photo, natural colors, realistic texture, sharp focus on subject, no people, no text, no watermark, no logo, no border, no collage, no CGI, no illustration.","text, watermark, logo, caption, signature, border, frame, collage, multiple panels, cartoon, illustration, CGI, 3d render, low-poly, painting, anime, surreal, deformed, duplicate objects, extra limbs, blurry, out of focus, noise, oversaturated, posterized, artifacts, jpeg artifacts"
995,airplane,glider,taxiing,a gravel lot,distant subject in the background,foggy morning,hard,an ultra-realistic rendering,"an ultra-realistic rendering of a glider airplane taxiing in a gravel lot, distant subject in the background, foggy morning. in the distance. single main subject, photorealistic color photo, natural colors, realistic texture, sharp focus on subject, no people, no text, no watermark, no logo, no border, no collage, no CGI, no illustration.","text, watermark, logo, caption, signature, border, frame, collage, multiple panels, cartoon, illustration, CGI, 3d render, low-poly, painting, anime, surreal, deformed, duplicate objects, extra limbs, blurry, out of focus, noise, oversaturated, posterized, artifacts, jpeg artifacts"
364,airplane,small prop airplane,parked,a grassy field,side profile,foggy morning,clean,a professional photo,"a professional photo of a small prop airplane parked in a grassy field, side profile, foggy morning. single main subject, photorealistic color photo, natural colors, realistic texture, sharp focus on subject, no people, no text, no watermark, no logo, no border, no collage, no CGI, no illustration.","text, watermark, logo, caption, signature, border, frame, collage, multiple panels, cartoon, illustration, CGI, 3d render, low-poly, painting, anime, surreal, deformed, duplicate objects, extra limbs, blurry, out of focus, noise, oversaturated, posterized, artifacts, jpeg artifacts"
497,airplane,small prop airplane,taking off,a backyard,side profile,foggy morning,clean,a photorealistic color photo,"a photorealistic color photo of a small prop airplane taking off in a backyard, side profile, foggy morning. single main subject, photorealistic color photo, natural colors, realistic texture, sharp focus on subject, no people, no text, no watermark, no logo, no border, no collage, no CGI, no illustration.","text, watermark, logo, caption, signature, border, frame, collage, multiple panels, cartoon, illustration, CGI, 3d render, low-poly, painting, anime, surreal, deformed, duplicate objects, extra limbs, blurry, out of focus, noise, oversaturated, posterized, artifacts, jpeg artifacts"
988,airplane,glider,parked,a countryside road,3/4 view,foggy morning,hard,a detailed photograph,"a detailed photograph of a glider airplane parked in a countryside road, 3/4 view, foggy morning. busy background but still one main subject. single main subject, photorealistic color photo, natural colors, realistic texture, sharp focus on subject, no people, no text, no watermark, no logo, no border, no collage, no CGI, no illustration.","text, watermark, logo, caption, signature, border, frame, collage, multiple panels, cartoon, illustration, CGI, 3d render, low-poly, painting, anime, surreal, deformed, duplicate objects, extra limbs, blurry, out of focus, noise, oversaturated, posterized, artifacts, jpeg artifacts"
439,airplane,passenger jet,parked,a gravel lot,side profile,backlit rim light,clean,a finely detailed photo,"a finely detailed photo of a passenger jet airplane parked in a gravel lot, side profile, backlit rim light. single main subject, photorealistic color photo, natural colors, realistic texture, sharp focus on subject, no people, no text, no watermark, no logo, no border, no collage, no CGI, no illustration.","text, watermark, logo, caption, signature, border, frame, collage, multiple panels, cartoon, illustration, CGI, 3d render, low-poly, painting, anime, surreal, deformed, duplicate objects, extra limbs, blurry, out of focus, noise, oversaturated, posterized, artifacts, jpeg artifacts"
258,airplane,biplane,taxiing,a parking lot,slightly off-center framing,overcast daylight,clean,an ultra-realistic rendering,"an ultra-realistic rendering of a biplane airplane taxiing in a parking lot, slightly off-center framing, overcast daylight. single main subject, photorealistic color photo, natural colors, realistic texture, sharp focus on subject, no people, no text, no watermark, no logo, no border, no collage, no CGI, no illustration.","text, watermark, logo, caption, signature, border, frame, collage, multiple panels, cartoon, illustration, CGI, 3d render, low-poly, painting, anime, surreal, deformed, duplicate objects, extra limbs, blurry, out of focus, noise, oversaturated, posterized, artifacts, jpeg artifacts"
380,airplane,seaplane,flying,a countryside road,wide shot,sunny afternoon,clean,a professional photo,"a professional photo of a seaplane airplane flying in a countryside road, wide shot, sunny afternoon. single main subject, photorealistic color photo, natural colors, realistic texture, sharp focus on subject, no people, no text, no watermark, no logo, no border, no collage, no CGI, no illustration.","text, watermark, logo, caption, signature, border, frame, collage, multiple panels, cartoon, illustration, CGI, 3d render, low-poly, painting, anime, surreal, deformed, duplicate objects, extra limbs, blurry, out of focus, noise, oversaturated, posterized, artifacts, jpeg artifacts"
920,airplane,cargo plane,flying,a lakeside shore,3/4 view,indoor soft window light,hard,a photorealistic color photo,"a photorealistic color photo of a cargo plane airplane flying in a lakeside shore, 3/4 view, indoor soft window light. slight motion blur. single main subject, photorealistic color photo, natural colors, realistic texture, sharp focus on subject, no people, no text, no watermark, no logo, no border, no collage, no CGI, no illustration.","text, watermark, logo, caption, signature, border, frame, collage, multiple panels, cartoon, illustration, CGI, 3d render, low-poly, painting, anime, surreal, deformed, duplicate objects, extra limbs, blurry, out of focus, noise, oversaturated, posterized, artifacts, jpeg artifacts"
641,airplane,passenger jet,flying,an urban street,slightly off-center framing,foggy morning,clean,an ultra-realistic rendering,"an ultra-realistic rendering of a passenger jet airplane flying in an urban street, slightly off-center framing, foggy morning. single main subject, photorealistic color photo, natural colors, realistic texture, sharp focus on subject, no people, no text, no watermark, no logo, no border, no collage, no CGI, no illustration.","text, watermark, logo, caption, signature, border, frame, collage, multiple panels, cartoon, illustration, CGI, 3d render, low-poly, painting, anime, surreal, deformed, duplicate objects, extra limbs, blurry, out of focus, noise, oversaturated, posterized, artifacts, jpeg artifacts"
400,airplane,seaplane,parked,a countryside road,slightly off-center framing,overcast daylight,clean,a detailed photograph,"a detailed photograph of a seaplane airplane parked in a countryside road, slightly off-center framing, overcast daylight. single main subject, photorealistic color photo, natural colors, realistic texture, sharp focus on subject, no people, no text, no watermark, no logo, no border, no collage, no CGI, no illustration.","text, watermark, logo, caption, signature, border, frame, collage, multiple panels, cartoon, illustration, CGI, 3d render, low-poly, painting, anime, surreal, deformed, duplicate objects, extra limbs, blurry, out of focus, noise, oversaturated, posterized, artifacts, jpeg artifacts"
464,airplane,cargo plane,flying,a wet roadway after rain,low angle,indoor soft window light,clean,a photorealistic color photo,"a photorealistic color photo of a cargo plane airplane flying in a wet roadway after rain, low angle, indoor soft window light. single main subject, photorealistic color photo, natural colors, realistic texture, sharp focus on subject, no people, no text, no watermark, no logo, no border, no collage, no CGI, no illustration.","text, watermark, logo, caption, signature, border, frame, collage, multiple panels, cartoon, illustration, CGI, 3d render, low-poly, painting, anime, surreal, deformed, duplicate objects, extra limbs, blurry, out of focus, noise, oversaturated, posterized, artifacts, jpeg artifacts"
938,airplane,glider,parked,a wet roadway after rain,side profile,backlit rim light,hard,a high-quality image,"a high-quality image of a glider airplane parked in a wet roadway after rain, side profile, backlit rim light. in the distance. single main subject, photorealistic color photo, natural colors, realistic texture, sharp focus on subject, no people, no text, no watermark, no logo, no border, no collage, no CGI, no illustration.","text, watermark, logo, caption, signature, border, frame, collage, multiple panels, cartoon, illustration, CGI, 3d render, low-poly, painting, anime, surreal, deformed, duplicate objects, extra limbs, blurry, out of focus, noise, oversaturated, posterized, artifacts, jpeg artifacts"
81,airplane,biplane,parked,a wet roadway after rain,front view,rainy with wet reflections,clean,a detailed photograph,"a detailed photograph of a biplane airplane parked in a wet roadway after rain, front view, rainy with wet reflections. single main subject, photorealistic color photo, natural colors, realistic texture, sharp focus on subject, no people, no text, no watermark, no logo, no border, no collage, no CGI, no illustration.","text, watermark, logo, caption, signature, border, frame, collage, multiple panels, cartoon, illustration, CGI, 3d render, low-poly, painting, anime, surreal, deformed, duplicate objects, extra limbs, blurry, out of focus, noise, oversaturated, posterized, artifacts, jpeg artifacts"
183,airplane,glider,taxiing,a backyard,front view,foggy morning,clean,a photorealistic color photo,"a photorealistic color photo of a glider airplane taxiing in a backyard, front view, foggy morning. single main subject, photorealistic color photo, natural colors, realistic texture, sharp focus on subject, no people, no text, no watermark, no logo, no border, no collage, no CGI, no illustration.","text, watermark, logo, caption, signature, border, frame, collage, multiple panels, cartoon, illustration, CGI, 3d render, low-poly, painting, anime, surreal, deformed, duplicate objects, extra limbs, blurry, out of focus, noise, oversaturated, posterized, artifacts, jpeg artifacts"
