id,class_label,instance,action,scene,view,lighting,tier,prompt_opener,prompt,negative_prompt
1562,automobile,compact car,stopped at a curb,an industrial yard,wide shot,rainy with wet reflections,clean,a professional photo,"a professional photo of a compact car automobile stopped at a curb in an industrial yard, wide shot, rainy with wet reflections. single main subject, photorealistic color photo, natural colors, realistic texture, sharp focus on subject, no people, no text, no watermark, no logo, no border, no collage, no CGI, no illustration.","text, watermark, logo, caption, signature, border, frame, collage, multiple panels, cartoon, illustration, CGI, 3d render, low-poly, painting, anime, surreal, deformed, duplicate objects, extra limbs, blurry, out of focus, noise, oversaturated, posterized, artifacts, jpeg artifacts"
1566,automobile,taxi,turning at an intersection,a parking lot,high angle,nighttime under streetlights,clean,a professional photo,"a professional photo of a taxi automobile turning at an intersection in a parking lot, high angle, nighttime under streetlights. single main subject, photorealistic color photo, natural colors, realistic texture, sharp focus on subject, no people, no text, no watermark, no logo, no border, no collage, no CGI, no illustration.","text, watermark, logo, caption, signature, border, frame, collage, multiple panels, cartoon, illustration, CGI, 3d render, low-poly, painting, anime, surreal, deformed, duplicate objects, extra limbs, blurry, out of focus, noise, oversaturated, posterized, artifacts, jpeg artifacts"
1563,automobile,sedan,driving,a wet roadway after rain,slightly off-center framing,nighttime under streetlights,clean,a photorealistic color photo,"a photorealistic color photo of a sedan automobile driving in a wet roadway after rain, slightly off-center framing, nighttime under streetlights. single main subject, photorealistic color photo, natural colors, realistic texture, sharp focus on subject, no people, no text, no watermark, no logo, no border, no collage, no CGI, no illustration.","text, watermark, logo, caption, signature, border, frame, collage, multiple panels, cartoon, illustration, CGI, 3d render, low-poly, painting, anime, surreal, deformed, duplicate objects, extra limbs, blurry, out of focus, noise, oversaturated, posterized, artifacts, jpeg artifacts"
1129,automobile,coupe,stopped at a curb,a gravel lot,wide shot,foggy morning,clean,a high-quality image,"a high-quality image of a coupe automobile stopped at a curb in a gravel lot, wide shot, foggy morning. single main subject, photorealistic color photo, natural colors, realistic texture, sharp focus on subject, no people, no text, no watermark, no logo, no border, no collage, no CGI, no illustration.","text, watermark, logo, caption, signature, border, frame, collage, multiple panels, cartoon, illustration, CGI, 3d render, low-poly, painting, anime, surreal, deformed, duplicate objects, extra limbs, blurry, out of focus, noise, oversaturated, posterized, artifacts, jpeg artifacts"
1641,automobile,taxi,parked,a suburban neighborhood,high angle,sunny afternoon,clean,a professional photo,"a professional photo of a taxi automobile parked in a suburban neighborhood, high angle, sunny afternoon. single main subject, photorealistic color photo, natural colors, realistic texture, sharp focus on subject, no people, no text, no watermark, no logo, no border, no collage, no CGI, no illustration.","text, watermark, logo, caption, signature, border, frame, collage, multiple panels, cartoon, illustration, CGI, 3d render, low-poly, painting, anime, surreal, deformed, duplicate objects, extra limbs, blurry, out of focus, noise, oversaturated, posterized, artifacts, jpeg artifacts"
1235,automobile,compact car,parked,a countryside road,high angle,nighttime under streetlights,clean,a photorealistic color photo,"a photorealistic color photo of a compact car automobile parked in a countryside road, high angle, nighttime under streetlights. single main subject, photorealistic color photo, natural colors, realistic texture, sharp focus on subject, no people, no text, no watermark, no logo, no border, no collage, no CGI, no illustration.","text, watermark, logo, caption, signature, border, frame, collage, multiple panels, cartoon, illustration, CGI, 3d render, low-poly, painting, anime, surreal, deformed, duplicate objects, extra limbs, blurry, out of focus, noise, oversaturated, posterized, artifacts, jpeg artifacts"
1035,automobile,taxi,turning at an intersection,a grassy field,low angle,backlit rim light,clean,an ultra-realistic rendering,"an ultra-realistic rendering of a taxi automobile turning at an intersection in a grassy field, low angle, backlit rim light. single main subject, photorealistic color photo, natural colors, realistic texture, sharp focus on subject, no people, no text, no watermark, no logo, no border, no collage, no CGI, no illustration.","text, watermark, logo, caption, signature, border, frame, collage, multiple panels, cartoon, illustration, CGI, 3d render, low-poly, painting, anime, surreal, deformed, duplicate objects, extra limbs, blurry, out of focus, noise, oversaturated, posterized, artifacts, jpeg artifacts"
1654,automobile,sports car,stopped at a curb,a countryside road,3/4 view,rainy with wet reflections,clean,a photorealistic color photo,"a photorealistic color photo of a sports car automobile stopped at a curb in a countryside road, 3/4 view, rainy with wet reflections. single main subject, photorealistic color photo, natural colors, realistic texture, sharp focus on subject, no people, no text, no watermark, no logo, no border, no collage, no CGI, no illustration.","text, watermark, logo, caption, signature, border, frame, collage, multiple panels, cartoon, illustration, CGI, 3d render, low-poly, painting, anime, surreal, deformed, duplicate objects, extra limbs, blurry, out of focus, noise, oversaturated, posterized, artifacts, jpeg artifacts"
1258,automobile,hatchback,stopped at a curb,a sandy beach,front view,backlit rim light,clean,a finely detailed photo,"a finely detailed photo of a hatchback automobile stopped at a curb in a sandy beach, front view, backlit rim light. single main subject, photorealistic color photo, natural colors, realistic texture, sharp focus on subject, no people, no text, no watermark, no logo, no border, no collage, no CGI, no illustration.","text, watermark, logo, caption, signature, border, frame, collage, multiple panels, cartoon, illustration, CGI, 3d render, low-poly, painting, anime, surreal, deformed, duplicate objects, extra limbs, blurry, out of focus, noise, oversaturated, posterized, artifacts, jpeg artifacts"
1829,automobile,taxi,parked,a parking lot,wide shot,overcast daylight,hard,an ultra-realistic rendering,"an ultra-realistic rendering of a taxi automobile parked in a parking lot, wide shot, overcast daylight. in the distance. single main subject, photorealistic color photo, natural colors, realistic texture, sharp focus on subject, no people, no text, no watermark, no logo, no border, no collage, no CGI, no illustration.","text, watermark, logo, caption, signature, border, frame, collage, multiple panels, cartoon, illustration, CGI, 3d render, low-poly, painting, anime, surreal, deformed, duplicate objects, extra limbs, blurry, out of focus, noise, oversaturated, posterized, artifacts, jpeg artifacts"
1972,automobile,sedan,parked,a sandy beach,high angle,rainy with wet reflections,hard,a photorealistic color photo,"a photorealistic color photo of a sedan automobile parked in a sandy beach, high angle, rainy with wet reflections. busy background but still one main subject. single main subject, photorealistic color photo, natural colors, realistic texture, sharp focus on subject, no people, no text, no watermark, no logo, no border, no collage, no CGI, no illustration.","text, watermark, logo, caption, signature, border, frame, collage, multiple panels, cartoon, illustration, CGI, 3d render, low-poly, painting, anime, surreal, deformed, duplicate objects, extra limbs, blurry, out of focus, noise, oversaturated, posterized, artifacts, jpeg artifacts"
1449,automobile,compact car,driving,a parking lot,slightly off-center framing,overcast daylight,clean,an ultra-realistic rendering,"an ultra-realistic rendering of a compact car automobile driving in a parking lot, slightly off-center framing, overcast daylight. single main subject, photorealistic color photo, natural colors, realistic texture, sharp focus on subject, no people, no text, no watermark, no logo, no border, no collage, no CGI, no illustration.","text, watermark, logo, caption, signature, border, frame, collage, multiple panels, cartoon, illustration, CGI, 3d render, low-poly, painting, anime, surreal, deformed, duplicate objects, extra limbs, blurry, out of focus, noise, oversaturated, posterized, artifacts, jpeg artifacts"
1668,automobile,taxi,driving,a lakeside shore,front view,sunny afternoon,clean,a professional photo,"a professional photo of a taxi automobile driving in a lakeside shore, front view, sunny afternoon. single main subject, photorealistic color photo, natural colors, realistic texture, sharp focus on subject, no people, no text, no watermark, no logo, no border, no collage, no CGI, no illustration.","text, watermark, logo, caption, signature, border, frame, collage, multiple panels, cartoon, illustration, CGI, 3d render, low-poly, painting, anime, surreal, deformed, duplicate objects, extra limbs, blurry, out of focus, noise, oversaturated, posterized, artifacts, jpeg artifacts"
1286,automobile,compact car,turning at an intersection,a lakeside shore,high angle,backlit rim light,clean,a high-quality image,"a high-quality image of a compact car automobile turning at an intersection in a lakeside shore, high angle, backlit rim light. single main subject, photorealistic color photo, natural colors, realistic texture, sharp focus on subject, no people, no text, no watermark, no logo, no border, no collage, no CGI, no illustration.","text, watermark, logo, caption, signature, border, frame, collage, multiple panels, cartoon, illustration, CGI, 3d render, low-poly, painting, anime, surreal, deformed, duplicate objects, extra limbs, blurry, out of focus, noise, oversaturated, posterized, artifacts, jpeg artifacts"
1929,automobile,hatchback,turning at an intersection,a gravel lot,cropped at the edge of the frame,sunny afternoon,hard,a high-quality image,"a high-quality image of a hatchback automobile turning at an intersection in a gravel lot, cropped at the edge of the frame, sunny afternoon. slight motion blur. single main subject, photorealistic color photo, natural colors, realistic texture, sharp focus on subject, no people, no text, no watermark, no logo, no border, no collage, no CGI, no illustration.","text, watermark, logo, caption, signature, border, frame, collage, multiple panels, cartoon, illustration, CGI, 3d render, low-poly, painting, anime, surreal, deformed, duplicate objects, extra limbs, blurry, out of focus, noise, oversaturated, posterized, artifacts, jpeg artifacts"
1036,automobile,coupe,stopped at a curb,an industrial yard,3/4 view,sunny afternoon,clean,a professional photo,"a professional photo of a coupe automobile stopped at a curb in an industrial yard, 3/4 view, sunny afternoon. single main subject, photorealistic color photo, natural colors, realistic texture, sharp focus on subject, no people, no text, no watermark, no logo, no border, no collage, no CGI, no illustration.","text, watermark, logo, caption, signature, border, frame, collage, multiple panels, cartoon, illustration, CGI, 3d render, low-poly, painting, anime, surreal, deformed, duplicate objects, extra limbs, blurry, out of focus, noise, oversaturated, posterized, artifacts, jpeg artifacts"
1530,automobile,compact car,turning at an intersection,a sandy beach,low angle,indoor soft window light,clean,a photorealistic color photo,"a photorealistic color photo of a compact car automobile turning at an intersection in a sandy beach, low angle, indoor soft window light. single main subject, photorealistic color photo, natural colors, realistic texture, sharp focus on subject, no people, no text, no watermark, no logo, no border, no collage, no CGI, no illustration.","text, watermark, logo, caption, signature, border, frame, collage, multiple panels, cartoon, illustration, CGI, 3d render, low-poly, painting, anime, surreal, deformed, duplicate objects, extra limbs, blurry, out of focus, noise, oversaturated, posterized, artifacts, jpeg artifacts"
1843,automobile,compact car,parked,a grassy field,cropped at the edge of the frame,rainy with wet reflections,hard,a detailed photograph,"a detailed photograph of a compact car automobile parked in a grassy field, cropped at the edge of the frame, rainy with wet reflections. cropped slightly. single main subject, photorealistic color photo, natural colors, realistic texture, sharp focus on subject, no people, no text, no watermark, no logo, no border, no collage, no CGI, no illustration.","text, watermark, logo, caption, signature, border, frame, collage, multiple panels, cartoon, illustration, CGI, 3d render, low-poly, painting, anime, surreal, deformed, duplicate objects, extra limbs, blurry, out of focus, noise, oversaturated, posterized, artifacts, jpeg artifacts"
1693,automobile,taxi,stopped at a curb,a grassy field,side profile,backlit rim light,clean,a photorealistic color photo,"a photorealistic color photo of a taxi automobile stopped at a curb in a grassy field, side profile, backlit rim light. single main subject, photorealistic color photo, natural colors, realistic texture, sharp focus on subject, no people, no text, no watermark, no logo, no border, no collage, no CGI, no illustration.","text, watermark, logo, caption, signature, border, frame, collage, multiple panels, cartoon, illustration, CGI, 3d render, low-poly, painting, anime, surreal, deformed, duplicate objects, extra limbs, blurry, out of focus, noise, oversaturated, posterized, artifacts, jpeg artifacts"
1823,automobile,coupe,turning at an intersection,a backyard,wide shot,foggy morning,hard,a photorealistic color photo,"a photorealistic color photo of a coupe automobile turning at an intersection in a backyard, wide shot, foggy morning. slight motion blur. single main subject, photorealistic color photo, natural colors, realistic texture, sharp focus on subject, no people, no text, no watermark, no logo, no border, no collage, no CGI, no illustration.","text, watermark, logo, caption, signature, border, frame, collage, multiple panels, cartoon, illustration, CGI, 3d render, low-poly, painting, anime, surreal, deformed, duplicate objects, extra limbs, blurry, out of focus, noise, oversaturated, posterized, artifacts, jpeg artifacts"
1679,automobile,coupe,parked,a wet roadway after rain,3/4 view,rainy with wet reflections,clean,a finely detailed photo,"a finely detailed photo of a coupe automobile parked in a wet roadway after rain, 3/4 view, rainy with wet reflections. single main subject, photorealistic color photo, natural colors, realistic texture, sharp focus on subject, no people, no text, no watermark, no logo, no border, no collage, no CGI, no illustration.","text, watermark, logo, caption, signature, border, frame, collage, multiple panels, cartoon, illustration, CGI, 3d render, low-poly, painting, anime, surreal, deformed, duplicate objects, extra limbs, blurry, out of focus, noise, oversaturated, posterized, artifacts, jpeg artifacts"
1942,automobile,compact car,parked,a lakeside shore,low angle,sunny afternoon,hard,an ultra-realistic rendering,"an ultra-realistic rendering of a compact car automobile parked in a lakeside shore, low angle, sunny afternoon. busy background but still one main subject. single main subject, photorealistic color photo, natural colors, realistic texture, sharp focus on subject, no people, no text, no watermark, no logo, no border, no collage, no CGI, no illustration.","text, watermark, logo, caption, signature, border, frame, collage, multiple panels, cartoon, illustration, CGI, 3d render, low-poly, painting, anime, surreal, deformed, duplicate objects, extra limbs, blurry, out of focus, noise, oversaturated, posterized, artifacts, jpeg artifacts"
1725,automobile,sports car,turning at an intersection,an urban street,high angle,foggy morning,clean,a finely detailed photo,"a finely detailed photo of a sports car automobile turning at an intersection in an urban street, high angle, foggy morning. single main subject, photorealistic color photo, natural colors, realistic texture, sharp focus on subject, no people, no text, no watermark, no logo, no border, no collage, no CGI, no illustration.","text, watermark, logo, caption, signature, border, frame, collage, multiple panels, cartoon, illustration, CGI, 3d render, low-poly, painting, anime, surreal, deformed, duplicate objects, extra limbs, blurry, out of focus, noise, oversaturated, posterized, artifacts, jpeg artifacts"
1301,automobile,compact car,driving,a quiet residential street,front view,backlit rim light,clean,a professional photo,"a professional photo of a compact car automobile driving in a quiet residential street, front view, backlit rim light. single main subject, photorealistic color photo, natural colors, realistic texture, sharp focus on subject, no people, no text, no watermark, no logo, no border, no collage, no CGI, no illustration.","text, watermark, logo, caption, signature, border, frame, collage, multiple panels, cartoon, illustration, CGI, 3d render, low-poly, painting, anime, surreal, deformed, duplicate objects, extra limbs, blurry, out of focus, noise, oversaturated, posterized, artifacts, jpeg artifacts"
1435,automobile,compact car,stopped at a curb,a grassy field,side profile,golden hour,clean,a photorealistic color photo,"a photorealistic color photo of a compact car automobile stopped at a curb in a grassy field, side profile, golden hour. single main subject, photorealistic color photo, natural colors, realistic texture, sharp focus on subject, no people, no text, no watermark, no logo, no border, no collage, no CGI, no illustration.","text, watermark, logo, caption, signature, border, frame, collage, multiple panels, cartoon, illustration, CGI, 3d render, low-poly, painting, anime, surreal, deformed, duplicate objects, extra limbs, blurry, out of focus, noise, oversaturated, posterized, artifacts, jpeg artifacts"
1378,automobile,compact car,turning at an intersection,a forest clearing,low angle,rainy with wet reflections,clean,a professional photo,"a professional photo of a compact car automobile turning at an intersection in a forest clearing, low angle, rainy with wet reflections. single main subject, photorealistic color photo, natural colors, realistic texture, sharp focus on subject, no people, no text, no watermark, no logo, no border, no collage, no CGI, no illustration.","text, watermark, logo, caption, signature, border, frame, collage, multiple panels, cartoon, illustration, CGI, 3d render, low-poly, painting, anime, surreal, deformed, duplicate objects, extra limbs, blurry, out of focus, noise, oversaturated, posterized, artifacts, jpeg artifacts"
1552,automobile,coupe,turning at an intersection,a backyard,slightly off-center framing,sunny afternoon,clean,a detailed photograph,"a detailed photograph of a coupe automobile turning at an intersection in a backyard, slightly off-center framing, sunny afternoon. single main subject, photorealistic color photo, natural colors, realistic texture, sharp focus on subject, no people, no text, no watermark, no logo, no border, no collage, no CGI, no illustration.","text, watermark, logo, caption, signature, border, frame, collage, multiple panels, cartoon, illustration, CGI, 3d render, low-poly, painting, anime, surreal, deformed, duplicate objects, extra limbs, blurry, out of focus, noise, oversaturated, posterized, artifacts, jpeg artifacts"
1547,automobile,coupe,driving,a parking lot,side profile,indoor soft window light,clean,a photorealistic color photo,"a photorealistic color photo of a coupe automobile driving in a parking lot, side profile, indoor soft window light. single main subject, photorealistic color photo, natural colors, realistic texture, sharp focus on subject, no people, no text, no watermark, no logo, no border, no collage, no CGI, no illustration.","text, watermark, logo, caption, signature, border, frame, collage, multiple panels, cartoon, illustration, CGI, 3d render, low-poly, painting, anime, surreal, deformed, duplicate objects, extra limbs, blurry, out of focus, noise, oversaturated, posterized, artifacts, jpeg artifacts"
1690,automobile,coupe,parked,a countryside road,slightly off-center framing,nighttime under streetlights,clean,a detailed photograph,"a detailed photograph of a coupe automobile parked in a countryside road, slightly off-center framing, nighttime under streetlights. single main subject, photorealistic color photo, natural colors, realistic texture, sharp focus on subject, no people, no text, no watermark, no logo, no border, no collage, no CGI, no illustration.","text, watermark, logo, caption, signature, border, frame, collage, multiple panels, cartoon, illustration, CGI, 3d render, low-poly, painting, anime, surreal, deformed, duplicate objects, extra limbs, blurry, out of focus, noise, oversaturated, posterized, artifacts, jpeg artifacts"
1655,automobile,sedan,turning at an intersection,a forest clearing,close-up,nighttime under streetlights,clean,a detailed photograph,"a detailed photograph of a sedan automobile turning at an intersection in a forest clearing, close-up, nighttime under streetlights. single main subject, photorealistic color photo, natural colors, realistic texture, sharp focus on subject, no people, no text, no watermark, no logo, no border, no collage, no CGI, no illustration.","text, watermark, logo, caption, signature, border, frame, collage, multiple panels, cartoon, illustration, CGI, 3d render, low-poly, painting, anime, surreal, deformed, duplicate objects, extra limbs, blurry, out of focus, noise, oversaturated, posterized, artifacts, jpeg artifacts"
1003,automobile,coupe,parked,a lakeside shore,wide shot,foggy morning,clean,a photorealistic color photo,"a photorealistic color photo of a coupe automobile parked in a lakeside shore, wide shot, foggy morning. single main subject, photorealistic color photo, natural colors, realistic texture, sharp focus on subject, no people, no text, no watermark, no logo, no border, no collage, no CGI, no illustration.","text, watermark, logo, caption, signature, border, frame, collage, multiple panels, cartoon, illustration, CGI, 3d render, low-poly, painting, anime, surreal, deformed, duplicate objects, extra limbs, blurry, out of focus, noise, oversaturated, posterized, artifacts, jpeg artifacts"
1908,automobile,coupe,parked,a quiet residential street,low angle,nighttime under streetlights,hard,an ultra-realistic rendering,"an ultra-realistic rendering of a coupe automobile parked in a quiet residential street, low angle, nighttime under streetlights. cropped slightly. single main subject, photorealistic color photo, natural colors, realistic texture, sharp focus on subject, no people, no text, no watermark, no logo, no border, no collage, no CGI, no illustration.","text, watermark, logo, caption, signature, border, frame, collage, multiple panels, cartoon, illustration, CGI, 3d render, low-poly, painting, anime, surreal, deformed, duplicate objects, extra limbs, blurry, out of focus, noise, oversaturated, posterized, artifacts, jpeg artifacts"
1560,automobile,taxi,turning at an intersection,a forest clearing,high angle,nighttime under streetlights,clean,a professional photo,"a professional photo of a taxi automobile turning at an intersection in a forest clearing, high angle, nighttime under streetlights. single main subject, photorealistic color photo, natural colors, realistic texture, sharp focus on subject, no people, no text, no watermark, no logo, no border, no collage, no CGI, no illustration.","text, watermark, logo, caption, signature, border, frame, collage, multiple panels, cartoon, illustration, CGI, 3d render, low-poly, painting, anime, surreal, deformed, duplicate objects, extra limbs, blurry, out of focus, noise, oversaturated, posterized, artifacts, jpeg artifacts"
1220,automobile,sports car,driving,a backyard,wide shot,golden hour,clean,a detailed photograph,"a detailed photograph of a sports car automobile driving in a backyard, wide shot, golden hour. single main subject, photorealistic color photo, natural colors, realistic texture, sharp focus on subject, no people, no text, no watermark, no logo, no border, no collage, no CGI, no illustration.","text, watermark, logo, caption, signature, border, frame, collage, multiple panels, cartoon, illustration, CGI, 3d render, low-poly, painting, anime, surreal, deformed, duplicate objects, extra limbs, blurry, out of focus, noise, oversaturated, posterized, artifacts, jpeg artifacts"
1877,automobile,compact car,stopped at a curb,a sandy beach,front view,indoor soft window light,hard,a high-quality image,"a high-quality image of a compact car automobile stopped at a curb in a sandy beach, front view, indoor soft window light. cropped slightly. single main subject, photorealistic color photo, natural colors, realistic texture, sharp focus on subject, no people, no text, no watermark, no logo, no border, no collage, no CGI, no illustration.","text, watermark, logo, caption, signature, border, frame, collage, multiple panels, cartoon, illustration, CGI, 3d render, low-poly, painting, anime, surreal, deformed, duplicate objects, extra limbs, blurry, out of focus, noise, oversaturated, posterized, artifacts, jpeg artifacts"
1398,automobile,coupe,driving,a city park,slightly off-center framing,sunny afternoon,clean,an ultra-realistic rendering,"an ultra-realistic rendering of a coupe automobile driving in a city park, slightly off-center framing, sunny afternoon. single main subject, photorealistic color photo, natural colors, realistic texture, sharp focus on subject, no people, no text, no watermark, no logo, no border, no collage, no CGI, no illustration.","text, watermark, logo, caption, signature, border, frame, collage, multiple panels, cartoon, illustration, CGI, 3d render, low-poly, painting, anime, surreal, deformed, duplicate objects, extra limbs, blurry, out of focus, noise, oversaturated, posterized, artifacts, jpeg artifacts"
1960,automobile,hatchback,parked,a gravel lot,front view,golden hour,hard,a professional photo,"a professional photo of a hatchback automobile parked in a gravel lot, front view, golden hour. slight motion blur. single main subject, photorealistic color photo, natural colors, realistic texture, sharp focus on subject, no people, no text, no watermark, no logo, no border, no collage, no CGI, no illustration.","text, watermark, logo, caption, signature, border, frame, collage, multiple panels, cartoon, illustration, CGI, 3d render, low-poly, painting, anime, surreal, deformed, duplicate objects, extra limbs, blurry, out of focus, noise, oversaturated, posterized, artifacts, jpeg artifacts"
1051,automobile,compact car,parked,a backyard,3/4 view,indoor soft window light,clean,a photorealistic color photo,"a photorealistic color photo of a compact car automobile parked in a backyard, 3/4 view, indoor soft window light. single main subject, photorealistic color photo, natural colors, realistic texture, sharp focus on subject, no people, no text, no watermark, no logo, no border, no collage, no CGI, no illustration.","text, watermark, logo, caption, signature, border, frame, collage, multiple panels, cartoon, illustration, CGI, 3d render, low-poly, painting, anime, surreal, deformed, duplicate objects, extra limbs, blurry, out of focus, noise, oversaturated, posterized, artifacts, jpeg artifacts"
1232,automobile,coupe,parked,a gravel lot,slightly off-center framing,sunny afternoon,clean,a photorealistic color photo,"a photorealistic color photo of a coupe automobile parked in a gravel lot, slightly off-center framing, sunny afternoon. single main subject, photorealistic color photo, natural colors, realistic texture, sharp focus on subject, no people, no text, no watermark, no logo, no border, no collage, no CGI, no illustration.","text, watermark, logo, caption, signature, border, frame, collage, multiple panels, cartoon, illustration, CGI, 3d render, low-poly, painting, anime, surreal, deformed, duplicate objects, extra limbs, blurry, out of focus, noise, oversaturated, posterized, artifacts, jpeg artifacts"
1157,automobile,sedan,turning at an intersection,a suburban neighborhood,wide shot,backlit rim light,clean,a finely detailed photo,"a finely detailed photo of a sedan automobile turning at an intersection in a suburban neighborhood, wide shot, backlit rim light. single main subject, photorealistic color photo, natural colors, realistic texture, sharp focus on subject, no people, no text, no watermark, no logo, no border, no collage, no CGI, no illustration.","text, watermark, logo, caption, signature, border, frame, collage, multiple panels, cartoon, illustration, CGI, 3d render, low-poly, painting, anime, surreal, deformed, duplicate objects, extra limbs, blurry, out of focus, noise, oversaturated, posterized, artifacts, jpeg artifacts"
1682,automobile,taxi,driving,a forest clearing,front view,foggy morning,clean,a finely detailed photo,"a finely detailed photo of a taxi automobile driving in a forest clearing, front view, foggy morning. single main subject, photorealistic color photo, natural colors, realistic texture, sharp focus on subject, no people, no text, no watermark, no logo, no border, no collage, no CGI, no illustration.","text, watermark, logo, caption, signature, border, frame, collage, multiple panels, cartoon, illustration, CGI, 3d render, low-poly, painting, anime, surreal, deformed, duplicate objects, extra limbs, blurry, out of focus, noise, oversaturated, posterized, artifacts, jpeg artifacts"
1675,automobile,sports car,turning at an intersection,an industrial yard,high angle,overcast daylight,clean,a finely detailed photo,"a finely detailed photo of a sports car automobile turning at an intersection in an industrial yard, high angle, overcast daylight. single main subject, photorealistic color photo, natural colors, realistic texture, sharp focus on subject, no people, no text, no watermark, no logo, no border, no collage, no CGI, no illustration.","text, watermark, logo, caption, signature, border, frame, collage, multiple panels, cartoon, illustration, CGI, 3d render, low-poly, painting, anime, surreal, deformed, duplicate objects, extra limbs, blurry, out of focus, noise, oversaturated, posterized, artifacts, jpeg artifacts"
1983,automobile,compact car,parked,a sandy beach,3/4 view,backlit rim light,hard,an ultra-realistic rendering,"an ultra-realistic rendering of a compact car automobile parked in a sandy beach, 3/4 view, backlit rim light. slight motion blur. single main subject, photorealistic color photo, natural colors, realistic texture, sharp focus on subject, no people, no text, no watermark, no logo, no border, no collage, no CGI, no illustration.","text, watermark, logo, caption, signature, border, frame, collage, multiple panels, cartoon, illustration, CGI, 3d render, low-poly, painting, anime, surreal, deformed, duplicate objects, extra limbs, blurry, out of focus, noise, oversaturated, posterized, artifacts, jpeg artifacts"
1985,automobile,hatchback,stopped at a curb,a quiet residential street,side profile,sunny afternoon,hard,a finely detailed photo,"a finely detailed photo of a hatchback automobile stopped at a curb in a quiet residential street, side profile, sunny afternoon. cropped slightly. single main subject, photorealistic color photo, natural colors, realistic texture, sharp focus on subject, no people, no text, no watermark, no logo, no border, no collage, no CGI, no illustration.","text, watermark, logo, caption, signature, border, frame, collage, multiple panels, cartoon, illustration, CGI, 3d render, low-poly, painting, anime, surreal, deformed, duplicate objects, extra limbs, blurry, out of focus, noise, oversaturated, posterized, artifacts, jpeg artifacts"
1182,automobile,compact car,stopped at a curb,a suburban neighborhood,3/4 view,sunny afternoon,clean,a detailed photograph,"a detailed photograph of a compact car automobile stopped at a curb in a suburban neighborhood, 3/4 view, sunny afternoon. single main subject, photorealistic color photo, natural colors, realistic texture, sharp focus on subject, no people, no text, no watermark, no logo, no border, no collage, no CGI, no illustration.","text, watermark, logo, caption, signature, border, frame, collage, multiple panels, cartoon, illustration, CGI, 3d render, low-poly, painting, anime, surreal, deformed, duplicate objects, extra limbs, blurry, out of focus, noise, oversaturated, posterized, artifacts, jpeg artifacts"
1387,automobile,compact car,parked,a quiet residential street,slightly off-center framing,sunny afternoon,clean,a finely detailed photo,"a finely detailed photo of a compact car automobile parked in a quiet residential street, slightly off-center framing, sunny afternoon. single main subject, photorealistic color photo, natural colors, realistic texture, sharp focus on subject, no people, no text, no watermark, no logo, no border, no collage, no CGI, no illustration.","text, watermark, logo, caption, signature, border, frame, collage, multiple panels, cartoon, illustration, CGI, 3d render, low-poly, painting, anime, surreal, deformed, duplicate objects, extra limbs, blurry, out of focus, noise, oversaturated, posterized, artifacts, jpeg artifacts"
1466,automobile,hatchback,stopped at a curb,a backyard,high angle,rainy with wet reflections,clean,a detailed photograph,"a detailed photograph of a hatchback automobile stopped at a curb in a backyard, high angle, rainy with wet reflections. single main subject, photorealistic color photo, natural colors, realistic texture, sharp focus on subject, no people, no text, no watermark, no logo, no border, no collage, no CGI, no illustration.","text, watermark, logo, caption, signature, border, frame, collage, multiple panels, cartoon, illustration, CGI, 3d render, low-poly, painting, anime, surreal, deformed, duplicate objects, extra limbs, blurry, out of focus, noise, oversaturated, posterized, artifacts, jpeg artifacts"
1801,automobile,coupe,turning at an intersection,an urban street,distant subject in the background,overcast daylight,hard,an ultra-realistic rendering,"an ultra-realistic rendering of a coupe automobile turning at an intersection in an urban street, distant subject in the background, overcast daylight. slight motion blur. single main subject, photorealistic color photo, natural colors, realistic texture, sharp focus on subject, no people, no text, no watermark, no logo, no border, no collage, no CGI, no illustration.","text, watermark, logo, caption, signature, border, frame, collage, multiple panels, cartoon, illustration, CGI, 3d render, low-poly, painting, anime, surreal, deformed, duplicate objects, extra limbs, blurry, out of focus, noise, oversaturated, posterized, artifacts, jpeg artifacts"
1781,automobile,sedan,stopped at a curb,a wet roadway after rain,wide shot,golden hour,clean,an ultra-realistic rendering,"an ultra-realistic rendering of a sedan automobile stopped at a curb in a wet roadway after rain, wide shot, golden hour. single main subject, photorealistic color photo, natural colors, realistic texture, sharp focus on subject, no people, no text, no watermark, no logo, no border, no collage, no CGI, no illustration.","text, watermark, logo, caption, signature, border, frame, collage, multiple panels, cartoon, illustration, CGI, 3d render, low-poly, painting, anime, surreal, deformed, duplicate objects, extra limbs, blurry, out of focus, noise, oversaturated, posterized, artifacts, jpeg artifacts"
1202,automobile,sports car,turning at an intersection,a forest clearing,3/4 view,backlit rim light,clean,an ultra-realistic rendering,"an ultra-realistic rendering of a sports car automobile turning at an intersection in a forest clearing, 3/4 view, backlit rim light. single main subject, photorealistic color photo, natural colors, realistic texture, sharp focus on subject, no people, no text, no watermark, no logo, no border, no collage, no CGI, no illustration.","text, watermark, logo, caption, signature, border, frame, collage, multiple panels, cartoon, illustration, CGI, 3d render, low-poly, painting, anime, surreal, deformed, duplicate objects, extra limbs, blurry, out of focus, noise, oversaturated, posterized, artifacts, jpeg artifacts"
1902,automobile,coupe,stopped at a curb,a parking lot,side profile,golden hour,hard,a professional photo,"a professional photo of a coupe automobile stopped at a curb in a parking lot, side profile, golden hour. partially occluded by a foreground object. single main subject, photorealistic color photo, natural colors, realistic texture, sharp focus on subject, no people, no text, no watermark, no logo, no border, no collage, no CGI, no illustration.","text, watermark, logo, caption, signature, border, frame, collage, multiple panels, cartoon, illustration, CGI, 3d render, low-poly, painting, anime, surreal, deformed, duplicate objects, extra limbs, blurry, out of focus, noise, oversaturated, posterized, artifacts, jpeg artifacts"
1883,automobile,taxi,turning at an intersection,a gravel lot,distant subject in the background,foggy morning,hard,an ultra-realistic rendering,"an ultra-realistic rendering of a taxi automobile turning at an intersection in a gravel lot, distant subject in the background, foggy morning. slight motion blur. single main subject, photorealistic color photo, natural colors, realistic texture, sharp focus on subject, no people, no text, no watermark, no logo, no border, no collage, no CGI, no illustration.","text, watermark, logo, caption, signature, border, frame, collage, multiple panels, cartoon, illustration, CGI, 3d render, low-poly, painting, anime, surreal, deformed, duplicate objects, extra limbs, blurry, out of focus, noise, oversaturated, posterized, artifacts, jpeg artifacts"
1104,automobile,taxi,turning at an intersection,a lakeside shore,high angle,foggy morning,clean,a photorealistic color photo,"a photorealistic color photo of a taxi automobile turning at an intersection in a lakeside shore, high angle, foggy morning. single main subject, photorealistic color photo, natural colors, realistic texture, sharp focus on subject, no people, no text, no watermark, no logo, no border, no collage, no CGI, no illustration.","text, watermark, logo, caption, signature, border, frame, collage, multiple panels, cartoon, illustration, CGI, 3d render, low-poly, painting, anime, surreal, deformed, duplicate objects, extra limbs, blurry, out of focus, noise, oversaturated, posterized, artifacts, jpeg artifacts"
1766,automobile,taxi,stopped at a curb,a gravel lot,close-up,rainy with wet reflections,clean,a photorealistic color photo,"a photorealistic color photo of a taxi automobile stopped at a curb in a gravel lot, close-up, rainy with wet reflections. single main subject, photorealistic color photo, natural colors, realistic texture, sharp focus on subject, no people, no text, no watermark, no logo, no border, no collage, no CGI, no illustration.","text, watermark, logo, caption, signature, border, frame, collage, multiple panels, cartoon, illustration, CGI, 3d render, low-poly, painting, anime, surreal, deformed, duplicate objects, extra limbs, blurry, out of focus, noise, oversaturated, posterized, artifacts, jpeg artifacts"
1866,automobile,sports car,driving,a wet roadway after rain,side profile,overcast daylight,hard,a detailed photograph,"a detailed photograph of a sports car automobile driving in a wet roadway after rain, side profile, overcast daylight. partially occluded by a foreground object. single main subject, photorealistic color photo, natural colors, realistic texture, sharp focus on subject, no people, no text, no watermark, no logo, no border, no collage, no CGI, no illustration.","text, watermark, logo, caption, signature, border, frame, collage, multiple panels, cartoon, illustration, CGI, 3d render, low-poly, painting, anime, surreal, deformed, duplicate objects, extra limbs, blurry, out of focus, noise, oversaturated, posterized, artifacts, jpeg artifacts"
1578,automobile,taxi,turning at an intersection,a countryside road,side profile,indoor soft window light,clean,a professional photo,"a professional photo of a taxi automobile turning at an intersection in a countryside road, side profile, indoor soft window light. single main subject, photorealistic color photo, natural colors, realistic texture, sharp focus on subject, no people, no text, no watermark, no logo, no border, no collage, no CGI, no illustration.","text, watermark, logo, caption, signature, border, frame, collage, multiple panels, cartoon, illustration, CGI, 3d render, low-poly, painting, anime, surreal, deformed, duplicate objects, extra limbs, blurry, out of focus, noise, oversaturated, posterized, artifacts, jpeg artifacts"
1712,automobile,compact car,parked,a grassy field,3/4 view,indoor soft window light,clean,a finely detailed photo,"a finely detailed photo of a compact car automobile parked in a grassy field, 3/4 view, indoor soft window light. single main subject, photorealistic color photo, natural colors, realistic texture, sharp focus on subject, no people, no text, no watermark, no logo, no border, no collage, no CGI, no illustration.","text, watermark, logo, caption, signature, border, frame, collage, multiple panels, cartoon, illustration, CGI, 3d render, low-poly, painting, anime, surreal, deformed, duplicate objects, extra limbs, blurry, out of focus, noise, oversaturated, posterized, artifacts, jpeg artifacts"
1835,automobile,hatchback,turning at an intersection,an urban street,high angle,sunny afternoon,hard,a finely detailed photo,"a finely detailed photo of a hatchback automobile turning at an intersection in an urban street, high angle, sunny afternoon. slight motion blur. single main subject, photorealistic color photo, natural colors, realistic texture, sharp focus on subject, no people, no text, no watermark, no logo, no border, no collage, no CGI, no illustration.","text, watermark, logo, caption, signature, border, frame, collage, multiple panels, cartoon, illustration, CGI, 3d render, low-poly, painting, anime, surreal, deformed, duplicate objects, extra limbs, blurry, out of focus, noise, oversaturated, posterized, artifacts, jpeg artifacts"
1347,automobile,sports car,parked,a city park,3/4 view,overcast daylight,clean,a professional photo,"a professional photo of a sports car automobile parked in a city park, 3/4 view, overcast daylight. single main subject, photorealistic color photo, natural colors, realistic texture, sharp focus on subject, no people, no text, no watermark, no logo, no border, no collage, no CGI, no illustration.","text, watermark, logo, caption, signature, border, frame, collage, multiple panels, cartoon, illustration, CGI, 3d render, low-poly, painting, anime, surreal, deformed, duplicate objects, extra limbs, blurry, out of focus, noise, oversaturated, posterized, artifacts, jpeg artifacts"
1858,automobile,coupe,stopped at a curb,a sandy beach,side profile,foggy morning,hard,a high-quality image,"a high-quality image of a coupe automobile stopped at a curb in a sandy beach, side profile, foggy morning. slight motion blur. single main subject, photorealistic color photo, natural colors, realistic texture, sharp focus on subject, no people, no text, no watermark, no logo, no border, no collage, no CGI, no illustration.","text, watermark, logo, caption, signature, border, frame, collage, multiple panels, cartoon, illustration, CGI, 3d render, low-poly, painting, anime, surreal, deformed, duplicate objects, extra limbs, blurry, out of focus, noise, oversaturated, posterized, artifacts, jpeg artifacts"
1501,automobile,taxi,stopped at a curb,a lakeside shore,3/4 view,foggy morning,clean,a photorealistic color photo,"a photorealistic color photo of a taxi automobile stopped at a curb in a lakeside shore, 3/4 view, foggy morning. single main subject, photorealistic color photo, natural colors, realistic texture, sharp focus on subject, no people, no text, no watermark, no logo, no border, no collage, no CGI, no illustration.","text, watermark, logo, caption, signature, border, frame, collage, multiple panels, cartoon, illustration, CGI, 3d render, low-poly, painting, anime, surreal, deformed, duplicate objects, extra limbs, blurry, out of focus, noise, oversaturated, posterized, artifacts, jpeg artifacts"
1389,automobile,sports car,stopped at a curb,a lakeside shore,high angle,overcast daylight,clean,a high-quality image,"a high-quality image of a sports car automobile stopped at a curb in a lakeside shore, high angle, overcast daylight. single main subject, photorealistic color photo, natural colors, realistic texture, sharp focus on subject, no people, no text, no watermark, no logo, no border, no collage, no CGI, no illustration.","text, watermark, logo, caption, signature, border, frame, collage, multiple panels, cartoon, illustration, CGI, 3d render, low-poly, painting, anime, surreal, deformed, duplicate objects, extra limbs, blurry, out of focus, noise, oversaturated, posterized, artifacts, jpeg artifacts"
1774,automobile,coupe,stopped at a curb,an industrial yard,wide shot,foggy morning,clean,an ultra-realistic rendering,"an ultra-realistic rendering of a coupe automobile stopped at a curb in an industrial yard, wide shot, foggy morning. single main subject, photorealistic color photo, natural colors, realistic texture, sharp focus on subject, no people, no text, no watermark, no logo, no border, no collage, no CGI, no illustration.","text, watermark, logo, caption, signature, border, frame, collage, multiple panels, cartoon, illustration, CGI, 3d render, low-poly, painting, anime, surreal, deformed, duplicate objects, extra limbs, blurry, out of focus, noise, oversaturated, posterized, artifacts, jpeg artifacts"
1775,automobile,sports car,parked,a sandy beach,wide shot,indoor soft window light,clean,a finely detailed photo,"a finely detailed photo of a sports car automobile parked in a sandy beach, wide shot, indoor soft window light. single main subject, photorealistic color photo, natural colors, realistic texture, sharp focus on subject, no people, no text, no watermark, no logo, no border, no collage, no CGI, no illustration.","text, watermark, logo, caption, signature, border, frame, collage, multiple panels, cartoon, illustration, CGI, 3d render, low-poly, painting, anime, surreal, deformed, duplicate objects, extra limbs, blurry, out of focus, noise, oversaturated, posterized, artifacts, jpeg artifacts"
1824,automobile,hatchback,turning at an intersection,a parking lot,wide shot,rainy with wet reflections,hard,a detailed photograph,"a detailed photograph of a hatchback automobile turning at an intersection in a parking lot, wide shot, rainy with wet reflections. slight motion blur. single main subject, photorealistic color photo, natural colors, realistic texture, sharp focus on subject, no people, no text, no watermark, no logo, no border, no collage, no CGI, no illustration.","text, watermark, logo, caption, signature, border, frame, collage, multiple panels, cartoon, illustration, CGI, 3d render, low-poly, painting, anime, surreal, deformed, duplicate objects, extra limbs, blurry, out of focus, noise, oversaturated, posterized, artifacts, jpeg artifacts"
1048,automobile,hatchback,turning at an intersection,a quiet residential street,slightly off-center framing,nighttime under streetlights,clean,an ultra-realistic rendering,"an ultra-realistic rendering of a hatchback automobile turning at an intersection in a quiet residential street, slightly off-center framing, nighttime under streetlights. single main subject, photorealistic color photo, natural colors, realistic texture, sharp focus on subject, no people, no text, no watermark, no logo, no border, no collage, no CGI, no illustration.","text, watermark, logo, caption, signature, border, frame, collage, multiple panels, cartoon, illustration, CGI, 3d render, low-poly, painting, anime, surreal, deformed, duplicate objects, extra limbs, blurry, out of focus, noise, oversaturated, posterized, artifacts, jpeg artifacts"
1952,automobile,hatchback,driving,a wet roadway after rain,high angle,nighttime under streetlights,hard,a finely detailed photo,"a finely detailed photo of a hatchback automobile driving in a wet roadway after rain, high angle, nighttime under streetlights. in the distance. single main subject, photorealistic color photo, natural colors, realistic texture, sharp focus on subject, no people, no text, no watermark, no logo, no border, no collage, no CGI, no illustration.","text, watermark, logo, caption, signature, border, frame, collage, multiple panels, cartoon, illustration, CGI, 3d render, low-poly, painting, anime, surreal, deformed, duplicate objects, extra limbs, blurry, out of focus, noise, oversaturated, posterized, artifacts, jpeg artifacts"
1640,automobile,sports car,turning at an intersection,a countryside road,3/4 view,golden hour,clean,a high-quality image,"a high-quality image of a sports car automobile turning at an intersection in a countryside road, 3/4 view, golden hour. single main subject, photorealistic color photo, natural colors, realistic texture, sharp focus on subject, no people, no text, no watermark, no logo, no border, no collage, no CGI, no illustration.","text, watermark, logo, caption, signature, border, frame, collage, multiple panels, cartoon, illustration, CGI, 3d render, low-poly, painting, anime, surreal, deformed, duplicate objects, extra limbs, blurry, out of focus, noise, oversaturated, posterized, artifacts, jpeg artifacts"
1558,automobile,sports car,turning at an intersection,an industrial yard,slightly off-center framing,sunny afternoon,clean,a high-quality image,"a high-quality image of a sports car automobile turning at an intersection in an industrial yard, slightly off-center framing, sunny afternoon. single main subject, photorealistic color photo, natural colors, realistic texture, sharp focus on subject, no people, no text, no watermark, no logo, no border, no collage, no CGI, no illustration.","text, watermark, logo, caption, signature, border, frame, collage, multiple panels, cartoon, illustration, CGI, 3d render, low-poly, painting, anime, surreal, deformed, duplicate objects, extra limbs, blurry, out of focus, noise, oversaturated, posterized, artifacts, jpeg artifacts"
1209,automobile,taxi,stopped at a curb,a countryside road,slightly off-center framing,foggy morning,clean,a professional photo,"a professional photo of a taxi automobile stopped at a curb in a countryside road, slightly off-center framing, foggy morning. single main subject, photorealistic color photo, natural colors, realistic texture, sharp focus on subject, no people, no text, no watermark, no logo, no border, no collage, no CGI, no illustration.","text, watermark, logo, caption, signature, border, frame, collage, multiple panels, cartoon, illustration, CGI, 3d render, low-poly, painting, anime, surreal, deformed, duplicate objects, extra limbs, blurry, out of focus, noise, oversaturated, posterized, artifacts, jpeg artifacts"
1143,automobile,hatchback,stopped at a curb,a suburban neighborhood,front view,rainy with wet reflections,clean,an ultra-realistic rendering,"an ultra-realistic rendering of a hatchback automobile stopped at a curb in a suburban neighborhood, front view, rainy with wet reflections. single main subject, photorealistic color photo, natural colors, realistic texture, sharp focus on subject, no people, no text, no watermark, no logo, no border, no collage, no CGI, no illustration.","text, watermark, logo, caption, signature, border, frame, collage, multiple panels, cartoon, illustration, CGI, 3d render, low-poly, painting, anime, surreal, deformed, duplicate objects, extra limbs, blurry, out of focus, noise, oversaturated, posterized, artifacts, jpeg artifacts"
1299,automobile,taxi,turning at an intersection,a countryside road,slightly off-center framing,overcast daylight,clean,a detailed photograph,"a detailed photograph of a taxi automobile turning at an intersection in a countryside road, slightly off-center framing, overcast daylight. single main subject, photorealistic color photo, natural colors, realistic texture, sharp focus on subject, no people, no text, no watermark, no logo, no border, no collage, no CGI, no illustration.","text, watermark, logo, caption, signature, border, frame, collage, multiple panels, cartoon, illustration, CGI, 3d render, low-poly, painting, anime, surreal, deformed, duplicate objects, extra limbs, blurry, out of focus, noise, oversaturated, posterized, artifacts, jpeg artifacts"
1384,automobile,hatchback,stopped at a curb,a sandy beach,wide shot,golden hour,clean,a detailed photograph,"a detailed photograph of a hatchback automobile stopped at a curb in a sandy beach, wide shot, golden hour. single main subject, photorealistic color photo, natural colors, realistic texture, sharp focus on subject, no people, no text, no watermark, no logo, no border, no collage, no CGI, no illustration.","text, watermark, logo, caption, signature, border, frame, collage, multiple panels, cartoon, illustration, CGI, 3d render, low-poly, painting, anime, surreal, deformed, duplicate objects, extra limbs, blurry, out of focus, noise, oversaturated, posterized, artifacts, jpeg artifacts"
1651,automobile,taxi,parked,a grassy field,high angle,overcast daylight,clean,an ultra-realistic rendering,"an ultra-realistic rendering of a taxi automobile parked in a grassy field, high angle, overcast daylight. single main subject, photorealistic color photo, natural colors, realistic texture, sharp focus on subject, no people, no text, no watermark, no logo, no border, no collage, no CGI, no illustration.","text, watermark, logo, caption, signature, border, frame, collage, multiple panels, cartoon, illustration, CGI, 3d render, low-poly, painting, anime, surreal, deformed, duplicate objects, extra limbs, blurry, out of focus, noise, oversaturated, posterized, artifacts, jpeg artifacts"
1336,automobile,sedan,stopped at a curb,an urban street,front view,nighttime under streetlights,clean,an ultra-realistic rendering,"an ultra-realistic rendering of a sedan automobile stopped at a curb in an urban street, front view, nighttime under streetlights. single main subject, photorealistic color photo, natural colors, realistic texture, sharp focus on subject, no people, no text, no watermark, no logo, no border, no collage, no CGI, no illustration.","text, watermark, logo, caption, signature, border, frame, collage, multiple panels, cartoon, illustration, CGI, 3d render, low-poly, painting, anime, surreal, deformed, duplicate objects, extra limbs, blurry, out of focus, noise, oversaturated, posterized, artifacts, jpeg artifacts"
1225,automobile,sedan,turning at an intersection,a lakeside shore,low angle,overcast daylight,clean,a detailed photograph,"a detailed photograph of a sedan automobile turning at an intersection in a lakeside shore, low angle, overcast daylight. single main subject, photorealistic color photo, natural colors, realistic texture, sharp focus on subject, no people, no text, no watermark, no logo, no border, no collage, no CGI, no illustration.","text, watermark, logo, caption, signature, border, frame, collage, multiple panels, cartoon, illustration, CGI, 3d render, low-poly, painting, anime, surreal, deformed, duplicate objects, extra limbs, blurry, out of focus, noise, oversaturated, posterized, artifacts, jpeg artifacts"
1004,automobile,sedan,turning at an intersection,a city park,slightly off-center framing,golden hour,clean,an ultra-realistic rendering,"an ultra-realistic rendering of a sedan automobile turning at an intersection in a city park, slightly off-center framing, golden hour. single main subject, photorealistic color photo, natural colors, realistic texture, sharp focus on subject, no people, no text, no watermark, no logo, no border, no collage, no CGI, no illustration.","text, watermark, logo, caption, signature, border, frame, collage, multiple panels, cartoon, illustration, CGI, 3d render, low-poly, painting, anime, surreal, deformed, duplicate objects, extra limbs, blurry, out of focus, noise, oversaturated, posterized, artifacts, jpeg artifacts"
1196,automobile,coupe,parked,a parking lot,3/4 view,golden hour,clean,a professional photo,"a professional photo of a coupe automobile parked in a parking lot, 3/4 view, golden hour. single main subject, photorealistic color photo, natural colors, realistic texture, sharp focus on subject, no people, no text, no watermark, no logo, no border, no collage, no CGI, no illustration.","text, watermark, logo, caption, signature, border, frame, collage, multiple panels, cartoon, illustration, CGI, 3d render, low-poly, painting, anime, surreal, deformed, duplicate objects, extra limbs, blurry, out of focus, noise, oversaturated, posterized, artifacts, jpeg artifacts"
1447,automobile,taxi,parked,a forest clearing,slightly off-center framing,indoor soft window light,clean,a photorealistic color photo,"a photorealistic color photo of a taxi automobile parked in a forest clearing, slightly off-center framing, indoor soft window light. single main subject, photorealistic color photo, natural colors, realistic texture, sharp focus on subject, no people, no text, no watermark, no logo, no border, no collage, no CGI, no illustration.","text, watermark, logo, caption, signature, border, frame, collage, multiple panels, cartoon, illustration, CGI, 3d render, low-poly, painting, anime, surreal, deformed, duplicate objects, extra limbs, blurry, out of focus, noise, oversaturated, posterized, artifacts, jpeg artifacts"
1609,automobile,sedan,turning at an intersection,a gravel lot,low angle,rainy with wet reflections,clean,a finely detailed photo,"a finely detailed photo of a sedan automobile turning at an intersection in a gravel lot, low angle, rainy with wet reflections. single main subject, photorealistic color photo, natural colors, realistic texture, sharp focus on subject, no people, no text, no watermark, no logo, no border, no collage, no CGI, no illustration.","text, watermark, logo, caption, signature, border, frame, collage, multiple panels, cartoon, illustration, CGI, 3d render, low-poly, painting, anime, surreal, deformed, duplicate objects, extra limbs, blurry, out of focus, noise, oversaturated, posterized, artifacts, jpeg artifacts"
1783,automobile,sedan,stopped at a curb,a gravel lot,side profile,foggy morning,clean,a photorealistic color photo,"a photorealistic color photo of a sedan automobile stopped at a curb in a gravel lot, side profile, foggy morning. single main subject, photorealistic color photo, natural colors, realistic texture, sharp focus on subject, no people, no text, no watermark, no logo, no border, no collage, no CGI, no illustration.","text, watermark, logo, caption, signature, border, frame, collage, multiple panels, cartoon, illustration, CGI, 3d render, low-poly, painting, anime, surreal, deformed, duplicate objects, extra limbs, blurry, out of focus, noise, oversaturated, posterized, artifacts, jpeg artifacts"
1751,automobile,coupe,parked,a lakeside shore,high angle,sunny afternoon,clean,a detailed photograph,"a detailed photograph of a coupe automobile parked in a lakeside shore, high angle, sunny afternoon. single main subject, photorealistic color photo, natural colors, realistic texture, sharp focus on subject, no people, no text, no watermark, no logo, no border, no collage, no CGI, no illustration.","text, watermark, logo, caption, signature, border, frame, collage, multiple panels, cartoon, illustration, CGI, 3d render, low-poly, painting, anime, surreal, deformed, duplicate objects, extra limbs, blurry, out of focus, noise, oversaturated, posterized, artifacts, jpeg artifacts"
1709,automobile,coupe,turning at an intersection,a forest clearing,high angle,golden hour,clean,a finely detailed photo,"a finely detailed photo of a coupe automobile turning at an intersection in a forest clearing, high angle, golden hour. single main subject, photorealistic color photo, natural colors, realistic texture, sharp focus on subject, no people, no text, no watermark, no logo, no border, no collage, no CGI, no illustration.","text, watermark, logo, caption, signature, border, frame, collage, multiple panels, cartoon, illustration, CGI, 3d render, low-poly, painting, anime, surreal, deformed, duplicate objects, extra limbs, blurry, out of focus, noise, oversaturated, posterized, artifacts, jpeg artifacts"
1539,automobile,taxi,parked,a quiet residential street,slightly off-center framing,backlit rim light,clean,a finely detailed photo,"a finely detailed photo of a taxi automobile parked in a quiet residential street, slightly off-center framing, backlit rim light. single main subject, photorealistic color photo, natural colors, realistic texture, sharp focus on subject, no people, no text, no watermark, no logo, no border, no collage, no CGI, no illustration.","text, watermark, logo, caption, signature, border, frame, collage, multiple panels, cartoon, illustration, CGI, 3d render, low-poly, painting, anime, surreal, deformed, duplicate objects, extra limbs, blurry, out of focus, noise, oversaturated, posterized, artifacts, jpeg artifacts"
1652,automobile,taxi,stopped at a curb,a suburban neighborhood,wide shot,nighttime under streetlights,clean,an ultra-realistic rendering,"an ultra-realistic rendering of a taxi automobile stopped at a curb in a suburban neighborhood, wide shot, nighttime under streetlights. single main subject, photorealistic color photo, natural colors, realistic texture, sharp focus on subject, no people, no text, no watermark, no logo, no border, no collage, no CGI, no illustration.","text, watermark, logo, caption, signature, border, frame, collage, multiple panels, cartoon, illustration, CGI, 3d render, low-poly, painting, anime, surreal, deformed, duplicate objects, extra limbs, blurry, out of focus, noise, oversaturated, posterized, artifacts, jpeg artifacts"
1527,automobile,compact car,turning at an intersection,a wet roadway after rain,high angle,nighttime under streetlights,clean,a finely detailed photo,"a finely detailed photo of a compact car automobile turning at an intersection in a wet roadway after rain, high angle, nighttime under streetlights. single main subject, photorealistic color photo, natural colors, realistic texture, sharp focus on subject, no people, no text, no watermark, no logo, no border, no collage, no CGI, no illustration.","text, watermark, logo, caption, signature, border, frame, collage, multiple panels, cartoon, illustration, CGI, 3d render, low-poly, painting, anime, surreal, deformed, duplicate objects, extra limbs, blurry, out of focus, noise, oversaturated, posterized, artifacts, jpeg artifacts"
1052,automobile,compact car,parked,a forest clearing,side profile,overcast daylight,clean,an ultra-realistic rendering,"an ultra-realistic rendering of a compact car automobile parked in a forest clearing, side profile, overcast daylight. single main subject, photorealistic color photo, natural colors, realistic texture, sharp focus on subject, no people, no text, no watermark, no logo, no border, no collage, no CGI, no illustration.","text, watermark, logo, caption, signature, border, frame, collage, multiple panels, cartoon, illustration, CGI, 3d render, low-poly, painting, anime, surreal, deformed, duplicate objects, extra limbs, blurry, out of focus, noise, oversaturated, posterized, artifacts, jpeg artifacts"
1013,automobile,coupe,driving,a wet roadway after rain,slightly off-center framing,nighttime under streetlights,clean,a finely detailed photo,"a finely detailed photo of a coupe automobile driving in a wet roadway after rain, slightly off-center framing, nighttime under streetlights. single main subject, photorealistic color photo, natural colors, realistic texture, sharp focus on subject, no people, no text, no watermark, no logo, no border, no collage, no CGI, no illustration.","text, watermark, logo, caption, signature, border, frame, collage, multiple panels, cartoon, illustration, CGI, 3d render, low-poly, painting, anime, surreal, deformed, duplicate objects, extra limbs, blurry, out of focus, noise, oversaturated, posterized, artifacts, jpeg artifacts"
1968,automobile,hatchback,stopped at a curb,a gravel lot,side profile,golden hour,hard,a professional photo,"a professional photo of a hatchback automobile stopped at a curb in a gravel lot, side profile, golden hour. partially occluded by a foreground object. single main subject, photorealistic color photo, natural colors, realistic texture, sharp focus on subject, no people, no text, no watermark, no logo, no border, no collage, no CGI, no illustration.","text, watermark, logo, caption, signature, border, frame, collage, multiple panels, cartoon, illustration, CGI, 3d render, low-poly, painting, anime, surreal, deformed, duplicate objects, extra limbs, blurry, out of focus, noise, oversaturated, posterized, artifacts, jpeg artifacts"
1402,automobile,taxi,stopped at a curb,an urban street,close-up,backlit rim light,clean,a professional photo,"a professional photo of a taxi automobile stopped at a curb in an urban street, close-up, backlit rim light. single main subject, photorealistic color photo, natural colors, realistic texture, sharp focus on subject, no people, no text, no watermark, no logo, no border, no collage, no CGI, no illustration.","text, watermark, logo, caption, signature, border, frame, collage, multiple panels, cartoon, illustration, CGI, 3d render, low-poly, painting, anime, surreal, deformed, duplicate objects, extra limbs, blurry, out of focus, noise, oversaturated, posterized, artifacts, jpeg artifacts"
1421,automobile,sedan,turning at an intersection,a city park,close-up,golden hour,clean,a professional photo,"a professional photo of a sedan automobile turning at an intersection in a city park, close-up, golden hour. single main subject, photorealistic color photo, natural colors, realistic texture, sharp focus on subject, no people, no text, no watermark, no logo, no border, no collage, no CGI, no illustration.","text, watermark, logo, caption, signature, border, frame, collage, multiple panels, cartoon, illustration, CGI, 3d render, low-poly, painting, anime, surreal, deformed, duplicate objects, extra limbs, blurry, out of focus, noise, oversaturated, posterized, artifacts, jpeg artifacts"
1369,automobile,coupe,driving,an industrial yard,high angle,indoor soft window light,clean,a detailed photograph,"a detailed photograph of a coupe automobile driving in an industrial yard, high angle, indoor soft window light. single main subject, photorealistic color photo, natural colors, realistic texture, sharp focus on subject, no people, no text, no watermark, no logo, no border, no collage, no CGI, no illustration.","text, watermark, logo, caption, signature, border, frame, collage, multiple panels, cartoon, illustration, CGI, 3d render, low-poly, painting, anime, surreal, deformed, duplicate objects, extra limbs, blurry, out of focus, noise, oversaturated, posterized, artifacts, jpeg artifacts"
1442,automobile,hatchback,stopped at a curb,a city park,low angle,rainy with wet reflections,clean,a detailed photograph,"a detailed photograph of a hatchback automobile stopped at a curb in a city park, low angle, rainy with wet reflections. single main subject, photorealistic color photo, natural colors, realistic texture, sharp focus on subject, no people, no text, no watermark, no logo, no border, no collage, no CGI, no illustration.","text, watermark, logo, caption, signature, border, frame, collage, multiple panels, cartoon, illustration, CGI, 3d render, low-poly, painting, anime, surreal, deformed, duplicate objects, extra limbs, blurry, out of focus, noise, oversaturated, posterized, artifacts, jpeg artifacts"
1218,automobile,sports car,driving,a suburban neighborhood,front view,sunny afternoon,clean,an ultra-realistic rendering,"an ultra-realistic rendering of a sports car automobile driving in a suburban neighborhood, front view, sunny afternoon. single main subject, photorealistic color photo, natural colors, realistic texture, sharp focus on subject, no people, no text, no watermark, no logo, no border, no collage, no CGI, no illustration.","text, watermark, logo, caption, signature, border, frame, collage, multiple panels, cartoon, illustration, CGI, 3d render, low-poly, painting, anime, surreal, deformed, duplicate objects, extra limbs, blurry, out of focus, noise, oversaturated, posterized, artifacts, jpeg artifacts"
1589,automobile,sedan,parked,a sandy beach,side profile,indoor soft window light,clean,a finely detailed photo,"a finely detailed photo of a sedan automobile parked in a sandy beach, side profile, indoor soft window light. single main subject, photorealistic color photo, natural colors, realistic texture, sharp focus on subject, no people, no text, no watermark, no logo, no border, no collage, no CGI, no illustration.","text, watermark, logo, caption, signature, border, frame, collage, multiple panels, cartoon, illustration, CGI, 3d render, low-poly, painting, anime, surreal, deformed, duplicate objects, extra limbs, blurry, out of focus, noise, oversaturated, posterized, artifacts, jpeg artifacts"
1110,automobile,taxi,parked,a grassy field,low angle,sunny afternoon,clean,a detailed photograph,"a detailed photograph of a taxi automobile parked in a grassy field, low angle, sunny afternoon. single main subject, photorealistic color photo, natural colors, realistic texture, sharp focus on subject, no people, no text, no watermark, no logo, no border, no collage, no CGI, no illustration.","text, watermark, logo, caption, signature, border, frame, collage, multiple panels, cartoon, illustration, CGI, 3d render, low-poly, painting, anime, surreal, deformed, duplicate objects, extra limbs, blurry, out of focus, noise, oversaturated, posterized, artifacts, jpeg artifacts"
1236,automobile,hatchback,driving,a quiet residential street,slightly off-center framing,backlit rim light,clean,an ultra-realistic rendering,"an ultra-realistic rendering of a hatchback automobile driving in a quiet residential street, slightly off-center framing, backlit rim light. single main subject, photorealistic color photo, natural colors, realistic texture, sharp focus on subject, no people, no text, no watermark, no logo, no border, no collage, no CGI, no illustration.","text, watermark, logo, caption, signature, border, frame, collage, multiple panels, cartoon, illustration, CGI, 3d render, low-poly, painting, anime, surreal, deformed, duplicate objects, extra limbs, blurry, out of focus, noise, oversaturated, posterized, artifacts, jpeg artifacts"
1385,automobile,hatchback,stopped at a curb,a sandy beach,slightly off-center framing,rainy with wet reflections,clean,a professional photo,"a professional photo of a hatchback automobile stopped at a curb in a sandy beach, slightly off-center framing, rainy with wet reflections. single main subject, photorealistic color photo, natural colors, realistic texture, sharp focus on subject, no people, no text, no watermark, no logo, no border, no collage, no CGI, no illustration.","text, watermark, logo, caption, signature, border, frame, collage, multiple panels, cartoon, illustration, CGI, 3d render, low-poly, painting, anime, surreal, deformed, duplicate objects, extra limbs, blurry, out of focus, noise, oversaturated, posterized, artifacts, jpeg artifacts"
1028,automobile,sedan,turning at an intersection,a suburban neighborhood,close-up,sunny afternoon,clean,a high-quality image,"a high-quality image of a sedan automobile turning at an intersection in a suburban neighborhood, close-up, sunny afternoon. single main subject, photorealistic color photo, natural colors, realistic texture, sharp focus on subject, no people, no text, no watermark, no logo, no border, no collage, no CGI, no illustration.","text, watermark, logo, caption, signature, border, frame, collage, multiple panels, cartoon, illustration, CGI, 3d render, low-poly, painting, anime, surreal, deformed, duplicate objects, extra limbs, blurry, out of focus, noise, oversaturated, posterized, artifacts, jpeg artifacts"
1828,automobile,sedan,stopped at a curb,a wet roadway after rain,side profile,foggy morning,hard,a professional photo,"a professional photo of a sedan automobile stopped at a curb in a wet roadway after rain, side profile, foggy morning. partially occluded by a foreground object. single main subject, photorealistic color photo, natural colors, realistic texture, sharp focus on subject, no people, no text, no watermark, no logo, no border, no collage, no CGI, no illustration.","text, watermark, logo, caption, signature, border, frame, collage, multiple panels, cartoon, illustration, CGI, 3d render, low-poly, painting, anime, surreal, deformed, duplicate objects, extra limbs, blurry, out of focus, noise, oversaturated, posterized, artifacts, jpeg artifacts"
1242,automobile,taxi,turning at an intersection,a quiet residential street,low angle,sunny afternoon,clean,a finely detailed photo,"a finely detailed photo of a taxi automobile turning at an intersection in a quiet residential street, low angle, sunny afternoon. single main subject, photorealistic color photo, natural colors, realistic texture, sharp focus on subject, no people, no text, no watermark, no logo, no border, no collage, no CGI, no illustration.","text, watermark, logo, caption, signature, border, frame, collage, multiple panels, cartoon, illustration, CGI, 3d render, low-poly, painting, anime, surreal, deformed, duplicate objects, extra limbs, blurry, out of focus, noise, oversaturated, posterized, artifacts, jpeg artifacts"
1350,automobile,compact car,parked,a parking lot,low angle,rainy with wet reflections,clean,an ultra-realistic rendering,"an ultra-realistic rendering of a compact car automobile parked in a parking lot, low angle, rainy with wet reflections. single main subject, photorealistic color photo, natural colors, realistic texture, sharp focus on subject, no people, no text, no watermark, no logo, no border, no collage, no CGI, no illustration.","text, watermark, logo, caption, signature, border, frame, collage, multiple panels, cartoon, illustration, CGI, 3d render, low-poly, painting, anime, surreal, deformed, duplicate objects, extra limbs, blurry, out of focus, noise, oversaturated, posterized, artifacts, jpeg artifacts"
1570,automobile,compact car,stopped at a curb,a forest clearing,close-up,nighttime under streetlights,clean,an ultra-realistic rendering,"an ultra-realistic rendering of a compact car automobile stopped at a curb in a forest clearing, close-up, nighttime under streetlights. single main subject, photorealistic color photo, natural colors, realistic texture, sharp focus on subject, no people, no text, no watermark, no logo, no border, no collage, no CGI, no illustration.","text, watermark, logo, caption, signature, border, frame, collage, multiple panels, cartoon, illustration, CGI, 3d render, low-poly, painting, anime, surreal, deformed, duplicate objects, extra limbs, blurry, out of focus, noise, oversaturated, posterized, artifacts, jpeg artifacts"
1736,automobile,compact car,stopped at a curb,a grassy field,high angle,foggy morning,clean,a detailed photograph,"a detailed photograph of a compact car automobile stopped at a curb in a grassy field, high angle, foggy morning. single main subject, photorealistic color photo, natural colors, realistic texture, sharp focus on subject, no people, no text, no watermark, no logo, no border, no collage, no CGI, no illustration.","text, watermark, logo, caption, signature, border, frame, collage, multiple panels, cartoon, illustration, CGI, 3d render, low-poly, painting, anime, surreal, deformed, duplicate objects, extra limbs, blurry, out of focus, noise, oversaturated, posterized, artifacts, jpeg artifacts"
1875,automobile,compact car,turning at an intersection,a suburban neighborhood,wide shot,indoor soft window light,hard,a detailed photograph,"a detailed photograph of a compact car automobile turning at an intersection in a suburban neighborhood, wide shot, indoor soft window light. partially occluded by a foreground object. single main subject, photorealistic color photo, natural colors, realistic texture, sharp focus on subject, no people, no text, no watermark, no logo, no border, no collage, no CGI, no illustration.","text, watermark, logo, caption, signature, border, frame, collage, multiple panels, cartoon, illustration, CGI, 3d render, low-poly, painting, anime, surreal, deformed, duplicate objects, extra limbs, blurry, out of focus, noise, oversaturated, posterized, artifacts, jpeg artifacts"
1419,automobile,taxi,driving,a city park,side profile,rainy with wet reflections,clean,a detailed photograph,"a detailed photograph of a taxi automobile driving in a city park, side profile, rainy with wet reflections. single main subject, photorealistic color photo, natural colors, realistic texture, sharp focus on subject, no people, no text, no watermark, no logo, no border, no collage, no CGI, no illustration.","text, watermark, logo, caption, signature, border, frame, collage, multiple panels, cartoon, illustration, CGI, 3d render, low-poly, painting, anime, surreal, deformed, duplicate objects, extra limbs, blurry, out of focus, noise, oversaturated, posterized, artifacts, jpeg artifacts"
1819,automobile,hatchback,turning at an intersection,a sandy beach,wide shot,overcast daylight,hard,an ultra-realistic rendering,"an ultra-realistic rendering of a hatchback automobile turning at an intersection in a sandy beach, wide shot, overcast daylight. partially occluded by a foreground object. single main subject, photorealistic color photo, natural colors, realistic texture, sharp focus on subject, no people, no text, no watermark, no logo, no border, no collage, no CGI, no illustration.","text, watermark, logo, caption, signature, border, frame, collage, multiple panels, cartoon, illustration, CGI, 3d render, low-poly, painting, anime, surreal, deformed, duplicate objects, extra limbs, blurry, out of focus, noise, oversaturated, posterized, artifacts, jpeg artifacts"
1882,automobile,sedan,driving,a grassy field,side profile,foggy morning,hard,a finely detailed photo,"a finely detailed photo of a sedan automobile driving in a grassy field, side profile, foggy morning. busy background but still one main subject. single main subject, photorealistic color photo, natural colors, realistic texture, sharp focus on subject, no people, no text, no watermark, no logo, no border, no collage, no CGI, no illustration.","text, watermark, logo, caption, signature, border, frame, collage, multiple panels, cartoon, illustration, CGI, 3d render, low-poly, painting, anime, surreal, deformed, duplicate objects, extra limbs, blurry, out of focus, noise, oversaturated, posterized, artifacts, jpeg artifacts"
1204,automobile,taxi,parked,an industrial yard,high angle,backlit rim light,clean,an ultra-realistic rendering,"an ultra-realistic rendering of a taxi automobile parked in an industrial yard, high angle, backlit rim light. single main subject, photorealistic color photo, natural colors, realistic texture, sharp focus on subject, no people, no text, no watermark, no logo, no border, no collage, no CGI, no illustration.","text, watermark, logo, caption, signature, border, frame, collage, multiple panels, cartoon, illustration, CGI, 3d render, low-poly, painting, anime, surreal, deformed, duplicate objects, extra limbs, blurry, out of focus, noise, oversaturated, posterized, artifacts, jpeg artifacts"
1645,automobile,hatchback,turning at an intersection,a parking lot,low angle,backlit rim light,clean,an ultra-realistic rendering,"an ultra-realistic rendering of a hatchback automobile turning at an intersection in a parking lot, low angle, backlit rim light. single main subject, photorealistic color photo, natural colors, realistic texture, sharp focus on subject, no people, no text, no watermark, no logo, no border, no collage, no CGI, no illustration.","text, watermark, logo, caption, signature, border, frame, collage, multiple panels, cartoon, illustration, CGI, 3d render, low-poly, painting, anime, surreal, deformed, duplicate objects, extra limbs, blurry, out of focus, noise, oversaturated, posterized, artifacts, jpeg artifacts"
1079,automobile,coupe,stopped at a curb,an urban street,3/4 view,indoor soft window light,clean,a detailed photograph,"a detailed photograph of a coupe automobile stopped at a curb in an urban street, 3/4 view, indoor soft window light. single main subject, photorealistic color photo, natural colors, realistic texture, sharp focus on subject, no people, no text, no watermark, no logo, no border, no collage, no CGI, no illustration.","text, watermark, logo, caption, signature, border, frame, collage, multiple panels, cartoon, illustration, CGI, 3d render, low-poly, painting, anime, surreal, deformed, duplicate objects, extra limbs, blurry, out of focus, noise, oversaturated, posterized, artifacts, jpeg artifacts"
1230,automobile,compact car,stopped at a curb,a suburban neighborhood,wide shot,sunny afternoon,clean,a finely detailed photo,"a finely detailed photo of a compact car automobile stopped at a curb in a suburban neighborhood, wide shot, sunny afternoon. single main subject, photorealistic color photo, natural colors, realistic texture, sharp focus on subject, no people, no text, no watermark, no logo, no border, no collage, no CGI, no illustration.","text, watermark, logo, caption, signature, border, frame, collage, multiple panels, cartoon, illustration, CGI, 3d render, low-poly, painting, anime, surreal, deformed, duplicate objects, extra limbs, blurry, out of focus, noise, oversaturated, posterized, artifacts, jpeg artifacts"
1844,automobile,sports car,turning at an intersection,a lakeside shore,cropped at the edge of the frame,rainy with wet reflections,hard,a photorealistic color photo,"a photorealistic color photo of a sports car automobile turning at an intersection in a lakeside shore, cropped at the edge of the frame, rainy with wet reflections. slight motion blur. single main subject, photorealistic color photo, natural colors, realistic texture, sharp focus on subject, no people, no text, no watermark, no logo, no border, no collage, no CGI, no illustration.","text, watermark, logo, caption, signature, border, frame, collage, multiple panels, cartoon, illustration, CGI, 3d render, low-poly, painting, anime, surreal, deformed, duplicate objects, extra limbs, blurry, out of focus, noise, oversaturated, posterized, artifacts, jpeg artifacts"
1721,automobile,coupe,parked,a gravel lot,3/4 view,nighttime under streetlights,clean,a professional photo,"a professional photo of a coupe automobile parked in a gravel lot, 3/4 view, nighttime under streetlights. single main subject, photorealistic color photo, natural colors, realistic texture, sharp focus on subject, no people, no text, no watermark, no logo, no border, no collage, no CGI, no illustration.","text, watermark, logo, caption, signature, border, frame, collage, multiple panels, cartoon, illustration, CGI, 3d render, low-poly, painting, anime, surreal, deformed, duplicate objects, extra limbs, blurry, out of focus, noise, oversaturated, posterized, artifacts, jpeg artifacts"
1580,automobile,taxi,stopped at a curb,a backyard,low angle,foggy morning,clean,a photorealistic color photo,"a photorealistic color photo of a taxi automobile stopped at a curb in a backyard, low angle, foggy morning. single main subject, photorealistic color photo, natural colors, realistic texture, sharp focus on subject, no people, no text, no watermark, no logo, no border, no collage, no CGI, no illustration.","text, watermark, logo, caption, signature, border, frame, collage, multiple panels, cartoon, illustration, CGI, 3d render, low-poly, painting, anime, surreal, deformed, duplicate objects, extra limbs, blurry, out of focus, noise, oversaturated, posterized, artifacts, jpeg artifacts"
1780,automobile,compact car,driving,a backyard,front view,backlit rim light,clean,a detailed photograph,"a detailed photograph of a compact car automobile driving in a backyard, front view, backlit rim light. single main subject, photorealistic color photo, natural colors, realistic texture, sharp focus on subject, no people, no text, no watermark, no logo, no border, no collage, no CGI, no illustration.","text, watermark, logo, caption, signature, border, frame, collage, multiple panels, cartoon, illustration, CGI, 3d render, low-poly, painting, anime, surreal, deformed, duplicate objects, extra limbs, blurry, out of focus, noise, oversaturated, posterized, artifacts, jpeg artifacts"
1832,automobile,sedan,stopped at a curb,an urban street,front view,nighttime under streetlights,hard,a photorealistic color photo,"a photorealistic color photo of a sedan automobile stopped at a curb in an urban street, front view, nighttime under streetlights. partially occluded by a foreground object. single main subject, photorealistic color photo, natural colors, realistic texture, sharp focus on subject, no people, no text, no watermark, no logo, no border, no collage, no CGI, no illustration.","text, watermark, logo, caption, signature, border, frame, collage, multiple panels, cartoon, illustration, CGI, 3d render, low-poly, painting, anime, surreal, deformed, duplicate objects, extra limbs, blurry, out of focus, noise, oversaturated, posterized, artifacts, jpeg artifacts"
1066,automobile,coupe,turning at an intersection,a suburban neighborhood,low angle,indoor soft window light,clean,a photorealistic color photo,"a photorealistic color photo of a coupe automobile turning at an intersection in a suburban neighborhood, low angle, indoor soft window light. single main subject, photorealistic color photo, natural colors, realistic texture, sharp focus on subject, no people, no text, no watermark, no logo, no border, no collage, no CGI, no illustration.","text, watermark, logo, caption, signature, border, frame, collage, multiple panels, cartoon, illustration, CGI, 3d render, low-poly, painting, anime, surreal, deformed, duplicate objects, extra limbs, blurry, out of focus, noise, oversaturated, posterized, artifacts, jpeg artifacts"
1280,automobile,hatchback,parked,a countryside road,low angle,backlit rim light,clean,an ultra-realistic rendering,"an ultra-realistic rendering of a hatchback automobile parked in a countryside road, low angle, backlit rim light. single main subject, photorealistic color photo, natural colors, realistic texture, sharp focus on subject, no people, no text, no watermark, no logo, no border, no collage, no CGI, no illustration.","text, watermark, logo, caption, signature, border, frame, collage, multiple panels, cartoon, illustration, CGI, 3d render, low-poly, painting, anime, surreal, deformed, duplicate objects, extra limbs, blurry, out of focus, noise, oversaturated, posterized, artifacts, jpeg artifacts"
1165,automobile,taxi,stopped at a curb,a forest clearing,3/4 view,golden hour,clean,a finely detailed photo,"a finely detailed photo of a taxi automobile stopped at a curb in a forest clearing, 3/4 view, golden hour. single main subject, photorealistic color photo, natural colors, realistic texture, sharp focus on subject, no people, no text, no watermark, no logo, no border, no collage, no CGI, no illustration.","text, watermark, logo, caption, signature, border, frame, collage, multiple panels, cartoon, illustration, CGI, 3d render, low-poly, painting, anime, surreal, deformed, duplicate objects, extra limbs, blurry, out of focus, noise, oversaturated, posterized, artifacts, jpeg artifacts"
1256,automobile,sedan,parked,a countryside road,front view,overcast daylight,clean,an ultra-realistic rendering,"an ultra-realistic rendering of a sedan automobile parked in a countryside road, front view, overcast daylight. single main subject, photorealistic color photo, natural colors, realistic texture, sharp focus on subject, no people, no text, no watermark, no logo, no border, no collage, no CGI, no illustration.","text, watermark, logo, caption, signature, border, frame, collage, multiple panels, cartoon, illustration, CGI, 3d render, low-poly, painting, anime, surreal, deformed, duplicate objects, extra limbs, blurry, out of focus, noise, oversaturated, posterized, artifacts, jpeg artifacts"
1956,automobile,sedan,driving,a sandy beach,front view,overcast daylight,hard,a finely detailed photo,"a finely detailed photo of a sedan automobile driving in a sandy beach, front view, overcast daylight. in the distance. single main subject, photorealistic color photo, natural colors, realistic texture, sharp focus on subject, no people, no text, no watermark, no logo, no border, no collage, no CGI, no illustration.","text, watermark, logo, caption, signature, border, frame, collage, multiple panels, cartoon, illustration, CGI, 3d render, low-poly, painting, anime, surreal, deformed, duplicate objects, extra limbs, blurry, out of focus, noise, oversaturated, posterized, artifacts, jpeg artifacts"
1699,automobile,hatchback,parked,a backyard,3/4 view,sunny afternoon,clean,a professional photo,"a professional photo of a hatchback automobile parked in a backyard, 3/4 view, sunny afternoon. single main subject, photorealistic color photo, natural colors, realistic texture, sharp focus on subject, no people, no text, no watermark, no logo, no border, no collage, no CGI, no illustration.","text, watermark, logo, caption, signature, border, frame, collage, multiple panels, cartoon, illustration, CGI, 3d render, low-poly, painting, anime, surreal, deformed, duplicate objects, extra limbs, blurry, out of focus, noise, oversaturated, posterized, artifacts, jpeg artifacts"
1508,automobile,sedan,stopped at a curb,a city park,low angle,nighttime under streetlights,clean,a finely detailed photo,"a finely detailed photo of a sedan automobile stopped at a curb in a city park, low angle, nighttime under streetlights. single main subject, photorealistic color photo, natural colors, realistic texture, sharp focus on subject, no people, no text, no watermark, no logo, no border, no collage, no CGI, no illustration.","text, watermark, logo, caption, signature, border, frame, collage, multiple panels, cartoon, illustration, CGI, 3d render, low-poly, painting, anime, surreal, deformed, duplicate objects, extra limbs, blurry, out of focus, noise, oversaturated, posterized, artifacts, jpeg artifacts"
1974,automobile,coupe,driving,a quiet residential street,high angle,overcast daylight,hard,an ultra-realistic rendering,"an ultra-realistic rendering of a coupe automobile driving in a quiet residential street, high angle, overcast daylight. busy background but still one main subject. single main subject, photorealistic color photo, natural colors, realistic texture, sharp focus on subject, no people, no text, no watermark, no logo, no border, no collage, no CGI, no illustration.","text, watermark, logo, caption, signature, border, frame, collage, multiple panels, cartoon, illustration, CGI, 3d render, low-poly, painting, anime, surreal, deformed, duplicate objects, extra limbs, blurry, out of focus, noise, oversaturated, posterized, artifacts, jpeg artifacts"
1274,automobile,coupe,stopped at a curb,a lakeside shore,low angle,rainy with wet reflections,clean,an ultra-realistic rendering,"an ultra-realistic rendering of a coupe automobile stopped at a curb in a lakeside shore, low angle, rainy with wet reflections. single main subject, photorealistic color photo, natural colors, realistic texture, sharp focus on subject, no people, no text, no watermark, no logo, no border, no collage, no CGI, no illustration.","text, watermark, logo, caption, signature, border, frame, collage, multiple panels, cartoon, illustration, CGI, 3d render, low-poly, painting, anime, surreal, deformed, duplicate objects, extra limbs, blurry, out of focus, noise, oversaturated, posterized, artifacts, jpeg artifacts"
1371,automobile,sedan,stopped at a curb,a countryside road,high angle,golden hour,clean,a professional photo,"a professional photo of a sedan automobile stopped at a curb in a countryside road, high angle, golden hour. single main subject, photorealistic color photo, natural colors, realistic texture, sharp focus on subject, no people, no text, no watermark, no logo, no border, no collage, no CGI, no illustration.","text, watermark, logo, caption, signature, border, frame, collage, multiple panels, cartoon, illustration, CGI, 3d render, low-poly, painting, anime, surreal, deformed, duplicate objects, extra limbs, blurry, out of focus, noise, oversaturated, posterized, artifacts, jpeg artifacts"
1521,automobile,sedan,parked,a forest clearing,front view,rainy with wet reflections,clean,a high-quality image,"a high-quality image of a sedan automobile parked in a forest clearing, front view, rainy with wet reflections. single main subject, photorealistic color photo, natural colors, realistic texture, sharp focus on subject, no people, no text, no watermark, no logo, no border, no collage, no CGI, no illustration.","text, watermark, logo, caption, signature, border, frame, collage, multiple panels, cartoon, illustration, CGI, 3d render, low-poly, painting, anime, surreal, deformed, duplicate objects, extra limbs, blurry, out of focus, noise, oversaturated, posterized, artifacts, jpeg artifacts"
1574,automobile,sedan,parked,a lakeside shore,3/4 view,indoor soft window light,clean,a high-quality image,"a high-quality image of a sedan automobile parked in a lakeside shore, 3/4 view, indoor soft window light. single main subject, photorealistic color photo, natural colors, realistic texture, sharp focus on subject, no people, no text, no watermark, no logo, no border, no collage, no CGI, no illustration.","text, watermark, logo, caption, signature, border, frame, collage, multiple panels, cartoon, illustration, CGI, 3d render, low-poly, painting, anime, surreal, deformed, duplicate objects, extra limbs, blurry, out of focus, noise, oversaturated, posterized, artifacts, jpeg artifacts"
1075,automobile,taxi,driving,a gravel lot,slightly off-center framing,indoor soft window light,clean,a finely detailed photo,"a finely detailed photo of a taxi automobile driving in a gravel lot, slightly off-center framing, indoor soft window light. single main subject, photorealistic color photo, natural colors, realistic texture, sharp focus on subject, no people, no text, no watermark, no logo, no border, no collage, no CGI, no illustration.","text, watermark, logo, caption, signature, border, frame, collage, multiple panels, cartoon, illustration, CGI, 3d render, low-poly, painting, anime, surreal, deformed, duplicate objects, extra limbs, blurry, out of focus, noise, oversaturated, posterized, artifacts, jpeg artifacts"
1364,automobile,compact car,stopped at a curb,a gravel lot,close-up,indoor soft window light,clean,a professional photo,"a professional photo of a compact car automobile stopped at a curb in a gravel lot, close-up, indoor soft window light. single main subject, photorealistic color photo, natural colors, realistic texture, sharp focus on subject, no people, no text, no watermark, no logo, no border, no collage, no CGI, no illustration.","text, watermark, logo, caption, signature, border, frame, collage, multiple panels, cartoon, illustration, CGI, 3d render, low-poly, painting, anime, surreal, deformed, duplicate objects, extra limbs, blurry, out of focus, noise, oversaturated, posterized, artifacts, jpeg artifacts"
1064,automobile,taxi,turning at an intersection,a parking lot,3/4 view,backlit rim light,clean,a photorealistic color photo,"a photorealistic color photo of a taxi automobile turning at an intersection in a parking lot, 3/4 view, backlit rim light. single main subject, photorealistic color photo, natural colors, realistic texture, sharp focus on subject, no people, no text, no watermark, no logo, no border, no collage, no CGI, no illustration.","text, watermark, logo, caption, signature, border, frame, collage, multiple panels, cartoon, illustration, CGI, 3d render, low-poly, painting, anime, surreal, deformed, duplicate objects, extra limbs, blurry, out of focus, noise, oversaturated, posterized, artifacts, jpeg artifacts"
1414,automobile,compact car,driving,a parking lot,close-up,overcast daylight,clean,an ultra-realistic rendering,"an ultra-realistic rendering of a compact car automobile driving in a parking lot, close-up, overcast daylight. single main subject, photorealistic color photo, natural colors, realistic texture, sharp focus on subject, no people, no text, no watermark, no logo, no border, no collage, no CGI, no illustration.","text, watermark, logo, caption, signature, border, frame, collage, multiple panels, cartoon, illustration, CGI, 3d render, low-poly, painting, anime, surreal, deformed, duplicate objects, extra limbs, blurry, out of focus, noise, oversaturated, posterized, artifacts, jpeg artifacts"
1206,automobile,sports car,driving,a suburban neighborhood,3/4 view,indoor soft window light,clean,an ultra-realistic rendering,"an ultra-realistic rendering of a sports car automobile driving in a suburban neighborhood, 3/4 view, indoor soft window light. single main subject, photorealistic color photo, natural colors, realistic texture, sharp focus on subject, no people, no text, no watermark, no logo, no border, no collage, no CGI, no illustration.","text, watermark, logo, caption, signature, border, frame, collage, multiple panels, cartoon, illustration, CGI, 3d render, low-poly, painting, anime, surreal, deformed, duplicate objects, extra limbs, blurry, out of focus, noise, oversaturated, posterized, artifacts, jpeg artifacts"
1441,automobile,taxi,stopped at a curb,a suburban neighborhood,slightly off-center framing,foggy morning,clean,a finely detailed photo,"a finely detailed photo of a taxi automobile stopped at a curb in a suburban neighborhood, slightly off-center framing, foggy morning. single main subject, photorealistic color photo, natural colors, realistic texture, sharp focus on subject, no people, no text, no watermark, no logo, no border, no collage, no CGI, no illustration.","text, watermark, logo, caption, signature, border, frame, collage, multiple panels, cartoon, illustration, CGI, 3d render, low-poly, painting, anime, surreal, deformed, duplicate objects, extra limbs, blurry, out of focus, noise, oversaturated, posterized, artifacts, jpeg artifacts"
1100,automobile,sedan,stopped at a curb,a gravel lot,wide shot,overcast daylight,clean,a detailed photograph,"a detailed photograph of a sedan automobile stopped at a curb in a gravel lot, wide shot, overcast daylight. single main subject, photorealistic color photo, natural colors, realistic texture, sharp focus on subject, no people, no text, no watermark, no logo, no border, no collage, no CGI, no illustration.","text, watermark, logo, caption, signature, border, frame, collage, multiple panels, cartoon, illustration, CGI, 3d render, low-poly, painting, anime, surreal, deformed, duplicate objects, extra limbs, blurry, out of focus, noise, oversaturated, posterized, artifacts, jpeg artifacts"
1289,automobile,hatchback,parked,a gravel lot,high angle,rainy with wet reflections,clean,a high-quality image,"a high-quality image of a hatchback automobile parked in a gravel lot, high angle, rainy with wet reflections. single main subject, photorealistic color photo, natural colors, realistic texture, sharp focus on subject, no people, no text, no watermark, no logo, no border, no collage, no CGI, no illustration.","text, watermark, logo, caption, signature, border, frame, collage, multiple panels, cartoon, illustration, CGI, 3d render, low-poly, painting, anime, surreal, deformed, duplicate objects, extra limbs, blurry, out of focus, noise, oversaturated, posterized, artifacts, jpeg artifacts"
1510,automobile,coupe,stopped at a curb,a lakeside shore,low angle,indoor soft window light,clean,a detailed photograph,"a detailed photograph of a coupe automobile stopped at a curb in a lakeside shore, low angle, indoor soft window light. single main subject, photorealistic color photo, natural colors, realistic texture, sharp focus on subject, no people, no text, no watermark, no logo, no border, no collage, no CGI, no illustration.","text, watermark, logo, caption, signature, border, frame, collage, multiple panels, cartoon, illustration, CGI, 3d render, low-poly, painting, anime, surreal, deformed, duplicate objects, extra limbs, blurry, out of focus, noise, oversaturated, posterized, artifacts, jpeg artifacts"
1379,automobile,compact car,stopped at a curb,a parking lot,slightly off-center framing,foggy morning,clean,a professional photo,"a professional photo of a compact car automobile stopped at a curb in a parking lot, slightly off-center framing, foggy morning. single main subject, photorealistic color photo, natural colors, realistic texture, sharp focus on subject, no people, no text, no watermark, no logo, no border, no collage, no CGI, no illustration.","text, watermark, logo, caption, signature, border, frame, collage, multiple panels, cartoon, illustration, CGI, 3d render, low-poly, painting, anime, surreal, deformed, duplicate objects, extra limbs, blurry, out of focus, noise, oversaturated, posterized, artifacts, jpeg artifacts"
1469,automobile,coupe,stopped at a curb,an urban street,high angle,indoor soft window light,clean,a detailed photograph,"a detailed photograph of a coupe automobile stopped at a curb in an urban street, high angle, indoor soft window light. single main subject, photorealistic color photo, natural colors, realistic texture, sharp focus on subject, no people, no text, no watermark, no logo, no border, no collage, no CGI, no illustration.","text, watermark, logo, caption, signature, border, frame, collage, multiple panels, cartoon, illustration, CGI, 3d render, low-poly, painting, anime, surreal, deformed, duplicate objects, extra limbs, blurry, out of focus, noise, oversaturated, posterized, artifacts, jpeg artifacts"
1986,automobile,sports car,stopped at a curb,a backyard,low angle,golden hour,hard,a professional photo,"a professional photo of a sports car automobile stopped at a curb in a backyard, low angle, golden hour. busy background but still one main subject. single main subject, photorealistic color photo, natural colors, realistic texture, sharp focus on subject, no people, no text, no watermark, no logo, no border, no collage, no CGI, no illustration.","text, watermark, logo, caption, signature, border, frame, collage, multiple panels, cartoon, illustration, CGI, 3d render, low-poly, painting, anime, surreal, deformed, duplicate objects, extra limbs, blurry, out of focus, noise, oversaturated, posterized, artifacts, jpeg artifacts"
1300,automobile,taxi,stopped at a curb,a forest clearing,3/4 view,sunny afternoon,clean,a high-quality image,"a high-quality image of a taxi automobile stopped at a curb in a forest clearing, 3/4 view, sunny afternoon. single main subject, photorealistic color photo, natural colors, realistic texture, sharp focus on subject, no people, no text, no watermark, no logo, no border, no collage, no CGI, no illustration.","text, watermark, logo, caption, signature, border, frame, collage, multiple panels, cartoon, illustration, CGI, 3d render, low-poly, painting, anime, surreal, deformed, duplicate objects, extra limbs, blurry, out of focus, noise, oversaturated, posterized, artifacts, jpeg artifacts"
1886,automobile,taxi,driving,a countryside road,3/4 view,sunny afternoon,hard,an ultra-realistic rendering,"an ultra-realistic rendering of a taxi automobile driving in a countryside road, 3/4 view, sunny afternoon. cropped slightly. single main subject, photorealistic color photo, natural colors, realistic texture, sharp focus on subject, no people, no text, no watermark, no logo, no border, no collage, no CGI, no illustration.","text, watermark, logo, caption, signature, border, frame, collage, multiple panels, cartoon, illustration, CGI, 3d render, low-poly, painting, anime, surreal, deformed, duplicate objects, extra limbs, blurry, out of focus, noise, oversaturated, posterized, artifacts, jpeg artifacts"
1925,automobile,coupe,parked,a forest clearing,low angle,sunny afternoon,hard,a finely detailed photo,"a finely detailed photo of a coupe automobile parked in a forest clearing, low angle, sunny afternoon. partially occluded by a foreground object. single main subject, photorealistic color photo, natural colors, realistic texture, sharp focus on subject, no people, no text, no watermark, no logo, no border, no collage, no CGI, no illustration.","text, watermark, logo, caption, signature, border, frame, collage, multiple panels, cartoon, illustration, CGI, 3d render, low-poly, painting, anime, surreal, deformed, duplicate objects, extra limbs, blurry, out of focus, noise, oversaturated, posterized, artifacts, jpeg artifacts"
1581,automobile,taxi,driving,a backyard,side profile,rainy with wet reflections,clean,an ultra-realistic rendering,"an ultra-realistic rendering of a taxi automobile driving in a backyard, side profile, rainy with wet reflections. single main subject, photorealistic color photo, natural colors, realistic texture, sharp focus on subject, no people, no text, no watermark, no logo, no border, no collage, no CGI, no illustration.","text, watermark, logo, caption, signature, border, frame, collage, multiple panels, cartoon, illustration, CGI, 3d render, low-poly, painting, anime, surreal, deformed, duplicate objects, extra limbs, blurry, out of focus, noise, oversaturated, posterized, artifacts, jpeg artifacts"
1332,automobile,taxi,stopped at a curb,a countryside road,wide shot,indoor soft window light,clean,a professional photo,"a professional photo of a taxi automobile stopped at a curb in a countryside road, wide shot, indoor soft window light. single main subject, photorealistic color photo, natural colors, realistic texture, sharp focus on subject, no people, no text, no watermark, no logo, no border, no collage, no CGI, no illustration.","text, watermark, logo, caption, signature, border, frame, collage, multiple panels, cartoon, illustration, CGI, 3d render, low-poly, painting, anime, surreal, deformed, duplicate objects, extra limbs, blurry, out of focus, noise, oversaturated, posterized, artifacts, jpeg artifacts"
1906,automobile,sports car,parked,a lakeside shore,high angle,foggy morning,hard,a professional photo,"a professional photo of a sports car automobile parked in a lakeside shore, high angle, foggy morning. slight motion blur. single main subject, photorealistic color photo, natural colors, realistic texture, sharp focus on subject, no people, no text, no watermark, no logo, no border, no collage, no CGI, no illustration.","text, watermark, logo, caption, signature, border, frame, collage, multiple panels, cartoon, illustration, CGI, 3d render, low-poly, painting, anime, surreal, deformed, duplicate objects, extra limbs, blurry, out of focus, noise, oversaturated, posterized, artifacts, jpeg artifacts"
1594,automobile,taxi,turning at an intersection,a sandy beach,wide shot,sunny afternoon,clean,an ultra-realistic rendering,"an ultra-realistic rendering of a taxi automobile turning at an intersection in a sandy beach, wide shot, sunny afternoon. single main subject, photorealistic color photo, natural colors, realistic texture, sharp focus on subject, no people, no text, no watermark, no logo, no border, no collage, no CGI, no illustration.","text, watermark, logo, caption, signature, border, frame, collage, multiple panels, cartoon, illustration, CGI, 3d render, low-poly, painting, anime, surreal, deformed, duplicate objects, extra limbs, blurry, out of focus, noise, oversaturated, posterized, artifacts, jpeg artifacts"
1951,automobile,taxi,driving,a quiet residential street,side profile,overcast daylight,hard,a professional photo,"a professional photo of a taxi automobile driving in a quiet residential street, side profile, overcast daylight. partially occluded by a foreground object. single main subject, photorealistic color photo, natural colors, realistic texture, sharp focus on subject, no people, no text, no watermark, no logo, no border, no collage, no CGI, no illustration.","text, watermark, logo, caption, signature, border, frame, collage, multiple panels, cartoon, illustration, CGI, 3d render, low-poly, painting, anime, surreal, deformed, duplicate objects, extra limbs, blurry, out of focus, noise, oversaturated, posterized, artifacts, jpeg artifacts"
1879,automobile,sports car,turning at an intersection,a countryside road,close-up,golden hour,hard,a finely detailed photo,"a finely detailed photo of a sports car automobile turning at an intersection in a countryside road, close-up, golden hour. slight motion blur. single main subject, photorealistic color photo, natural colors, realistic texture, sharp focus on subject, no people, no text, no watermark, no logo, no border, no collage, no CGI, no illustration.","text, watermark, logo, caption, signature, border, frame, collage, multiple panels, cartoon, illustration, CGI, 3d render, low-poly, painting, anime, surreal, deformed, duplicate objects, extra limbs, blurry, out of focus, noise, oversaturated, posterized, artifacts, jpeg artifacts"
1030,automobile,coupe,driving,a quiet residential street,3/4 view,nighttime under streetlights,clean,a professional photo,"a professional photo of a coupe automobile driving in a quiet residential street, 3/4 view, nighttime under streetlights. single main subject, photorealistic color photo, natural colors, realistic texture, sharp focus on subject, no people, no text, no watermark, no logo, no border, no collage, no CGI, no illustration.","text, watermark, logo, caption, signature, border, frame, collage, multiple panels, cartoon, illustration, CGI, 3d render, low-poly, painting, anime, surreal, deformed, duplicate objects, extra limbs, blurry, out of focus, noise, oversaturated, posterized, artifacts, jpeg artifacts"
1548,automobile,compact car,parked,a grassy field,front view,rainy with wet reflections,clean,a professional photo,"a professional photo of a compact car automobile parked in a grassy field, front view, rainy with wet reflections. single main subject, photorealistic color photo, natural colors, realistic texture, sharp focus on subject, no people, no text, no watermark, no logo, no border, no collage, no CGI, no illustration.","text, watermark, logo, caption, signature, border, frame, collage, multiple panels, cartoon, illustration, CGI, 3d render, low-poly, painting, anime, surreal, deformed, duplicate objects, extra limbs, blurry, out of focus, noise, oversaturated, posterized, artifacts, jpeg artifacts"
1757,automobile,sedan,stopped at a curb,a lakeside shore,slightly off-center framing,indoor soft window light,clean,an ultra-realistic rendering,"an ultra-realistic rendering of a sedan automobile stopped at a curb in a lakeside shore, slightly off-center framing, indoor soft window light. single main subject, photorealistic color photo, natural colors, realistic texture, sharp focus on subject, no people, no text, no watermark, no logo, no border, no collage, no CGI, no illustration.","text, watermark, logo, caption, signature, border, frame, collage, multiple panels, cartoon, illustration, CGI, 3d render, low-poly, painting, anime, surreal, deformed, duplicate objects, extra limbs, blurry, out of focus, noise, oversaturated, posterized, artifacts, jpeg artifacts"
1696,automobile,sedan,turning at an intersection,a quiet residential street,slightly off-center framing,sunny afternoon,clean,an ultra-realistic rendering,"an ultra-realistic rendering of a sedan automobile turning at an intersection in a quiet residential street, slightly off-center framing, sunny afternoon. single main subject, photorealistic color photo, natural colors, realistic texture, sharp focus on subject, no people, no text, no watermark, no logo, no border, no collage, no CGI, no illustration.","text, watermark, logo, caption, signature, border, frame, collage, multiple panels, cartoon, illustration, CGI, 3d render, low-poly, painting, anime, surreal, deformed, duplicate objects, extra limbs, blurry, out of focus, noise, oversaturated, posterized, artifacts, jpeg artifacts"
1467,automobile,hatchback,parked,a quiet residential street,high angle,golden hour,clean,a professional photo,"a professional photo of a hatchback automobile parked in a quiet residential street, high angle, golden hour. single main subject, photorealistic color photo, natural colors, realistic texture, sharp focus on subject, no people, no text, no watermark, no logo, no border, no collage, no CGI, no illustration.","text, watermark, logo, caption, signature, border, frame, collage, multiple panels, cartoon, illustration, CGI, 3d render, low-poly, painting, anime, surreal, deformed, duplicate objects, extra limbs, blurry, out of focus, noise, oversaturated, posterized, artifacts, jpeg artifacts"
1344,automobile,sports car,stopped at a curb,a suburban neighborhood,front view,sunny afternoon,clean,an ultra-realistic rendering,"an ultra-realistic rendering of a sports car automobile stopped at a curb in a suburban neighborhood, front view, sunny afternoon. single main subject, photorealistic color photo, natural colors, realistic texture, sharp focus on subject, no people, no text, no watermark, no logo, no border, no collage, no CGI, no illustration.","text, watermark, logo, caption, signature, border, frame, collage, multiple panels, cartoon, illustration, CGI, 3d render, low-poly, painting, anime, surreal, deformed, duplicate objects, extra limbs, blurry, out of focus, noise, oversaturated, posterized, artifacts, jpeg artifacts"
1096,automobile,compact car,driving,a city park,side profile,overcast daylight,clean,a photorealistic color photo,"a photorealistic color photo of a compact car automobile driving in a city park, side profile, overcast daylight. single main subject, photorealistic color photo, natural colors, realistic texture, sharp focus on subject, no people, no text, no watermark, no logo, no border, no collage, no CGI, no illustration.","text, watermark, logo, caption, signature, border, frame, collage, multiple panels, cartoon, illustration, CGI, 3d render, low-poly, painting, anime, surreal, deformed, duplicate objects, extra limbs, blurry, out of focus, noise, oversaturated, posterized, artifacts, jpeg artifacts"
1620,automobile,sedan,turning at an intersection,a backyard,wide shot,foggy morning,clean,a professional photo,"a professional photo of a sedan automobile turning at an intersection in a backyard, wide shot, foggy morning. single main subject, photorealistic color photo, natural colors, realistic texture, sharp focus on subject, no people, no text, no watermark, no logo, no border, no collage, no CGI, no illustration.","text, watermark, logo, caption, signature, border, frame, collage, multiple panels, cartoon, illustration, CGI, 3d render, low-poly, painting, anime, surreal, deformed, duplicate objects, extra limbs, blurry, out of focus, noise, oversaturated, posterized, artifacts, jpeg artifacts"
1748,automobile,coupe,turning at an intersection,a grassy field,front view,overcast daylight,clean,a high-quality image,"a high-quality image of a coupe automobile turning at an intersection in a grassy field, front view, overcast daylight. single main subject, photorealistic color photo, natural colors, realistic texture, sharp focus on subject, no people, no text, no watermark, no logo, no border, no collage, no CGI, no illustration.","text, watermark, logo, caption, signature, border, frame, collage, multiple panels, cartoon, illustration, CGI, 3d render, low-poly, painting, anime, surreal, deformed, duplicate objects, extra limbs, blurry, out of focus, noise, oversaturated, posterized, artifacts, jpeg artifacts"
1022,automobile,compact car,driving,a backyard,slightly off-center framing,rainy with wet reflections,clean,a detailed photograph,"a detailed photograph of a compact car automobile driving in a backyard, slightly off-center framing, rainy with wet reflections. single main subject, photorealistic color photo, natural colors, realistic texture, sharp focus on subject, no people, no text, no watermark, no logo, no border, no collage, no CGI, no illustration.","text, watermark, logo, caption, signature, border, frame, collage, multiple panels, cartoon, illustration, CGI, 3d render, low-poly, painting, anime, surreal, deformed, duplicate objects, extra limbs, blurry, out of focus, noise, oversaturated, posterized, artifacts, jpeg artifacts"
1746,automobile,sedan,turning at an intersection,a countryside road,close-up,golden hour,clean,a detailed photograph,"a detailed photograph of a sedan automobile turning at an intersection in a countryside road, close-up, golden hour. single main subject, photorealistic color photo, natural colors, realistic texture, sharp focus on subject, no people, no text, no watermark, no logo, no border, no collage, no CGI, no illustration.","text, watermark, logo, caption, signature, border, frame, collage, multiple panels, cartoon, illustration, CGI, 3d render, low-poly, painting, anime, surreal, deformed, duplicate objects, extra limbs, blurry, out of focus, noise, oversaturated, posterized, artifacts, jpeg artifacts"
1038,automobile,sedan,stopped at a curb,a gravel lot,high angle,indoor soft window light,clean,an ultra-realistic rendering,"an ultra-realistic rendering of a sedan automobile stopped at a curb in a gravel lot, high angle, indoor soft window light. single main subject, photorealistic color photo, natural colors, realistic texture, sharp focus on subject, no people, no text, no watermark, no logo, no border, no collage, no CGI, no illustration.","text, watermark, logo, caption, signature, border, frame, collage, multiple panels, cartoon, illustration, CGI, 3d render, low-poly, painting, anime, surreal, deformed, duplicate objects, extra limbs, blurry, out of focus, noise, oversaturated, posterized, artifacts, jpeg artifacts"
1512,automobile,coupe,turning at an intersection,a wet roadway after rain,3/4 view,rainy with wet reflections,clean,a high-quality image,"a high-quality image of a coupe automobile turning at an intersection in a wet roadway after rain, 3/4 view, rainy with wet reflections. single main subject, photorealistic color photo, natural colors, realistic texture, sharp focus on subject, no people, no text, no watermark, no logo, no border, no collage, no CGI, no illustration.","text, watermark, logo, caption, signature, border, frame, collage, multiple panels, cartoon, illustration, CGI, 3d render, low-poly, painting, anime, surreal, deformed, duplicate objects, extra limbs, blurry, out of focus, noise, oversaturated, posterized, artifacts, jpeg artifacts"
1215,automobile,taxi,parked,a sandy beach,close-up,overcast daylight,clean,a professional photo,"a professional photo of a taxi automobile parked in a sandy beach, close-up, overcast daylight. single main subject, photorealistic color photo, natural colors, realistic texture, sharp focus on subject, no people, no text, no watermark, no logo, no border, no collage, no CGI, no illustration.","text, watermark, logo, caption, signature, border, frame, collage, multiple panels, cartoon, illustration, CGI, 3d render, low-poly, painting, anime, surreal, deformed, duplicate objects, extra limbs, blurry, out of focus, noise, oversaturated, posterized, artifacts, jpeg artifacts"
1931,automobile,hatchback,driving,a countryside road,wide shot,backlit rim light,hard,a professional photo,"a professional photo of a hatchback automobile driving in a countryside road, wide shot, backlit rim light. busy background but still one main subject. single main subject, photorealistic color photo, natural colors, realistic texture, sharp focus on subject, no people, no text, no watermark, no logo, no border, no collage, no CGI, no illustration.","text, watermark, logo, caption, signature, border, frame, collage, multiple panels, cartoon, illustration, CGI, 3d render, low-poly, painting, anime, surreal, deformed, duplicate objects, extra limbs, blurry, out of focus, noise, oversaturated, posterized, artifacts, jpeg artifacts"
1522,automobile,compact car,turning at an intersection,a forest clearing,low angle,foggy morning,clean,a professional photo,"a professional photo of a compact car automobile turning at an intersection in a forest clearing, low angle, foggy morning. single main subject, photorealistic color photo, natural colors, realistic texture, sharp focus on subject, no people, no text, no watermark, no logo, no border, no collage, no CGI, no illustration.","text, watermark, logo, caption, signature, border, frame, collage, multiple panels, cartoon, illustration, CGI, 3d render, low-poly, painting, anime, surreal, deformed, duplicate objects, extra limbs, blurry, out of focus, noise, oversaturated, posterized, artifacts, jpeg artifacts"
1091,automobile,taxi,driving,a countryside road,slightly off-center framing,overcast daylight,clean,a photorealistic color photo,"a photorealistic color photo of a taxi automobile driving in a countryside road, slightly off-center framing, overcast daylight. single main subject, photorealistic color photo, natural colors, realistic texture, sharp focus on subject, no people, no text, no watermark, no logo, no border, no collage, no CGI, no illustration.","text, watermark, logo, caption, signature, border, frame, collage, multiple panels, cartoon, illustration, CGI, 3d render, low-poly, painting, anime, surreal, deformed, duplicate objects, extra limbs, blurry, out of focus, noise, oversaturated, posterized, artifacts, jpeg artifacts"
1177,automobile,compact car,stopped at a curb,a suburban neighborhood,front view,sunny afternoon,clean,a detailed photograph,"a detailed photograph of a compact car automobile stopped at a curb in a suburban neighborhood, front view, sunny afternoon. single main subject, photorealistic color photo, natural colors, realistic texture, sharp focus on subject, no people, no text, no watermark, no logo, no border, no collage, no CGI, no illustration.","text, watermark, logo, caption, signature, border, frame, collage, multiple panels, cartoon, illustration, CGI, 3d render, low-poly, painting, anime, surreal, deformed, duplicate objects, extra limbs, blurry, out of focus, noise, oversaturated, posterized, artifacts, jpeg artifacts"
1758,automobile,sports car,turning at an intersection,a lakeside shore,wide shot,overcast daylight,clean,a photorealistic color photo,"a photorealistic color photo of a sports car automobile turning at an intersection in a lakeside shore, wide shot, overcast daylight. single main subject, photorealistic color photo, natural colors, realistic texture, sharp focus on subject, no people, no text, no watermark, no logo, no border, no collage, no CGI, no illustration.","text, watermark, logo, caption, signature, border, frame, collage, multiple panels, cartoon, illustration, CGI, 3d render, low-poly, painting, anime, surreal, deformed, duplicate objects, extra limbs, blurry, out of focus, noise, oversaturated, posterized, artifacts, jpeg artifacts"
1851,automobile,coupe,turning at an intersection,an urban street,slightly off-center framing,overcast daylight,hard,a detailed photograph,"a detailed photograph of a coupe automobile turning at an intersection in an urban street, slightly off-center framing, overcast daylight. slight motion blur. single main subject, photorealistic color photo, natural colors, realistic texture, sharp focus on subject, no people, no text, no watermark, no logo, no border, no collage, no CGI, no illustration.","text, watermark, logo, caption, signature, border, frame, collage, multiple panels, cartoon, illustration, CGI, 3d render, low-poly, painting, anime, surreal, deformed, duplicate objects, extra limbs, blurry, out of focus, noise, oversaturated, posterized, artifacts, jpeg artifacts"
1203,automobile,hatchback,driving,a sandy beach,3/4 view,indoor soft window light,clean,a photorealistic color photo,"a photorealistic color photo of a hatchback automobile driving in a sandy beach, 3/4 view, indoor soft window light. single main subject, photorealistic color photo, natural colors, realistic texture, sharp focus on subject, no people, no text, no watermark, no logo, no border, no collage, no CGI, no illustration.","text, watermark, logo, caption, signature, border, frame, collage, multiple panels, cartoon, illustration, CGI, 3d render, low-poly, painting, anime, surreal, deformed, duplicate objects, extra limbs, blurry, out of focus, noise, oversaturated, posterized, artifacts, jpeg artifacts"
1520,automobile,compact car,parked,an industrial yard,low angle,overcast daylight,clean,a high-quality image,"a high-quality image of a compact car automobile parked in an industrial yard, low angle, overcast daylight. single main subject, photorealistic color photo, natural colors, realistic texture, sharp focus on subject, no people, no text, no watermark, no logo, no border, no collage, no CGI, no illustration.","text, watermark, logo, caption, signature, border, frame, collage, multiple panels, cartoon, illustration, CGI, 3d render, low-poly, painting, anime, surreal, deformed, duplicate objects, extra limbs, blurry, out of focus, noise, oversaturated, posterized, artifacts, jpeg artifacts"
1727,automobile,sports car,stopped at a curb,a wet roadway after rain,wide shot,rainy with wet reflections,clean,a photorealistic color photo,"a photorealistic color photo of a sports car automobile stopped at a curb in a wet roadway after rain, wide shot, rainy with wet reflections. single main subject, photorealistic color photo, natural colors, realistic texture, sharp focus on subject, no people, no text, no watermark, no logo, no border, no collage, no CGI, no illustration.","text, watermark, logo, caption, signature, border, frame, collage, multiple panels, cartoon, illustration, CGI, 3d render, low-poly, painting, anime, surreal, deformed, duplicate objects, extra limbs, blurry, out of focus, noise, oversaturated, posterized, artifacts, jpeg artifacts"
1408,automobile,coupe,driving,a parking lot,wide shot,rainy with wet reflections,clean,a high-quality image,"a high-quality image of a coupe automobile driving in a parking lot, wide shot, rainy with wet reflections. single main subject, photorealistic color photo, natural colors, realistic texture, sharp focus on subject, no people, no text, no watermark, no logo, no border, no collage, no CGI, no illustration.","text, watermark, logo, caption, signature, border, frame, collage, multiple panels, cartoon, illustration, CGI, 3d render, low-poly, painting, anime, surreal, deformed, duplicate objects, extra limbs, blurry, out of focus, noise, oversaturated, posterized, artifacts, jpeg artifacts"
1648,automobile,coupe,driving,a quiet residential street,high angle,foggy morning,clean,an ultra-realistic rendering,"an ultra-realistic rendering of a coupe automobile driving in a quiet residential street, high angle, foggy morning. single main subject, photorealistic color photo, natural colors, realistic texture, sharp focus on subject, no people, no text, no watermark, no logo, no border, no collage, no CGI, no illustration.","text, watermark, logo, caption, signature, border, frame, collage, multiple panels, cartoon, illustration, CGI, 3d render, low-poly, painting, anime, surreal, deformed, duplicate objects, extra limbs, blurry, out of focus, noise, oversaturated, posterized, artifacts, jpeg artifacts"
1020,automobile,taxi,stopped at a curb,a quiet residential street,side profile,foggy morning,clean,a high-quality image,"a high-quality image of a taxi automobile stopped at a curb in a quiet residential street, side profile, foggy morning. single main subject, photorealistic color photo, natural colors, realistic texture, sharp focus on subject, no people, no text, no watermark, no logo, no border, no collage, no CGI, no illustration.","text, watermark, logo, caption, signature, border, frame, collage, multiple panels, cartoon, illustration, CGI, 3d render, low-poly, painting, anime, surreal, deformed, duplicate objects, extra limbs, blurry, out of focus, noise, oversaturated, posterized, artifacts, jpeg artifacts"
1921,automobile,taxi,stopped at a curb,a sandy beach,high angle,sunny afternoon,hard,a finely detailed photo,"a finely detailed photo of a taxi automobile stopped at a curb in a sandy beach, high angle, sunny afternoon. busy background but still one main subject. single main subject, photorealistic color photo, natural colors, realistic texture, sharp focus on subject, no people, no text, no watermark, no logo, no border, no collage, no CGI, no illustration.","text, watermark, logo, caption, signature, border, frame, collage, multiple panels, cartoon, illustration, CGI, 3d render, low-poly, painting, anime, surreal, deformed, duplicate objects, extra limbs, blurry, out of focus, noise, oversaturated, posterized, artifacts, jpeg artifacts"
1170,automobile,compact car,driving,a city park,side profile,golden hour,clean,a finely detailed photo,"a finely detailed photo of a compact car automobile driving in a city park, side profile, golden hour. single main subject, photorealistic color photo, natural colors, realistic texture, sharp focus on subject, no people, no text, no watermark, no logo, no border, no collage, no CGI, no illustration.","text, watermark, logo, caption, signature, border, frame, collage, multiple panels, cartoon, illustration, CGI, 3d render, low-poly, painting, anime, surreal, deformed, duplicate objects, extra limbs, blurry, out of focus, noise, oversaturated, posterized, artifacts, jpeg artifacts"
1961,automobile,compact car,stopped at a curb,a grassy field,3/4 view,foggy morning,hard,an ultra-realistic rendering,"an ultra-realistic rendering of a compact car automobile stopped at a curb in a grassy field, 3/4 view, foggy morning. slight motion blur. single main subject, photorealistic color photo, natural colors, realistic texture, sharp focus on subject, no people, no text, no watermark, no logo, no border, no collage, no CGI, no illustration.","text, watermark, logo, caption, signature, border, frame, collage, multiple panels, cartoon, illustration, CGI, 3d render, low-poly, painting, anime, surreal, deformed, duplicate objects, extra limbs, blurry, out of focus, noise, oversaturated, posterized, artifacts, jpeg artifacts"
1626,automobile,sedan,stopped at a curb,a countryside road,3/4 view,overcast daylight,clean,a photorealistic color photo,"a photorealistic color photo of a sedan automobile stopped at a curb in a countryside road, 3/4 view, overcast daylight. single main subject, photorealistic color photo, natural colors, realistic texture, sharp focus on subject, no people, no text, no watermark, no logo, no border, no collage, no CGI, no illustration.","text, watermark, logo, caption, signature, border, frame, collage, multiple panels, cartoon, illustration, CGI, 3d render, low-poly, painting, anime, surreal, deformed, duplicate objects, extra limbs, blurry, out of focus, noise, oversaturated, posterized, artifacts, jpeg artifacts"
1166,automobile,sports car,stopped at a curb,a gravel lot,front view,foggy morning,clean,a finely detailed photo,"a finely detailed photo of a sports car automobile stopped at a curb in a gravel lot, front view, foggy morning. single main subject, photorealistic color photo, natural colors, realistic texture, sharp focus on subject, no people, no text, no watermark, no logo, no border, no collage, no CGI, no illustration.","text, watermark, logo, caption, signature, border, frame, collage, multiple panels, cartoon, illustration, CGI, 3d render, low-poly, painting, anime, surreal, deformed, duplicate objects, extra limbs, blurry, out of focus, noise, oversaturated, posterized, artifacts, jpeg artifacts"
1992,automobile,compact car,turning at an intersection,a lakeside shore,front view,indoor soft window light,hard,a detailed photograph,"a detailed photograph of a compact car automobile turning at an intersection in a lakeside shore, front view, indoor soft window light. partially occluded by a foreground object. single main subject, photorealistic color photo, natural colors, realistic texture, sharp focus on subject, no people, no text, no watermark, no logo, no border, no collage, no CGI, no illustration.","text, watermark, logo, caption, signature, border, frame, collage, multiple panels, cartoon, illustration, CGI, 3d render, low-poly, painting, anime, surreal, deformed, duplicate objects, extra limbs, blurry, out of focus, noise, oversaturated, posterized, artifacts, jpeg artifacts"
1113,automobile,compact car,driving,a city park,front view,rainy with wet reflections,clean,a detailed photograph,"a detailed photograph of a compact car automobile driving in a city park, front view, rainy with wet reflections. single main subject, photorealistic color photo, natural colors, realistic texture, sharp focus on subject, no people, no text, no watermark, no logo, no border, no collage, no CGI, no illustration.","text, watermark, logo, caption, signature, border, frame, collage, multiple panels, cartoon, illustration, CGI, 3d render, low-poly, painting, anime, surreal, deformed, duplicate objects, extra limbs, blurry, out of focus, noise, oversaturated, posterized, artifacts, jpeg artifacts"
1275,automobile,compact car,driving,a quiet residential street,close-up,overcast daylight,clean,a high-quality image,"a high-quality image of a compact car automobile driving in a quiet residential street, close-up, overcast daylight. single main subject, photorealistic color photo, natural colors, realistic texture, sharp focus on subject, no people, no text, no watermark, no logo, no border, no collage, no CGI, no illustration.","text, watermark, logo, caption, signature, border, frame, collage, multiple panels, cartoon, illustration, CGI, 3d render, low-poly, painting, anime, surreal, deformed, duplicate objects, extra limbs, blurry, out of focus, noise, oversaturated, posterized, artifacts, jpeg artifacts"
1614,automobile,coupe,stopped at a curb,a wet roadway after rain,front view,golden hour,clean,a finely detailed photo,"a finely detailed photo of a coupe automobile stopped at a curb in a wet roadway after rain, front view, golden hour. single main subject, photorealistic color photo, natural colors, realistic texture, sharp focus on subject, no people, no text, no watermark, no logo, no border, no collage, no CGI, no illustration.","text, watermark, logo, caption, signature, border, frame, collage, multiple panels, cartoon, illustration, CGI, 3d render, low-poly, painting, anime, surreal, deformed, duplicate objects, extra limbs, blurry, out of focus, noise, oversaturated, posterized, artifacts, jpeg artifacts"
1821,automobile,sedan,parked,a sandy beach,cropped at the edge of the frame,golden hour,hard,a high-quality image,"a high-quality image of a sedan automobile parked in a sandy beach, cropped at the edge of the frame, golden hour. cropped slightly. single main subject, photorealistic color photo, natural colors, realistic texture, sharp focus on subject, no people, no text, no watermark, no logo, no border, no collage, no CGI, no illustration.","text, watermark, logo, caption, signature, border, frame, collage, multiple panels, cartoon, illustration, CGI, 3d render, low-poly, painting, anime, surreal, deformed, duplicate objects, extra limbs, blurry, out of focus, noise, oversaturated, posterized, artifacts, jpeg artifacts"
1884,automobile,coupe,turning at an intersection,a grassy field,close-up,golden hour,hard,a professional photo,"a professional photo of a coupe automobile turning at an intersection in a grassy field, close-up, golden hour. cropped slightly. single main subject, photorealistic color photo, natural colors, realistic texture, sharp focus on subject, no people, no text, no watermark, no logo, no border, no collage, no CGI, no illustration.","text, watermark, logo, caption, signature, border, frame, collage, multiple panels, cartoon, illustration, CGI, 3d render, low-poly, painting, anime, surreal, deformed, duplicate objects, extra limbs, blurry, out of focus, noise, oversaturated, posterized, artifacts, jpeg artifacts"
1840,automobile,compact car,driving,an industrial yard,3/4 view,overcast daylight,hard,a finely detailed photo,"a finely detailed photo of a compact car automobile driving in an industrial yard, 3/4 view, overcast daylight. busy background but still one main subject. single main subject, photorealistic color photo, natural colors, realistic texture, sharp focus on subject, no people, no text, no watermark, no logo, no border, no collage, no CGI, no illustration.","text, watermark, logo, caption, signature, border, frame, collage, multiple panels, cartoon, illustration, CGI, 3d render, low-poly, painting, anime, surreal, deformed, duplicate objects, extra limbs, blurry, out of focus, noise, oversaturated, posterized, artifacts, jpeg artifacts"
1423,automobile,sedan,stopped at a curb,a backyard,close-up,golden hour,clean,a finely detailed photo,"a finely detailed photo of a sedan automobile stopped at a curb in a backyard, close-up, golden hour. single main subject, photorealistic color photo, natural colors, realistic texture, sharp focus on subject, no people, no text, no watermark, no logo, no border, no collage, no CGI, no illustration.","text, watermark, logo, caption, signature, border, frame, collage, multiple panels, cartoon, illustration, CGI, 3d render, low-poly, painting, anime, surreal, deformed, duplicate objects, extra limbs, blurry, out of focus, noise, oversaturated, posterized, artifacts, jpeg artifacts"
1072,automobile,compact car,parked,a gravel lot,wide shot,rainy with wet reflections,clean,an ultra-realistic rendering,"an ultra-realistic rendering of a compact car automobile parked in a gravel lot, wide shot, rainy with wet reflections. single main subject, photorealistic color photo, natural colors, realistic texture, sharp focus on subject, no people, no text, no watermark, no logo, no border, no collage, no CGI, no illustration.","text, watermark, logo, caption, signature, border, frame, collage, multiple panels, cartoon, illustration, CGI, 3d render, low-poly, painting, anime, surreal, deformed, duplicate objects, extra limbs, blurry, out of focus, noise, oversaturated, posterized, artifacts, jpeg artifacts"
1629,automobile,sports car,parked,an industrial yard,3/4 view,sunny afternoon,clean,a photorealistic color photo,"a photorealistic color photo of a sports car automobile parked in an industrial yard, 3/4 view, sunny afternoon. single main subject, photorealistic color photo, natural colors, realistic texture, sharp focus on subject, no people, no text, no watermark, no logo, no border, no collage, no CGI, no illustration.","text, watermark, logo, caption, signature, border, frame, collage, multiple panels, cartoon, illustration, CGI, 3d render, low-poly, painting, anime, surreal, deformed, duplicate objects, extra limbs, blurry, out of focus, noise, oversaturated, posterized, artifacts, jpeg artifacts"
1149,automobile,hatchback,driving,a parking lot,front view,sunny afternoon,clean,a detailed photograph,"a detailed photograph of a hatchback automobile driving in a parking lot, front view, sunny afternoon. single main subject, photorealistic color photo, natural colors, realistic texture, sharp focus on subject, no people, no text, no watermark, no logo, no border, no collage, no CGI, no illustration.","text, watermark, logo, caption, signature, border, frame, collage, multiple panels, cartoon, illustration, CGI, 3d render, low-poly, painting, anime, surreal, deformed, duplicate objects, extra limbs, blurry, out of focus, noise, oversaturated, posterized, artifacts, jpeg artifacts"
1290,automobile,coupe,stopped at a curb,a lakeside shore,front view,foggy morning,clean,a professional photo,"a professional photo of a coupe automobile stopped at a curb in a lakeside shore, front view, foggy morning. single main subject, photorealistic color photo, natural colors, realistic texture, sharp focus on subject, no people, no text, no watermark, no logo, no border, no collage, no CGI, no illustration.","text, watermark, logo, caption, signature, border, frame, collage, multiple panels, cartoon, illustration, CGI, 3d render, low-poly, painting, anime, surreal, deformed, duplicate objects, extra limbs, blurry, out of focus, noise, oversaturated, posterized, artifacts, jpeg artifacts"
1634,automobile,hatchback,turning at an intersection,a backyard,slightly off-center framing,indoor soft window light,clean,a detailed photograph,"a detailed photograph of a hatchback automobile turning at an intersection in a backyard, slightly off-center framing, indoor soft window light. single main subject, photorealistic color photo, natural colors, realistic texture, sharp focus on subject, no people, no text, no watermark, no logo, no border, no collage, no CGI, no illustration.","text, watermark, logo, caption, signature, border, frame, collage, multiple panels, cartoon, illustration, CGI, 3d render, low-poly, painting, anime, surreal, deformed, duplicate objects, extra limbs, blurry, out of focus, noise, oversaturated, posterized, artifacts, jpeg artifacts"
1535,automobile,hatchback,driving,a parking lot,close-up,indoor soft window light,clean,a detailed photograph,"a detailed photograph of a hatchback automobile driving in a parking lot, close-up, indoor soft window light. single main subject, photorealistic color photo, natural colors, realistic texture, sharp focus on subject, no people, no text, no watermark, no logo, no border, no collage, no CGI, no illustration.","text, watermark, logo, caption, signature, border, frame, collage, multiple panels, cartoon, illustration, CGI, 3d render, low-poly, painting, anime, surreal, deformed, duplicate objects, extra limbs, blurry, out of focus, noise, oversaturated, posterized, artifacts, jpeg artifacts"
1671,automobile,sedan,stopped at a curb,a city park,close-up,indoor soft window light,clean,a photorealistic color photo,"a photorealistic color photo of a sedan automobile stopped at a curb in a city park, close-up, indoor soft window light. single main subject, photorealistic color photo, natural colors, realistic texture, sharp focus on subject, no people, no text, no watermark, no logo, no border, no collage, no CGI, no illustration.","text, watermark, logo, caption, signature, border, frame, collage, multiple panels, cartoon, illustration, CGI, 3d render, low-poly, painting, anime, surreal, deformed, duplicate objects, extra limbs, blurry, out of focus, noise, oversaturated, posterized, artifacts, jpeg artifacts"
1431,automobile,compact car,driving,a grassy field,slightly off-center framing,rainy with wet reflections,clean,a detailed photograph,"a detailed photograph of a compact car automobile driving in a grassy field, slightly off-center framing, rainy with wet reflections. single main subject, photorealistic color photo, natural colors, realistic texture, sharp focus on subject, no people, no text, no watermark, no logo, no border, no collage, no CGI, no illustration.","text, watermark, logo, caption, signature, border, frame, collage, multiple panels, cartoon, illustration, CGI, 3d render, low-poly, painting, anime, surreal, deformed, duplicate objects, extra limbs, blurry, out of focus, noise, oversaturated, posterized, artifacts, jpeg artifacts"
1412,automobile,sports car,driving,a gravel lot,high angle,foggy morning,clean,an ultra-realistic rendering,"an ultra-realistic rendering of a sports car automobile driving in a gravel lot, high angle, foggy morning. single main subject, photorealistic color photo, natural colors, realistic texture, sharp focus on subject, no people, no text, no watermark, no logo, no border, no collage, no CGI, no illustration.","text, watermark, logo, caption, signature, border, frame, collage, multiple panels, cartoon, illustration, CGI, 3d render, low-poly, painting, anime, surreal, deformed, duplicate objects, extra limbs, blurry, out of focus, noise, oversaturated, posterized, artifacts, jpeg artifacts"
1154,automobile,hatchback,driving,an industrial yard,slightly off-center framing,golden hour,clean,a detailed photograph,"a detailed photograph of a hatchback automobile driving in an industrial yard, slightly off-center framing, golden hour. single main subject, photorealistic color photo, natural colors, realistic texture, sharp focus on subject, no people, no text, no watermark, no logo, no border, no collage, no CGI, no illustration.","text, watermark, logo, caption, signature, border, frame, collage, multiple panels, cartoon, illustration, CGI, 3d render, low-poly, painting, anime, surreal, deformed, duplicate objects, extra limbs, blurry, out of focus, noise, oversaturated, posterized, artifacts, jpeg artifacts"
1394,automobile,coupe,stopped at a curb,a quiet residential street,close-up,rainy with wet reflections,clean,a photorealistic color photo,"a photorealistic color photo of a coupe automobile stopped at a curb in a quiet residential street, close-up, rainy with wet reflections. single main subject, photorealistic color photo, natural colors, realistic texture, sharp focus on subject, no people, no text, no watermark, no logo, no border, no collage, no CGI, no illustration.","text, watermark, logo, caption, signature, border, frame, collage, multiple panels, cartoon, illustration, CGI, 3d render, low-poly, painting, anime, surreal, deformed, duplicate objects, extra limbs, blurry, out of focus, noise, oversaturated, posterized, artifacts, jpeg artifacts"
1279,automobile,compact car,driving,a lakeside shore,high angle,golden hour,clean,a photorealistic color photo,"a photorealistic color photo of a compact car automobile driving in a lakeside shore, high angle, golden hour. single main subject, photorealistic color photo, natural colors, realistic texture, sharp focus on subject, no people, no text, no watermark, no logo, no border, no collage, no CGI, no illustration.","text, watermark, logo, caption, signature, border, frame, collage, multiple panels, cartoon, illustration, CGI, 3d render, low-poly, painting, anime, surreal, deformed, duplicate objects, extra limbs, blurry, out of focus, noise, oversaturated, posterized, artifacts, jpeg artifacts"
1776,automobile,coupe,driving,a wet roadway after rain,3/4 view,backlit rim light,clean,a finely detailed photo,"a finely detailed photo of a coupe automobile driving in a wet roadway after rain, 3/4 view, backlit rim light. single main subject, photorealistic color photo, natural colors, realistic texture, sharp focus on subject, no people, no text, no watermark, no logo, no border, no collage, no CGI, no illustration.","text, watermark, logo, caption, signature, border, frame, collage, multiple panels, cartoon, illustration, CGI, 3d render, low-poly, painting, anime, surreal, deformed, duplicate objects, extra limbs, blurry, out of focus, noise, oversaturated, posterized, artifacts, jpeg artifacts"
1646,automobile,taxi,driving,an industrial yard,low angle,overcast daylight,clean,a detailed photograph,"a detailed photograph of a taxi automobile driving in an industrial yard, low angle, overcast daylight. single main subject, photorealistic color photo, natural colors, realistic texture, sharp focus on subject, no people, no text, no watermark, no logo, no border, no collage, no CGI, no illustration.","text, watermark, logo, caption, signature, border, frame, collage, multiple panels, cartoon, illustration, CGI, 3d render, low-poly, painting, anime, surreal, deformed, duplicate objects, extra limbs, blurry, out of focus, noise, oversaturated, posterized, artifacts, jpeg artifacts"
1298,automobile,sports car,turning at an intersection,a suburban neighborhood,high angle,golden hour,clean,a photorealistic color photo,"a photorealistic color photo of a sports car automobile turning at an intersection in a suburban neighborhood, high angle, golden hour. single main subject, photorealistic color photo, natural colors, realistic texture, sharp focus on subject, no people, no text, no watermark, no logo, no border, no collage, no CGI, no illustration.","text, watermark, logo, caption, signature, border, frame, collage, multiple panels, cartoon, illustration, CGI, 3d render, low-poly, painting, anime, surreal, deformed, duplicate objects, extra limbs, blurry, out of focus, noise, oversaturated, posterized, artifacts, jpeg artifacts"
1155,automobile,taxi,stopped at a curb,a lakeside shore,close-up,overcast daylight,clean,a photorealistic color photo,"a photorealistic color photo of a taxi automobile stopped at a curb in a lakeside shore, close-up, overcast daylight. single main subject, photorealistic color photo, natural colors, realistic texture, sharp focus on subject, no people, no text, no watermark, no logo, no border, no collage, no CGI, no illustration.","text, watermark, logo, caption, signature, border, frame, collage, multiple panels, cartoon, illustration, CGI, 3d render, low-poly, painting, anime, surreal, deformed, duplicate objects, extra limbs, blurry, out of focus, noise, oversaturated, posterized, artifacts, jpeg artifacts"
1889,automobile,sports car,parked,a city park,front view,indoor soft window light,hard,a finely detailed photo,"a finely detailed photo of a sports car automobile parked in a city park, front view, indoor soft window light. in the distance. single main subject, photorealistic color photo, natural colors, realistic texture, sharp focus on subject, no people, no text, no watermark, no logo, no border, no collage, no CGI, no illustration.","text, watermark, logo, caption, signature, border, frame, collage, multiple panels, cartoon, illustration, CGI, 3d render, low-poly, painting, anime, surreal, deformed, duplicate objects, extra limbs, blurry, out of focus, noise, oversaturated, posterized, artifacts, jpeg artifacts"
1912,automobile,compact car,turning at an intersection,a wet roadway after rain,high angle,sunny afternoon,hard,a finely detailed photo,"a finely detailed photo of a compact car automobile turning at an intersection in a wet roadway after rain, high angle, sunny afternoon. cropped slightly. single main subject, photorealistic color photo, natural colors, realistic texture, sharp focus on subject, no people, no text, no watermark, no logo, no border, no collage, no CGI, no illustration.","text, watermark, logo, caption, signature, border, frame, collage, multiple panels, cartoon, illustration, CGI, 3d render, low-poly, painting, anime, surreal, deformed, duplicate objects, extra limbs, blurry, out of focus, noise, oversaturated, posterized, artifacts, jpeg artifacts"
1932,automobile,sports car,driving,a parking lot,3/4 view,golden hour,hard,a photorealistic color photo,"a photorealistic color photo of a sports car automobile driving in a parking lot, 3/4 view, golden hour. in the distance. single main subject, photorealistic color photo, natural colors, realistic texture, sharp focus on subject, no people, no text, no watermark, no logo, no border, no collage, no CGI, no illustration.","text, watermark, logo, caption, signature, border, frame, collage, multiple panels, cartoon, illustration, CGI, 3d render, low-poly, painting, anime, surreal, deformed, duplicate objects, extra limbs, blurry, out of focus, noise, oversaturated, posterized, artifacts, jpeg artifacts"
1180,automobile,compact car,parked,an industrial yard,front view,backlit rim light,clean,a finely detailed photo,"a finely detailed photo of a compact car automobile parked in an industrial yard, front view, backlit rim light. single main subject, photorealistic color photo, natural colors, realistic texture, sharp focus on subject, no people, no text, no watermark, no logo, no border, no collage, no CGI, no illustration.","text, watermark, logo, caption, signature, border, frame, collage, multiple panels, cartoon, illustration, CGI, 3d render, low-poly, painting, anime, surreal, deformed, duplicate objects, extra limbs, blurry, out of focus, noise, oversaturated, posterized, artifacts, jpeg artifacts"
1532,automobile,hatchback,stopped at a curb,a wet roadway after rain,3/4 view,foggy morning,clean,a professional photo,"a professional photo of a hatchback automobile stopped at a curb in a wet roadway after rain, 3/4 view, foggy morning. single main subject, photorealistic color photo, natural colors, realistic texture, sharp focus on subject, no people, no text, no watermark, no logo, no border, no collage, no CGI, no illustration.","text, watermark, logo, caption, signature, border, frame, collage, multiple panels, cartoon, illustration, CGI, 3d render, low-poly, painting, anime, surreal, deformed, duplicate objects, extra limbs, blurry, out of focus, noise, oversaturated, posterized, artifacts, jpeg artifacts"
1360,automobile,sports car,stopped at a curb,a wet roadway after rain,close-up,foggy morning,clean,a professional photo,"a professional photo of a sports car automobile stopped at a curb in a wet roadway after rain, close-up, foggy morning. single main subject, photorealistic color photo, natural colors, realistic texture, sharp focus on subject, no people, no text, no watermark, no logo, no border, no collage, no CGI, no illustration.","text, watermark, logo, caption, signature, border, frame, collage, multiple panels, cartoon, illustration, CGI, 3d render, low-poly, painting, anime, surreal, deformed, duplicate objects, extra limbs, blurry, out of focus, noise, oversaturated, posterized, artifacts, jpeg artifacts"
1713,automobile,sports car,parked,a suburban neighborhood,wide shot,foggy morning,clean,a photorealistic color photo,"a photorealistic color photo of a sports car automobile parked in a suburban neighborhood, wide shot, foggy morning. single main subject, photorealistic color photo, natural colors, realistic texture, sharp focus on subject, no people, no text, no watermark, no logo, no border, no collage, no CGI, no illustration.","text, watermark, logo, caption, signature, border, frame, collage, multiple panels, cartoon, illustration, CGI, 3d render, low-poly, painting, anime, surreal, deformed, duplicate objects, extra limbs, blurry, out of focus, noise, oversaturated, posterized, artifacts, jpeg artifacts"
1460,automobile,hatchback,parked,a sandy beach,high angle,backlit rim light,clean,a finely detailed photo,"a finely detailed photo of a hatchback automobile parked in a sandy beach, high angle, backlit rim light. single main subject, photorealistic color photo, natural colors, realistic texture, sharp focus on subject, no people, no text, no watermark, no logo, no border, no collage, no CGI, no illustration.","text, watermark, logo, caption, signature, border, frame, collage, multiple panels, cartoon, illustration, CGI, 3d render, low-poly, painting, anime, surreal, deformed, duplicate objects, extra limbs, blurry, out of focus, noise, oversaturated, posterized, artifacts, jpeg artifacts"
1485,automobile,taxi,stopped at a curb,a suburban neighborhood,wide shot,overcast daylight,clean,a photorealistic color photo,"a photorealistic color photo of a taxi automobile stopped at a curb in a suburban neighborhood, wide shot, overcast daylight. single main subject, photorealistic color photo, natural colors, realistic texture, sharp focus on subject, no people, no text, no watermark, no logo, no border, no collage, no CGI, no illustration.","text, watermark, logo, caption, signature, border, frame, collage, multiple panels, cartoon, illustration, CGI, 3d render, low-poly, painting, anime, surreal, deformed, duplicate objects, extra limbs, blurry, out of focus, noise, oversaturated, posterized, artifacts, jpeg artifacts"
1011,automobile,sedan,driving,a parking lot,3/4 view,golden hour,clean,a photorealistic color photo,"a photorealistic color photo of a sedan automobile driving in a parking lot, 3/4 view, golden hour. single main subject, photorealistic color photo, natural colors, realistic texture, sharp focus on subject, no people, no text, no watermark, no logo, no border, no collage, no CGI, no illustration.","text, watermark, logo, caption, signature, border, frame, collage, multiple panels, cartoon, illustration, CGI, 3d render, low-poly, painting, anime, surreal, deformed, duplicate objects, extra limbs, blurry, out of focus, noise, oversaturated, posterized, artifacts, jpeg artifacts"
1810,automobile,taxi,parked,a countryside road,close-up,sunny afternoon,hard,a photorealistic color photo,"a photorealistic color photo of a taxi automobile parked in a countryside road, close-up, sunny afternoon. slight motion blur. single main subject, photorealistic color photo, natural colors, realistic texture, sharp focus on subject, no people, no text, no watermark, no logo, no border, no collage, no CGI, no illustration.","text, watermark, logo, caption, signature, border, frame, collage, multiple panels, cartoon, illustration, CGI, 3d render, low-poly, painting, anime, surreal, deformed, duplicate objects, extra limbs, blurry, out of focus, noise, oversaturated, posterized, artifacts, jpeg artifacts"
1894,automobile,coupe,stopped at a curb,a forest clearing,side profile,indoor soft window light,hard,a finely detailed photo,"a finely detailed photo of a coupe automobile stopped at a curb in a forest clearing, side profile, indoor soft window light. slight motion blur. single main subject, photorealistic color photo, natural colors, realistic texture, sharp focus on subject, no people, no text, no watermark, no logo, no border, no collage, no CGI, no illustration.","text, watermark, logo, caption, signature, border, frame, collage, multiple panels, cartoon, illustration, CGI, 3d render, low-poly, painting, anime, surreal, deformed, duplicate objects, extra limbs, blurry, out of focus, noise, oversaturated, posterized, artifacts, jpeg artifacts"
1074,automobile,hatchback,turning at an intersection,a countryside road,wide shot,nighttime under streetlights,clean,a professional photo,"a professional photo of a hatchback automobile turning at an intersection in a countryside road, wide shot, nighttime under streetlights. single main subject, photorealistic color photo, natural colors, realistic texture, sharp focus on subject, no people, no text, no watermark, no logo, no border, no collage, no CGI, no illustration.","text, watermark, logo, caption, signature, border, frame, collage, multiple panels, cartoon, illustration, CGI, 3d render, low-poly, painting, anime, surreal, deformed, duplicate objects, extra limbs, blurry, out of focus, noise, oversaturated, posterized, artifacts, jpeg artifacts"
1081,automobile,sports car,turning at an intersection,an urban street,low angle,foggy morning,clean,a high-quality image,"a high-quality image of a sports car automobile turning at an intersection in an urban street, low angle, foggy morning. single main subject, photorealistic color photo, natural colors, realistic texture, sharp focus on subject, no people, no text, no watermark, no logo, no border, no collage, no CGI, no illustration.","text, watermark, logo, caption, signature, border, frame, collage, multiple panels, cartoon, illustration, CGI, 3d render, low-poly, painting, anime, surreal, deformed, duplicate objects, extra limbs, blurry, out of focus, noise, oversaturated, posterized, artifacts, jpeg artifacts"
1472,automobile,sedan,stopped at a curb,a backyard,wide shot,golden hour,clean,a detailed photograph,"a detailed photograph of a sedan automobile stopped at a curb in a backyard, wide shot, golden hour. single main subject, photorealistic color photo, natural colors, realistic texture, sharp focus on subject, no people, no text, no watermark, no logo, no border, no collage, no CGI, no illustration.","text, watermark, logo, caption, signature, border, frame, collage, multiple panels, cartoon, illustration, CGI, 3d render, low-poly, painting, anime, surreal, deformed, duplicate objects, extra limbs, blurry, out of focus, noise, oversaturated, posterized, artifacts, jpeg artifacts"
1719,automobile,coupe,stopped at a curb,a parking lot,high angle,foggy morning,clean,an ultra-realistic rendering,"an ultra-realistic rendering of a coupe automobile stopped at a curb in a parking lot, high angle, foggy morning. single main subject, photorealistic color photo, natural colors, realistic texture, sharp focus on subject, no people, no text, no watermark, no logo, no border, no collage, no CGI, no illustration.","text, watermark, logo, caption, signature, border, frame, collage, multiple panels, cartoon, illustration, CGI, 3d render, low-poly, painting, anime, surreal, deformed, duplicate objects, extra limbs, blurry, out of focus, noise, oversaturated, posterized, artifacts, jpeg artifacts"
1533,automobile,sedan,stopped at a curb,a countryside road,low angle,sunny afternoon,clean,a professional photo,"a professional photo of a sedan automobile stopped at a curb in a countryside road, low angle, sunny afternoon. single main subject, photorealistic color photo, natural colors, realistic texture, sharp focus on subject, no people, no text, no watermark, no logo, no border, no collage, no CGI, no illustration.","text, watermark, logo, caption, signature, border, frame, collage, multiple panels, cartoon, illustration, CGI, 3d render, low-poly, painting, anime, surreal, deformed, duplicate objects, extra limbs, blurry, out of focus, noise, oversaturated, posterized, artifacts, jpeg artifacts"
1192,automobile,sports car,turning at an intersection,a wet roadway after rain,high angle,backlit rim light,clean,a detailed photograph,"a detailed photograph of a sports car automobile turning at an intersection in a wet roadway after rain, high angle, backlit rim light. single main subject, photorealistic color photo, natural colors, realistic texture, sharp focus on subject, no people, no text, no watermark, no logo, no border, no collage, no CGI, no illustration.","text, watermark, logo, caption, signature, border, frame, collage, multiple panels, cartoon, illustration, CGI, 3d render, low-poly, painting, anime, surreal, deformed, duplicate objects, extra limbs, blurry, out of focus, noise, oversaturated, posterized, artifacts, jpeg artifacts"
1516,automobile,compact car,stopped at a curb,a lakeside shore,low angle,backlit rim light,clean,a high-quality image,"a high-quality image of a compact car automobile stopped at a curb in a lakeside shore, low angle, backlit rim light. single main subject, photorealistic color photo, natural colors, realistic texture, sharp focus on subject, no people, no text, no watermark, no logo, no border, no collage, no CGI, no illustration.","text, watermark, logo, caption, signature, border, frame, collage, multiple panels, cartoon, illustration, CGI, 3d render, low-poly, painting, anime, surreal, deformed, duplicate objects, extra limbs, blurry, out of focus, noise, oversaturated, posterized, artifacts, jpeg artifacts"
1307,automobile,compact car,stopped at a curb,a grassy field,low angle,sunny afternoon,clean,a finely detailed photo,"a finely detailed photo of a compact car automobile stopped at a curb in a grassy field, low angle, sunny afternoon. single main subject, photorealistic color photo, natural colors, realistic texture, sharp focus on subject, no people, no text, no watermark, no logo, no border, no collage, no CGI, no illustration.","text, watermark, logo, caption, signature, border, frame, collage, multiple panels, cartoon, illustration, CGI, 3d render, low-poly, painting, anime, surreal, deformed, duplicate objects, extra limbs, blurry, out of focus, noise, oversaturated, posterized, artifacts, jpeg artifacts"
1291,automobile,hatchback,parked,a forest clearing,front view,foggy morning,clean,a high-quality image,"a high-quality image of a hatchback automobile parked in a forest clearing, front view, foggy morning. single main subject, photorealistic color photo, natural colors, realistic texture, sharp focus on subject, no people, no text, no watermark, no logo, no border, no collage, no CGI, no illustration.","text, watermark, logo, caption, signature, border, frame, collage, multiple panels, cartoon, illustration, CGI, 3d render, low-poly, painting, anime, surreal, deformed, duplicate objects, extra limbs, blurry, out of focus, noise, oversaturated, posterized, artifacts, jpeg artifacts"
1088,automobile,coupe,turning at an intersection,a wet roadway after rain,low angle,foggy morning,clean,a high-quality image,"a high-quality image of a coupe automobile turning at an intersection in a wet roadway after rain, low angle, foggy morning. single main subject, photorealistic color photo, natural colors, realistic texture, sharp focus on subject, no people, no text, no watermark, no logo, no border, no collage, no CGI, no illustration.","text, watermark, logo, caption, signature, border, frame, collage, multiple panels, cartoon, illustration, CGI, 3d render, low-poly, painting, anime, surreal, deformed, duplicate objects, extra limbs, blurry, out of focus, noise, oversaturated, posterized, artifacts, jpeg artifacts"
1964,automobile,sedan,stopped at a curb,an industrial yard,distant subject in the background,backlit rim light,hard,a photorealistic color photo,"a photorealistic color photo of a sedan automobile stopped at a curb in an industrial yard, distant subject in the background, backlit rim light. slight motion blur. single main subject, photorealistic color photo, natural colors, realistic texture, sharp focus on subject, no people, no text, no watermark, no logo, no border, no collage, no CGI, no illustration.","text, watermark, logo, caption, signature, border, frame, collage, multiple panels, cartoon, illustration, CGI, 3d render, low-poly, painting, anime, surreal, deformed, duplicate objects, extra limbs, blurry, out of focus, noise, oversaturated, posterized, artifacts, jpeg artifacts"
1243,automobile,compact car,stopped at a curb,an urban street,low angle,indoor soft window light,clean,a photorealistic color photo,"a photorealistic color photo of a compact car automobile stopped at a curb in an urban street, low angle, indoor soft window light. single main subject, photorealistic color photo, natural colors, realistic texture, sharp focus on subject, no people, no text, no watermark, no logo, no border, no collage, no CGI, no illustration.","text, watermark, logo, caption, signature, border, frame, collage, multiple panels, cartoon, illustration, CGI, 3d render, low-poly, painting, anime, surreal, deformed, duplicate objects, extra limbs, blurry, out of focus, noise, oversaturated, posterized, artifacts, jpeg artifacts"
1271,automobile,sports car,driving,a gravel lot,high angle,backlit rim light,clean,a finely detailed photo,"a finely detailed photo of a sports car automobile driving in a gravel lot, high angle, backlit rim light. single main subject, photorealistic color photo, natural colors, realistic texture, sharp focus on subject, no people, no text, no watermark, no logo, no border, no collage, no CGI, no illustration.","text, watermark, logo, caption, signature, border, frame, collage, multiple panels, cartoon, illustration, CGI, 3d render, low-poly, painting, anime, surreal, deformed, duplicate objects, extra limbs, blurry, out of focus, noise, oversaturated, posterized, artifacts, jpeg artifacts"
1997,automobile,sedan,driving,a sandy beach,cropped at the edge of the frame,backlit rim light,hard,a high-quality image,"a high-quality image of a sedan automobile driving in a sandy beach, cropped at the edge of the frame, backlit rim light. in the distance. single main subject, photorealistic color photo, natural colors, realistic texture, sharp focus on subject, no people, no text, no watermark, no logo, no border, no collage, no CGI, no illustration.","text, watermark, logo, caption, signature, border, frame, collage, multiple panels, cartoon, illustration, CGI, 3d render, low-poly, painting, anime, surreal, deformed, duplicate objects, extra limbs, blurry, out of focus, noise, oversaturated, posterized, artifacts, jpeg artifacts"
1887,automobile,sedan,turning at an intersection,a city park,low angle,backlit rim light,hard,a professional photo,"a professional photo of a sedan automobile turning at an intersection in a city park, low angle, backlit rim light. cropped slightly. single main subject, photorealistic color photo, natural colors, realistic texture, sharp focus on subject, no people, no text, no watermark, no logo, no border, no collage, no CGI, no illustration.","text, watermark, logo, caption, signature, border, frame, collage, multiple panels, cartoon, illustration, CGI, 3d render, low-poly, painting, anime, surreal, deformed, duplicate objects, extra limbs, blurry, out of focus, noise, oversaturated, posterized, artifacts, jpeg artifacts"
1910,automobile,taxi,turning at an intersection,a lakeside shore,close-up,indoor soft window light,hard,a photorealistic color photo,"a photorealistic color photo of a taxi automobile turning at an intersection in a lakeside shore, close-up, indoor soft window light. slight motion blur. single main subject, photorealistic color photo, natural colors, realistic texture, sharp focus on subject, no people, no text, no watermark, no logo, no border, no collage, no CGI, no illustration.","text, watermark, logo, caption, signature, border, frame, collage, multiple panels, cartoon, illustration, CGI, 3d render, low-poly, painting, anime, surreal, deformed, duplicate objects, extra limbs, blurry, out of focus, noise, oversaturated, posterized, artifacts, jpeg artifacts"
1916,automobile,coupe,turning at an intersection,a gravel lot,high angle,nighttime under streetlights,hard,a professional photo,"a professional photo of a coupe automobile turning at an intersection in a gravel lot, high angle, nighttime under streetlights. partially occluded by a foreground object. single main subject, photorealistic color photo, natural colors, realistic texture, sharp focus on subject, no people, no text, no watermark, no logo, no border, no collage, no CGI, no illustration.","text, watermark, logo, caption, signature, border, frame, collage, multiple panels, cartoon, illustration, CGI, 3d render, low-poly, painting, anime, surreal, deformed, duplicate objects, extra limbs, blurry, out of focus, noise, oversaturated, posterized, artifacts, jpeg artifacts"
1999,automobile,sedan,parked,a wet roadway after rain,3/4 view,nighttime under streetlights,hard,a finely detailed photo,"a finely detailed photo of a sedan automobile parked in a wet roadway after rain, 3/4 view, nighttime under streetlights. in the distance. single main subject, photorealistic color photo, natural colors, realistic texture, sharp focus on subject, no people, no text, no watermark, no logo, no border, no collage, no CGI, no illustration.","text, watermark, logo, caption, signature, border, frame, collage, multiple panels, cartoon, illustration, CGI, 3d render, low-poly, painting, anime, surreal, deformed, duplicate objects, extra limbs, blurry, out of focus, noise, oversaturated, posterized, artifacts, jpeg artifacts"
1511,automobile,taxi,driving,a lakeside shore,3/4 view,nighttime under streetlights,clean,a professional photo,"a professional photo of a taxi automobile driving in a lakeside shore, 3/4 view, nighttime under streetlights. single main subject, photorealistic color photo, natural colors, realistic texture, sharp focus on subject, no people, no text, no watermark, no logo, no border, no collage, no CGI, no illustration.","text, watermark, logo, caption, signature, border, frame, collage, multiple panels, cartoon, illustration, CGI, 3d render, low-poly, painting, anime, surreal, deformed, duplicate objects, extra limbs, blurry, out of focus, noise, oversaturated, posterized, artifacts, jpeg artifacts"
1176,automobile,hatchback,turning at an intersection,a parking lot,3/4 view,golden hour,clean,an ultra-realistic rendering,"an ultra-realistic rendering of a hatchback automobile turning at an intersection in a parking lot, 3/4 view, golden hour. single main subject, photorealistic color photo, natural colors, realistic texture, sharp focus on subject, no people, no text, no watermark, no logo, no border, no collage, no CGI, no illustration.","text, watermark, logo, caption, signature, border, frame, collage, multiple panels, cartoon, illustration, CGI, 3d render, low-poly, painting, anime, surreal, deformed, duplicate objects, extra limbs, blurry, out of focus, noise, oversaturated, posterized, artifacts, jpeg artifacts"
1588,automobile,sedan,turning at an intersection,a lakeside shore,high angle,nighttime under streetlights,clean,an ultra-realistic rendering,"an ultra-realistic rendering of a sedan automobile turning at an intersection in a lakeside shore, high angle, nighttime under streetlights. single main subject, photorealistic color photo, natural colors, realistic texture, sharp focus on subject, no people, no text, no watermark, no logo, no border, no collage, no CGI, no illustration.","text, watermark, logo, caption, signature, border, frame, collage, multiple panels, cartoon, illustration, CGI, 3d render, low-poly, painting, anime, surreal, deformed, duplicate objects, extra limbs, blurry, out of focus, noise, oversaturated, posterized, artifacts, jpeg artifacts"
1297,automobile,hatchback,driving,a countryside road,low angle,sunny afternoon,clean,a professional photo,"a professional photo of a hatchback automobile driving in a countryside road, low angle, sunny afternoon. single main subject, photorealistic color photo, natural colors, realistic texture, sharp focus on subject, no people, no text, no watermark, no logo, no border, no collage, no CGI, no illustration.","text, watermark, logo, caption, signature, border, frame, collage, multiple panels, cartoon, illustration, CGI, 3d render, low-poly, painting, anime, surreal, deformed, duplicate objects, extra limbs, blurry, out of focus, noise, oversaturated, posterized, artifacts, jpeg artifacts"
1092,automobile,coupe,driving,a countryside road,wide shot,backlit rim light,clean,a high-quality image,"a high-quality image of a coupe automobile driving in a countryside road, wide shot, backlit rim light. single main subject, photorealistic color photo, natural colors, realistic texture, sharp focus on subject, no people, no text, no watermark, no logo, no border, no collage, no CGI, no illustration.","text, watermark, logo, caption, signature, border, frame, collage, multiple panels, cartoon, illustration, CGI, 3d render, low-poly, painting, anime, surreal, deformed, duplicate objects, extra limbs, blurry, out of focus, noise, oversaturated, posterized, artifacts, jpeg artifacts"
1973,automobile,taxi,parked,a backyard,cropped at the edge of the frame,sunny afternoon,hard,a professional photo,"a professional photo of a taxi automobile parked in a backyard, cropped at the edge of the frame, sunny afternoon. in the distance. single main subject, photorealistic color photo, natural colors, realistic texture, sharp focus on subject, no people, no text, no watermark, no logo, no border, no collage, no CGI, no illustration.","text, watermark, logo, caption, signature, border, frame, collage, multiple panels, cartoon, illustration, CGI, 3d render, low-poly, painting, anime, surreal, deformed, duplicate objects, extra limbs, blurry, out of focus, noise, oversaturated, posterized, artifacts, jpeg artifacts"
1492,automobile,sedan,turning at an intersection,a quiet residential street,slightly off-center framing,overcast daylight,clean,an ultra-realistic rendering,"an ultra-realistic rendering of a sedan automobile turning at an intersection in a quiet residential street, slightly off-center framing, overcast daylight. single main subject, photorealistic color photo, natural colors, realistic texture, sharp focus on subject, no people, no text, no watermark, no logo, no border, no collage, no CGI, no illustration.","text, watermark, logo, caption, signature, border, frame, collage, multiple panels, cartoon, illustration, CGI, 3d render, low-poly, painting, anime, surreal, deformed, duplicate objects, extra limbs, blurry, out of focus, noise, oversaturated, posterized, artifacts, jpeg artifacts"
1855,automobile,compact car,parked,a gravel lot,front view,backlit rim light,hard,a finely detailed photo,"a finely detailed photo of a compact car automobile parked in a gravel lot, front view, backlit rim light. cropped slightly. single main subject, photorealistic color photo, natural colors, realistic texture, sharp focus on subject, no people, no text, no watermark, no logo, no border, no collage, no CGI, no illustration.","text, watermark, logo, caption, signature, border, frame, collage, multiple panels, cartoon, illustration, CGI, 3d render, low-poly, painting, anime, surreal, deformed, duplicate objects, extra limbs, blurry, out of focus, noise, oversaturated, posterized, artifacts, jpeg artifacts"
1644,automobile,coupe,driving,a lakeside shore,close-up,backlit rim light,clean,an ultra-realistic rendering,"an ultra-realistic rendering of a coupe automobile driving in a lakeside shore, close-up, backlit rim light. single main subject, photorealistic color photo, natural colors, realistic texture, sharp focus on subject, no people, no text, no watermark, no logo, no border, no collage, no CGI, no illustration.","text, watermark, logo, caption, signature, border, frame, collage, multiple panels, cartoon, illustration, CGI, 3d render, low-poly, painting, anime, surreal, deformed, duplicate objects, extra limbs, blurry, out of focus, noise, oversaturated, posterized, artifacts, jpeg artifacts"
1740,automobile,sedan,stopped at a curb,a quiet residential street,3/4 view,foggy morning,clean,an ultra-realistic rendering,"an ultra-realistic rendering of a sedan automobile stopped at a curb in a quiet residential street, 3/4 view, foggy morning. single main subject, photorealistic color photo, natural colors, realistic texture, sharp focus on subject, no people, no text, no watermark, no logo, no border, no collage, no CGI, no illustration.","text, watermark, logo, caption, signature, border, frame, collage, multiple panels, cartoon, illustration, CGI, 3d render, low-poly, painting, anime, surreal, deformed, duplicate objects, extra limbs, blurry, out of focus, noise, oversaturated, posterized, artifacts, jpeg artifacts"
1233,automobile,sports car,turning at an intersection,a gravel lot,3/4 view,nighttime under streetlights,clean,a finely detailed photo,"a finely detailed photo of a sports car automobile turning at an intersection in a gravel lot, 3/4 view, nighttime under streetlights. single main subject, photorealistic color photo, natural colors, realistic texture, sharp focus on subject, no people, no text, no watermark, no logo, no border, no collage, no CGI, no illustration.","text, watermark, logo, caption, signature, border, frame, collage, multiple panels, cartoon, illustration, CGI, 3d render, low-poly, painting, anime, surreal, deformed, duplicate objects, extra limbs, blurry, out of focus, noise, oversaturated, posterized, artifacts, jpeg artifacts"
1867,automobile,hatchback,turning at an intersection,a backyard,distant subject in the background,indoor soft window light,hard,a detailed photograph,"a detailed photograph of a hatchback automobile turning at an intersection in a backyard, distant subject in the background, indoor soft window light. partially occluded by a foreground object. single main subject, photorealistic color photo, natural colors, realistic texture, sharp focus on subject, no people, no text, no watermark, no logo, no border, no collage, no CGI, no illustration.","text, watermark, logo, caption, signature, border, frame, collage, multiple panels, cartoon, illustration, CGI, 3d render, low-poly, painting, anime, surreal, deformed, duplicate objects, extra limbs, blurry, out of focus, noise, oversaturated, posterized, artifacts, jpeg artifacts"
1637,automobile,hatchback,driving,an urban street,front view,sunny afternoon,clean,a photorealistic color photo,"a photorealistic color photo of a hatchback automobile driving in an urban street, front view, sunny afternoon. single main subject, photorealistic color photo, natural colors, realistic texture, sharp focus on subject, no people, no text, no watermark, no logo, no border, no collage, no CGI, no illustration.","text, watermark, logo, caption, signature, border, frame, collage, multiple panels, cartoon, illustration, CGI, 3d render, low-poly, painting, anime, surreal, deformed, duplicate objects, extra limbs, blurry, out of focus, noise, oversaturated, posterized, artifacts, jpeg artifacts"
1834,automobile,compact car,parked,a city park,wide shot,sunny afternoon,hard,a professional photo,"a professional photo of a compact car automobile parked in a city park, wide shot, sunny afternoon. busy background but still one main subject. single main subject, photorealistic color photo, natural colors, realistic texture, sharp focus on subject, no people, no text, no watermark, no logo, no border, no collage, no CGI, no illustration.","text, watermark, logo, caption, signature, border, frame, collage, multiple panels, cartoon, illustration, CGI, 3d render, low-poly, painting, anime, surreal, deformed, duplicate objects, extra limbs, blurry, out of focus, noise, oversaturated, posterized, artifacts, jpeg artifacts"
1130,automobile,taxi,driving,a city park,high angle,golden hour,clean,a high-quality image,"a high-quality image of a taxi automobile driving in a city park, high angle, golden hour. single main subject, photorealistic color photo, natural colors, realistic texture, sharp focus on subject, no people, no text, no watermark, no logo, no border, no collage, no CGI, no illustration.","text, watermark, logo, caption, signature, border, frame, collage, multiple panels, cartoon, illustration, CGI, 3d render, low-poly, painting, anime, surreal, deformed, duplicate objects, extra limbs, blurry, out of focus, noise, oversaturated, posterized, artifacts, jpeg artifacts"
1607,automobile,sedan,stopped at a curb,an urban street,wide shot,indoor soft window light,clean,a photorealistic color photo,"a photorealistic color photo of a sedan automobile stopped at a curb in an urban street, wide shot, indoor soft window light. single main subject, photorealistic color photo, natural colors, realistic texture, sharp focus on subject, no people, no text, no watermark, no logo, no border, no collage, no CGI, no illustration.","text, watermark, logo, caption, signature, border, frame, collage, multiple panels, cartoon, illustration, CGI, 3d render, low-poly, painting, anime, surreal, deformed, duplicate objects, extra limbs, blurry, out of focus, noise, oversaturated, posterized, artifacts, jpeg artifacts"
1294,automobile,hatchback,parked,a grassy field,slightly off-center framing,sunny afternoon,clean,a detailed photograph,"a detailed photograph of a hatchback automobile parked in a grassy field, slightly off-center framing, sunny afternoon. single main subject, photorealistic color photo, natural colors, realistic texture, sharp focus on subject, no people, no text, no watermark, no logo, no border, no collage, no CGI, no illustration.","text, watermark, logo, caption, signature, border, frame, collage, multiple panels, cartoon, illustration, CGI, 3d render, low-poly, painting, anime, surreal, deformed, duplicate objects, extra limbs, blurry, out of focus, noise, oversaturated, posterized, artifacts, jpeg artifacts"
1666,automobile,compact car,parked,a city park,3/4 view,backlit rim light,clean,a high-quality image,"a high-quality image of a compact car automobile parked in a city park, 3/4 view, backlit rim light. single main subject, photorealistic color photo, natural colors, realistic texture, sharp focus on subject, no people, no text, no watermark, no logo, no border, no collage, no CGI, no illustration.","text, watermark, logo, caption, signature, border, frame, collage, multiple panels, cartoon, illustration, CGI, 3d render, low-poly, painting, anime, surreal, deformed, duplicate objects, extra limbs, blurry, out of focus, noise, oversaturated, posterized, artifacts, jpeg artifacts"
1368,automobile,sports car,parked,a lakeside shore,front view,sunny afternoon,clean,a detailed photograph,"a detailed photograph of a sports car automobile parked in a lakeside shore, front view, sunny afternoon. single main subject, photorealistic color photo, natural colors, realistic texture, sharp focus on subject, no people, no text, no watermark, no logo, no border, no collage, no CGI, no illustration.","text, watermark, logo, caption, signature, border, frame, collage, multiple panels, cartoon, illustration, CGI, 3d render, low-poly, painting, anime, surreal, deformed, duplicate objects, extra limbs, blurry, out of focus, noise, oversaturated, posterized, artifacts, jpeg artifacts"
1140,automobile,compact car,parked,a parking lot,close-up,overcast daylight,clean,a high-quality image,"a high-quality image of a compact car automobile parked in a parking lot, close-up, overcast daylight. single main subject, photorealistic color photo, natural colors, realistic texture, sharp focus on subject, no people, no text, no watermark, no logo, no border, no collage, no CGI, no illustration.","text, watermark, logo, caption, signature, border, frame, collage, multiple panels, cartoon, illustration, CGI, 3d render, low-poly, painting, anime, surreal, deformed, duplicate objects, extra limbs, blurry, out of focus, noise, oversaturated, posterized, artifacts, jpeg artifacts"
1248,automobile,taxi,turning at an intersection,a lakeside shore,high angle,golden hour,clean,a high-quality image,"a high-quality image of a taxi automobile turning at an intersection in a lakeside shore, high angle, golden hour. single main subject, photorealistic color photo, natural colors, realistic texture, sharp focus on subject, no people, no text, no watermark, no logo, no border, no collage, no CGI, no illustration.","text, watermark, logo, caption, signature, border, frame, collage, multiple panels, cartoon, illustration, CGI, 3d render, low-poly, painting, anime, surreal, deformed, duplicate objects, extra limbs, blurry, out of focus, noise, oversaturated, posterized, artifacts, jpeg artifacts"
1055,automobile,sedan,stopped at a curb,a city park,slightly off-center framing,sunny afternoon,clean,a finely detailed photo,"a finely detailed photo of a sedan automobile stopped at a curb in a city park, slightly off-center framing, sunny afternoon. single main subject, photorealistic color photo, natural colors, realistic texture, sharp focus on subject, no people, no text, no watermark, no logo, no border, no collage, no CGI, no illustration.","text, watermark, logo, caption, signature, border, frame, collage, multiple panels, cartoon, illustration, CGI, 3d render, low-poly, painting, anime, surreal, deformed, duplicate objects, extra limbs, blurry, out of focus, noise, oversaturated, posterized, artifacts, jpeg artifacts"
1949,automobile,sports car,driving,a suburban neighborhood,distant subject in the background,foggy morning,hard,a finely detailed photo,"a finely detailed photo of a sports car automobile driving in a suburban neighborhood, distant subject in the background, foggy morning. slight motion blur. single main subject, photorealistic color photo, natural colors, realistic texture, sharp focus on subject, no people, no text, no watermark, no logo, no border, no collage, no CGI, no illustration.","text, watermark, logo, caption, signature, border, frame, collage, multiple panels, cartoon, illustration, CGI, 3d render, low-poly, painting, anime, surreal, deformed, duplicate objects, extra limbs, blurry, out of focus, noise, oversaturated, posterized, artifacts, jpeg artifacts"
1509,automobile,sedan,stopped at a curb,a city park,wide shot,rainy with wet reflections,clean,an ultra-realistic rendering,"an ultra-realistic rendering of a sedan automobile stopped at a curb in a city park, wide shot, rainy with wet reflections. single main subject, photorealistic color photo, natural colors, realistic texture, sharp focus on subject, no people, no text, no watermark, no logo, no border, no collage, no CGI, no illustration.","text, watermark, logo, caption, signature, border, frame, collage, multiple panels, cartoon, illustration, CGI, 3d render, low-poly, painting, anime, surreal, deformed, duplicate objects, extra limbs, blurry, out of focus, noise, oversaturated, posterized, artifacts, jpeg artifacts"
1083,automobile,sedan,turning at an intersection,a forest clearing,low angle,overcast daylight,clean,a photorealistic color photo,"a photorealistic color photo of a sedan automobile turning at an intersection in a forest clearing, low angle, overcast daylight. single main subject, photorealistic color photo, natural colors, realistic texture, sharp focus on subject, no people, no text, no watermark, no logo, no border, no collage, no CGI, no illustration.","text, watermark, logo, caption, signature, border, frame, collage, multiple panels, cartoon, illustration, CGI, 3d render, low-poly, painting, anime, surreal, deformed, duplicate objects, extra limbs, blurry, out of focus, noise, oversaturated, posterized, artifacts, jpeg artifacts"
1632,automobile,sedan,turning at an intersection,an urban street,3/4 view,indoor soft window light,clean,a professional photo,"a professional photo of a sedan automobile turning at an intersection in an urban street, 3/4 view, indoor soft window light. single main subject, photorealistic color photo, natural colors, realistic texture, sharp focus on subject, no people, no text, no watermark, no logo, no border, no collage, no CGI, no illustration.","text, watermark, logo, caption, signature, border, frame, collage, multiple panels, cartoon, illustration, CGI, 3d render, low-poly, painting, anime, surreal, deformed, duplicate objects, extra limbs, blurry, out of focus, noise, oversaturated, posterized, artifacts, jpeg artifacts"
1304,automobile,taxi,turning at an intersection,an urban street,low angle,rainy with wet reflections,clean,a photorealistic color photo,"a photorealistic color photo of a taxi automobile turning at an intersection in an urban street, low angle, rainy with wet reflections. single main subject, photorealistic color photo, natural colors, realistic texture, sharp focus on subject, no people, no text, no watermark, no logo, no border, no collage, no CGI, no illustration.","text, watermark, logo, caption, signature, border, frame, collage, multiple panels, cartoon, illustration, CGI, 3d render, low-poly, painting, anime, surreal, deformed, duplicate objects, extra limbs, blurry, out of focus, noise, oversaturated, posterized, artifacts, jpeg artifacts"
1343,automobile,coupe,parked,a grassy field,side profile,backlit rim light,clean,a professional photo,"a professional photo of a coupe automobile parked in a grassy field, side profile, backlit rim light. single main subject, photorealistic color photo, natural colors, realistic texture, sharp focus on subject, no people, no text, no watermark, no logo, no border, no collage, no CGI, no illustration.","text, watermark, logo, caption, signature, border, frame, collage, multiple panels, cartoon, illustration, CGI, 3d render, low-poly, painting, anime, surreal, deformed, duplicate objects, extra limbs, blurry, out of focus, noise, oversaturated, posterized, artifacts, jpeg artifacts"
1341,automobile,sedan,driving,a countryside road,close-up,backlit rim light,clean,an ultra-realistic rendering,"an ultra-realistic rendering of a sedan automobile driving in a countryside road, close-up, backlit rim light. single main subject, photorealistic color photo, natural colors, realistic texture, sharp focus on subject, no people, no text, no watermark, no logo, no border, no collage, no CGI, no illustration.","text, watermark, logo, caption, signature, border, frame, collage, multiple panels, cartoon, illustration, CGI, 3d render, low-poly, painting, anime, surreal, deformed, duplicate objects, extra limbs, blurry, out of focus, noise, oversaturated, posterized, artifacts, jpeg artifacts"
1276,automobile,taxi,turning at an intersection,a countryside road,slightly off-center framing,foggy morning,clean,an ultra-realistic rendering,"an ultra-realistic rendering of a taxi automobile turning at an intersection in a countryside road, slightly off-center framing, foggy morning. single main subject, photorealistic color photo, natural colors, realistic texture, sharp focus on subject, no people, no text, no watermark, no logo, no border, no collage, no CGI, no illustration.","text, watermark, logo, caption, signature, border, frame, collage, multiple panels, cartoon, illustration, CGI, 3d render, low-poly, painting, anime, surreal, deformed, duplicate objects, extra limbs, blurry, out of focus, noise, oversaturated, posterized, artifacts, jpeg artifacts"
1128,automobile,coupe,parked,a gravel lot,side profile,backlit rim light,clean,a high-quality image,"a high-quality image of a coupe automobile parked in a gravel lot, side profile, backlit rim light. single main subject, photorealistic color photo, natural colors, realistic texture, sharp focus on subject, no people, no text, no watermark, no logo, no border, no collage, no CGI, no illustration.","text, watermark, logo, caption, signature, border, frame, collage, multiple panels, cartoon, illustration, CGI, 3d render, low-poly, painting, anime, surreal, deformed, duplicate objects, extra limbs, blurry, out of focus, noise, oversaturated, posterized, artifacts, jpeg artifacts"
1391,automobile,compact car,driving,a quiet residential street,high angle,rainy with wet reflections,clean,a finely detailed photo,"a finely detailed photo of a compact car automobile driving in a quiet residential street, high angle, rainy with wet reflections. single main subject, photorealistic color photo, natural colors, realistic texture, sharp focus on subject, no people, no text, no watermark, no logo, no border, no collage, no CGI, no illustration.","text, watermark, logo, caption, signature, border, frame, collage, multiple panels, cartoon, illustration, CGI, 3d render, low-poly, painting, anime, surreal, deformed, duplicate objects, extra limbs, blurry, out of focus, noise, oversaturated, posterized, artifacts, jpeg artifacts"
1458,automobile,sports car,parked,a quiet residential street,front view,indoor soft window light,clean,a high-quality image,"a high-quality image of a sports car automobile parked in a quiet residential street, front view, indoor soft window light. single main subject, photorealistic color photo, natural colors, realistic texture, sharp focus on subject, no people, no text, no watermark, no logo, no border, no collage, no CGI, no illustration.","text, watermark, logo, caption, signature, border, frame, collage, multiple panels, cartoon, illustration, CGI, 3d render, low-poly, painting, anime, surreal, deformed, duplicate objects, extra limbs, blurry, out of focus, noise, oversaturated, posterized, artifacts, jpeg artifacts"
1174,automobile,coupe,driving,a parking lot,side profile,foggy morning,clean,an ultra-realistic rendering,"an ultra-realistic rendering of a coupe automobile driving in a parking lot, side profile, foggy morning. single main subject, photorealistic color photo, natural colors, realistic texture, sharp focus on subject, no people, no text, no watermark, no logo, no border, no collage, no CGI, no illustration.","text, watermark, logo, caption, signature, border, frame, collage, multiple panels, cartoon, illustration, CGI, 3d render, low-poly, painting, anime, surreal, deformed, duplicate objects, extra limbs, blurry, out of focus, noise, oversaturated, posterized, artifacts, jpeg artifacts"
1454,automobile,sedan,driving,a city park,wide shot,golden hour,clean,a photorealistic color photo,"a photorealistic color photo of a sedan automobile driving in a city park, wide shot, golden hour. single main subject, photorealistic color photo, natural colors, realistic texture, sharp focus on subject, no people, no text, no watermark, no logo, no border, no collage, no CGI, no illustration.","text, watermark, logo, caption, signature, border, frame, collage, multiple panels, cartoon, illustration, CGI, 3d render, low-poly, painting, anime, surreal, deformed, duplicate objects, extra limbs, blurry, out of focus, noise, oversaturated, posterized, artifacts, jpeg artifacts"
1688,automobile,compact car,stopped at a curb,a wet roadway after rain,close-up,foggy morning,clean,a detailed photograph,"a detailed photograph of a compact car automobile stopped at a curb in a wet roadway after rain, close-up, foggy morning. single main subject, photorealistic color photo, natural colors, realistic texture, sharp focus on subject, no people, no text, no watermark, no logo, no border, no collage, no CGI, no illustration.","text, watermark, logo, caption, signature, border, frame, collage, multiple panels, cartoon, illustration, CGI, 3d render, low-poly, painting, anime, surreal, deformed, duplicate objects, extra limbs, blurry, out of focus, noise, oversaturated, posterized, artifacts, jpeg artifacts"
1119,automobile,sports car,driving,a sandy beach,front view,sunny afternoon,clean,a finely detailed photo,"a finely detailed photo of a sports car automobile driving in a sandy beach, front view, sunny afternoon. single main subject, photorealistic color photo, natural colors, realistic texture, sharp focus on subject, no people, no text, no watermark, no logo, no border, no collage, no CGI, no illustration.","text, watermark, logo, caption, signature, border, frame, collage, multiple panels, cartoon, illustration, CGI, 3d render, low-poly, painting, anime, surreal, deformed, duplicate objects, extra limbs, blurry, out of focus, noise, oversaturated, posterized, artifacts, jpeg artifacts"
1039,automobile,sedan,stopped at a curb,a forest clearing,wide shot,foggy morning,clean,a high-quality image,"a high-quality image of a sedan automobile stopped at a curb in a forest clearing, wide shot, foggy morning. single main subject, photorealistic color photo, natural colors, realistic texture, sharp focus on subject, no people, no text, no watermark, no logo, no border, no collage, no CGI, no illustration.","text, watermark, logo, caption, signature, border, frame, collage, multiple panels, cartoon, illustration, CGI, 3d render, low-poly, painting, anime, surreal, deformed, duplicate objects, extra limbs, blurry, out of focus, noise, oversaturated, posterized, artifacts, jpeg artifacts"
1461,automobile,hatchback,driving,a city park,slightly off-center framing,sunny afternoon,clean,a high-quality image,"a high-quality image of a hatchback automobile driving in a city park, slightly off-center framing, sunny afternoon. single main subject, photorealistic color photo, natural colors, realistic texture, sharp focus on subject, no people, no text, no watermark, no logo, no border, no collage, no CGI, no illustration.","text, watermark, logo, caption, signature, border, frame, collage, multiple panels, cartoon, illustration, CGI, 3d render, low-poly, painting, anime, surreal, deformed, duplicate objects, extra limbs, blurry, out of focus, noise, oversaturated, posterized, artifacts, jpeg artifacts"
1966,automobile,sports car,parked,a grassy field,front view,foggy morning,hard,a detailed photograph,"a detailed photograph of a sports car automobile parked in a grassy field, front view, foggy morning. cropped slightly. single main subject, photorealistic color photo, natural colors, realistic texture, sharp focus on subject, no people, no text, no watermark, no logo, no border, no collage, no CGI, no illustration.","text, watermark, logo, caption, signature, border, frame, collage, multiple panels, cartoon, illustration, CGI, 3d render, low-poly, painting, anime, surreal, deformed, duplicate objects, extra limbs, blurry, out of focus, noise, oversaturated, posterized, artifacts, jpeg artifacts"
1933,automobile,sedan,stopped at a curb,a backyard,close-up,golden hour,hard,a high-quality image,"a high-quality image of a sedan automobile stopped at a curb in a backyard, close-up, golden hour. in the distance. single main subject, photorealistic color photo, natural colors, realistic texture, sharp focus on subject, no people, no text, no watermark, no logo, no border, no collage, no CGI, no illustration.","text, watermark, logo, caption, signature, border, frame, collage, multiple panels, cartoon, illustration, CGI, 3d render, low-poly, painting, anime, surreal, deformed, duplicate objects, extra limbs, blurry, out of focus, noise, oversaturated, posterized, artifacts, jpeg artifacts"
1153,automobile,coupe,driving,a grassy field,front view,backlit rim light,clean,a finely detailed photo,"a finely detailed photo of a coupe automobile driving in a grassy field, front view, backlit rim light. single main subject, photorealistic color photo, natural colors, realistic texture, sharp focus on subject, no people, no text, no watermark, no logo, no border, no collage, no CGI, no illustration.","text, watermark, logo, caption, signature, border, frame, collage, multiple panels, cartoon, illustration, CGI, 3d render, low-poly, painting, anime, surreal, deformed, duplicate objects, extra limbs, blurry, out of focus, noise, oversaturated, posterized, artifacts, jpeg artifacts"
1201,automobile,compact car,driving,a sandy beach,front view,foggy morning,clean,an ultra-realistic rendering,"an ultra-realistic rendering of a compact car automobile driving in a sandy beach, front view, foggy morning. single main subject, photorealistic color photo, natural colors, realistic texture, sharp focus on subject, no people, no text, no watermark, no logo, no border, no collage, no CGI, no illustration.","text, watermark, logo, caption, signature, border, frame, collage, multiple panels, cartoon, illustration, CGI, 3d render, low-poly, painting, anime, surreal, deformed, duplicate objects, extra limbs, blurry, out of focus, noise, oversaturated, posterized, artifacts, jpeg artifacts"
1489,automobile,sedan,parked,an urban street,high angle,indoor soft window light,clean,a high-quality image,"a high-quality image of a sedan automobile parked in an urban street, high angle, indoor soft window light. single main subject, photorealistic color photo, natural colors, realistic texture, sharp focus on subject, no people, no text, no watermark, no logo, no border, no collage, no CGI, no illustration.","text, watermark, logo, caption, signature, border, frame, collage, multiple panels, cartoon, illustration, CGI, 3d render, low-poly, painting, anime, surreal, deformed, duplicate objects, extra limbs, blurry, out of focus, noise, oversaturated, posterized, artifacts, jpeg artifacts"
1296,automobile,taxi,driving,a suburban neighborhood,3/4 view,sunny afternoon,clean,a photorealistic color photo,"a photorealistic color photo of a taxi automobile driving in a suburban neighborhood, 3/4 view, sunny afternoon. single main subject, photorealistic color photo, natural colors, realistic texture, sharp focus on subject, no people, no text, no watermark, no logo, no border, no collage, no CGI, no illustration.","text, watermark, logo, caption, signature, border, frame, collage, multiple panels, cartoon, illustration, CGI, 3d render, low-poly, painting, anime, surreal, deformed, duplicate objects, extra limbs, blurry, out of focus, noise, oversaturated, posterized, artifacts, jpeg artifacts"
1802,automobile,taxi,stopped at a curb,a forest clearing,cropped at the edge of the frame,overcast daylight,hard,an ultra-realistic rendering,"an ultra-realistic rendering of a taxi automobile stopped at a curb in a forest clearing, cropped at the edge of the frame, overcast daylight. cropped slightly. single main subject, photorealistic color photo, natural colors, realistic texture, sharp focus on subject, no people, no text, no watermark, no logo, no border, no collage, no CGI, no illustration.","text, watermark, logo, caption, signature, border, frame, collage, multiple panels, cartoon, illustration, CGI, 3d render, low-poly, painting, anime, surreal, deformed, duplicate objects, extra limbs, blurry, out of focus, noise, oversaturated, posterized, artifacts, jpeg artifacts"
1946,automobile,sports car,parked,a suburban neighborhood,cropped at the edge of the frame,indoor soft window light,hard,an ultra-realistic rendering,"an ultra-realistic rendering of a sports car automobile parked in a suburban neighborhood, cropped at the edge of the frame, indoor soft window light. cropped slightly. single main subject, photorealistic color photo, natural colors, realistic texture, sharp focus on subject, no people, no text, no watermark, no logo, no border, no collage, no CGI, no illustration.","text, watermark, logo, caption, signature, border, frame, collage, multiple panels, cartoon, illustration, CGI, 3d render, low-poly, painting, anime, surreal, deformed, duplicate objects, extra limbs, blurry, out of focus, noise, oversaturated, posterized, artifacts, jpeg artifacts"
1189,automobile,coupe,driving,a lakeside shore,low angle,foggy morning,clean,a finely detailed photo,"a finely detailed photo of a coupe automobile driving in a lakeside shore, low angle, foggy morning. single main subject, photorealistic color photo, natural colors, realistic texture, sharp focus on subject, no people, no text, no watermark, no logo, no border, no collage, no CGI, no illustration.","text, watermark, logo, caption, signature, border, frame, collage, multiple panels, cartoon, illustration, CGI, 3d render, low-poly, painting, anime, surreal, deformed, duplicate objects, extra limbs, blurry, out of focus, noise, oversaturated, posterized, artifacts, jpeg artifacts"
1223,automobile,sports car,parked,a sandy beach,close-up,overcast daylight,clean,a photorealistic color photo,"a photorealistic color photo of a sports car automobile parked in a sandy beach, close-up, overcast daylight. single main subject, photorealistic color photo, natural colors, realistic texture, sharp focus on subject, no people, no text, no watermark, no logo, no border, no collage, no CGI, no illustration.","text, watermark, logo, caption, signature, border, frame, collage, multiple panels, cartoon, illustration, CGI, 3d render, low-poly, painting, anime, surreal, deformed, duplicate objects, extra limbs, blurry, out of focus, noise, oversaturated, posterized, artifacts, jpeg artifacts"
1739,automobile,coupe,stopped at a curb,a grassy field,low angle,nighttime under streetlights,clean,an ultra-realistic rendering,"an ultra-realistic rendering of a coupe automobile stopped at a curb in a grassy field, low angle, nighttime under streetlights. single main subject, photorealistic color photo, natural colors, realistic texture, sharp focus on subject, no people, no text, no watermark, no logo, no border, no collage, no CGI, no illustration.","text, watermark, logo, caption, signature, border, frame, collage, multiple panels, cartoon, illustration, CGI, 3d render, low-poly, painting, anime, surreal, deformed, duplicate objects, extra limbs, blurry, out of focus, noise, oversaturated, posterized, artifacts, jpeg artifacts"
1353,automobile,hatchback,parked,a countryside road,low angle,foggy morning,clean,a finely detailed photo,"a finely detailed photo of a hatchback automobile parked in a countryside road, low angle, foggy morning. single main subject, photorealistic color photo, natural colors, realistic texture, sharp focus on subject, no people, no text, no watermark, no logo, no border, no collage, no CGI, no illustration.","text, watermark, logo, caption, signature, border, frame, collage, multiple panels, cartoon, illustration, CGI, 3d render, low-poly, painting, anime, surreal, deformed, duplicate objects, extra limbs, blurry, out of focus, noise, oversaturated, posterized, artifacts, jpeg artifacts"
1252,automobile,sports car,parked,a lakeside shore,3/4 view,indoor soft window light,clean,an ultra-realistic rendering,"an ultra-realistic rendering of a sports car automobile parked in a lakeside shore, 3/4 view, indoor soft window light. single main subject, photorealistic color photo, natural colors, realistic texture, sharp focus on subject, no people, no text, no watermark, no logo, no border, no collage, no CGI, no illustration.","text, watermark, logo, caption, signature, border, frame, collage, multiple panels, cartoon, illustration, CGI, 3d render, low-poly, painting, anime, surreal, deformed, duplicate objects, extra limbs, blurry, out of focus, noise, oversaturated, posterized, artifacts, jpeg artifacts"
1550,automobile,compact car,driving,a wet roadway after rain,3/4 view,rainy with wet reflections,clean,a detailed photograph,"a detailed photograph of a compact car automobile driving in a wet roadway after rain, 3/4 view, rainy with wet reflections. single main subject, photorealistic color photo, natural colors, realistic texture, sharp focus on subject, no people, no text, no watermark, no logo, no border, no collage, no CGI, no illustration.","text, watermark, logo, caption, signature, border, frame, collage, multiple panels, cartoon, illustration, CGI, 3d render, low-poly, painting, anime, surreal, deformed, duplicate objects, extra limbs, blurry, out of focus, noise, oversaturated, posterized, artifacts, jpeg artifacts"
1756,automobile,compact car,driving,a grassy field,front view,foggy morning,clean,a detailed photograph,"a detailed photograph of a compact car automobile driving in a grassy field, front view, foggy morning. single main subject, photorealistic color photo, natural colors, realistic texture, sharp focus on subject, no people, no text, no watermark, no logo, no border, no collage, no CGI, no illustration.","text, watermark, logo, caption, signature, border, frame, collage, multiple panels, cartoon, illustration, CGI, 3d render, low-poly, painting, anime, surreal, deformed, duplicate objects, extra limbs, blurry, out of focus, noise, oversaturated, posterized, artifacts, jpeg artifacts"
1355,automobile,sports car,stopped at a curb,a gravel lot,side profile,nighttime under streetlights,clean,a photorealistic color photo,"a photorealistic color photo of a sports car automobile stopped at a curb in a gravel lot, side profile, nighttime under streetlights. single main subject, photorealistic color photo, natural colors, realistic texture, sharp focus on subject, no people, no text, no watermark, no logo, no border, no collage, no CGI, no illustration.","text, watermark, logo, caption, signature, border, frame, collage, multiple panels, cartoon, illustration, CGI, 3d render, low-poly, painting, anime, surreal, deformed, duplicate objects, extra limbs, blurry, out of focus, noise, oversaturated, posterized, artifacts, jpeg artifacts"
1865,automobile,taxi,driving,a parking lot,low angle,nighttime under streetlights,hard,a finely detailed photo,"a finely detailed photo of a taxi automobile driving in a parking lot, low angle, nighttime under streetlights. slight motion blur. single main subject, photorealistic color photo, natural colors, realistic texture, sharp focus on subject, no people, no text, no watermark, no logo, no border, no collage, no CGI, no illustration.","text, watermark, logo, caption, signature, border, frame, collage, multiple panels, cartoon, illustration, CGI, 3d render, low-poly, painting, anime, surreal, deformed, duplicate objects, extra limbs, blurry, out of focus, noise, oversaturated, posterized, artifacts, jpeg artifacts"
1627,automobile,taxi,stopped at a curb,a gravel lot,low angle,rainy with wet reflections,clean,a photorealistic color photo,"a photorealistic color photo of a taxi automobile stopped at a curb in a gravel lot, low angle, rainy with wet reflections. single main subject, photorealistic color photo, natural colors, realistic texture, sharp focus on subject, no people, no text, no watermark, no logo, no border, no collage, no CGI, no illustration.","text, watermark, logo, caption, signature, border, frame, collage, multiple panels, cartoon, illustration, CGI, 3d render, low-poly, painting, anime, surreal, deformed, duplicate objects, extra limbs, blurry, out of focus, noise, oversaturated, posterized, artifacts, jpeg artifacts"
1263,automobile,sports car,stopped at a curb,an industrial yard,slightly off-center framing,sunny afternoon,clean,a photorealistic color photo,"a photorealistic color photo of a sports car automobile stopped at a curb in an industrial yard, slightly off-center framing, sunny afternoon. single main subject, photorealistic color photo, natural colors, realistic texture, sharp focus on subject, no people, no text, no watermark, no logo, no border, no collage, no CGI, no illustration.","text, watermark, logo, caption, signature, border, frame, collage, multiple panels, cartoon, illustration, CGI, 3d render, low-poly, painting, anime, surreal, deformed, duplicate objects, extra limbs, blurry, out of focus, noise, oversaturated, posterized, artifacts, jpeg artifacts"
1608,automobile,coupe,stopped at a curb,a forest clearing,close-up,indoor soft window light,clean,a photorealistic color photo,"a photorealistic color photo of a coupe automobile stopped at a curb in a forest clearing, close-up, indoor soft window light. single main subject, photorealistic color photo, natural colors, realistic texture, sharp focus on subject, no people, no text, no watermark, no logo, no border, no collage, no CGI, no illustration.","text, watermark, logo, caption, signature, border, frame, collage, multiple panels, cartoon, illustration, CGI, 3d render, low-poly, painting, anime, surreal, deformed, duplicate objects, extra limbs, blurry, out of focus, noise, oversaturated, posterized, artifacts, jpeg artifacts"
1684,automobile,hatchback,driving,a lakeside shore,wide shot,rainy with wet reflections,clean,a professional photo,"a professional photo of a hatchback automobile driving in a lakeside shore, wide shot, rainy with wet reflections. single main subject, photorealistic color photo, natural colors, realistic texture, sharp focus on subject, no people, no text, no watermark, no logo, no border, no collage, no CGI, no illustration.","text, watermark, logo, caption, signature, border, frame, collage, multiple panels, cartoon, illustration, CGI, 3d render, low-poly, painting, anime, surreal, deformed, duplicate objects, extra limbs, blurry, out of focus, noise, oversaturated, posterized, artifacts, jpeg artifacts"
1337,automobile,compact car,parked,a suburban neighborhood,low angle,foggy morning,clean,a professional photo,"a professional photo of a compact car automobile parked in a suburban neighborhood, low angle, foggy morning. single main subject, photorealistic color photo, natural colors, realistic texture, sharp focus on subject, no people, no text, no watermark, no logo, no border, no collage, no CGI, no illustration.","text, watermark, logo, caption, signature, border, frame, collage, multiple panels, cartoon, illustration, CGI, 3d render, low-poly, painting, anime, surreal, deformed, duplicate objects, extra limbs, blurry, out of focus, noise, oversaturated, posterized, artifacts, jpeg artifacts"
1164,automobile,sports car,turning at an intersection,a sandy beach,low angle,sunny afternoon,clean,a high-quality image,"a high-quality image of a sports car automobile turning at an intersection in a sandy beach, low angle, sunny afternoon. single main subject, photorealistic color photo, natural colors, realistic texture, sharp focus on subject, no people, no text, no watermark, no logo, no border, no collage, no CGI, no illustration.","text, watermark, logo, caption, signature, border, frame, collage, multiple panels, cartoon, illustration, CGI, 3d render, low-poly, painting, anime, surreal, deformed, duplicate objects, extra limbs, blurry, out of focus, noise, oversaturated, posterized, artifacts, jpeg artifacts"
1407,automobile,hatchback,parked,a quiet residential street,slightly off-center framing,nighttime under streetlights,clean,an ultra-realistic rendering,"an ultra-realistic rendering of a hatchback automobile parked in a quiet residential street, slightly off-center framing, nighttime under streetlights. single main subject, photorealistic color photo, natural colors, realistic texture, sharp focus on subject, no people, no text, no watermark, no logo, no border, no collage, no CGI, no illustration.","text, watermark, logo, caption, signature, border, frame, collage, multiple panels, cartoon, illustration, CGI, 3d render, low-poly, painting, anime, surreal, deformed, duplicate objects, extra limbs, blurry, out of focus, noise, oversaturated, posterized, artifacts, jpeg artifacts"
1437,automobile,sedan,turning at an intersection,a forest clearing,low angle,indoor soft window light,clean,a high-quality image,"a high-quality image of a sedan automobile turning at an intersection in a forest clearing, low angle, indoor soft window light. single main subject, photorealistic color photo, natural colors, realistic texture, sharp focus on subject, no people, no text, no watermark, no logo, no border, no collage, no CGI, no illustration.","text, watermark, logo, caption, signature, border, frame, collage, multiple panels, cartoon, illustration, CGI, 3d render, low-poly, painting, anime, surreal, deformed, duplicate objects, extra limbs, blurry, out of focus, noise, oversaturated, posterized, artifacts, jpeg artifacts"
1392,automobile,sports car,stopped at a curb,a suburban neighborhood,wide shot,foggy morning,clean,a high-quality image,"a high-quality image of a sports car automobile stopped at a curb in a suburban neighborhood, wide shot, foggy morning. single main subject, photorealistic color photo, natural colors, realistic texture, sharp focus on subject, no people, no text, no watermark, no logo, no border, no collage, no CGI, no illustration.","text, watermark, logo, caption, signature, border, frame, collage, multiple panels, cartoon, illustration, CGI, 3d render, low-poly, painting, anime, surreal, deformed, duplicate objects, extra limbs, blurry, out of focus, noise, oversaturated, posterized, artifacts, jpeg artifacts"
1115,automobile,coupe,turning at an intersection,a wet roadway after rain,wide shot,nighttime under streetlights,clean,a photorealistic color photo,"a photorealistic color photo of a coupe automobile turning at an intersection in a wet roadway after rain, wide shot, nighttime under streetlights. single main subject, photorealistic color photo, natural colors, realistic texture, sharp focus on subject, no people, no text, no watermark, no logo, no border, no collage, no CGI, no illustration.","text, watermark, logo, caption, signature, border, frame, collage, multiple panels, cartoon, illustration, CGI, 3d render, low-poly, painting, anime, surreal, deformed, duplicate objects, extra limbs, blurry, out of focus, noise, oversaturated, posterized, artifacts, jpeg artifacts"
1224,automobile,coupe,stopped at a curb,a suburban neighborhood,front view,golden hour,clean,a high-quality image,"a high-quality image of a coupe automobile stopped at a curb in a suburban neighborhood, front view, golden hour. single main subject, photorealistic color photo, natural colors, realistic texture, sharp focus on subject, no people, no text, no watermark, no logo, no border, no collage, no CGI, no illustration.","text, watermark, logo, caption, signature, border, frame, collage, multiple panels, cartoon, illustration, CGI, 3d render, low-poly, painting, anime, surreal, deformed, duplicate objects, extra limbs, blurry, out of focus, noise, oversaturated, posterized, artifacts, jpeg artifacts"
1413,automobile,hatchback,driving,a countryside road,wide shot,golden hour,clean,an ultra-realistic rendering,"an ultra-realistic rendering of a hatchback automobile driving in a countryside road, wide shot, golden hour. single main subject, photorealistic color photo, natural colors, realistic texture, sharp focus on subject, no people, no text, no watermark, no logo, no border, no collage, no CGI, no illustration.","text, watermark, logo, caption, signature, border, frame, collage, multiple panels, cartoon, illustration, CGI, 3d render, low-poly, painting, anime, surreal, deformed, duplicate objects, extra limbs, blurry, out of focus, noise, oversaturated, posterized, artifacts, jpeg artifacts"
1848,automobile,sports car,stopped at a curb,a wet roadway after rain,wide shot,overcast daylight,hard,a finely detailed photo,"a finely detailed photo of a sports car automobile stopped at a curb in a wet roadway after rain, wide shot, overcast daylight. busy background but still one main subject. single main subject, photorealistic color photo, natural colors, realistic texture, sharp focus on subject, no people, no text, no watermark, no logo, no border, no collage, no CGI, no illustration.","text, watermark, logo, caption, signature, border, frame, collage, multiple panels, cartoon, illustration, CGI, 3d render, low-poly, painting, anime, surreal, deformed, duplicate objects, extra limbs, blurry, out of focus, noise, oversaturated, posterized, artifacts, jpeg artifacts"
1418,automobile,taxi,stopped at a curb,a countryside road,side profile,rainy with wet reflections,clean,a photorealistic color photo,"a photorealistic color photo of a taxi automobile stopped at a curb in a countryside road, side profile, rainy with wet reflections. single main subject, photorealistic color photo, natural colors, realistic texture, sharp focus on subject, no people, no text, no watermark, no logo, no border, no collage, no CGI, no illustration.","text, watermark, logo, caption, signature, border, frame, collage, multiple panels, cartoon, illustration, CGI, 3d render, low-poly, painting, anime, surreal, deformed, duplicate objects, extra limbs, blurry, out of focus, noise, oversaturated, posterized, artifacts, jpeg artifacts"
1278,automobile,taxi,turning at an intersection,a forest clearing,slightly off-center framing,foggy morning,clean,a professional photo,"a professional photo of a taxi automobile turning at an intersection in a forest clearing, slightly off-center framing, foggy morning. single main subject, photorealistic color photo, natural colors, realistic texture, sharp focus on subject, no people, no text, no watermark, no logo, no border, no collage, no CGI, no illustration.","text, watermark, logo, caption, signature, border, frame, collage, multiple panels, cartoon, illustration, CGI, 3d render, low-poly, painting, anime, surreal, deformed, duplicate objects, extra limbs, blurry, out of focus, noise, oversaturated, posterized, artifacts, jpeg artifacts"
1049,automobile,taxi,stopped at a curb,a city park,close-up,golden hour,clean,a photorealistic color photo,"a photorealistic color photo of a taxi automobile stopped at a curb in a city park, close-up, golden hour. single main subject, photorealistic color photo, natural colors, realistic texture, sharp focus on subject, no people, no text, no watermark, no logo, no border, no collage, no CGI, no illustration.","text, watermark, logo, caption, signature, border, frame, collage, multiple panels, cartoon, illustration, CGI, 3d render, low-poly, painting, anime, surreal, deformed, duplicate objects, extra limbs, blurry, out of focus, noise, oversaturated, posterized, artifacts, jpeg artifacts"
1132,automobile,taxi,turning at an intersection,a backyard,3/4 view,indoor soft window light,clean,a high-quality image,"a high-quality image of a taxi automobile turning at an intersection in a backyard, 3/4 view, indoor soft window light. single main subject, photorealistic color photo, natural colors, realistic texture, sharp focus on subject, no people, no text, no watermark, no logo, no border, no collage, no CGI, no illustration.","text, watermark, logo, caption, signature, border, frame, collage, multiple panels, cartoon, illustration, CGI, 3d render, low-poly, painting, anime, surreal, deformed, duplicate objects, extra limbs, blurry, out of focus, noise, oversaturated, posterized, artifacts, jpeg artifacts"
1984,automobile,sports car,stopped at a curb,a suburban neighborhood,side profile,overcast daylight,hard,a finely detailed photo,"a finely detailed photo of a sports car automobile stopped at a curb in a suburban neighborhood, side profile, overcast daylight. cropped slightly. single main subject, photorealistic color photo, natural colors, realistic texture, sharp focus on subject, no people, no text, no watermark, no logo, no border, no collage, no CGI, no illustration.","text, watermark, logo, caption, signature, border, frame, collage, multiple panels, cartoon, illustration, CGI, 3d render, low-poly, painting, anime, surreal, deformed, duplicate objects, extra limbs, blurry, out of focus, noise, oversaturated, posterized, artifacts, jpeg artifacts"
1292,automobile,coupe,parked,a city park,3/4 view,overcast daylight,clean,an ultra-realistic rendering,"an ultra-realistic rendering of a coupe automobile parked in a city park, 3/4 view, overcast daylight. single main subject, photorealistic color photo, natural colors, realistic texture, sharp focus on subject, no people, no text, no watermark, no logo, no border, no collage, no CGI, no illustration.","text, watermark, logo, caption, signature, border, frame, collage, multiple panels, cartoon, illustration, CGI, 3d render, low-poly, painting, anime, surreal, deformed, duplicate objects, extra limbs, blurry, out of focus, noise, oversaturated, posterized, artifacts, jpeg artifacts"
1940,automobile,hatchback,turning at an intersection,a backyard,high angle,overcast daylight,hard,a photorealistic color photo,"a photorealistic color photo of a hatchback automobile turning at an intersection in a backyard, high angle, overcast daylight. cropped slightly. single main subject, photorealistic color photo, natural colors, realistic texture, sharp focus on subject, no people, no text, no watermark, no logo, no border, no collage, no CGI, no illustration.","text, watermark, logo, caption, signature, border, frame, collage, multiple panels, cartoon, illustration, CGI, 3d render, low-poly, painting, anime, surreal, deformed, duplicate objects, extra limbs, blurry, out of focus, noise, oversaturated, posterized, artifacts, jpeg artifacts"
1208,automobile,coupe,turning at an intersection,a quiet residential street,front view,sunny afternoon,clean,a detailed photograph,"a detailed photograph of a coupe automobile turning at an intersection in a quiet residential street, front view, sunny afternoon. single main subject, photorealistic color photo, natural colors, realistic texture, sharp focus on subject, no people, no text, no watermark, no logo, no border, no collage, no CGI, no illustration.","text, watermark, logo, caption, signature, border, frame, collage, multiple panels, cartoon, illustration, CGI, 3d render, low-poly, painting, anime, surreal, deformed, duplicate objects, extra limbs, blurry, out of focus, noise, oversaturated, posterized, artifacts, jpeg artifacts"
1323,automobile,sports car,driving,a city park,side profile,backlit rim light,clean,a finely detailed photo,"a finely detailed photo of a sports car automobile driving in a city park, side profile, backlit rim light. single main subject, photorealistic color photo, natural colors, realistic texture, sharp focus on subject, no people, no text, no watermark, no logo, no border, no collage, no CGI, no illustration.","text, watermark, logo, caption, signature, border, frame, collage, multiple panels, cartoon, illustration, CGI, 3d render, low-poly, painting, anime, surreal, deformed, duplicate objects, extra limbs, blurry, out of focus, noise, oversaturated, posterized, artifacts, jpeg artifacts"
1918,automobile,sedan,parked,a wet roadway after rain,side profile,nighttime under streetlights,hard,a detailed photograph,"a detailed photograph of a sedan automobile parked in a wet roadway after rain, side profile, nighttime under streetlights. cropped slightly. single main subject, photorealistic color photo, natural colors, realistic texture, sharp focus on subject, no people, no text, no watermark, no logo, no border, no collage, no CGI, no illustration.","text, watermark, logo, caption, signature, border, frame, collage, multiple panels, cartoon, illustration, CGI, 3d render, low-poly, painting, anime, surreal, deformed, duplicate objects, extra limbs, blurry, out of focus, noise, oversaturated, posterized, artifacts, jpeg artifacts"
1453,automobile,taxi,parked,a sandy beach,slightly off-center framing,backlit rim light,clean,a professional photo,"a professional photo of a taxi automobile parked in a sandy beach, slightly off-center framing, backlit rim light. single main subject, photorealistic color photo, natural colors, realistic texture, sharp focus on subject, no people, no text, no watermark, no logo, no border, no collage, no CGI, no illustration.","text, watermark, logo, caption, signature, border, frame, collage, multiple panels, cartoon, illustration, CGI, 3d render, low-poly, painting, anime, surreal, deformed, duplicate objects, extra limbs, blurry, out of focus, noise, oversaturated, posterized, artifacts, jpeg artifacts"
1704,automobile,sports car,turning at an intersection,a gravel lot,side profile,nighttime under streetlights,clean,a finely detailed photo,"a finely detailed photo of a sports car automobile turning at an intersection in a gravel lot, side profile, nighttime under streetlights. single main subject, photorealistic color photo, natural colors, realistic texture, sharp focus on subject, no people, no text, no watermark, no logo, no border, no collage, no CGI, no illustration.","text, watermark, logo, caption, signature, border, frame, collage, multiple panels, cartoon, illustration, CGI, 3d render, low-poly, painting, anime, surreal, deformed, duplicate objects, extra limbs, blurry, out of focus, noise, oversaturated, posterized, artifacts, jpeg artifacts"
1330,automobile,sports car,turning at an intersection,a parking lot,low angle,indoor soft window light,clean,an ultra-realistic rendering,"an ultra-realistic rendering of a sports car automobile turning at an intersection in a parking lot, low angle, indoor soft window light. single main subject, photorealistic color photo, natural colors, realistic texture, sharp focus on subject, no people, no text, no watermark, no logo, no border, no collage, no CGI, no illustration.","text, watermark, logo, caption, signature, border, frame, collage, multiple panels, cartoon, illustration, CGI, 3d render, low-poly, painting, anime, surreal, deformed, duplicate objects, extra limbs, blurry, out of focus, noise, oversaturated, posterized, artifacts, jpeg artifacts"
1864,automobile,hatchback,parked,a parking lot,high angle,backlit rim light,hard,an ultra-realistic rendering,"an ultra-realistic rendering of a hatchback automobile parked in a parking lot, high angle, backlit rim light. partially occluded by a foreground object. single main subject, photorealistic color photo, natural colors, realistic texture, sharp focus on subject, no people, no text, no watermark, no logo, no border, no collage, no CGI, no illustration.","text, watermark, logo, caption, signature, border, frame, collage, multiple panels, cartoon, illustration, CGI, 3d render, low-poly, painting, anime, surreal, deformed, duplicate objects, extra limbs, blurry, out of focus, noise, oversaturated, posterized, artifacts, jpeg artifacts"
1691,automobile,coupe,stopped at a curb,a city park,wide shot,sunny afternoon,clean,a detailed photograph,"a detailed photograph of a coupe automobile stopped at a curb in a city park, wide shot, sunny afternoon. single main subject, photorealistic color photo, natural colors, realistic texture, sharp focus on subject, no people, no text, no watermark, no logo, no border, no collage, no CGI, no illustration.","text, watermark, logo, caption, signature, border, frame, collage, multiple panels, cartoon, illustration, CGI, 3d render, low-poly, painting, anime, surreal, deformed, duplicate objects, extra limbs, blurry, out of focus, noise, oversaturated, posterized, artifacts, jpeg artifacts"
1642,automobile,sports car,stopped at a curb,a parking lot,wide shot,overcast daylight,clean,a professional photo,"a professional photo of a sports car automobile stopped at a curb in a parking lot, wide shot, overcast daylight. single main subject, photorealistic color photo, natural colors, realistic texture, sharp focus on subject, no people, no text, no watermark, no logo, no border, no collage, no CGI, no illustration.","text, watermark, logo, caption, signature, border, frame, collage, multiple panels, cartoon, illustration, CGI, 3d render, low-poly, painting, anime, surreal, deformed, duplicate objects, extra limbs, blurry, out of focus, noise, oversaturated, posterized, artifacts, jpeg artifacts"
1021,automobile,hatchback,turning at an intersection,a quiet residential street,side profile,foggy morning,clean,a finely detailed photo,"a finely detailed photo of a hatchback automobile turning at an intersection in a quiet residential street, side profile, foggy morning. single main subject, photorealistic color photo, natural colors, realistic texture, sharp focus on subject, no people, no text, no watermark, no logo, no border, no collage, no CGI, no illustration.","text, watermark, logo, caption, signature, border, frame, collage, multiple panels, cartoon, illustration, CGI, 3d render, low-poly, painting, anime, surreal, deformed, duplicate objects, extra limbs, blurry, out of focus, noise, oversaturated, posterized, artifacts, jpeg artifacts"
1854,automobile,taxi,driving,a parking lot,high angle,sunny afternoon,hard,a professional photo,"a professional photo of a taxi automobile driving in a parking lot, high angle, sunny afternoon. busy background but still one main subject. single main subject, photorealistic color photo, natural colors, realistic texture, sharp focus on subject, no people, no text, no watermark, no logo, no border, no collage, no CGI, no illustration.","text, watermark, logo, caption, signature, border, frame, collage, multiple panels, cartoon, illustration, CGI, 3d render, low-poly, painting, anime, surreal, deformed, duplicate objects, extra limbs, blurry, out of focus, noise, oversaturated, posterized, artifacts, jpeg artifacts"
1667,automobile,hatchback,turning at an intersection,a parking lot,low angle,nighttime under streetlights,clean,a professional photo,"a professional photo of a hatchback automobile turning at an intersection in a parking lot, low angle, nighttime under streetlights. single main subject, photorealistic color photo, natural colors, realistic texture, sharp focus on subject, no people, no text, no watermark, no logo, no border, no collage, no CGI, no illustration.","text, watermark, logo, caption, signature, border, frame, collage, multiple panels, cartoon, illustration, CGI, 3d render, low-poly, painting, anime, surreal, deformed, duplicate objects, extra limbs, blurry, out of focus, noise, oversaturated, posterized, artifacts, jpeg artifacts"
1800,automobile,sedan,driving,a gravel lot,high angle,golden hour,hard,a photorealistic color photo,"a photorealistic color photo of a sedan automobile driving in a gravel lot, high angle, golden hour. busy background but still one main subject. single main subject, photorealistic color photo, natural colors, realistic texture, sharp focus on subject, no people, no text, no watermark, no logo, no border, no collage, no CGI, no illustration.","text, watermark, logo, caption, signature, border, frame, collage, multiple panels, cartoon, illustration, CGI, 3d render, low-poly, painting, anime, surreal, deformed, duplicate objects, extra limbs, blurry, out of focus, noise, oversaturated, posterized, artifacts, jpeg artifacts"
1328,automobile,sports car,turning at an intersection,a lakeside shore,wide shot,golden hour,clean,a finely detailed photo,"a finely detailed photo of a sports car automobile turning at an intersection in a lakeside shore, wide shot, golden hour. single main subject, photorealistic color photo, natural colors, realistic texture, sharp focus on subject, no people, no text, no watermark, no logo, no border, no collage, no CGI, no illustration.","text, watermark, logo, caption, signature, border, frame, collage, multiple panels, cartoon, illustration, CGI, 3d render, low-poly, painting, anime, surreal, deformed, duplicate objects, extra limbs, blurry, out of focus, noise, oversaturated, posterized, artifacts, jpeg artifacts"
1561,automobile,coupe,turning at an intersection,a quiet residential street,front view,nighttime under streetlights,clean,a professional photo,"a professional photo of a coupe automobile turning at an intersection in a quiet residential street, front view, nighttime under streetlights. single main subject, photorealistic color photo, natural colors, realistic texture, sharp focus on subject, no people, no text, no watermark, no logo, no border, no collage, no CGI, no illustration.","text, watermark, logo, caption, signature, border, frame, collage, multiple panels, cartoon, illustration, CGI, 3d render, low-poly, painting, anime, surreal, deformed, duplicate objects, extra limbs, blurry, out of focus, noise, oversaturated, posterized, artifacts, jpeg artifacts"
1777,automobile,coupe,parked,a sandy beach,high angle,foggy morning,clean,a high-quality image,"a high-quality image of a coupe automobile parked in a sandy beach, high angle, foggy morning. single main subject, photorealistic color photo, natural colors, realistic texture, sharp focus on subject, no people, no text, no watermark, no logo, no border, no collage, no CGI, no illustration.","text, watermark, logo, caption, signature, border, frame, collage, multiple panels, cartoon, illustration, CGI, 3d render, low-poly, painting, anime, surreal, deformed, duplicate objects, extra limbs, blurry, out of focus, noise, oversaturated, posterized, artifacts, jpeg artifacts"
1311,automobile,compact car,parked,a forest clearing,side profile,backlit rim light,clean,a professional photo,"a professional photo of a compact car automobile parked in a forest clearing, side profile, backlit rim light. single main subject, photorealistic color photo, natural colors, realistic texture, sharp focus on subject, no people, no text, no watermark, no logo, no border, no collage, no CGI, no illustration.","text, watermark, logo, caption, signature, border, frame, collage, multiple panels, cartoon, illustration, CGI, 3d render, low-poly, painting, anime, surreal, deformed, duplicate objects, extra limbs, blurry, out of focus, noise, oversaturated, posterized, artifacts, jpeg artifacts"
1318,automobile,sports car,parked,a lakeside shore,slightly off-center framing,golden hour,clean,a high-quality image,"a high-quality image of a sports car automobile parked in a lakeside shore, slightly off-center framing, golden hour. single main subject, photorealistic color photo, natural colors, realistic texture, sharp focus on subject, no people, no text, no watermark, no logo, no border, no collage, no CGI, no illustration.","text, watermark, logo, caption, signature, border, frame, collage, multiple panels, cartoon, illustration, CGI, 3d render, low-poly, painting, anime, surreal, deformed, duplicate objects, extra limbs, blurry, out of focus, noise, oversaturated, posterized, artifacts, jpeg artifacts"
1396,automobile,coupe,turning at an intersection,an industrial yard,3/4 view,sunny afternoon,clean,a high-quality image,"a high-quality image of a coupe automobile turning at an intersection in an industrial yard, 3/4 view, sunny afternoon. single main subject, photorealistic color photo, natural colors, realistic texture, sharp focus on subject, no people, no text, no watermark, no logo, no border, no collage, no CGI, no illustration.","text, watermark, logo, caption, signature, border, frame, collage, multiple panels, cartoon, illustration, CGI, 3d render, low-poly, painting, anime, surreal, deformed, duplicate objects, extra limbs, blurry, out of focus, noise, oversaturated, posterized, artifacts, jpeg artifacts"
1743,automobile,coupe,parked,a suburban neighborhood,slightly off-center framing,nighttime under streetlights,clean,a high-quality image,"a high-quality image of a coupe automobile parked in a suburban neighborhood, slightly off-center framing, nighttime under streetlights. single main subject, photorealistic color photo, natural colors, realistic texture, sharp focus on subject, no people, no text, no watermark, no logo, no border, no collage, no CGI, no illustration.","text, watermark, logo, caption, signature, border, frame, collage, multiple panels, cartoon, illustration, CGI, 3d render, low-poly, painting, anime, surreal, deformed, duplicate objects, extra limbs, blurry, out of focus, noise, oversaturated, posterized, artifacts, jpeg artifacts"
1222,automobile,sports car,parked,an urban street,front view,rainy with wet reflections,clean,a professional photo,"a professional photo of a sports car automobile parked in an urban street, front view, rainy with wet reflections. single main subject, photorealistic color photo, natural colors, realistic texture, sharp focus on subject, no people, no text, no watermark, no logo, no border, no collage, no CGI, no illustration.","text, watermark, logo, caption, signature, border, frame, collage, multiple panels, cartoon, illustration, CGI, 3d render, low-poly, painting, anime, surreal, deformed, duplicate objects, extra limbs, blurry, out of focus, noise, oversaturated, posterized, artifacts, jpeg artifacts"
1261,automobile,compact car,driving,a parking lot,high angle,foggy morning,clean,a photorealistic color photo,"a photorealistic color photo of a compact car automobile driving in a parking lot, high angle, foggy morning. single main subject, photorealistic color photo, natural colors, realistic texture, sharp focus on subject, no people, no text, no watermark, no logo, no border, no collage, no CGI, no illustration.","text, watermark, logo, caption, signature, border, frame, collage, multiple panels, cartoon, illustration, CGI, 3d render, low-poly, painting, anime, surreal, deformed, duplicate objects, extra limbs, blurry, out of focus, noise, oversaturated, posterized, artifacts, jpeg artifacts"
1763,automobile,compact car,driving,a suburban neighborhood,side profile,indoor soft window light,clean,a photorealistic color photo,"a photorealistic color photo of a compact car automobile driving in a suburban neighborhood, side profile, indoor soft window light. single main subject, photorealistic color photo, natural colors, realistic texture, sharp focus on subject, no people, no text, no watermark, no logo, no border, no collage, no CGI, no illustration.","text, watermark, logo, caption, signature, border, frame, collage, multiple panels, cartoon, illustration, CGI, 3d render, low-poly, painting, anime, surreal, deformed, duplicate objects, extra limbs, blurry, out of focus, noise, oversaturated, posterized, artifacts, jpeg artifacts"
1211,automobile,hatchback,parked,a grassy field,low angle,indoor soft window light,clean,a photorealistic color photo,"a photorealistic color photo of a hatchback automobile parked in a grassy field, low angle, indoor soft window light. single main subject, photorealistic color photo, natural colors, realistic texture, sharp focus on subject, no people, no text, no watermark, no logo, no border, no collage, no CGI, no illustration.","text, watermark, logo, caption, signature, border, frame, collage, multiple panels, cartoon, illustration, CGI, 3d render, low-poly, painting, anime, surreal, deformed, duplicate objects, extra limbs, blurry, out of focus, noise, oversaturated, posterized, artifacts, jpeg artifacts"
1159,automobile,compact car,driving,a gravel lot,3/4 view,overcast daylight,clean,a finely detailed photo,"a finely detailed photo of a compact car automobile driving in a gravel lot, 3/4 view, overcast daylight. single main subject, photorealistic color photo, natural colors, realistic texture, sharp focus on subject, no people, no text, no watermark, no logo, no border, no collage, no CGI, no illustration.","text, watermark, logo, caption, signature, border, frame, collage, multiple panels, cartoon, illustration, CGI, 3d render, low-poly, painting, anime, surreal, deformed, duplicate objects, extra limbs, blurry, out of focus, noise, oversaturated, posterized, artifacts, jpeg artifacts"
1121,automobile,hatchback,turning at an intersection,a lakeside shore,slightly off-center framing,nighttime under streetlights,clean,a finely detailed photo,"a finely detailed photo of a hatchback automobile turning at an intersection in a lakeside shore, slightly off-center framing, nighttime under streetlights. single main subject, photorealistic color photo, natural colors, realistic texture, sharp focus on subject, no people, no text, no watermark, no logo, no border, no collage, no CGI, no illustration.","text, watermark, logo, caption, signature, border, frame, collage, multiple panels, cartoon, illustration, CGI, 3d render, low-poly, painting, anime, surreal, deformed, duplicate objects, extra limbs, blurry, out of focus, noise, oversaturated, posterized, artifacts, jpeg artifacts"
1971,automobile,compact car,parked,a gravel lot,slightly off-center framing,sunny afternoon,hard,a photorealistic color photo,"a photorealistic color photo of a compact car automobile parked in a gravel lot, slightly off-center framing, sunny afternoon. slight motion blur. single main subject, photorealistic color photo, natural colors, realistic texture, sharp focus on subject, no people, no text, no watermark, no logo, no border, no collage, no CGI, no illustration.","text, watermark, logo, caption, signature, border, frame, collage, multiple panels, cartoon, illustration, CGI, 3d render, low-poly, painting, anime, surreal, deformed, duplicate objects, extra limbs, blurry, out of focus, noise, oversaturated, posterized, artifacts, jpeg artifacts"
1673,automobile,hatchback,parked,a grassy field,side profile,indoor soft window light,clean,a finely detailed photo,"a finely detailed photo of a hatchback automobile parked in a grassy field, side profile, indoor soft window light. single main subject, photorealistic color photo, natural colors, realistic texture, sharp focus on subject, no people, no text, no watermark, no logo, no border, no collage, no CGI, no illustration.","text, watermark, logo, caption, signature, border, frame, collage, multiple panels, cartoon, illustration, CGI, 3d render, low-poly, painting, anime, surreal, deformed, duplicate objects, extra limbs, blurry, out of focus, noise, oversaturated, posterized, artifacts, jpeg artifacts"
1831,automobile,sedan,driving,an urban street,front view,foggy morning,hard,a detailed photograph,"a detailed photograph of a sedan automobile driving in an urban street, front view, foggy morning. cropped slightly. single main subject, photorealistic color photo, natural colors, realistic texture, sharp focus on subject, no people, no text, no watermark, no logo, no border, no collage, no CGI, no illustration.","text, watermark, logo, caption, signature, border, frame, collage, multiple panels, cartoon, illustration, CGI, 3d render, low-poly, painting, anime, surreal, deformed, duplicate objects, extra limbs, blurry, out of focus, noise, oversaturated, posterized, artifacts, jpeg artifacts"
1664,automobile,sedan,turning at an intersection,an urban street,low angle,sunny afternoon,clean,a high-quality image,"a high-quality image of a sedan automobile turning at an intersection in an urban street, low angle, sunny afternoon. single main subject, photorealistic color photo, natural colors, realistic texture, sharp focus on subject, no people, no text, no watermark, no logo, no border, no collage, no CGI, no illustration.","text, watermark, logo, caption, signature, border, frame, collage, multiple panels, cartoon, illustration, CGI, 3d render, low-poly, painting, anime, surreal, deformed, duplicate objects, extra limbs, blurry, out of focus, noise, oversaturated, posterized, artifacts, jpeg artifacts"
1339,automobile,coupe,parked,an urban street,slightly off-center framing,golden hour,clean,a detailed photograph,"a detailed photograph of a coupe automobile parked in an urban street, slightly off-center framing, golden hour. single main subject, photorealistic color photo, natural colors, realistic texture, sharp focus on subject, no people, no text, no watermark, no logo, no border, no collage, no CGI, no illustration.","text, watermark, logo, caption, signature, border, frame, collage, multiple panels, cartoon, illustration, CGI, 3d render, low-poly, painting, anime, surreal, deformed, duplicate objects, extra limbs, blurry, out of focus, noise, oversaturated, posterized, artifacts, jpeg artifacts"
1716,automobile,hatchback,stopped at a curb,a forest clearing,close-up,backlit rim light,clean,a professional photo,"a professional photo of a hatchback automobile stopped at a curb in a forest clearing, close-up, backlit rim light. single main subject, photorealistic color photo, natural colors, realistic texture, sharp focus on subject, no people, no text, no watermark, no logo, no border, no collage, no CGI, no illustration.","text, watermark, logo, caption, signature, border, frame, collage, multiple panels, cartoon, illustration, CGI, 3d render, low-poly, painting, anime, surreal, deformed, duplicate objects, extra limbs, blurry, out of focus, noise, oversaturated, posterized, artifacts, jpeg artifacts"
1656,automobile,coupe,driving,an industrial yard,close-up,sunny afternoon,clean,a detailed photograph,"a detailed photograph of a coupe automobile driving in an industrial yard, close-up, sunny afternoon. single main subject, photorealistic color photo, natural colors, realistic texture, sharp focus on subject, no people, no text, no watermark, no logo, no border, no collage, no CGI, no illustration.","text, watermark, logo, caption, signature, border, frame, collage, multiple panels, cartoon, illustration, CGI, 3d render, low-poly, painting, anime, surreal, deformed, duplicate objects, extra limbs, blurry, out of focus, noise, oversaturated, posterized, artifacts, jpeg artifacts"
1366,automobile,coupe,turning at an intersection,a gravel lot,low angle,indoor soft window light,clean,an ultra-realistic rendering,"an ultra-realistic rendering of a coupe automobile turning at an intersection in a gravel lot, low angle, indoor soft window light. single main subject, photorealistic color photo, natural colors, realistic texture, sharp focus on subject, no people, no text, no watermark, no logo, no border, no collage, no CGI, no illustration.","text, watermark, logo, caption, signature, border, frame, collage, multiple panels, cartoon, illustration, CGI, 3d render, low-poly, painting, anime, surreal, deformed, duplicate objects, extra limbs, blurry, out of focus, noise, oversaturated, posterized, artifacts, jpeg artifacts"
1624,automobile,sedan,turning at an intersection,a parking lot,close-up,overcast daylight,clean,an ultra-realistic rendering,"an ultra-realistic rendering of a sedan automobile turning at an intersection in a parking lot, close-up, overcast daylight. single main subject, photorealistic color photo, natural colors, realistic texture, sharp focus on subject, no people, no text, no watermark, no logo, no border, no collage, no CGI, no illustration.","text, watermark, logo, caption, signature, border, frame, collage, multiple panels, cartoon, illustration, CGI, 3d render, low-poly, painting, anime, surreal, deformed, duplicate objects, extra limbs, blurry, out of focus, noise, oversaturated, posterized, artifacts, jpeg artifacts"
1659,automobile,sedan,turning at an intersection,a quiet residential street,low angle,rainy with wet reflections,clean,a detailed photograph,"a detailed photograph of a sedan automobile turning at an intersection in a quiet residential street, low angle, rainy with wet reflections. single main subject, photorealistic color photo, natural colors, realistic texture, sharp focus on subject, no people, no text, no watermark, no logo, no border, no collage, no CGI, no illustration.","text, watermark, logo, caption, signature, border, frame, collage, multiple panels, cartoon, illustration, CGI, 3d render, low-poly, painting, anime, surreal, deformed, duplicate objects, extra limbs, blurry, out of focus, noise, oversaturated, posterized, artifacts, jpeg artifacts"
1519,automobile,sports car,stopped at a curb,a backyard,high angle,backlit rim light,clean,a photorealistic color photo,"a photorealistic color photo of a sports car automobile stopped at a curb in a backyard, high angle, backlit rim light. single main subject, photorealistic color photo, natural colors, realistic texture, sharp focus on subject, no people, no text, no watermark, no logo, no border, no collage, no CGI, no illustration.","text, watermark, logo, caption, signature, border, frame, collage, multiple panels, cartoon, illustration, CGI, 3d render, low-poly, painting, anime, surreal, deformed, duplicate objects, extra limbs, blurry, out of focus, noise, oversaturated, posterized, artifacts, jpeg artifacts"
1839,automobile,sedan,driving,a wet roadway after rain,distant subject in the background,foggy morning,hard,a professional photo,"a professional photo of a sedan automobile driving in a wet roadway after rain, distant subject in the background, foggy morning. busy background but still one main subject. single main subject, photorealistic color photo, natural colors, realistic texture, sharp focus on subject, no people, no text, no watermark, no logo, no border, no collage, no CGI, no illustration.","text, watermark, logo, caption, signature, border, frame, collage, multiple panels, cartoon, illustration, CGI, 3d render, low-poly, painting, anime, surreal, deformed, duplicate objects, extra limbs, blurry, out of focus, noise, oversaturated, posterized, artifacts, jpeg artifacts"
1786,automobile,coupe,stopped at a curb,a lakeside shore,wide shot,golden hour,clean,an ultra-realistic rendering,"an ultra-realistic rendering of a coupe automobile stopped at a curb in a lakeside shore, wide shot, golden hour. single main subject, photorealistic color photo, natural colors, realistic texture, sharp focus on subject, no people, no text, no watermark, no logo, no border, no collage, no CGI, no illustration.","text, watermark, logo, caption, signature, border, frame, collage, multiple panels, cartoon, illustration, CGI, 3d render, low-poly, painting, anime, surreal, deformed, duplicate objects, extra limbs, blurry, out of focus, noise, oversaturated, posterized, artifacts, jpeg artifacts"
1452,automobile,sports car,driving,a city park,low angle,backlit rim light,clean,an ultra-realistic rendering,"an ultra-realistic rendering of a sports car automobile driving in a city park, low angle, backlit rim light. single main subject, photorealistic color photo, natural colors, realistic texture, sharp focus on subject, no people, no text, no watermark, no logo, no border, no collage, no CGI, no illustration.","text, watermark, logo, caption, signature, border, frame, collage, multiple panels, cartoon, illustration, CGI, 3d render, low-poly, painting, anime, surreal, deformed, duplicate objects, extra limbs, blurry, out of focus, noise, oversaturated, posterized, artifacts, jpeg artifacts"
1728,automobile,coupe,parked,a wet roadway after rain,high angle,sunny afternoon,clean,a photorealistic color photo,"a photorealistic color photo of a coupe automobile parked in a wet roadway after rain, high angle, sunny afternoon. single main subject, photorealistic color photo, natural colors, realistic texture, sharp focus on subject, no people, no text, no watermark, no logo, no border, no collage, no CGI, no illustration.","text, watermark, logo, caption, signature, border, frame, collage, multiple panels, cartoon, illustration, CGI, 3d render, low-poly, painting, anime, surreal, deformed, duplicate objects, extra limbs, blurry, out of focus, noise, oversaturated, posterized, artifacts, jpeg artifacts"
1254,automobile,taxi,stopped at a curb,a suburban neighborhood,slightly off-center framing,indoor soft window light,clean,a high-quality image,"a high-quality image of a taxi automobile stopped at a curb in a suburban neighborhood, slightly off-center framing, indoor soft window light. single main subject, photorealistic color photo, natural colors, realistic texture, sharp focus on subject, no people, no text, no watermark, no logo, no border, no collage, no CGI, no illustration.","text, watermark, logo, caption, signature, border, frame, collage, multiple panels, cartoon, illustration, CGI, 3d render, low-poly, painting, anime, surreal, deformed, duplicate objects, extra limbs, blurry, out of focus, noise, oversaturated, posterized, artifacts, jpeg artifacts"
1606,automobile,coupe,turning at an intersection,a countryside road,side profile,nighttime under streetlights,clean,a professional photo,"a professional photo of a coupe automobile turning at an intersection in a countryside road, side profile, nighttime under streetlights. single main subject, photorealistic color photo, natural colors, realistic texture, sharp focus on subject, no people, no text, no watermark, no logo, no border, no collage, no CGI, no illustration.","text, watermark, logo, caption, signature, border, frame, collage, multiple panels, cartoon, illustration, CGI, 3d render, low-poly, painting, anime, surreal, deformed, duplicate objects, extra limbs, blurry, out of focus, noise, oversaturated, posterized, artifacts, jpeg artifacts"
1618,automobile,compact car,stopped at a curb,a city park,close-up,rainy with wet reflections,clean,a photorealistic color photo,"a photorealistic color photo of a compact car automobile stopped at a curb in a city park, close-up, rainy with wet reflections. single main subject, photorealistic color photo, natural colors, realistic texture, sharp focus on subject, no people, no text, no watermark, no logo, no border, no collage, no CGI, no illustration.","text, watermark, logo, caption, signature, border, frame, collage, multiple panels, cartoon, illustration, CGI, 3d render, low-poly, painting, anime, surreal, deformed, duplicate objects, extra limbs, blurry, out of focus, noise, oversaturated, posterized, artifacts, jpeg artifacts"
1146,automobile,sedan,turning at an intersection,a sandy beach,low angle,golden hour,clean,a photorealistic color photo,"a photorealistic color photo of a sedan automobile turning at an intersection in a sandy beach, low angle, golden hour. single main subject, photorealistic color photo, natural colors, realistic texture, sharp focus on subject, no people, no text, no watermark, no logo, no border, no collage, no CGI, no illustration.","text, watermark, logo, caption, signature, border, frame, collage, multiple panels, cartoon, illustration, CGI, 3d render, low-poly, painting, anime, surreal, deformed, duplicate objects, extra limbs, blurry, out of focus, noise, oversaturated, posterized, artifacts, jpeg artifacts"
1955,automobile,sports car,turning at an intersection,a forest clearing,wide shot,indoor soft window light,hard,a professional photo,"a professional photo of a sports car automobile turning at an intersection in a forest clearing, wide shot, indoor soft window light. partially occluded by a foreground object. single main subject, photorealistic color photo, natural colors, realistic texture, sharp focus on subject, no people, no text, no watermark, no logo, no border, no collage, no CGI, no illustration.","text, watermark, logo, caption, signature, border, frame, collage, multiple panels, cartoon, illustration, CGI, 3d render, low-poly, painting, anime, surreal, deformed, duplicate objects, extra limbs, blurry, out of focus, noise, oversaturated, posterized, artifacts, jpeg artifacts"
1152,automobile,coupe,parked,a quiet residential street,slightly off-center framing,golden hour,clean,an ultra-realistic rendering,"an ultra-realistic rendering of a coupe automobile parked in a quiet residential street, slightly off-center framing, golden hour. single main subject, photorealistic color photo, natural colors, realistic texture, sharp focus on subject, no people, no text, no watermark, no logo, no border, no collage, no CGI, no illustration.","text, watermark, logo, caption, signature, border, frame, collage, multiple panels, cartoon, illustration, CGI, 3d render, low-poly, painting, anime, surreal, deformed, duplicate objects, extra limbs, blurry, out of focus, noise, oversaturated, posterized, artifacts, jpeg artifacts"
1147,automobile,taxi,turning at an intersection,a wet roadway after rain,low angle,foggy morning,clean,a detailed photograph,"a detailed photograph of a taxi automobile turning at an intersection in a wet roadway after rain, low angle, foggy morning. single main subject, photorealistic color photo, natural colors, realistic texture, sharp focus on subject, no people, no text, no watermark, no logo, no border, no collage, no CGI, no illustration.","text, watermark, logo, caption, signature, border, frame, collage, multiple panels, cartoon, illustration, CGI, 3d render, low-poly, painting, anime, surreal, deformed, duplicate objects, extra limbs, blurry, out of focus, noise, oversaturated, posterized, artifacts, jpeg artifacts"
1401,automobile,hatchback,parked,a wet roadway after rain,low angle,golden hour,clean,a high-quality image,"a high-quality image of a hatchback automobile parked in a wet roadway after rain, low angle, golden hour. single main subject, photorealistic color photo, natural colors, realistic texture, sharp focus on subject, no people, no text, no watermark, no logo, no border, no collage, no CGI, no illustration.","text, watermark, logo, caption, signature, border, frame, collage, multiple panels, cartoon, illustration, CGI, 3d render, low-poly, painting, anime, surreal, deformed, duplicate objects, extra limbs, blurry, out of focus, noise, oversaturated, posterized, artifacts, jpeg artifacts"
1981,automobile,sedan,turning at an intersection,a grassy field,close-up,nighttime under streetlights,hard,a professional photo,"a professional photo of a sedan automobile turning at an intersection in a grassy field, close-up, nighttime under streetlights. slight motion blur. single main subject, photorealistic color photo, natural colors, realistic texture, sharp focus on subject, no people, no text, no watermark, no logo, no border, no collage, no CGI, no illustration.","text, watermark, logo, caption, signature, border, frame, collage, multiple panels, cartoon, illustration, CGI, 3d render, low-poly, painting, anime, surreal, deformed, duplicate objects, extra limbs, blurry, out of focus, noise, oversaturated, posterized, artifacts, jpeg artifacts"
1862,automobile,compact car,turning at an intersection,a backyard,distant subject in the background,indoor soft window light,hard,a finely detailed photo,"a finely detailed photo of a compact car automobile turning at an intersection in a backyard, distant subject in the background, indoor soft window light. partially occluded by a foreground object. single main subject, photorealistic color photo, natural colors, realistic texture, sharp focus on subject, no people, no text, no watermark, no logo, no border, no collage, no CGI, no illustration.","text, watermark, logo, caption, signature, border, frame, collage, multiple panels, cartoon, illustration, CGI, 3d render, low-poly, painting, anime, surreal, deformed, duplicate objects, extra limbs, blurry, out of focus, noise, oversaturated, posterized, artifacts, jpeg artifacts"
1759,automobile,hatchback,parked,a gravel lot,front view,foggy morning,clean,a detailed photograph,"a detailed photograph of a hatchback automobile parked in a gravel lot, front view, foggy morning. single main subject, photorealistic color photo, natural colors, realistic texture, sharp focus on subject, no people, no text, no watermark, no logo, no border, no collage, no CGI, no illustration.","text, watermark, logo, caption, signature, border, frame, collage, multiple panels, cartoon, illustration, CGI, 3d render, low-poly, painting, anime, surreal, deformed, duplicate objects, extra limbs, blurry, out of focus, noise, oversaturated, posterized, artifacts, jpeg artifacts"
1969,automobile,hatchback,parked,a countryside road,3/4 view,indoor soft window light,hard,an ultra-realistic rendering,"an ultra-realistic rendering of a hatchback automobile parked in a countryside road, 3/4 view, indoor soft window light. in the distance. single main subject, photorealistic color photo, natural colors, realistic texture, sharp focus on subject, no people, no text, no watermark, no logo, no border, no collage, no CGI, no illustration.","text, watermark, logo, caption, signature, border, frame, collage, multiple panels, cartoon, illustration, CGI, 3d render, low-poly, painting, anime, surreal, deformed, duplicate objects, extra limbs, blurry, out of focus, noise, oversaturated, posterized, artifacts, jpeg artifacts"
1425,automobile,sports car,turning at an intersection,a quiet residential street,slightly off-center framing,backlit rim light,clean,a photorealistic color photo,"a photorealistic color photo of a sports car automobile turning at an intersection in a quiet residential street, slightly off-center framing, backlit rim light. single main subject, photorealistic color photo, natural colors, realistic texture, sharp focus on subject, no people, no text, no watermark, no logo, no border, no collage, no CGI, no illustration.","text, watermark, logo, caption, signature, border, frame, collage, multiple panels, cartoon, illustration, CGI, 3d render, low-poly, painting, anime, surreal, deformed, duplicate objects, extra limbs, blurry, out of focus, noise, oversaturated, posterized, artifacts, jpeg artifacts"
1804,automobile,hatchback,parked,a grassy field,slightly off-center framing,foggy morning,hard,an ultra-realistic rendering,"an ultra-realistic rendering of a hatchback automobile parked in a grassy field, slightly off-center framing, foggy morning. partially occluded by a foreground object. single main subject, photorealistic color photo, natural colors, realistic texture, sharp focus on subject, no people, no text, no watermark, no logo, no border, no collage, no CGI, no illustration.","text, watermark, logo, caption, signature, border, frame, collage, multiple panels, cartoon, illustration, CGI, 3d render, low-poly, painting, anime, surreal, deformed, duplicate objects, extra limbs, blurry, out of focus, noise, oversaturated, posterized, artifacts, jpeg artifacts"
1266,automobile,coupe,stopped at a curb,a gravel lot,slightly off-center framing,overcast daylight,clean,a detailed photograph,"a detailed photograph of a coupe automobile stopped at a curb in a gravel lot, slightly off-center framing, overcast daylight. single main subject, photorealistic color photo, natural colors, realistic texture, sharp focus on subject, no people, no text, no watermark, no logo, no border, no collage, no CGI, no illustration.","text, watermark, logo, caption, signature, border, frame, collage, multiple panels, cartoon, illustration, CGI, 3d render, low-poly, painting, anime, surreal, deformed, duplicate objects, extra limbs, blurry, out of focus, noise, oversaturated, posterized, artifacts, jpeg artifacts"
1871,automobile,sedan,parked,a gravel lot,slightly off-center framing,backlit rim light,hard,an ultra-realistic rendering,"an ultra-realistic rendering of a sedan automobile parked in a gravel lot, slightly off-center framing, backlit rim light. cropped slightly. single main subject, photorealistic color photo, natural colors, realistic texture, sharp focus on subject, no people, no text, no watermark, no logo, no border, no collage, no CGI, no illustration.","text, watermark, logo, caption, signature, border, frame, collage, multiple panels, cartoon, illustration, CGI, 3d render, low-poly, painting, anime, surreal, deformed, duplicate objects, extra limbs, blurry, out of focus, noise, oversaturated, posterized, artifacts, jpeg artifacts"
1903,automobile,taxi,turning at an intersection,a gravel lot,high angle,sunny afternoon,hard,a high-quality image,"a high-quality image of a taxi automobile turning at an intersection in a gravel lot, high angle, sunny afternoon. busy background but still one main subject. single main subject, photorealistic color photo, natural colors, realistic texture, sharp focus on subject, no people, no text, no watermark, no logo, no border, no collage, no CGI, no illustration.","text, watermark, logo, caption, signature, border, frame, collage, multiple panels, cartoon, illustration, CGI, 3d render, low-poly, painting, anime, surreal, deformed, duplicate objects, extra limbs, blurry, out of focus, noise, oversaturated, posterized, artifacts, jpeg artifacts"
1681,automobile,sports car,driving,a grassy field,high angle,golden hour,clean,an ultra-realistic rendering,"an ultra-realistic rendering of a sports car automobile driving in a grassy field, high angle, golden hour. single main subject, photorealistic color photo, natural colors, realistic texture, sharp focus on subject, no people, no text, no watermark, no logo, no border, no collage, no CGI, no illustration.","text, watermark, logo, caption, signature, border, frame, collage, multiple panels, cartoon, illustration, CGI, 3d render, low-poly, painting, anime, surreal, deformed, duplicate objects, extra limbs, blurry, out of focus, noise, oversaturated, posterized, artifacts, jpeg artifacts"
1982,automobile,sports car,turning at an intersection,an urban street,distant subject in the background,golden hour,hard,a professional photo,"a professional photo of a sports car automobile turning at an intersection in an urban street, distant subject in the background, golden hour. slight motion blur. single main subject, photorealistic color photo, natural colors, realistic texture, sharp focus on subject, no people, no text, no watermark, no logo, no border, no collage, no CGI, no illustration.","text, watermark, logo, caption, signature, border, frame, collage, multiple panels, cartoon, illustration, CGI, 3d render, low-poly, painting, anime, surreal, deformed, duplicate objects, extra limbs, blurry, out of focus, noise, oversaturated, posterized, artifacts, jpeg artifacts"
1029,automobile,sedan,stopped at a curb,an urban street,side profile,sunny afternoon,clean,a detailed photograph,"a detailed photograph of a sedan automobile stopped at a curb in an urban street, side profile, sunny afternoon. single main subject, photorealistic color photo, natural colors, realistic texture, sharp focus on subject, no people, no text, no watermark, no logo, no border, no collage, no CGI, no illustration.","text, watermark, logo, caption, signature, border, frame, collage, multiple panels, cartoon, illustration, CGI, 3d render, low-poly, painting, anime, surreal, deformed, duplicate objects, extra limbs, blurry, out of focus, noise, oversaturated, posterized, artifacts, jpeg artifacts"
1053,automobile,sports car,turning at an intersection,a city park,front view,backlit rim light,clean,a professional photo,"a professional photo of a sports car automobile turning at an intersection in a city park, front view, backlit rim light. single main subject, photorealistic color photo, natural colors, realistic texture, sharp focus on subject, no people, no text, no watermark, no logo, no border, no collage, no CGI, no illustration.","text, watermark, logo, caption, signature, border, frame, collage, multiple panels, cartoon, illustration, CGI, 3d render, low-poly, painting, anime, surreal, deformed, duplicate objects, extra limbs, blurry, out of focus, noise, oversaturated, posterized, artifacts, jpeg artifacts"
1191,automobile,sports car,turning at an intersection,a suburban neighborhood,low angle,rainy with wet reflections,clean,a professional photo,"a professional photo of a sports car automobile turning at an intersection in a suburban neighborhood, low angle, rainy with wet reflections. single main subject, photorealistic color photo, natural colors, realistic texture, sharp focus on subject, no people, no text, no watermark, no logo, no border, no collage, no CGI, no illustration.","text, watermark, logo, caption, signature, border, frame, collage, multiple panels, cartoon, illustration, CGI, 3d render, low-poly, painting, anime, surreal, deformed, duplicate objects, extra limbs, blurry, out of focus, noise, oversaturated, posterized, artifacts, jpeg artifacts"
1793,automobile,coupe,stopped at a curb,a grassy field,wide shot,foggy morning,clean,an ultra-realistic rendering,"an ultra-realistic rendering of a coupe automobile stopped at a curb in a grassy field, wide shot, foggy morning. single main subject, photorealistic color photo, natural colors, realistic texture, sharp focus on subject, no people, no text, no watermark, no logo, no border, no collage, no CGI, no illustration.","text, watermark, logo, caption, signature, border, frame, collage, multiple panels, cartoon, illustration, CGI, 3d render, low-poly, painting, anime, surreal, deformed, duplicate objects, extra limbs, blurry, out of focus, noise, oversaturated, posterized, artifacts, jpeg artifacts"
1172,automobile,sedan,stopped at a curb,a parking lot,high angle,sunny afternoon,clean,an ultra-realistic rendering,"an ultra-realistic rendering of a sedan automobile stopped at a curb in a parking lot, high angle, sunny afternoon. single main subject, photorealistic color photo, natural colors, realistic texture, sharp focus on subject, no people, no text, no watermark, no logo, no border, no collage, no CGI, no illustration.","text, watermark, logo, caption, signature, border, frame, collage, multiple panels, cartoon, illustration, CGI, 3d render, low-poly, painting, anime, surreal, deformed, duplicate objects, extra limbs, blurry, out of focus, noise, oversaturated, posterized, artifacts, jpeg artifacts"
1860,automobile,compact car,stopped at a curb,a forest clearing,distant subject in the background,nighttime under streetlights,hard,a detailed photograph,"a detailed photograph of a compact car automobile stopped at a curb in a forest clearing, distant subject in the background, nighttime under streetlights. slight motion blur. single main subject, photorealistic color photo, natural colors, realistic texture, sharp focus on subject, no people, no text, no watermark, no logo, no border, no collage, no CGI, no illustration.","text, watermark, logo, caption, signature, border, frame, collage, multiple panels, cartoon, illustration, CGI, 3d render, low-poly, painting, anime, surreal, deformed, duplicate objects, extra limbs, blurry, out of focus, noise, oversaturated, posterized, artifacts, jpeg artifacts"
1397,automobile,compact car,parked,a wet roadway after rain,3/4 view,backlit rim light,clean,a professional photo,"a professional photo of a compact car automobile parked in a wet roadway after rain, 3/4 view, backlit rim light. single main subject, photorealistic color photo, natural colors, realistic texture, sharp focus on subject, no people, no text, no watermark, no logo, no border, no collage, no CGI, no illustration.","text, watermark, logo, caption, signature, border, frame, collage, multiple panels, cartoon, illustration, CGI, 3d render, low-poly, painting, anime, surreal, deformed, duplicate objects, extra limbs, blurry, out of focus, noise, oversaturated, posterized, artifacts, jpeg artifacts"
1692,automobile,coupe,driving,a parking lot,side profile,backlit rim light,clean,a photorealistic color photo,"a photorealistic color photo of a coupe automobile driving in a parking lot, side profile, backlit rim light. single main subject, photorealistic color photo, natural colors, realistic texture, sharp focus on subject, no people, no text, no watermark, no logo, no border, no collage, no CGI, no illustration.","text, watermark, logo, caption, signature, border, frame, collage, multiple panels, cartoon, illustration, CGI, 3d render, low-poly, painting, anime, surreal, deformed, duplicate objects, extra limbs, blurry, out of focus, noise, oversaturated, posterized, artifacts, jpeg artifacts"
1179,automobile,sedan,driving,an industrial yard,close-up,indoor soft window light,clean,a detailed photograph,"a detailed photograph of a sedan automobile driving in an industrial yard, close-up, indoor soft window light. single main subject, photorealistic color photo, natural colors, realistic texture, sharp focus on subject, no people, no text, no watermark, no logo, no border, no collage, no CGI, no illustration.","text, watermark, logo, caption, signature, border, frame, collage, multiple panels, cartoon, illustration, CGI, 3d render, low-poly, painting, anime, surreal, deformed, duplicate objects, extra limbs, blurry, out of focus, noise, oversaturated, posterized, artifacts, jpeg artifacts"
1729,automobile,hatchback,driving,a sandy beach,side profile,rainy with wet reflections,clean,a professional photo,"a professional photo of a hatchback automobile driving in a sandy beach, side profile, rainy with wet reflections. single main subject, photorealistic color photo, natural colors, realistic texture, sharp focus on subject, no people, no text, no watermark, no logo, no border, no collage, no CGI, no illustration.","text, watermark, logo, caption, signature, border, frame, collage, multiple panels, cartoon, illustration, CGI, 3d render, low-poly, painting, anime, surreal, deformed, duplicate objects, extra limbs, blurry, out of focus, noise, oversaturated, posterized, artifacts, jpeg artifacts"
1400,automobile,sedan,stopped at a curb,a lakeside shore,wide shot,sunny afternoon,clean,a finely detailed photo,"a finely detailed photo of a sedan automobile stopped at a curb in a lakeside shore, wide shot, sunny afternoon. single main subject, photorealistic color photo, natural colors, realistic texture, sharp focus on subject, no people, no text, no watermark, no logo, no border, no collage, no CGI, no illustration.","text, watermark, logo, caption, signature, border, frame, collage, multiple panels, cartoon, illustration, CGI, 3d render, low-poly, painting, anime, surreal, deformed, duplicate objects, extra limbs, blurry, out of focus, noise, oversaturated, posterized, artifacts, jpeg artifacts"
1920,automobile,sedan,parked,an urban street,high angle,indoor soft window light,hard,a professional photo,"a professional photo of a sedan automobile parked in an urban street, high angle, indoor soft window light. cropped slightly. single main subject, photorealistic color photo, natural colors, realistic texture, sharp focus on subject, no people, no text, no watermark, no logo, no border, no collage, no CGI, no illustration.","text, watermark, logo, caption, signature, border, frame, collage, multiple panels, cartoon, illustration, CGI, 3d render, low-poly, painting, anime, surreal, deformed, duplicate objects, extra limbs, blurry, out of focus, noise, oversaturated, posterized, artifacts, jpeg artifacts"
1710,automobile,coupe,stopped at a curb,a backyard,side profile,nighttime under streetlights,clean,a professional photo,"a professional photo of a coupe automobile stopped at a curb in a backyard, side profile, nighttime under streetlights. single main subject, photorealistic color photo, natural colors, realistic texture, sharp focus on subject, no people, no text, no watermark, no logo, no border, no collage, no CGI, no illustration.","text, watermark, logo, caption, signature, border, frame, collage, multiple panels, cartoon, illustration, CGI, 3d render, low-poly, painting, anime, surreal, deformed, duplicate objects, extra limbs, blurry, out of focus, noise, oversaturated, posterized, artifacts, jpeg artifacts"
1073,automobile,sports car,stopped at a curb,an urban street,wide shot,indoor soft window light,clean,a photorealistic color photo,"a photorealistic color photo of a sports car automobile stopped at a curb in an urban street, wide shot, indoor soft window light. single main subject, photorealistic color photo, natural colors, realistic texture, sharp focus on subject, no people, no text, no watermark, no logo, no border, no collage, no CGI, no illustration.","text, watermark, logo, caption, signature, border, frame, collage, multiple panels, cartoon, illustration, CGI, 3d render, low-poly, painting, anime, surreal, deformed, duplicate objects, extra limbs, blurry, out of focus, noise, oversaturated, posterized, artifacts, jpeg artifacts"
1505,automobile,coupe,parked,a backyard,3/4 view,foggy morning,clean,a professional photo,"a professional photo of a coupe automobile parked in a backyard, 3/4 view, foggy morning. single main subject, photorealistic color photo, natural colors, realistic texture, sharp focus on subject, no people, no text, no watermark, no logo, no border, no collage, no CGI, no illustration.","text, watermark, logo, caption, signature, border, frame, collage, multiple panels, cartoon, illustration, CGI, 3d render, low-poly, painting, anime, surreal, deformed, duplicate objects, extra limbs, blurry, out of focus, noise, oversaturated, posterized, artifacts, jpeg artifacts"
1700,automobile,sports car,turning at an intersection,a backyard,side profile,golden hour,clean,a finely detailed photo,"a finely detailed photo of a sports car automobile turning at an intersection in a backyard, side profile, golden hour. single main subject, photorealistic color photo, natural colors, realistic texture, sharp focus on subject, no people, no text, no watermark, no logo, no border, no collage, no CGI, no illustration.","text, watermark, logo, caption, signature, border, frame, collage, multiple panels, cartoon, illustration, CGI, 3d render, low-poly, painting, anime, surreal, deformed, duplicate objects, extra limbs, blurry, out of focus, noise, oversaturated, posterized, artifacts, jpeg artifacts"
1788,automobile,hatchback,parked,a backyard,wide shot,nighttime under streetlights,clean,a finely detailed photo,"a finely detailed photo of a hatchback automobile parked in a backyard, wide shot, nighttime under streetlights. single main subject, photorealistic color photo, natural colors, realistic texture, sharp focus on subject, no people, no text, no watermark, no logo, no border, no collage, no CGI, no illustration.","text, watermark, logo, caption, signature, border, frame, collage, multiple panels, cartoon, illustration, CGI, 3d render, low-poly, painting, anime, surreal, deformed, duplicate objects, extra limbs, blurry, out of focus, noise, oversaturated, posterized, artifacts, jpeg artifacts"
1818,automobile,hatchback,parked,a city park,slightly off-center framing,foggy morning,hard,a photorealistic color photo,"a photorealistic color photo of a hatchback automobile parked in a city park, slightly off-center framing, foggy morning. cropped slightly. single main subject, photorealistic color photo, natural colors, realistic texture, sharp focus on subject, no people, no text, no watermark, no logo, no border, no collage, no CGI, no illustration.","text, watermark, logo, caption, signature, border, frame, collage, multiple panels, cartoon, illustration, CGI, 3d render, low-poly, painting, anime, surreal, deformed, duplicate objects, extra limbs, blurry, out of focus, noise, oversaturated, posterized, artifacts, jpeg artifacts"
1193,automobile,compact car,parked,a backyard,close-up,nighttime under streetlights,clean,a photorealistic color photo,"a photorealistic color photo of a compact car automobile parked in a backyard, close-up, nighttime under streetlights. single main subject, photorealistic color photo, natural colors, realistic texture, sharp focus on subject, no people, no text, no watermark, no logo, no border, no collage, no CGI, no illustration.","text, watermark, logo, caption, signature, border, frame, collage, multiple panels, cartoon, illustration, CGI, 3d render, low-poly, painting, anime, surreal, deformed, duplicate objects, extra limbs, blurry, out of focus, noise, oversaturated, posterized, artifacts, jpeg artifacts"
1650,automobile,sedan,driving,a parking lot,side profile,overcast daylight,clean,a photorealistic color photo,"a photorealistic color photo of a sedan automobile driving in a parking lot, side profile, overcast daylight. single main subject, photorealistic color photo, natural colors, realistic texture, sharp focus on subject, no people, no text, no watermark, no logo, no border, no collage, no CGI, no illustration.","text, watermark, logo, caption, signature, border, frame, collage, multiple panels, cartoon, illustration, CGI, 3d render, low-poly, painting, anime, surreal, deformed, duplicate objects, extra limbs, blurry, out of focus, noise, oversaturated, posterized, artifacts, jpeg artifacts"
1077,automobile,hatchback,driving,a parking lot,side profile,rainy with wet reflections,clean,a high-quality image,"a high-quality image of a hatchback automobile driving in a parking lot, side profile, rainy with wet reflections. single main subject, photorealistic color photo, natural colors, realistic texture, sharp focus on subject, no people, no text, no watermark, no logo, no border, no collage, no CGI, no illustration.","text, watermark, logo, caption, signature, border, frame, collage, multiple panels, cartoon, illustration, CGI, 3d render, low-poly, painting, anime, surreal, deformed, duplicate objects, extra limbs, blurry, out of focus, noise, oversaturated, posterized, artifacts, jpeg artifacts"
1314,automobile,coupe,turning at an intersection,a sandy beach,slightly off-center framing,sunny afternoon,clean,a detailed photograph,"a detailed photograph of a coupe automobile turning at an intersection in a sandy beach, slightly off-center framing, sunny afternoon. single main subject, photorealistic color photo, natural colors, realistic texture, sharp focus on subject, no people, no text, no watermark, no logo, no border, no collage, no CGI, no illustration.","text, watermark, logo, caption, signature, border, frame, collage, multiple panels, cartoon, illustration, CGI, 3d render, low-poly, painting, anime, surreal, deformed, duplicate objects, extra limbs, blurry, out of focus, noise, oversaturated, posterized, artifacts, jpeg artifacts"
1474,automobile,taxi,driving,a countryside road,high angle,golden hour,clean,a photorealistic color photo,"a photorealistic color photo of a taxi automobile driving in a countryside road, high angle, golden hour. single main subject, photorealistic color photo, natural colors, realistic texture, sharp focus on subject, no people, no text, no watermark, no logo, no border, no collage, no CGI, no illustration.","text, watermark, logo, caption, signature, border, frame, collage, multiple panels, cartoon, illustration, CGI, 3d render, low-poly, painting, anime, surreal, deformed, duplicate objects, extra limbs, blurry, out of focus, noise, oversaturated, posterized, artifacts, jpeg artifacts"
1792,automobile,sports car,parked,a sandy beach,low angle,sunny afternoon,clean,a professional photo,"a professional photo of a sports car automobile parked in a sandy beach, low angle, sunny afternoon. single main subject, photorealistic color photo, natural colors, realistic texture, sharp focus on subject, no people, no text, no watermark, no logo, no border, no collage, no CGI, no illustration.","text, watermark, logo, caption, signature, border, frame, collage, multiple panels, cartoon, illustration, CGI, 3d render, low-poly, painting, anime, surreal, deformed, duplicate objects, extra limbs, blurry, out of focus, noise, oversaturated, posterized, artifacts, jpeg artifacts"
1231,automobile,hatchback,turning at an intersection,an urban street,3/4 view,overcast daylight,clean,an ultra-realistic rendering,"an ultra-realistic rendering of a hatchback automobile turning at an intersection in an urban street, 3/4 view, overcast daylight. single main subject, photorealistic color photo, natural colors, realistic texture, sharp focus on subject, no people, no text, no watermark, no logo, no border, no collage, no CGI, no illustration.","text, watermark, logo, caption, signature, border, frame, collage, multiple panels, cartoon, illustration, CGI, 3d render, low-poly, painting, anime, surreal, deformed, duplicate objects, extra limbs, blurry, out of focus, noise, oversaturated, posterized, artifacts, jpeg artifacts"
1605,automobile,hatchback,driving,an industrial yard,3/4 view,indoor soft window light,clean,a photorealistic color photo,"a photorealistic color photo of a hatchback automobile driving in an industrial yard, 3/4 view, indoor soft window light. single main subject, photorealistic color photo, natural colors, realistic texture, sharp focus on subject, no people, no text, no watermark, no logo, no border, no collage, no CGI, no illustration.","text, watermark, logo, caption, signature, border, frame, collage, multiple panels, cartoon, illustration, CGI, 3d render, low-poly, painting, anime, surreal, deformed, duplicate objects, extra limbs, blurry, out of focus, noise, oversaturated, posterized, artifacts, jpeg artifacts"
1978,automobile,taxi,parked,an urban street,front view,sunny afternoon,hard,a high-quality image,"a high-quality image of a taxi automobile parked in an urban street, front view, sunny afternoon. slight motion blur. single main subject, photorealistic color photo, natural colors, realistic texture, sharp focus on subject, no people, no text, no watermark, no logo, no border, no collage, no CGI, no illustration.","text, watermark, logo, caption, signature, border, frame, collage, multiple panels, cartoon, illustration, CGI, 3d render, low-poly, painting, anime, surreal, deformed, duplicate objects, extra limbs, blurry, out of focus, noise, oversaturated, posterized, artifacts, jpeg artifacts"
1255,automobile,taxi,turning at an intersection,a grassy field,side profile,rainy with wet reflections,clean,an ultra-realistic rendering,"an ultra-realistic rendering of a taxi automobile turning at an intersection in a grassy field, side profile, rainy with wet reflections. single main subject, photorealistic color photo, natural colors, realistic texture, sharp focus on subject, no people, no text, no watermark, no logo, no border, no collage, no CGI, no illustration.","text, watermark, logo, caption, signature, border, frame, collage, multiple panels, cartoon, illustration, CGI, 3d render, low-poly, painting, anime, surreal, deformed, duplicate objects, extra limbs, blurry, out of focus, noise, oversaturated, posterized, artifacts, jpeg artifacts"
1443,automobile,sports car,turning at an intersection,a parking lot,front view,golden hour,clean,a high-quality image,"a high-quality image of a sports car automobile turning at an intersection in a parking lot, front view, golden hour. single main subject, photorealistic color photo, natural colors, realistic texture, sharp focus on subject, no people, no text, no watermark, no logo, no border, no collage, no CGI, no illustration.","text, watermark, logo, caption, signature, border, frame, collage, multiple panels, cartoon, illustration, CGI, 3d render, low-poly, painting, anime, surreal, deformed, duplicate objects, extra limbs, blurry, out of focus, noise, oversaturated, posterized, artifacts, jpeg artifacts"
1050,automobile,sports car,parked,a backyard,wide shot,indoor soft window light,clean,a detailed photograph,"a detailed photograph of a sports car automobile parked in a backyard, wide shot, indoor soft window light. single main subject, photorealistic color photo, natural colors, realistic texture, sharp focus on subject, no people, no text, no watermark, no logo, no border, no collage, no CGI, no illustration.","text, watermark, logo, caption, signature, border, frame, collage, multiple panels, cartoon, illustration, CGI, 3d render, low-poly, painting, anime, surreal, deformed, duplicate objects, extra limbs, blurry, out of focus, noise, oversaturated, posterized, artifacts, jpeg artifacts"
1240,automobile,sports car,parked,a gravel lot,high angle,nighttime under streetlights,clean,a high-quality image,"a high-quality image of a sports car automobile parked in a gravel lot, high angle, nighttime under streetlights. single main subject, photorealistic color photo, natural colors, realistic texture, sharp focus on subject, no people, no text, no watermark, no logo, no border, no collage, no CGI, no illustration.","text, watermark, logo, caption, signature, border, frame, collage, multiple panels, cartoon, illustration, CGI, 3d render, low-poly, painting, anime, surreal, deformed, duplicate objects, extra limbs, blurry, out of focus, noise, oversaturated, posterized, artifacts, jpeg artifacts"
1043,automobile,taxi,driving,a countryside road,front view,overcast daylight,clean,a finely detailed photo,"a finely detailed photo of a taxi automobile driving in a countryside road, front view, overcast daylight. single main subject, photorealistic color photo, natural colors, realistic texture, sharp focus on subject, no people, no text, no watermark, no logo, no border, no collage, no CGI, no illustration.","text, watermark, logo, caption, signature, border, frame, collage, multiple panels, cartoon, illustration, CGI, 3d render, low-poly, painting, anime, surreal, deformed, duplicate objects, extra limbs, blurry, out of focus, noise, oversaturated, posterized, artifacts, jpeg artifacts"
1893,automobile,coupe,stopped at a curb,an industrial yard,high angle,golden hour,hard,a high-quality image,"a high-quality image of a coupe automobile stopped at a curb in an industrial yard, high angle, golden hour. cropped slightly. single main subject, photorealistic color photo, natural colors, realistic texture, sharp focus on subject, no people, no text, no watermark, no logo, no border, no collage, no CGI, no illustration.","text, watermark, logo, caption, signature, border, frame, collage, multiple panels, cartoon, illustration, CGI, 3d render, low-poly, painting, anime, surreal, deformed, duplicate objects, extra limbs, blurry, out of focus, noise, oversaturated, posterized, artifacts, jpeg artifacts"
1329,automobile,compact car,stopped at a curb,a gravel lot,front view,backlit rim light,clean,a professional photo,"a professional photo of a compact car automobile stopped at a curb in a gravel lot, front view, backlit rim light. single main subject, photorealistic color photo, natural colors, realistic texture, sharp focus on subject, no people, no text, no watermark, no logo, no border, no collage, no CGI, no illustration.","text, watermark, logo, caption, signature, border, frame, collage, multiple panels, cartoon, illustration, CGI, 3d render, low-poly, painting, anime, surreal, deformed, duplicate objects, extra limbs, blurry, out of focus, noise, oversaturated, posterized, artifacts, jpeg artifacts"
1197,automobile,sports car,parked,a forest clearing,3/4 view,backlit rim light,clean,a high-quality image,"a high-quality image of a sports car automobile parked in a forest clearing, 3/4 view, backlit rim light. single main subject, photorealistic color photo, natural colors, realistic texture, sharp focus on subject, no people, no text, no watermark, no logo, no border, no collage, no CGI, no illustration.","text, watermark, logo, caption, signature, border, frame, collage, multiple panels, cartoon, illustration, CGI, 3d render, low-poly, painting, anime, surreal, deformed, duplicate objects, extra limbs, blurry, out of focus, noise, oversaturated, posterized, artifacts, jpeg artifacts"
1383,automobile,hatchback,driving,a parking lot,front view,golden hour,clean,a professional photo,"a professional photo of a hatchback automobile driving in a parking lot, front view, golden hour. single main subject, photorealistic color photo, natural colors, realistic texture, sharp focus on subject, no people, no text, no watermark, no logo, no border, no collage, no CGI, no illustration.","text, watermark, logo, caption, signature, border, frame, collage, multiple panels, cartoon, illustration, CGI, 3d render, low-poly, painting, anime, surreal, deformed, duplicate objects, extra limbs, blurry, out of focus, noise, oversaturated, posterized, artifacts, jpeg artifacts"
1845,automobile,compact car,stopped at a curb,a grassy field,3/4 view,indoor soft window light,hard,a finely detailed photo,"a finely detailed photo of a compact car automobile stopped at a curb in a grassy field, 3/4 view, indoor soft window light. slight motion blur. single main subject, photorealistic color photo, natural colors, realistic texture, sharp focus on subject, no people, no text, no watermark, no logo, no border, no collage, no CGI, no illustration.","text, watermark, logo, caption, signature, border, frame, collage, multiple panels, cartoon, illustration, CGI, 3d render, low-poly, painting, anime, surreal, deformed, duplicate objects, extra limbs, blurry, out of focus, noise, oversaturated, posterized, artifacts, jpeg artifacts"
1587,automobile,compact car,driving,a lakeside shore,close-up,foggy morning,clean,a high-quality image,"a high-quality image of a compact car automobile driving in a lakeside shore, close-up, foggy morning. single main subject, photorealistic color photo, natural colors, realistic texture, sharp focus on subject, no people, no text, no watermark, no logo, no border, no collage, no CGI, no illustration.","text, watermark, logo, caption, signature, border, frame, collage, multiple panels, cartoon, illustration, CGI, 3d render, low-poly, painting, anime, surreal, deformed, duplicate objects, extra limbs, blurry, out of focus, noise, oversaturated, posterized, artifacts, jpeg artifacts"
1944,automobile,taxi,turning at an intersection,a quiet residential street,distant subject in the background,golden hour,hard,a finely detailed photo,"a finely detailed photo of a taxi automobile turning at an intersection in a quiet residential street, distant subject in the background, golden hour. in the distance. single main subject, photorealistic color photo, natural colors, realistic texture, sharp focus on subject, no people, no text, no watermark, no logo, no border, no collage, no CGI, no illustration.","text, watermark, logo, caption, signature, border, frame, collage, multiple panels, cartoon, illustration, CGI, 3d render, low-poly, painting, anime, surreal, deformed, duplicate objects, extra limbs, blurry, out of focus, noise, oversaturated, posterized, artifacts, jpeg artifacts"
1815,automobile,coupe,stopped at a curb,a suburban neighborhood,slightly off-center framing,indoor soft window light,hard,a professional photo,"a professional photo of a coupe automobile stopped at a curb in a suburban neighborhood, slightly off-center framing, indoor soft window light. busy background but still one main subject. single main subject, photorealistic color photo, natural colors, realistic texture, sharp focus on subject, no people, no text, no watermark, no logo, no border, no collage, no CGI, no illustration.","text, watermark, logo, caption, signature, border, frame, collage, multiple panels, cartoon, illustration, CGI, 3d render, low-poly, painting, anime, surreal, deformed, duplicate objects, extra limbs, blurry, out of focus, noise, oversaturated, posterized, artifacts, jpeg artifacts"
1198,automobile,taxi,driving,a suburban neighborhood,high angle,indoor soft window light,clean,a photorealistic color photo,"a photorealistic color photo of a taxi automobile driving in a suburban neighborhood, high angle, indoor soft window light. single main subject, photorealistic color photo, natural colors, realistic texture, sharp focus on subject, no people, no text, no watermark, no logo, no border, no collage, no CGI, no illustration.","text, watermark, logo, caption, signature, border, frame, collage, multiple panels, cartoon, illustration, CGI, 3d render, low-poly, painting, anime, surreal, deformed, duplicate objects, extra limbs, blurry, out of focus, noise, oversaturated, posterized, artifacts, jpeg artifacts"
1899,automobile,sports car,parked,an industrial yard,close-up,overcast daylight,hard,a professional photo,"a professional photo of a sports car automobile parked in an industrial yard, close-up, overcast daylight. cropped slightly. single main subject, photorealistic color photo, natural colors, realistic texture, sharp focus on subject, no people, no text, no watermark, no logo, no border, no collage, no CGI, no illustration.","text, watermark, logo, caption, signature, border, frame, collage, multiple panels, cartoon, illustration, CGI, 3d render, low-poly, painting, anime, surreal, deformed, duplicate objects, extra limbs, blurry, out of focus, noise, oversaturated, posterized, artifacts, jpeg artifacts"
1405,automobile,compact car,stopped at a curb,a wet roadway after rain,wide shot,nighttime under streetlights,clean,a photorealistic color photo,"a photorealistic color photo of a compact car automobile stopped at a curb in a wet roadway after rain, wide shot, nighttime under streetlights. single main subject, photorealistic color photo, natural colors, realistic texture, sharp focus on subject, no people, no text, no watermark, no logo, no border, no collage, no CGI, no illustration.","text, watermark, logo, caption, signature, border, frame, collage, multiple panels, cartoon, illustration, CGI, 3d render, low-poly, painting, anime, surreal, deformed, duplicate objects, extra limbs, blurry, out of focus, noise, oversaturated, posterized, artifacts, jpeg artifacts"
1830,automobile,sedan,stopped at a curb,a sandy beach,3/4 view,indoor soft window light,hard,a photorealistic color photo,"a photorealistic color photo of a sedan automobile stopped at a curb in a sandy beach, 3/4 view, indoor soft window light. busy background but still one main subject. single main subject, photorealistic color photo, natural colors, realistic texture, sharp focus on subject, no people, no text, no watermark, no logo, no border, no collage, no CGI, no illustration.","text, watermark, logo, caption, signature, border, frame, collage, multiple panels, cartoon, illustration, CGI, 3d render, low-poly, painting, anime, surreal, deformed, duplicate objects, extra limbs, blurry, out of focus, noise, oversaturated, posterized, artifacts, jpeg artifacts"
1930,automobile,hatchback,turning at an intersection,an industrial yard,cropped at the edge of the frame,golden hour,hard,a photorealistic color photo,"a photorealistic color photo of a hatchback automobile turning at an intersection in an industrial yard, cropped at the edge of the frame, golden hour. in the distance. single main subject, photorealistic color photo, natural colors, realistic texture, sharp focus on subject, no people, no text, no watermark, no logo, no border, no collage, no CGI, no illustration.","text, watermark, logo, caption, signature, border, frame, collage, multiple panels, cartoon, illustration, CGI, 3d render, low-poly, painting, anime, surreal, deformed, duplicate objects, extra limbs, blurry, out of focus, noise, oversaturated, posterized, artifacts, jpeg artifacts"
1012,automobile,compact car,stopped at a curb,a countryside road,close-up,golden hour,clean,an ultra-realistic rendering,"an ultra-realistic rendering of a compact car automobile stopped at a curb in a countryside road, close-up, golden hour. single main subject, photorealistic color photo, natural colors, realistic texture, sharp focus on subject, no people, no text, no watermark, no logo, no border, no collage, no CGI, no illustration.","text, watermark, logo, caption, signature, border, frame, collage, multiple panels, cartoon, illustration, CGI, 3d render, low-poly, painting, anime, surreal, deformed, duplicate objects, extra limbs, blurry, out of focus, noise, oversaturated, posterized, artifacts, jpeg artifacts"
1181,automobile,compact car,stopped at a curb,an industrial yard,front view,sunny afternoon,clean,a finely detailed photo,"a finely detailed photo of a compact car automobile stopped at a curb in an industrial yard, front view, sunny afternoon. single main subject, photorealistic color photo, natural colors, realistic texture, sharp focus on subject, no people, no text, no watermark, no logo, no border, no collage, no CGI, no illustration.","text, watermark, logo, caption, signature, border, frame, collage, multiple panels, cartoon, illustration, CGI, 3d render, low-poly, painting, anime, surreal, deformed, duplicate objects, extra limbs, blurry, out of focus, noise, oversaturated, posterized, artifacts, jpeg artifacts"
1523,automobile,hatchback,turning at an intersection,an urban street,side profile,overcast daylight,clean,a high-quality image,"a high-quality image of a hatchback automobile turning at an intersection in an urban street, side profile, overcast daylight. single main subject, photorealistic color photo, natural colors, realistic texture, sharp focus on subject, no people, no text, no watermark, no logo, no border, no collage, no CGI, no illustration.","text, watermark, logo, caption, signature, border, frame, collage, multiple panels, cartoon, illustration, CGI, 3d render, low-poly, painting, anime, surreal, deformed, duplicate objects, extra limbs, blurry, out of focus, noise, oversaturated, posterized, artifacts, jpeg artifacts"
1685,automobile,hatchback,turning at an intersection,a sandy beach,close-up,sunny afternoon,clean,a professional photo,"a professional photo of a hatchback automobile turning at an intersection in a sandy beach, close-up, sunny afternoon. single main subject, photorealistic color photo, natural colors, realistic texture, sharp focus on subject, no people, no text, no watermark, no logo, no border, no collage, no CGI, no illustration.","text, watermark, logo, caption, signature, border, frame, collage, multiple panels, cartoon, illustration, CGI, 3d render, low-poly, painting, anime, surreal, deformed, duplicate objects, extra limbs, blurry, out of focus, noise, oversaturated, posterized, artifacts, jpeg artifacts"
1630,automobile,compact car,turning at an intersection,a backyard,low angle,backlit rim light,clean,an ultra-realistic rendering,"an ultra-realistic rendering of a compact car automobile turning at an intersection in a backyard, low angle, backlit rim light. single main subject, photorealistic color photo, natural colors, realistic texture, sharp focus on subject, no people, no text, no watermark, no logo, no border, no collage, no CGI, no illustration.","text, watermark, logo, caption, signature, border, frame, collage, multiple panels, cartoon, illustration, CGI, 3d render, low-poly, painting, anime, surreal, deformed, duplicate objects, extra limbs, blurry, out of focus, noise, oversaturated, posterized, artifacts, jpeg artifacts"
1861,automobile,sports car,stopped at a curb,a forest clearing,side profile,sunny afternoon,hard,a professional photo,"a professional photo of a sports car automobile stopped at a curb in a forest clearing, side profile, sunny afternoon. slight motion blur. single main subject, photorealistic color photo, natural colors, realistic texture, sharp focus on subject, no people, no text, no watermark, no logo, no border, no collage, no CGI, no illustration.","text, watermark, logo, caption, signature, border, frame, collage, multiple panels, cartoon, illustration, CGI, 3d render, low-poly, painting, anime, surreal, deformed, duplicate objects, extra limbs, blurry, out of focus, noise, oversaturated, posterized, artifacts, jpeg artifacts"
1600,automobile,taxi,turning at an intersection,a suburban neighborhood,slightly off-center framing,rainy with wet reflections,clean,a professional photo,"a professional photo of a taxi automobile turning at an intersection in a suburban neighborhood, slightly off-center framing, rainy with wet reflections. single main subject, photorealistic color photo, natural colors, realistic texture, sharp focus on subject, no people, no text, no watermark, no logo, no border, no collage, no CGI, no illustration.","text, watermark, logo, caption, signature, border, frame, collage, multiple panels, cartoon, illustration, CGI, 3d render, low-poly, painting, anime, surreal, deformed, duplicate objects, extra limbs, blurry, out of focus, noise, oversaturated, posterized, artifacts, jpeg artifacts"
1085,automobile,taxi,stopped at a curb,a gravel lot,high angle,indoor soft window light,clean,a detailed photograph,"a detailed photograph of a taxi automobile stopped at a curb in a gravel lot, high angle, indoor soft window light. single main subject, photorealistic color photo, natural colors, realistic texture, sharp focus on subject, no people, no text, no watermark, no logo, no border, no collage, no CGI, no illustration.","text, watermark, logo, caption, signature, border, frame, collage, multiple panels, cartoon, illustration, CGI, 3d render, low-poly, painting, anime, surreal, deformed, duplicate objects, extra limbs, blurry, out of focus, noise, oversaturated, posterized, artifacts, jpeg artifacts"
1471,automobile,coupe,turning at an intersection,an urban street,front view,indoor soft window light,clean,a detailed photograph,"a detailed photograph of a coupe automobile turning at an intersection in an urban street, front view, indoor soft window light. single main subject, photorealistic color photo, natural colors, realistic texture, sharp focus on subject, no people, no text, no watermark, no logo, no border, no collage, no CGI, no illustration.","text, watermark, logo, caption, signature, border, frame, collage, multiple panels, cartoon, illustration, CGI, 3d render, low-poly, painting, anime, surreal, deformed, duplicate objects, extra limbs, blurry, out of focus, noise, oversaturated, posterized, artifacts, jpeg artifacts"
1593,automobile,sedan,turning at an intersection,a countryside road,slightly off-center framing,rainy with wet reflections,clean,a detailed photograph,"a detailed photograph of a sedan automobile turning at an intersection in a countryside road, slightly off-center framing, rainy with wet reflections. single main subject, photorealistic color photo, natural colors, realistic texture, sharp focus on subject, no people, no text, no watermark, no logo, no border, no collage, no CGI, no illustration.","text, watermark, logo, caption, signature, border, frame, collage, multiple panels, cartoon, illustration, CGI, 3d render, low-poly, painting, anime, surreal, deformed, duplicate objects, extra limbs, blurry, out of focus, noise, oversaturated, posterized, artifacts, jpeg artifacts"
1694,automobile,coupe,stopped at a curb,a suburban neighborhood,wide shot,indoor soft window light,clean,an ultra-realistic rendering,"an ultra-realistic rendering of a coupe automobile stopped at a curb in a suburban neighborhood, wide shot, indoor soft window light. single main subject, photorealistic color photo, natural colors, realistic texture, sharp focus on subject, no people, no text, no watermark, no logo, no border, no collage, no CGI, no illustration.","text, watermark, logo, caption, signature, border, frame, collage, multiple panels, cartoon, illustration, CGI, 3d render, low-poly, painting, anime, surreal, deformed, duplicate objects, extra limbs, blurry, out of focus, noise, oversaturated, posterized, artifacts, jpeg artifacts"
1257,automobile,hatchback,stopped at a curb,a quiet residential street,slightly off-center framing,foggy morning,clean,a detailed photograph,"a detailed photograph of a hatchback automobile stopped at a curb in a quiet residential street, slightly off-center framing, foggy morning. single main subject, photorealistic color photo, natural colors, realistic texture, sharp focus on subject, no people, no text, no watermark, no logo, no border, no collage, no CGI, no illustration.","text, watermark, logo, caption, signature, border, frame, collage, multiple panels, cartoon, illustration, CGI, 3d render, low-poly, painting, anime, surreal, deformed, duplicate objects, extra limbs, blurry, out of focus, noise, oversaturated, posterized, artifacts, jpeg artifacts"
1557,automobile,compact car,turning at an intersection,a countryside road,close-up,backlit rim light,clean,a professional photo,"a professional photo of a compact car automobile turning at an intersection in a countryside road, close-up, backlit rim light. single main subject, photorealistic color photo, natural colors, realistic texture, sharp focus on subject, no people, no text, no watermark, no logo, no border, no collage, no CGI, no illustration.","text, watermark, logo, caption, signature, border, frame, collage, multiple panels, cartoon, illustration, CGI, 3d render, low-poly, painting, anime, surreal, deformed, duplicate objects, extra limbs, blurry, out of focus, noise, oversaturated, posterized, artifacts, jpeg artifacts"
1317,automobile,coupe,stopped at a curb,a sandy beach,side profile,nighttime under streetlights,clean,an ultra-realistic rendering,"an ultra-realistic rendering of a coupe automobile stopped at a curb in a sandy beach, side profile, nighttime under streetlights. single main subject, photorealistic color photo, natural colors, realistic texture, sharp focus on subject, no people, no text, no watermark, no logo, no border, no collage, no CGI, no illustration.","text, watermark, logo, caption, signature, border, frame, collage, multiple panels, cartoon, illustration, CGI, 3d render, low-poly, painting, anime, surreal, deformed, duplicate objects, extra limbs, blurry, out of focus, noise, oversaturated, posterized, artifacts, jpeg artifacts"
1186,automobile,sedan,stopped at a curb,a gravel lot,3/4 view,backlit rim light,clean,a detailed photograph,"a detailed photograph of a sedan automobile stopped at a curb in a gravel lot, 3/4 view, backlit rim light. single main subject, photorealistic color photo, natural colors, realistic texture, sharp focus on subject, no people, no text, no watermark, no logo, no border, no collage, no CGI, no illustration.","text, watermark, logo, caption, signature, border, frame, collage, multiple panels, cartoon, illustration, CGI, 3d render, low-poly, painting, anime, surreal, deformed, duplicate objects, extra limbs, blurry, out of focus, noise, oversaturated, posterized, artifacts, jpeg artifacts"
1799,automobile,coupe,stopped at a curb,a parking lot,wide shot,sunny afternoon,clean,a high-quality image,"a high-quality image of a coupe automobile stopped at a curb in a parking lot, wide shot, sunny afternoon. single main subject, photorealistic color photo, natural colors, realistic texture, sharp focus on subject, no people, no text, no watermark, no logo, no border, no collage, no CGI, no illustration.","text, watermark, logo, caption, signature, border, frame, collage, multiple panels, cartoon, illustration, CGI, 3d render, low-poly, painting, anime, surreal, deformed, duplicate objects, extra limbs, blurry, out of focus, noise, oversaturated, posterized, artifacts, jpeg artifacts"
1927,automobile,sedan,turning at an intersection,a quiet residential street,side profile,golden hour,hard,a photorealistic color photo,"a photorealistic color photo of a sedan automobile turning at an intersection in a quiet residential street, side profile, golden hour. busy background but still one main subject. single main subject, photorealistic color photo, natural colors, realistic texture, sharp focus on subject, no people, no text, no watermark, no logo, no border, no collage, no CGI, no illustration.","text, watermark, logo, caption, signature, border, frame, collage, multiple panels, cartoon, illustration, CGI, 3d render, low-poly, painting, anime, surreal, deformed, duplicate objects, extra limbs, blurry, out of focus, noise, oversaturated, posterized, artifacts, jpeg artifacts"
1493,automobile,compact car,driving,a suburban neighborhood,slightly off-center framing,rainy with wet reflections,clean,a high-quality image,"a high-quality image of a compact car automobile driving in a suburban neighborhood, slightly off-center framing, rainy with wet reflections. single main subject, photorealistic color photo, natural colors, realistic texture, sharp focus on subject, no people, no text, no watermark, no logo, no border, no collage, no CGI, no illustration.","text, watermark, logo, caption, signature, border, frame, collage, multiple panels, cartoon, illustration, CGI, 3d render, low-poly, painting, anime, surreal, deformed, duplicate objects, extra limbs, blurry, out of focus, noise, oversaturated, posterized, artifacts, jpeg artifacts"
1009,automobile,taxi,turning at an intersection,a sandy beach,side profile,backlit rim light,clean,a photorealistic color photo,"a photorealistic color photo of a taxi automobile turning at an intersection in a sandy beach, side profile, backlit rim light. single main subject, photorealistic color photo, natural colors, realistic texture, sharp focus on subject, no people, no text, no watermark, no logo, no border, no collage, no CGI, no illustration.","text, watermark, logo, caption, signature, border, frame, collage, multiple panels, cartoon, illustration, CGI, 3d render, low-poly, painting, anime, surreal, deformed, duplicate objects, extra limbs, blurry, out of focus, noise, oversaturated, posterized, artifacts, jpeg artifacts"
1473,automobile,compact car,stopped at a curb,a wet roadway after rain,3/4 view,overcast daylight,clean,a photorealistic color photo,"a photorealistic color photo of a compact car automobile stopped at a curb in a wet roadway after rain, 3/4 view, overcast daylight. single main subject, photorealistic color photo, natural colors, realistic texture, sharp focus on subject, no people, no text, no watermark, no logo, no border, no collage, no CGI, no illustration.","text, watermark, logo, caption, signature, border, frame, collage, multiple panels, cartoon, illustration, CGI, 3d render, low-poly, painting, anime, surreal, deformed, duplicate objects, extra limbs, blurry, out of focus, noise, oversaturated, posterized, artifacts, jpeg artifacts"
1241,automobile,coupe,parked,a lakeside shore,close-up,rainy with wet reflections,clean,a finely detailed photo,"a finely detailed photo of a coupe automobile parked in a lakeside shore, close-up, rainy with wet reflections. single main subject, photorealistic color photo, natural colors, realistic texture, sharp focus on subject, no people, no text, no watermark, no logo, no border, no collage, no CGI, no illustration.","text, watermark, logo, caption, signature, border, frame, collage, multiple panels, cartoon, illustration, CGI, 3d render, low-poly, painting, anime, surreal, deformed, duplicate objects, extra limbs, blurry, out of focus, noise, oversaturated, posterized, artifacts, jpeg artifacts"
1658,automobile,compact car,turning at an intersection,a wet roadway after rain,front view,golden hour,clean,an ultra-realistic rendering,"an ultra-realistic rendering of a compact car automobile turning at an intersection in a wet roadway after rain, front view, golden hour. single main subject, photorealistic color photo, natural colors, realistic texture, sharp focus on subject, no people, no text, no watermark, no logo, no border, no collage, no CGI, no illustration.","text, watermark, logo, caption, signature, border, frame, collage, multiple panels, cartoon, illustration, CGI, 3d render, low-poly, painting, anime, surreal, deformed, duplicate objects, extra limbs, blurry, out of focus, noise, oversaturated, posterized, artifacts, jpeg artifacts"
1306,automobile,sports car,driving,a quiet residential street,3/4 view,indoor soft window light,clean,an ultra-realistic rendering,"an ultra-realistic rendering of a sports car automobile driving in a quiet residential street, 3/4 view, indoor soft window light. single main subject, photorealistic color photo, natural colors, realistic texture, sharp focus on subject, no people, no text, no watermark, no logo, no border, no collage, no CGI, no illustration.","text, watermark, logo, caption, signature, border, frame, collage, multiple panels, cartoon, illustration, CGI, 3d render, low-poly, painting, anime, surreal, deformed, duplicate objects, extra limbs, blurry, out of focus, noise, oversaturated, posterized, artifacts, jpeg artifacts"
1612,automobile,hatchback,driving,a suburban neighborhood,high angle,indoor soft window light,clean,a high-quality image,"a high-quality image of a hatchback automobile driving in a suburban neighborhood, high angle, indoor soft window light. single main subject, photorealistic color photo, natural colors, realistic texture, sharp focus on subject, no people, no text, no watermark, no logo, no border, no collage, no CGI, no illustration.","text, watermark, logo, caption, signature, border, frame, collage, multiple panels, cartoon, illustration, CGI, 3d render, low-poly, painting, anime, surreal, deformed, duplicate objects, extra limbs, blurry, out of focus, noise, oversaturated, posterized, artifacts, jpeg artifacts"
1619,automobile,compact car,stopped at a curb,a sandy beach,front view,golden hour,clean,an ultra-realistic rendering,"an ultra-realistic rendering of a compact car automobile stopped at a curb in a sandy beach, front view, golden hour. single main subject, photorealistic color photo, natural colors, realistic texture, sharp focus on subject, no people, no text, no watermark, no logo, no border, no collage, no CGI, no illustration.","text, watermark, logo, caption, signature, border, frame, collage, multiple panels, cartoon, illustration, CGI, 3d render, low-poly, painting, anime, surreal, deformed, duplicate objects, extra limbs, blurry, out of focus, noise, oversaturated, posterized, artifacts, jpeg artifacts"
1768,automobile,coupe,parked,a suburban neighborhood,3/4 view,foggy morning,clean,a finely detailed photo,"a finely detailed photo of a coupe automobile parked in a suburban neighborhood, 3/4 view, foggy morning. single main subject, photorealistic color photo, natural colors, realistic texture, sharp focus on subject, no people, no text, no watermark, no logo, no border, no collage, no CGI, no illustration.","text, watermark, logo, caption, signature, border, frame, collage, multiple panels, cartoon, illustration, CGI, 3d render, low-poly, painting, anime, surreal, deformed, duplicate objects, extra limbs, blurry, out of focus, noise, oversaturated, posterized, artifacts, jpeg artifacts"
1185,automobile,taxi,stopped at a curb,a city park,low angle,overcast daylight,clean,an ultra-realistic rendering,"an ultra-realistic rendering of a taxi automobile stopped at a curb in a city park, low angle, overcast daylight. single main subject, photorealistic color photo, natural colors, realistic texture, sharp focus on subject, no people, no text, no watermark, no logo, no border, no collage, no CGI, no illustration.","text, watermark, logo, caption, signature, border, frame, collage, multiple panels, cartoon, illustration, CGI, 3d render, low-poly, painting, anime, surreal, deformed, duplicate objects, extra limbs, blurry, out of focus, noise, oversaturated, posterized, artifacts, jpeg artifacts"
1808,automobile,sedan,turning at an intersection,a forest clearing,side profile,foggy morning,hard,a professional photo,"a professional photo of a sedan automobile turning at an intersection in a forest clearing, side profile, foggy morning. busy background but still one main subject. single main subject, photorealistic color photo, natural colors, realistic texture, sharp focus on subject, no people, no text, no watermark, no logo, no border, no collage, no CGI, no illustration.","text, watermark, logo, caption, signature, border, frame, collage, multiple panels, cartoon, illustration, CGI, 3d render, low-poly, painting, anime, surreal, deformed, duplicate objects, extra limbs, blurry, out of focus, noise, oversaturated, posterized, artifacts, jpeg artifacts"
1770,automobile,coupe,driving,a sandy beach,close-up,sunny afternoon,clean,a photorealistic color photo,"a photorealistic color photo of a coupe automobile driving in a sandy beach, close-up, sunny afternoon. single main subject, photorealistic color photo, natural colors, realistic texture, sharp focus on subject, no people, no text, no watermark, no logo, no border, no collage, no CGI, no illustration.","text, watermark, logo, caption, signature, border, frame, collage, multiple panels, cartoon, illustration, CGI, 3d render, low-poly, painting, anime, surreal, deformed, duplicate objects, extra limbs, blurry, out of focus, noise, oversaturated, posterized, artifacts, jpeg artifacts"
1714,automobile,sedan,parked,a forest clearing,side profile,rainy with wet reflections,clean,a detailed photograph,"a detailed photograph of a sedan automobile parked in a forest clearing, side profile, rainy with wet reflections. single main subject, photorealistic color photo, natural colors, realistic texture, sharp focus on subject, no people, no text, no watermark, no logo, no border, no collage, no CGI, no illustration.","text, watermark, logo, caption, signature, border, frame, collage, multiple panels, cartoon, illustration, CGI, 3d render, low-poly, painting, anime, surreal, deformed, duplicate objects, extra limbs, blurry, out of focus, noise, oversaturated, posterized, artifacts, jpeg artifacts"
1359,automobile,sports car,parked,a parking lot,slightly off-center framing,foggy morning,clean,an ultra-realistic rendering,"an ultra-realistic rendering of a sports car automobile parked in a parking lot, slightly off-center framing, foggy morning. single main subject, photorealistic color photo, natural colors, realistic texture, sharp focus on subject, no people, no text, no watermark, no logo, no border, no collage, no CGI, no illustration.","text, watermark, logo, caption, signature, border, frame, collage, multiple panels, cartoon, illustration, CGI, 3d render, low-poly, painting, anime, surreal, deformed, duplicate objects, extra limbs, blurry, out of focus, noise, oversaturated, posterized, artifacts, jpeg artifacts"
1820,automobile,hatchback,driving,a suburban neighborhood,close-up,backlit rim light,hard,a finely detailed photo,"a finely detailed photo of a hatchback automobile driving in a suburban neighborhood, close-up, backlit rim light. in the distance. single main subject, photorealistic color photo, natural colors, realistic texture, sharp focus on subject, no people, no text, no watermark, no logo, no border, no collage, no CGI, no illustration.","text, watermark, logo, caption, signature, border, frame, collage, multiple panels, cartoon, illustration, CGI, 3d render, low-poly, painting, anime, surreal, deformed, duplicate objects, extra limbs, blurry, out of focus, noise, oversaturated, posterized, artifacts, jpeg artifacts"
1163,automobile,sports car,stopped at a curb,a sandy beach,high angle,foggy morning,clean,a high-quality image,"a high-quality image of a sports car automobile stopped at a curb in a sandy beach, high angle, foggy morning. single main subject, photorealistic color photo, natural colors, realistic texture, sharp focus on subject, no people, no text, no watermark, no logo, no border, no collage, no CGI, no illustration.","text, watermark, logo, caption, signature, border, frame, collage, multiple panels, cartoon, illustration, CGI, 3d render, low-poly, painting, anime, surreal, deformed, duplicate objects, extra limbs, blurry, out of focus, noise, oversaturated, posterized, artifacts, jpeg artifacts"
1852,automobile,coupe,parked,a city park,wide shot,nighttime under streetlights,hard,a finely detailed photo,"a finely detailed photo of a coupe automobile parked in a city park, wide shot, nighttime under streetlights. partially occluded by a foreground object. single main subject, photorealistic color photo, natural colors, realistic texture, sharp focus on subject, no people, no text, no watermark, no logo, no border, no collage, no CGI, no illustration.","text, watermark, logo, caption, signature, border, frame, collage, multiple panels, cartoon, illustration, CGI, 3d render, low-poly, painting, anime, surreal, deformed, duplicate objects, extra limbs, blurry, out of focus, noise, oversaturated, posterized, artifacts, jpeg artifacts"
1737,automobile,sedan,parked,an urban street,close-up,backlit rim light,clean,an ultra-realistic rendering,"an ultra-realistic rendering of a sedan automobile parked in an urban street, close-up, backlit rim light. single main subject, photorealistic color photo, natural colors, realistic texture, sharp focus on subject, no people, no text, no watermark, no logo, no border, no collage, no CGI, no illustration.","text, watermark, logo, caption, signature, border, frame, collage, multiple panels, cartoon, illustration, CGI, 3d render, low-poly, painting, anime, surreal, deformed, duplicate objects, extra limbs, blurry, out of focus, noise, oversaturated, posterized, artifacts, jpeg artifacts"
1362,automobile,taxi,stopped at a curb,a sandy beach,close-up,indoor soft window light,clean,a professional photo,"a professional photo of a taxi automobile stopped at a curb in a sandy beach, close-up, indoor soft window light. single main subject, photorealistic color photo, natural colors, realistic texture, sharp focus on subject, no people, no text, no watermark, no logo, no border, no collage, no CGI, no illustration.","text, watermark, logo, caption, signature, border, frame, collage, multiple panels, cartoon, illustration, CGI, 3d render, low-poly, painting, anime, surreal, deformed, duplicate objects, extra limbs, blurry, out of focus, noise, oversaturated, posterized, artifacts, jpeg artifacts"
1308,automobile,sports car,stopped at a curb,a suburban neighborhood,3/4 view,sunny afternoon,clean,an ultra-realistic rendering,"an ultra-realistic rendering of a sports car automobile stopped at a curb in a suburban neighborhood, 3/4 view, sunny afternoon. single main subject, photorealistic color photo, natural colors, realistic texture, sharp focus on subject, no people, no text, no watermark, no logo, no border, no collage, no CGI, no illustration.","text, watermark, logo, caption, signature, border, frame, collage, multiple panels, cartoon, illustration, CGI, 3d render, low-poly, painting, anime, surreal, deformed, duplicate objects, extra limbs, blurry, out of focus, noise, oversaturated, posterized, artifacts, jpeg artifacts"
1200,automobile,sports car,parked,a wet roadway after rain,side profile,rainy with wet reflections,clean,a detailed photograph,"a detailed photograph of a sports car automobile parked in a wet roadway after rain, side profile, rainy with wet reflections. single main subject, photorealistic color photo, natural colors, realistic texture, sharp focus on subject, no people, no text, no watermark, no logo, no border, no collage, no CGI, no illustration.","text, watermark, logo, caption, signature, border, frame, collage, multiple panels, cartoon, illustration, CGI, 3d render, low-poly, painting, anime, surreal, deformed, duplicate objects, extra limbs, blurry, out of focus, noise, oversaturated, posterized, artifacts, jpeg artifacts"
1954,automobile,sedan,parked,a parking lot,3/4 view,foggy morning,hard,a professional photo,"a professional photo of a sedan automobile parked in a parking lot, 3/4 view, foggy morning. slight motion blur. single main subject, photorealistic color photo, natural colors, realistic texture, sharp focus on subject, no people, no text, no watermark, no logo, no border, no collage, no CGI, no illustration.","text, watermark, logo, caption, signature, border, frame, collage, multiple panels, cartoon, illustration, CGI, 3d render, low-poly, painting, anime, surreal, deformed, duplicate objects, extra limbs, blurry, out of focus, noise, oversaturated, posterized, artifacts, jpeg artifacts"
1525,automobile,taxi,parked,a quiet residential street,wide shot,indoor soft window light,clean,a professional photo,"a professional photo of a taxi automobile parked in a quiet residential street, wide shot, indoor soft window light. single main subject, photorealistic color photo, natural colors, realistic texture, sharp focus on subject, no people, no text, no watermark, no logo, no border, no collage, no CGI, no illustration.","text, watermark, logo, caption, signature, border, frame, collage, multiple panels, cartoon, illustration, CGI, 3d render, low-poly, painting, anime, surreal, deformed, duplicate objects, extra limbs, blurry, out of focus, noise, oversaturated, posterized, artifacts, jpeg artifacts"
1195,automobile,compact car,driving,an urban street,high angle,overcast daylight,clean,an ultra-realistic rendering,"an ultra-realistic rendering of a compact car automobile driving in an urban street, high angle, overcast daylight. single main subject, photorealistic color photo, natural colors, realistic texture, sharp focus on subject, no people, no text, no watermark, no logo, no border, no collage, no CGI, no illustration.","text, watermark, logo, caption, signature, border, frame, collage, multiple panels, cartoon, illustration, CGI, 3d render, low-poly, painting, anime, surreal, deformed, duplicate objects, extra limbs, blurry, out of focus, noise, oversaturated, posterized, artifacts, jpeg artifacts"
1190,automobile,coupe,parked,a parking lot,close-up,golden hour,clean,a professional photo,"a professional photo of a coupe automobile parked in a parking lot, close-up, golden hour. single main subject, photorealistic color photo, natural colors, realistic texture, sharp focus on subject, no people, no text, no watermark, no logo, no border, no collage, no CGI, no illustration.","text, watermark, logo, caption, signature, border, frame, collage, multiple panels, cartoon, illustration, CGI, 3d render, low-poly, painting, anime, surreal, deformed, duplicate objects, extra limbs, blurry, out of focus, noise, oversaturated, posterized, artifacts, jpeg artifacts"
1302,automobile,hatchback,driving,an urban street,high angle,rainy with wet reflections,clean,a high-quality image,"a high-quality image of a hatchback automobile driving in an urban street, high angle, rainy with wet reflections. single main subject, photorealistic color photo, natural colors, realistic texture, sharp focus on subject, no people, no text, no watermark, no logo, no border, no collage, no CGI, no illustration.","text, watermark, logo, caption, signature, border, frame, collage, multiple panels, cartoon, illustration, CGI, 3d render, low-poly, painting, anime, surreal, deformed, duplicate objects, extra limbs, blurry, out of focus, noise, oversaturated, posterized, artifacts, jpeg artifacts"
1703,automobile,coupe,parked,a countryside road,front view,overcast daylight,clean,a professional photo,"a professional photo of a coupe automobile parked in a countryside road, front view, overcast daylight. single main subject, photorealistic color photo, natural colors, realistic texture, sharp focus on subject, no people, no text, no watermark, no logo, no border, no collage, no CGI, no illustration.","text, watermark, logo, caption, signature, border, frame, collage, multiple panels, cartoon, illustration, CGI, 3d render, low-poly, painting, anime, surreal, deformed, duplicate objects, extra limbs, blurry, out of focus, noise, oversaturated, posterized, artifacts, jpeg artifacts"
1316,automobile,hatchback,turning at an intersection,a quiet residential street,wide shot,golden hour,clean,a detailed photograph,"a detailed photograph of a hatchback automobile turning at an intersection in a quiet residential street, wide shot, golden hour. single main subject, photorealistic color photo, natural colors, realistic texture, sharp focus on subject, no people, no text, no watermark, no logo, no border, no collage, no CGI, no illustration.","text, watermark, logo, caption, signature, border, frame, collage, multiple panels, cartoon, illustration, CGI, 3d render, low-poly, painting, anime, surreal, deformed, duplicate objects, extra limbs, blurry, out of focus, noise, oversaturated, posterized, artifacts, jpeg artifacts"
1771,automobile,coupe,stopped at a curb,a sandy beach,front view,golden hour,clean,a finely detailed photo,"a finely detailed photo of a coupe automobile stopped at a curb in a sandy beach, front view, golden hour. single main subject, photorealistic color photo, natural colors, realistic texture, sharp focus on subject, no people, no text, no watermark, no logo, no border, no collage, no CGI, no illustration.","text, watermark, logo, caption, signature, border, frame, collage, multiple panels, cartoon, illustration, CGI, 3d render, low-poly, painting, anime, surreal, deformed, duplicate objects, extra limbs, blurry, out of focus, noise, oversaturated, posterized, artifacts, jpeg artifacts"
1772,automobile,taxi,turning at an intersection,a backyard,3/4 view,nighttime under streetlights,clean,a finely detailed photo,"a finely detailed photo of a taxi automobile turning at an intersection in a backyard, 3/4 view, nighttime under streetlights. single main subject, photorealistic color photo, natural colors, realistic texture, sharp focus on subject, no people, no text, no watermark, no logo, no border, no collage, no CGI, no illustration.","text, watermark, logo, caption, signature, border, frame, collage, multiple panels, cartoon, illustration, CGI, 3d render, low-poly, painting, anime, surreal, deformed, duplicate objects, extra limbs, blurry, out of focus, noise, oversaturated, posterized, artifacts, jpeg artifacts"
1017,automobile,taxi,driving,an urban street,3/4 view,indoor soft window light,clean,a photorealistic color photo,"a photorealistic color photo of a taxi automobile driving in an urban street, 3/4 view, indoor soft window light. single main subject, photorealistic color photo, natural colors, realistic texture, sharp focus on subject, no people, no text, no watermark, no logo, no border, no collage, no CGI, no illustration.","text, watermark, logo, caption, signature, border, frame, collage, multiple panels, cartoon, illustration, CGI, 3d render, low-poly, painting, anime, surreal, deformed, duplicate objects, extra limbs, blurry, out of focus, noise, oversaturated, posterized, artifacts, jpeg artifacts"
1962,automobile,hatchback,turning at an intersection,an industrial yard,3/4 view,rainy with wet reflections,hard,a professional photo,"a professional photo of a hatchback automobile turning at an intersection in an industrial yard, 3/4 view, rainy with wet reflections. in the distance. single main subject, photorealistic color photo, natural colors, realistic texture, sharp focus on subject, no people, no text, no watermark, no logo, no border, no collage, no CGI, no illustration.","text, watermark, logo, caption, signature, border, frame, collage, multiple panels, cartoon, illustration, CGI, 3d render, low-poly, painting, anime, surreal, deformed, duplicate objects, extra limbs, blurry, out of focus, noise, oversaturated, posterized, artifacts, jpeg artifacts"
1112,automobile,compact car,stopped at a curb,a quiet residential street,front view,rainy with wet reflections,clean,a high-quality image,"a high-quality image of a compact car automobile stopped at a curb in a quiet residential street, front view, rainy with wet reflections. single main subject, photorealistic color photo, natural colors, realistic texture, sharp focus on subject, no people, no text, no watermark, no logo, no border, no collage, no CGI, no illustration.","text, watermark, logo, caption, signature, border, frame, collage, multiple panels, cartoon, illustration, CGI, 3d render, low-poly, painting, anime, surreal, deformed, duplicate objects, extra limbs, blurry, out of focus, noise, oversaturated, posterized, artifacts, jpeg artifacts"
1915,automobile,sedan,turning at an intersection,an industrial yard,cropped at the edge of the frame,sunny afternoon,hard,a finely detailed photo,"a finely detailed photo of a sedan automobile turning at an intersection in an industrial yard, cropped at the edge of the frame, sunny afternoon. cropped slightly. single main subject, photorealistic color photo, natural colors, realistic texture, sharp focus on subject, no people, no text, no watermark, no logo, no border, no collage, no CGI, no illustration.","text, watermark, logo, caption, signature, border, frame, collage, multiple panels, cartoon, illustration, CGI, 3d render, low-poly, painting, anime, surreal, deformed, duplicate objects, extra limbs, blurry, out of focus, noise, oversaturated, posterized, artifacts, jpeg artifacts"
1500,automobile,hatchback,parked,a backyard,close-up,backlit rim light,clean,a photorealistic color photo,"a photorealistic color photo of a hatchback automobile parked in a backyard, close-up, backlit rim light. single main subject, photorealistic color photo, natural colors, realistic texture, sharp focus on subject, no people, no text, no watermark, no logo, no border, no collage, no CGI, no illustration.","text, watermark, logo, caption, signature, border, frame, collage, multiple panels, cartoon, illustration, CGI, 3d render, low-poly, painting, anime, surreal, deformed, duplicate objects, extra limbs, blurry, out of focus, noise, oversaturated, posterized, artifacts, jpeg artifacts"
1754,automobile,taxi,driving,an industrial yard,close-up,rainy with wet reflections,clean,a photorealistic color photo,"a photorealistic color photo of a taxi automobile driving in an industrial yard, close-up, rainy with wet reflections. single main subject, photorealistic color photo, natural colors, realistic texture, sharp focus on subject, no people, no text, no watermark, no logo, no border, no collage, no CGI, no illustration.","text, watermark, logo, caption, signature, border, frame, collage, multiple panels, cartoon, illustration, CGI, 3d render, low-poly, painting, anime, surreal, deformed, duplicate objects, extra limbs, blurry, out of focus, noise, oversaturated, posterized, artifacts, jpeg artifacts"
1382,automobile,compact car,turning at an intersection,a sandy beach,low angle,foggy morning,clean,a finely detailed photo,"a finely detailed photo of a compact car automobile turning at an intersection in a sandy beach, low angle, foggy morning. single main subject, photorealistic color photo, natural colors, realistic texture, sharp focus on subject, no people, no text, no watermark, no logo, no border, no collage, no CGI, no illustration.","text, watermark, logo, caption, signature, border, frame, collage, multiple panels, cartoon, illustration, CGI, 3d render, low-poly, painting, anime, surreal, deformed, duplicate objects, extra limbs, blurry, out of focus, noise, oversaturated, posterized, artifacts, jpeg artifacts"
1809,automobile,taxi,driving,a wet roadway after rain,cropped at the edge of the frame,indoor soft window light,hard,a photorealistic color photo,"a photorealistic color photo of a taxi automobile driving in a wet roadway after rain, cropped at the edge of the frame, indoor soft window light. cropped slightly. single main subject, photorealistic color photo, natural colors, realistic texture, sharp focus on subject, no people, no text, no watermark, no logo, no border, no collage, no CGI, no illustration.","text, watermark, logo, caption, signature, border, frame, collage, multiple panels, cartoon, illustration, CGI, 3d render, low-poly, painting, anime, surreal, deformed, duplicate objects, extra limbs, blurry, out of focus, noise, oversaturated, posterized, artifacts, jpeg artifacts"
1288,automobile,sedan,stopped at a curb,a parking lot,low angle,overcast daylight,clean,a professional photo,"a professional photo of a sedan automobile stopped at a curb in a parking lot, low angle, overcast daylight. single main subject, photorealistic color photo, natural colors, realistic texture, sharp focus on subject, no people, no text, no watermark, no logo, no border, no collage, no CGI, no illustration.","text, watermark, logo, caption, signature, border, frame, collage, multiple panels, cartoon, illustration, CGI, 3d render, low-poly, painting, anime, surreal, deformed, duplicate objects, extra limbs, blurry, out of focus, noise, oversaturated, posterized, artifacts, jpeg artifacts"
1596,automobile,compact car,turning at an intersection,a wet roadway after rain,wide shot,rainy with wet reflections,clean,a photorealistic color photo,"a photorealistic color photo of a compact car automobile turning at an intersection in a wet roadway after rain, wide shot, rainy with wet reflections. single main subject, photorealistic color photo, natural colors, realistic texture, sharp focus on subject, no people, no text, no watermark, no logo, no border, no collage, no CGI, no illustration.","text, watermark, logo, caption, signature, border, frame, collage, multiple panels, cartoon, illustration, CGI, 3d render, low-poly, painting, anime, surreal, deformed, duplicate objects, extra limbs, blurry, out of focus, noise, oversaturated, posterized, artifacts, jpeg artifacts"
1395,automobile,coupe,turning at an intersection,a suburban neighborhood,wide shot,rainy with wet reflections,clean,a detailed photograph,"a detailed photograph of a coupe automobile turning at an intersection in a suburban neighborhood, wide shot, rainy with wet reflections. single main subject, photorealistic color photo, natural colors, realistic texture, sharp focus on subject, no people, no text, no watermark, no logo, no border, no collage, no CGI, no illustration.","text, watermark, logo, caption, signature, border, frame, collage, multiple panels, cartoon, illustration, CGI, 3d render, low-poly, painting, anime, surreal, deformed, duplicate objects, extra limbs, blurry, out of focus, noise, oversaturated, posterized, artifacts, jpeg artifacts"
1253,automobile,compact car,driving,a suburban neighborhood,3/4 view,rainy with wet reflections,clean,a professional photo,"a professional photo of a compact car automobile driving in a suburban neighborhood, 3/4 view, rainy with wet reflections. single main subject, photorealistic color photo, natural colors, realistic texture, sharp focus on subject, no people, no text, no watermark, no logo, no border, no collage, no CGI, no illustration.","text, watermark, logo, caption, signature, border, frame, collage, multiple panels, cartoon, illustration, CGI, 3d render, low-poly, painting, anime, surreal, deformed, duplicate objects, extra limbs, blurry, out of focus, noise, oversaturated, posterized, artifacts, jpeg artifacts"
1687,automobile,compact car,parked,a grassy field,side profile,nighttime under streetlights,clean,a detailed photograph,"a detailed photograph of a compact car automobile parked in a grassy field, side profile, nighttime under streetlights. single main subject, photorealistic color photo, natural colors, realistic texture, sharp focus on subject, no people, no text, no watermark, no logo, no border, no collage, no CGI, no illustration.","text, watermark, logo, caption, signature, border, frame, collage, multiple panels, cartoon, illustration, CGI, 3d render, low-poly, painting, anime, surreal, deformed, duplicate objects, extra limbs, blurry, out of focus, noise, oversaturated, posterized, artifacts, jpeg artifacts"
1572,automobile,sedan,turning at an intersection,an industrial yard,front view,foggy morning,clean,a finely detailed photo,"a finely detailed photo of a sedan automobile turning at an intersection in an industrial yard, front view, foggy morning. single main subject, photorealistic color photo, natural colors, realistic texture, sharp focus on subject, no people, no text, no watermark, no logo, no border, no collage, no CGI, no illustration.","text, watermark, logo, caption, signature, border, frame, collage, multiple panels, cartoon, illustration, CGI, 3d render, low-poly, painting, anime, surreal, deformed, duplicate objects, extra limbs, blurry, out of focus, noise, oversaturated, posterized, artifacts, jpeg artifacts"
1551,automobile,compact car,turning at an intersection,a grassy field,side profile,rainy with wet reflections,clean,a detailed photograph,"a detailed photograph of a compact car automobile turning at an intersection in a grassy field, side profile, rainy with wet reflections. single main subject, photorealistic color photo, natural colors, realistic texture, sharp focus on subject, no people, no text, no watermark, no logo, no border, no collage, no CGI, no illustration.","text, watermark, logo, caption, signature, border, frame, collage, multiple panels, cartoon, illustration, CGI, 3d render, low-poly, painting, anime, surreal, deformed, duplicate objects, extra limbs, blurry, out of focus, noise, oversaturated, posterized, artifacts, jpeg artifacts"
1404,automobile,coupe,turning at an intersection,a parking lot,slightly off-center framing,backlit rim light,clean,a professional photo,"a professional photo of a coupe automobile turning at an intersection in a parking lot, slightly off-center framing, backlit rim light. single main subject, photorealistic color photo, natural colors, realistic texture, sharp focus on subject, no people, no text, no watermark, no logo, no border, no collage, no CGI, no illustration.","text, watermark, logo, caption, signature, border, frame, collage, multiple panels, cartoon, illustration, CGI, 3d render, low-poly, painting, anime, surreal, deformed, duplicate objects, extra limbs, blurry, out of focus, noise, oversaturated, posterized, artifacts, jpeg artifacts"
1217,automobile,hatchback,stopped at a curb,a sandy beach,slightly off-center framing,golden hour,clean,an ultra-realistic rendering,"an ultra-realistic rendering of a hatchback automobile stopped at a curb in a sandy beach, slightly off-center framing, golden hour. single main subject, photorealistic color photo, natural colors, realistic texture, sharp focus on subject, no people, no text, no watermark, no logo, no border, no collage, no CGI, no illustration.","text, watermark, logo, caption, signature, border, frame, collage, multiple panels, cartoon, illustration, CGI, 3d render, low-poly, painting, anime, surreal, deformed, duplicate objects, extra limbs, blurry, out of focus, noise, oversaturated, posterized, artifacts, jpeg artifacts"
1967,automobile,taxi,turning at an intersection,a wet roadway after rain,low angle,backlit rim light,hard,a detailed photograph,"a detailed photograph of a taxi automobile turning at an intersection in a wet roadway after rain, low angle, backlit rim light. cropped slightly. single main subject, photorealistic color photo, natural colors, realistic texture, sharp focus on subject, no people, no text, no watermark, no logo, no border, no collage, no CGI, no illustration.","text, watermark, logo, caption, signature, border, frame, collage, multiple panels, cartoon, illustration, CGI, 3d render, low-poly, painting, anime, surreal, deformed, duplicate objects, extra limbs, blurry, out of focus, noise, oversaturated, posterized, artifacts, jpeg artifacts"
1515,automobile,hatchback,parked,a gravel lot,3/4 view,golden hour,clean,an ultra-realistic rendering,"an ultra-realistic rendering of a hatchback automobile parked in a gravel lot, 3/4 view, golden hour. single main subject, photorealistic color photo, natural colors, realistic texture, sharp focus on subject, no people, no text, no watermark, no logo, no border, no collage, no CGI, no illustration.","text, watermark, logo, caption, signature, border, frame, collage, multiple panels, cartoon, illustration, CGI, 3d render, low-poly, painting, anime, surreal, deformed, duplicate objects, extra limbs, blurry, out of focus, noise, oversaturated, posterized, artifacts, jpeg artifacts"
1559,automobile,hatchback,turning at an intersection,a gravel lot,high angle,rainy with wet reflections,clean,a high-quality image,"a high-quality image of a hatchback automobile turning at an intersection in a gravel lot, high angle, rainy with wet reflections. single main subject, photorealistic color photo, natural colors, realistic texture, sharp focus on subject, no people, no text, no watermark, no logo, no border, no collage, no CGI, no illustration.","text, watermark, logo, caption, signature, border, frame, collage, multiple panels, cartoon, illustration, CGI, 3d render, low-poly, painting, anime, surreal, deformed, duplicate objects, extra limbs, blurry, out of focus, noise, oversaturated, posterized, artifacts, jpeg artifacts"
1947,automobile,coupe,turning at an intersection,a lakeside shore,low angle,sunny afternoon,hard,a detailed photograph,"a detailed photograph of a coupe automobile turning at an intersection in a lakeside shore, low angle, sunny afternoon. partially occluded by a foreground object. single main subject, photorealistic color photo, natural colors, realistic texture, sharp focus on subject, no people, no text, no watermark, no logo, no border, no collage, no CGI, no illustration.","text, watermark, logo, caption, signature, border, frame, collage, multiple panels, cartoon, illustration, CGI, 3d render, low-poly, painting, anime, surreal, deformed, duplicate objects, extra limbs, blurry, out of focus, noise, oversaturated, posterized, artifacts, jpeg artifacts"
1479,automobile,hatchback,turning at an intersection,an urban street,close-up,backlit rim light,clean,a photorealistic color photo,"a photorealistic color photo of a hatchback automobile turning at an intersection in an urban street, close-up, backlit rim light. single main subject, photorealistic color photo, natural colors, realistic texture, sharp focus on subject, no people, no text, no watermark, no logo, no border, no collage, no CGI, no illustration.","text, watermark, logo, caption, signature, border, frame, collage, multiple panels, cartoon, illustration, CGI, 3d render, low-poly, painting, anime, surreal, deformed, duplicate objects, extra limbs, blurry, out of focus, noise, oversaturated, posterized, artifacts, jpeg artifacts"
1909,automobile,compact car,stopped at a curb,an urban street,close-up,foggy morning,hard,a professional photo,"a professional photo of a compact car automobile stopped at a curb in an urban street, close-up, foggy morning. cropped slightly. single main subject, photorealistic color photo, natural colors, realistic texture, sharp focus on subject, no people, no text, no watermark, no logo, no border, no collage, no CGI, no illustration.","text, watermark, logo, caption, signature, border, frame, collage, multiple panels, cartoon, illustration, CGI, 3d render, low-poly, painting, anime, surreal, deformed, duplicate objects, extra limbs, blurry, out of focus, noise, oversaturated, posterized, artifacts, jpeg artifacts"
1891,automobile,hatchback,stopped at a curb,a lakeside shore,wide shot,sunny afternoon,hard,a high-quality image,"a high-quality image of a hatchback automobile stopped at a curb in a lakeside shore, wide shot, sunny afternoon. cropped slightly. single main subject, photorealistic color photo, natural colors, realistic texture, sharp focus on subject, no people, no text, no watermark, no logo, no border, no collage, no CGI, no illustration.","text, watermark, logo, caption, signature, border, frame, collage, multiple panels, cartoon, illustration, CGI, 3d render, low-poly, painting, anime, surreal, deformed, duplicate objects, extra limbs, blurry, out of focus, noise, oversaturated, posterized, artifacts, jpeg artifacts"
1791,automobile,hatchback,stopped at a curb,an industrial yard,front view,indoor soft window light,clean,a professional photo,"a professional photo of a hatchback automobile stopped at a curb in an industrial yard, front view, indoor soft window light. single main subject, photorealistic color photo, natural colors, realistic texture, sharp focus on subject, no people, no text, no watermark, no logo, no border, no collage, no CGI, no illustration.","text, watermark, logo, caption, signature, border, frame, collage, multiple panels, cartoon, illustration, CGI, 3d render, low-poly, painting, anime, surreal, deformed, duplicate objects, extra limbs, blurry, out of focus, noise, oversaturated, posterized, artifacts, jpeg artifacts"
1161,automobile,compact car,driving,a forest clearing,side profile,foggy morning,clean,a photorealistic color photo,"a photorealistic color photo of a compact car automobile driving in a forest clearing, side profile, foggy morning. single main subject, photorealistic color photo, natural colors, realistic texture, sharp focus on subject, no people, no text, no watermark, no logo, no border, no collage, no CGI, no illustration.","text, watermark, logo, caption, signature, border, frame, collage, multiple panels, cartoon, illustration, CGI, 3d render, low-poly, painting, anime, surreal, deformed, duplicate objects, extra limbs, blurry, out of focus, noise, oversaturated, posterized, artifacts, jpeg artifacts"
1277,automobile,compact car,turning at an intersection,a forest clearing,slightly off-center framing,backlit rim light,clean,a professional photo,"a professional photo of a compact car automobile turning at an intersection in a forest clearing, slightly off-center framing, backlit rim light. single main subject, photorealistic color photo, natural colors, realistic texture, sharp focus on subject, no people, no text, no watermark, no logo, no border, no collage, no CGI, no illustration.","text, watermark, logo, caption, signature, border, frame, collage, multiple panels, cartoon, illustration, CGI, 3d render, low-poly, painting, anime, surreal, deformed, duplicate objects, extra limbs, blurry, out of focus, noise, oversaturated, posterized, artifacts, jpeg artifacts"
1837,automobile,taxi,stopped at a curb,a sandy beach,front view,foggy morning,hard,a detailed photograph,"a detailed photograph of a taxi automobile stopped at a curb in a sandy beach, front view, foggy morning. in the distance. single main subject, photorealistic color photo, natural colors, realistic texture, sharp focus on subject, no people, no text, no watermark, no logo, no border, no collage, no CGI, no illustration.","text, watermark, logo, caption, signature, border, frame, collage, multiple panels, cartoon, illustration, CGI, 3d render, low-poly, painting, anime, surreal, deformed, duplicate objects, extra limbs, blurry, out of focus, noise, oversaturated, posterized, artifacts, jpeg artifacts"
1850,automobile,sports car,parked,a sandy beach,distant subject in the background,nighttime under streetlights,hard,a finely detailed photo,"a finely detailed photo of a sports car automobile parked in a sandy beach, distant subject in the background, nighttime under streetlights. cropped slightly. single main subject, photorealistic color photo, natural colors, realistic texture, sharp focus on subject, no people, no text, no watermark, no logo, no border, no collage, no CGI, no illustration.","text, watermark, logo, caption, signature, border, frame, collage, multiple panels, cartoon, illustration, CGI, 3d render, low-poly, painting, anime, surreal, deformed, duplicate objects, extra limbs, blurry, out of focus, noise, oversaturated, posterized, artifacts, jpeg artifacts"
1762,automobile,sedan,turning at an intersection,a city park,front view,nighttime under streetlights,clean,a photorealistic color photo,"a photorealistic color photo of a sedan automobile turning at an intersection in a city park, front view, nighttime under streetlights. single main subject, photorealistic color photo, natural colors, realistic texture, sharp focus on subject, no people, no text, no watermark, no logo, no border, no collage, no CGI, no illustration.","text, watermark, logo, caption, signature, border, frame, collage, multiple panels, cartoon, illustration, CGI, 3d render, low-poly, painting, anime, surreal, deformed, duplicate objects, extra limbs, blurry, out of focus, noise, oversaturated, posterized, artifacts, jpeg artifacts"
1904,automobile,sports car,parked,a quiet residential street,3/4 view,golden hour,hard,a finely detailed photo,"a finely detailed photo of a sports car automobile parked in a quiet residential street, 3/4 view, golden hour. busy background but still one main subject. single main subject, photorealistic color photo, natural colors, realistic texture, sharp focus on subject, no people, no text, no watermark, no logo, no border, no collage, no CGI, no illustration.","text, watermark, logo, caption, signature, border, frame, collage, multiple panels, cartoon, illustration, CGI, 3d render, low-poly, painting, anime, surreal, deformed, duplicate objects, extra limbs, blurry, out of focus, noise, oversaturated, posterized, artifacts, jpeg artifacts"
1221,automobile,sedan,stopped at a curb,a sandy beach,slightly off-center framing,foggy morning,clean,a finely detailed photo,"a finely detailed photo of a sedan automobile stopped at a curb in a sandy beach, slightly off-center framing, foggy morning. single main subject, photorealistic color photo, natural colors, realistic texture, sharp focus on subject, no people, no text, no watermark, no logo, no border, no collage, no CGI, no illustration.","text, watermark, logo, caption, signature, border, frame, collage, multiple panels, cartoon, illustration, CGI, 3d render, low-poly, painting, anime, surreal, deformed, duplicate objects, extra limbs, blurry, out of focus, noise, oversaturated, posterized, artifacts, jpeg artifacts"
1528,automobile,hatchback,driving,a sandy beach,high angle,sunny afternoon,clean,a finely detailed photo,"a finely detailed photo of a hatchback automobile driving in a sandy beach, high angle, sunny afternoon. single main subject, photorealistic color photo, natural colors, realistic texture, sharp focus on subject, no people, no text, no watermark, no logo, no border, no collage, no CGI, no illustration.","text, watermark, logo, caption, signature, border, frame, collage, multiple panels, cartoon, illustration, CGI, 3d render, low-poly, painting, anime, surreal, deformed, duplicate objects, extra limbs, blurry, out of focus, noise, oversaturated, posterized, artifacts, jpeg artifacts"
1616,automobile,compact car,driving,a lakeside shore,front view,sunny afternoon,clean,a professional photo,"a professional photo of a compact car automobile driving in a lakeside shore, front view, sunny afternoon. single main subject, photorealistic color photo, natural colors, realistic texture, sharp focus on subject, no people, no text, no watermark, no logo, no border, no collage, no CGI, no illustration.","text, watermark, logo, caption, signature, border, frame, collage, multiple panels, cartoon, illustration, CGI, 3d render, low-poly, painting, anime, surreal, deformed, duplicate objects, extra limbs, blurry, out of focus, noise, oversaturated, posterized, artifacts, jpeg artifacts"
1260,automobile,sedan,turning at an intersection,a forest clearing,side profile,golden hour,clean,a professional photo,"a professional photo of a sedan automobile turning at an intersection in a forest clearing, side profile, golden hour. single main subject, photorealistic color photo, natural colors, realistic texture, sharp focus on subject, no people, no text, no watermark, no logo, no border, no collage, no CGI, no illustration.","text, watermark, logo, caption, signature, border, frame, collage, multiple panels, cartoon, illustration, CGI, 3d render, low-poly, painting, anime, surreal, deformed, duplicate objects, extra limbs, blurry, out of focus, noise, oversaturated, posterized, artifacts, jpeg artifacts"
1175,automobile,taxi,parked,a wet roadway after rain,wide shot,sunny afternoon,clean,a detailed photograph,"a detailed photograph of a taxi automobile parked in a wet roadway after rain, wide shot, sunny afternoon. single main subject, photorealistic color photo, natural colors, realistic texture, sharp focus on subject, no people, no text, no watermark, no logo, no border, no collage, no CGI, no illustration.","text, watermark, logo, caption, signature, border, frame, collage, multiple panels, cartoon, illustration, CGI, 3d render, low-poly, painting, anime, surreal, deformed, duplicate objects, extra limbs, blurry, out of focus, noise, oversaturated, posterized, artifacts, jpeg artifacts"
1676,automobile,sedan,parked,a parking lot,front view,nighttime under streetlights,clean,a professional photo,"a professional photo of a sedan automobile parked in a parking lot, front view, nighttime under streetlights. single main subject, photorealistic color photo, natural colors, realistic texture, sharp focus on subject, no people, no text, no watermark, no logo, no border, no collage, no CGI, no illustration.","text, watermark, logo, caption, signature, border, frame, collage, multiple panels, cartoon, illustration, CGI, 3d render, low-poly, painting, anime, surreal, deformed, duplicate objects, extra limbs, blurry, out of focus, noise, oversaturated, posterized, artifacts, jpeg artifacts"
1078,automobile,coupe,driving,a quiet residential street,close-up,indoor soft window light,clean,an ultra-realistic rendering,"an ultra-realistic rendering of a coupe automobile driving in a quiet residential street, close-up, indoor soft window light. single main subject, photorealistic color photo, natural colors, realistic texture, sharp focus on subject, no people, no text, no watermark, no logo, no border, no collage, no CGI, no illustration.","text, watermark, logo, caption, signature, border, frame, collage, multiple panels, cartoon, illustration, CGI, 3d render, low-poly, painting, anime, surreal, deformed, duplicate objects, extra limbs, blurry, out of focus, noise, oversaturated, posterized, artifacts, jpeg artifacts"
1187,automobile,sedan,parked,a backyard,low angle,overcast daylight,clean,a high-quality image,"a high-quality image of a sedan automobile parked in a backyard, low angle, overcast daylight. single main subject, photorealistic color photo, natural colors, realistic texture, sharp focus on subject, no people, no text, no watermark, no logo, no border, no collage, no CGI, no illustration.","text, watermark, logo, caption, signature, border, frame, collage, multiple panels, cartoon, illustration, CGI, 3d render, low-poly, painting, anime, surreal, deformed, duplicate objects, extra limbs, blurry, out of focus, noise, oversaturated, posterized, artifacts, jpeg artifacts"
1032,automobile,taxi,driving,a gravel lot,high angle,indoor soft window light,clean,a professional photo,"a professional photo of a taxi automobile driving in a gravel lot, high angle, indoor soft window light. single main subject, photorealistic color photo, natural colors, realistic texture, sharp focus on subject, no people, no text, no watermark, no logo, no border, no collage, no CGI, no illustration.","text, watermark, logo, caption, signature, border, frame, collage, multiple panels, cartoon, illustration, CGI, 3d render, low-poly, painting, anime, surreal, deformed, duplicate objects, extra limbs, blurry, out of focus, noise, oversaturated, posterized, artifacts, jpeg artifacts"
1990,automobile,sports car,driving,a sandy beach,distant subject in the background,backlit rim light,hard,a high-quality image,"a high-quality image of a sports car automobile driving in a sandy beach, distant subject in the background, backlit rim light. partially occluded by a foreground object. single main subject, photorealistic color photo, natural colors, realistic texture, sharp focus on subject, no people, no text, no watermark, no logo, no border, no collage, no CGI, no illustration.","text, watermark, logo, caption, signature, border, frame, collage, multiple panels, cartoon, illustration, CGI, 3d render, low-poly, painting, anime, surreal, deformed, duplicate objects, extra limbs, blurry, out of focus, noise, oversaturated, posterized, artifacts, jpeg artifacts"
1979,automobile,hatchback,driving,an urban street,cropped at the edge of the frame,sunny afternoon,hard,a professional photo,"a professional photo of a hatchback automobile driving in an urban street, cropped at the edge of the frame, sunny afternoon. partially occluded by a foreground object. single main subject, photorealistic color photo, natural colors, realistic texture, sharp focus on subject, no people, no text, no watermark, no logo, no border, no collage, no CGI, no illustration.","text, watermark, logo, caption, signature, border, frame, collage, multiple panels, cartoon, illustration, CGI, 3d render, low-poly, painting, anime, surreal, deformed, duplicate objects, extra limbs, blurry, out of focus, noise, oversaturated, posterized, artifacts, jpeg artifacts"
1813,automobile,sports car,turning at an intersection,a wet roadway after rain,side profile,overcast daylight,hard,a high-quality image,"a high-quality image of a sports car automobile turning at an intersection in a wet roadway after rain, side profile, overcast daylight. in the distance. single main subject, photorealistic color photo, natural colors, realistic texture, sharp focus on subject, no people, no text, no watermark, no logo, no border, no collage, no CGI, no illustration.","text, watermark, logo, caption, signature, border, frame, collage, multiple panels, cartoon, illustration, CGI, 3d render, low-poly, painting, anime, surreal, deformed, duplicate objects, extra limbs, blurry, out of focus, noise, oversaturated, posterized, artifacts, jpeg artifacts"
1755,automobile,sedan,stopped at a curb,a parking lot,low angle,foggy morning,clean,a detailed photograph,"a detailed photograph of a sedan automobile stopped at a curb in a parking lot, low angle, foggy morning. single main subject, photorealistic color photo, natural colors, realistic texture, sharp focus on subject, no people, no text, no watermark, no logo, no border, no collage, no CGI, no illustration.","text, watermark, logo, caption, signature, border, frame, collage, multiple panels, cartoon, illustration, CGI, 3d render, low-poly, painting, anime, surreal, deformed, duplicate objects, extra limbs, blurry, out of focus, noise, oversaturated, posterized, artifacts, jpeg artifacts"
1540,automobile,taxi,stopped at a curb,a suburban neighborhood,wide shot,foggy morning,clean,a photorealistic color photo,"a photorealistic color photo of a taxi automobile stopped at a curb in a suburban neighborhood, wide shot, foggy morning. single main subject, photorealistic color photo, natural colors, realistic texture, sharp focus on subject, no people, no text, no watermark, no logo, no border, no collage, no CGI, no illustration.","text, watermark, logo, caption, signature, border, frame, collage, multiple panels, cartoon, illustration, CGI, 3d render, low-poly, painting, anime, surreal, deformed, duplicate objects, extra limbs, blurry, out of focus, noise, oversaturated, posterized, artifacts, jpeg artifacts"
1095,automobile,sports car,turning at an intersection,a parking lot,wide shot,foggy morning,clean,a photorealistic color photo,"a photorealistic color photo of a sports car automobile turning at an intersection in a parking lot, wide shot, foggy morning. single main subject, photorealistic color photo, natural colors, realistic texture, sharp focus on subject, no people, no text, no watermark, no logo, no border, no collage, no CGI, no illustration.","text, watermark, logo, caption, signature, border, frame, collage, multiple panels, cartoon, illustration, CGI, 3d render, low-poly, painting, anime, surreal, deformed, duplicate objects, extra limbs, blurry, out of focus, noise, oversaturated, posterized, artifacts, jpeg artifacts"
1060,automobile,sedan,stopped at a curb,a backyard,close-up,overcast daylight,clean,a high-quality image,"a high-quality image of a sedan automobile stopped at a curb in a backyard, close-up, overcast daylight. single main subject, photorealistic color photo, natural colors, realistic texture, sharp focus on subject, no people, no text, no watermark, no logo, no border, no collage, no CGI, no illustration.","text, watermark, logo, caption, signature, border, frame, collage, multiple panels, cartoon, illustration, CGI, 3d render, low-poly, painting, anime, surreal, deformed, duplicate objects, extra limbs, blurry, out of focus, noise, oversaturated, posterized, artifacts, jpeg artifacts"
1044,automobile,coupe,driving,a gravel lot,side profile,backlit rim light,clean,a finely detailed photo,"a finely detailed photo of a coupe automobile driving in a gravel lot, side profile, backlit rim light. single main subject, photorealistic color photo, natural colors, realistic texture, sharp focus on subject, no people, no text, no watermark, no logo, no border, no collage, no CGI, no illustration.","text, watermark, logo, caption, signature, border, frame, collage, multiple panels, cartoon, illustration, CGI, 3d render, low-poly, painting, anime, surreal, deformed, duplicate objects, extra limbs, blurry, out of focus, noise, oversaturated, posterized, artifacts, jpeg artifacts"
1796,automobile,hatchback,parked,a backyard,low angle,overcast daylight,clean,a photorealistic color photo,"a photorealistic color photo of a hatchback automobile parked in a backyard, low angle, overcast daylight. single main subject, photorealistic color photo, natural colors, realistic texture, sharp focus on subject, no people, no text, no watermark, no logo, no border, no collage, no CGI, no illustration.","text, watermark, logo, caption, signature, border, frame, collage, multiple panels, cartoon, illustration, CGI, 3d render, low-poly, painting, anime, surreal, deformed, duplicate objects, extra limbs, blurry, out of focus, noise, oversaturated, posterized, artifacts, jpeg artifacts"
1869,automobile,coupe,driving,a forest clearing,slightly off-center framing,overcast daylight,hard,a professional photo,"a professional photo of a coupe automobile driving in a forest clearing, slightly off-center framing, overcast daylight. slight motion blur. single main subject, photorealistic color photo, natural colors, realistic texture, sharp focus on subject, no people, no text, no watermark, no logo, no border, no collage, no CGI, no illustration.","text, watermark, logo, caption, signature, border, frame, collage, multiple panels, cartoon, illustration, CGI, 3d render, low-poly, painting, anime, surreal, deformed, duplicate objects, extra limbs, blurry, out of focus, noise, oversaturated, posterized, artifacts, jpeg artifacts"
1945,automobile,coupe,parked,a countryside road,3/4 view,rainy with wet reflections,hard,a photorealistic color photo,"a photorealistic color photo of a coupe automobile parked in a countryside road, 3/4 view, rainy with wet reflections. slight motion blur. single main subject, photorealistic color photo, natural colors, realistic texture, sharp focus on subject, no people, no text, no watermark, no logo, no border, no collage, no CGI, no illustration.","text, watermark, logo, caption, signature, border, frame, collage, multiple panels, cartoon, illustration, CGI, 3d render, low-poly, painting, anime, surreal, deformed, duplicate objects, extra limbs, blurry, out of focus, noise, oversaturated, posterized, artifacts, jpeg artifacts"
1393,automobile,hatchback,turning at an intersection,a countryside road,3/4 view,rainy with wet reflections,clean,an ultra-realistic rendering,"an ultra-realistic rendering of a hatchback automobile turning at an intersection in a countryside road, 3/4 view, rainy with wet reflections. single main subject, photorealistic color photo, natural colors, realistic texture, sharp focus on subject, no people, no text, no watermark, no logo, no border, no collage, no CGI, no illustration.","text, watermark, logo, caption, signature, border, frame, collage, multiple panels, cartoon, illustration, CGI, 3d render, low-poly, painting, anime, surreal, deformed, duplicate objects, extra limbs, blurry, out of focus, noise, oversaturated, posterized, artifacts, jpeg artifacts"
1138,automobile,sports car,stopped at a curb,a wet roadway after rain,front view,backlit rim light,clean,a high-quality image,"a high-quality image of a sports car automobile stopped at a curb in a wet roadway after rain, front view, backlit rim light. single main subject, photorealistic color photo, natural colors, realistic texture, sharp focus on subject, no people, no text, no watermark, no logo, no border, no collage, no CGI, no illustration.","text, watermark, logo, caption, signature, border, frame, collage, multiple panels, cartoon, illustration, CGI, 3d render, low-poly, painting, anime, surreal, deformed, duplicate objects, extra limbs, blurry, out of focus, noise, oversaturated, posterized, artifacts, jpeg artifacts"
1602,automobile,sports car,stopped at a curb,an industrial yard,close-up,foggy morning,clean,an ultra-realistic rendering,"an ultra-realistic rendering of a sports car automobile stopped at a curb in an industrial yard, close-up, foggy morning. single main subject, photorealistic color photo, natural colors, realistic texture, sharp focus on subject, no people, no text, no watermark, no logo, no border, no collage, no CGI, no illustration.","text, watermark, logo, caption, signature, border, frame, collage, multiple panels, cartoon, illustration, CGI, 3d render, low-poly, painting, anime, surreal, deformed, duplicate objects, extra limbs, blurry, out of focus, noise, oversaturated, posterized, artifacts, jpeg artifacts"
1537,automobile,compact car,driving,a sandy beach,wide shot,backlit rim light,clean,an ultra-realistic rendering,"an ultra-realistic rendering of a compact car automobile driving in a sandy beach, wide shot, backlit rim light. single main subject, photorealistic color photo, natural colors, realistic texture, sharp focus on subject, no people, no text, no watermark, no logo, no border, no collage, no CGI, no illustration.","text, watermark, logo, caption, signature, border, frame, collage, multiple panels, cartoon, illustration, CGI, 3d render, low-poly, painting, anime, surreal, deformed, duplicate objects, extra limbs, blurry, out of focus, noise, oversaturated, posterized, artifacts, jpeg artifacts"
1173,automobile,sedan,stopped at a curb,a wet roadway after rain,slightly off-center framing,backlit rim light,clean,a finely detailed photo,"a finely detailed photo of a sedan automobile stopped at a curb in a wet roadway after rain, slightly off-center framing, backlit rim light. single main subject, photorealistic color photo, natural colors, realistic texture, sharp focus on subject, no people, no text, no watermark, no logo, no border, no collage, no CGI, no illustration.","text, watermark, logo, caption, signature, border, frame, collage, multiple panels, cartoon, illustration, CGI, 3d render, low-poly, painting, anime, surreal, deformed, duplicate objects, extra limbs, blurry, out of focus, noise, oversaturated, posterized, artifacts, jpeg artifacts"
1958,automobile,taxi,turning at an intersection,a gravel lot,close-up,indoor soft window light,hard,a high-quality image,"a high-quality image of a taxi automobile turning at an intersection in a gravel lot, close-up, indoor soft window light. in the distance. single main subject, photorealistic color photo, natural colors, realistic texture, sharp focus on subject, no people, no text, no watermark, no logo, no border, no collage, no CGI, no illustration.","text, watermark, logo, caption, signature, border, frame, collage, multiple panels, cartoon, illustration, CGI, 3d render, low-poly, painting, anime, surreal, deformed, duplicate objects, extra limbs, blurry, out of focus, noise, oversaturated, posterized, artifacts, jpeg artifacts"
1817,automobile,compact car,driving,an industrial yard,cropped at the edge of the frame,sunny afternoon,hard,a detailed photograph,"a detailed photograph of a compact car automobile driving in an industrial yard, cropped at the edge of the frame, sunny afternoon. slight motion blur. single main subject, photorealistic color photo, natural colors, realistic texture, sharp focus on subject, no people, no text, no watermark, no logo, no border, no collage, no CGI, no illustration.","text, watermark, logo, caption, signature, border, frame, collage, multiple panels, cartoon, illustration, CGI, 3d render, low-poly, painting, anime, surreal, deformed, duplicate objects, extra limbs, blurry, out of focus, noise, oversaturated, posterized, artifacts, jpeg artifacts"
1529,automobile,taxi,stopped at a curb,an urban street,wide shot,golden hour,clean,a high-quality image,"a high-quality image of a taxi automobile stopped at a curb in an urban street, wide shot, golden hour. single main subject, photorealistic color photo, natural colors, realistic texture, sharp focus on subject, no people, no text, no watermark, no logo, no border, no collage, no CGI, no illustration.","text, watermark, logo, caption, signature, border, frame, collage, multiple panels, cartoon, illustration, CGI, 3d render, low-poly, painting, anime, surreal, deformed, duplicate objects, extra limbs, blurry, out of focus, noise, oversaturated, posterized, artifacts, jpeg artifacts"
1661,automobile,sports car,parked,a suburban neighborhood,side profile,indoor soft window light,clean,a detailed photograph,"a detailed photograph of a sports car automobile parked in a suburban neighborhood, side profile, indoor soft window light. single main subject, photorealistic color photo, natural colors, realistic texture, sharp focus on subject, no people, no text, no watermark, no logo, no border, no collage, no CGI, no illustration.","text, watermark, logo, caption, signature, border, frame, collage, multiple panels, cartoon, illustration, CGI, 3d render, low-poly, painting, anime, surreal, deformed, duplicate objects, extra limbs, blurry, out of focus, noise, oversaturated, posterized, artifacts, jpeg artifacts"
1683,automobile,taxi,turning at an intersection,an urban street,side profile,rainy with wet reflections,clean,a photorealistic color photo,"a photorealistic color photo of a taxi automobile turning at an intersection in an urban street, side profile, rainy with wet reflections. single main subject, photorealistic color photo, natural colors, realistic texture, sharp focus on subject, no people, no text, no watermark, no logo, no border, no collage, no CGI, no illustration.","text, watermark, logo, caption, signature, border, frame, collage, multiple panels, cartoon, illustration, CGI, 3d render, low-poly, painting, anime, surreal, deformed, duplicate objects, extra limbs, blurry, out of focus, noise, oversaturated, posterized, artifacts, jpeg artifacts"
1531,automobile,sports car,parked,a countryside road,high angle,sunny afternoon,clean,an ultra-realistic rendering,"an ultra-realistic rendering of a sports car automobile parked in a countryside road, high angle, sunny afternoon. single main subject, photorealistic color photo, natural colors, realistic texture, sharp focus on subject, no people, no text, no watermark, no logo, no border, no collage, no CGI, no illustration.","text, watermark, logo, caption, signature, border, frame, collage, multiple panels, cartoon, illustration, CGI, 3d render, low-poly, painting, anime, surreal, deformed, duplicate objects, extra limbs, blurry, out of focus, noise, oversaturated, posterized, artifacts, jpeg artifacts"
1868,automobile,sports car,stopped at a curb,an industrial yard,slightly off-center framing,indoor soft window light,hard,a finely detailed photo,"a finely detailed photo of a sports car automobile stopped at a curb in an industrial yard, slightly off-center framing, indoor soft window light. cropped slightly. single main subject, photorealistic color photo, natural colors, realistic texture, sharp focus on subject, no people, no text, no watermark, no logo, no border, no collage, no CGI, no illustration.","text, watermark, logo, caption, signature, border, frame, collage, multiple panels, cartoon, illustration, CGI, 3d render, low-poly, painting, anime, surreal, deformed, duplicate objects, extra limbs, blurry, out of focus, noise, oversaturated, posterized, artifacts, jpeg artifacts"
1448,automobile,compact car,parked,an urban street,3/4 view,foggy morning,clean,a detailed photograph,"a detailed photograph of a compact car automobile parked in an urban street, 3/4 view, foggy morning. single main subject, photorealistic color photo, natural colors, realistic texture, sharp focus on subject, no people, no text, no watermark, no logo, no border, no collage, no CGI, no illustration.","text, watermark, logo, caption, signature, border, frame, collage, multiple panels, cartoon, illustration, CGI, 3d render, low-poly, painting, anime, surreal, deformed, duplicate objects, extra limbs, blurry, out of focus, noise, oversaturated, posterized, artifacts, jpeg artifacts"
1542,automobile,hatchback,driving,a parking lot,high angle,rainy with wet reflections,clean,a photorealistic color photo,"a photorealistic color photo of a hatchback automobile driving in a parking lot, high angle, rainy with wet reflections. single main subject, photorealistic color photo, natural colors, realistic texture, sharp focus on subject, no people, no text, no watermark, no logo, no border, no collage, no CGI, no illustration.","text, watermark, logo, caption, signature, border, frame, collage, multiple panels, cartoon, illustration, CGI, 3d render, low-poly, painting, anime, surreal, deformed, duplicate objects, extra limbs, blurry, out of focus, noise, oversaturated, posterized, artifacts, jpeg artifacts"
1863,automobile,sedan,turning at an intersection,a quiet residential street,distant subject in the background,rainy with wet reflections,hard,a finely detailed photo,"a finely detailed photo of a sedan automobile turning at an intersection in a quiet residential street, distant subject in the background, rainy with wet reflections. partially occluded by a foreground object. single main subject, photorealistic color photo, natural colors, realistic texture, sharp focus on subject, no people, no text, no watermark, no logo, no border, no collage, no CGI, no illustration.","text, watermark, logo, caption, signature, border, frame, collage, multiple panels, cartoon, illustration, CGI, 3d render, low-poly, painting, anime, surreal, deformed, duplicate objects, extra limbs, blurry, out of focus, noise, oversaturated, posterized, artifacts, jpeg artifacts"
1063,automobile,coupe,stopped at a curb,a gravel lot,side profile,foggy morning,clean,an ultra-realistic rendering,"an ultra-realistic rendering of a coupe automobile stopped at a curb in a gravel lot, side profile, foggy morning. single main subject, photorealistic color photo, natural colors, realistic texture, sharp focus on subject, no people, no text, no watermark, no logo, no border, no collage, no CGI, no illustration.","text, watermark, logo, caption, signature, border, frame, collage, multiple panels, cartoon, illustration, CGI, 3d render, low-poly, painting, anime, surreal, deformed, duplicate objects, extra limbs, blurry, out of focus, noise, oversaturated, posterized, artifacts, jpeg artifacts"
1451,automobile,compact car,parked,a suburban neighborhood,wide shot,backlit rim light,clean,a high-quality image,"a high-quality image of a compact car automobile parked in a suburban neighborhood, wide shot, backlit rim light. single main subject, photorealistic color photo, natural colors, realistic texture, sharp focus on subject, no people, no text, no watermark, no logo, no border, no collage, no CGI, no illustration.","text, watermark, logo, caption, signature, border, frame, collage, multiple panels, cartoon, illustration, CGI, 3d render, low-poly, painting, anime, surreal, deformed, duplicate objects, extra limbs, blurry, out of focus, noise, oversaturated, posterized, artifacts, jpeg artifacts"
1907,automobile,hatchback,turning at an intersection,a suburban neighborhood,3/4 view,golden hour,hard,a professional photo,"a professional photo of a hatchback automobile turning at an intersection in a suburban neighborhood, 3/4 view, golden hour. slight motion blur. single main subject, photorealistic color photo, natural colors, realistic texture, sharp focus on subject, no people, no text, no watermark, no logo, no border, no collage, no CGI, no illustration.","text, watermark, logo, caption, signature, border, frame, collage, multiple panels, cartoon, illustration, CGI, 3d render, low-poly, painting, anime, surreal, deformed, duplicate objects, extra limbs, blurry, out of focus, noise, oversaturated, posterized, artifacts, jpeg artifacts"
1975,automobile,coupe,stopped at a curb,a suburban neighborhood,close-up,indoor soft window light,hard,a high-quality image,"a high-quality image of a coupe automobile stopped at a curb in a suburban neighborhood, close-up, indoor soft window light. partially occluded by a foreground object. single main subject, photorealistic color photo, natural colors, realistic texture, sharp focus on subject, no people, no text, no watermark, no logo, no border, no collage, no CGI, no illustration.","text, watermark, logo, caption, signature, border, frame, collage, multiple panels, cartoon, illustration, CGI, 3d render, low-poly, painting, anime, surreal, deformed, duplicate objects, extra limbs, blurry, out of focus, noise, oversaturated, posterized, artifacts, jpeg artifacts"
1604,automobile,compact car,turning at an intersection,a sandy beach,low angle,golden hour,clean,a photorealistic color photo,"a photorealistic color photo of a compact car automobile turning at an intersection in a sandy beach, low angle, golden hour. single main subject, photorealistic color photo, natural colors, realistic texture, sharp focus on subject, no people, no text, no watermark, no logo, no border, no collage, no CGI, no illustration.","text, watermark, logo, caption, signature, border, frame, collage, multiple panels, cartoon, illustration, CGI, 3d render, low-poly, painting, anime, surreal, deformed, duplicate objects, extra limbs, blurry, out of focus, noise, oversaturated, posterized, artifacts, jpeg artifacts"
1295,automobile,hatchback,turning at an intersection,a suburban neighborhood,close-up,foggy morning,clean,a finely detailed photo,"a finely detailed photo of a hatchback automobile turning at an intersection in a suburban neighborhood, close-up, foggy morning. single main subject, photorealistic color photo, natural colors, realistic texture, sharp focus on subject, no people, no text, no watermark, no logo, no border, no collage, no CGI, no illustration.","text, watermark, logo, caption, signature, border, frame, collage, multiple panels, cartoon, illustration, CGI, 3d render, low-poly, painting, anime, surreal, deformed, duplicate objects, extra limbs, blurry, out of focus, noise, oversaturated, posterized, artifacts, jpeg artifacts"
1365,automobile,coupe,driving,an urban street,close-up,backlit rim light,clean,a detailed photograph,"a detailed photograph of a coupe automobile driving in an urban street, close-up, backlit rim light. single main subject, photorealistic color photo, natural colors, realistic texture, sharp focus on subject, no people, no text, no watermark, no logo, no border, no collage, no CGI, no illustration.","text, watermark, logo, caption, signature, border, frame, collage, multiple panels, cartoon, illustration, CGI, 3d render, low-poly, painting, anime, surreal, deformed, duplicate objects, extra limbs, blurry, out of focus, noise, oversaturated, posterized, artifacts, jpeg artifacts"
1268,automobile,sports car,parked,a city park,front view,overcast daylight,clean,a detailed photograph,"a detailed photograph of a sports car automobile parked in a city park, front view, overcast daylight. single main subject, photorealistic color photo, natural colors, realistic texture, sharp focus on subject, no people, no text, no watermark, no logo, no border, no collage, no CGI, no illustration.","text, watermark, logo, caption, signature, border, frame, collage, multiple panels, cartoon, illustration, CGI, 3d render, low-poly, painting, anime, surreal, deformed, duplicate objects, extra limbs, blurry, out of focus, noise, oversaturated, posterized, artifacts, jpeg artifacts"
1169,automobile,sports car,stopped at a curb,an industrial yard,slightly off-center framing,overcast daylight,clean,a photorealistic color photo,"a photorealistic color photo of a sports car automobile stopped at a curb in an industrial yard, slightly off-center framing, overcast daylight. single main subject, photorealistic color photo, natural colors, realistic texture, sharp focus on subject, no people, no text, no watermark, no logo, no border, no collage, no CGI, no illustration.","text, watermark, logo, caption, signature, border, frame, collage, multiple panels, cartoon, illustration, CGI, 3d render, low-poly, painting, anime, surreal, deformed, duplicate objects, extra limbs, blurry, out of focus, noise, oversaturated, posterized, artifacts, jpeg artifacts"
1151,automobile,coupe,stopped at a curb,a parking lot,side profile,indoor soft window light,clean,an ultra-realistic rendering,"an ultra-realistic rendering of a coupe automobile stopped at a curb in a parking lot, side profile, indoor soft window light. single main subject, photorealistic color photo, natural colors, realistic texture, sharp focus on subject, no people, no text, no watermark, no logo, no border, no collage, no CGI, no illustration.","text, watermark, logo, caption, signature, border, frame, collage, multiple panels, cartoon, illustration, CGI, 3d render, low-poly, painting, anime, surreal, deformed, duplicate objects, extra limbs, blurry, out of focus, noise, oversaturated, posterized, artifacts, jpeg artifacts"
1373,automobile,hatchback,parked,a forest clearing,side profile,foggy morning,clean,a finely detailed photo,"a finely detailed photo of a hatchback automobile parked in a forest clearing, side profile, foggy morning. single main subject, photorealistic color photo, natural colors, realistic texture, sharp focus on subject, no people, no text, no watermark, no logo, no border, no collage, no CGI, no illustration.","text, watermark, logo, caption, signature, border, frame, collage, multiple panels, cartoon, illustration, CGI, 3d render, low-poly, painting, anime, surreal, deformed, duplicate objects, extra limbs, blurry, out of focus, noise, oversaturated, posterized, artifacts, jpeg artifacts"
1857,automobile,sedan,driving,an industrial yard,slightly off-center framing,sunny afternoon,hard,a professional photo,"a professional photo of a sedan automobile driving in an industrial yard, slightly off-center framing, sunny afternoon. in the distance. single main subject, photorealistic color photo, natural colors, realistic texture, sharp focus on subject, no people, no text, no watermark, no logo, no border, no collage, no CGI, no illustration.","text, watermark, logo, caption, signature, border, frame, collage, multiple panels, cartoon, illustration, CGI, 3d render, low-poly, painting, anime, surreal, deformed, duplicate objects, extra limbs, blurry, out of focus, noise, oversaturated, posterized, artifacts, jpeg artifacts"
1007,automobile,compact car,turning at an intersection,a lakeside shore,front view,indoor soft window light,clean,a high-quality image,"a high-quality image of a compact car automobile turning at an intersection in a lakeside shore, front view, indoor soft window light. single main subject, photorealistic color photo, natural colors, realistic texture, sharp focus on subject, no people, no text, no watermark, no logo, no border, no collage, no CGI, no illustration.","text, watermark, logo, caption, signature, border, frame, collage, multiple panels, cartoon, illustration, CGI, 3d render, low-poly, painting, anime, surreal, deformed, duplicate objects, extra limbs, blurry, out of focus, noise, oversaturated, posterized, artifacts, jpeg artifacts"
1244,automobile,hatchback,turning at an intersection,a city park,low angle,nighttime under streetlights,clean,a high-quality image,"a high-quality image of a hatchback automobile turning at an intersection in a city park, low angle, nighttime under streetlights. single main subject, photorealistic color photo, natural colors, realistic texture, sharp focus on subject, no people, no text, no watermark, no logo, no border, no collage, no CGI, no illustration.","text, watermark, logo, caption, signature, border, frame, collage, multiple panels, cartoon, illustration, CGI, 3d render, low-poly, painting, anime, surreal, deformed, duplicate objects, extra limbs, blurry, out of focus, noise, oversaturated, posterized, artifacts, jpeg artifacts"
1750,automobile,sedan,driving,an industrial yard,low angle,foggy morning,clean,a detailed photograph,"a detailed photograph of a sedan automobile driving in an industrial yard, low angle, foggy morning. single main subject, photorealistic color photo, natural colors, realistic texture, sharp focus on subject, no people, no text, no watermark, no logo, no border, no collage, no CGI, no illustration.","text, watermark, logo, caption, signature, border, frame, collage, multiple panels, cartoon, illustration, CGI, 3d render, low-poly, painting, anime, surreal, deformed, duplicate objects, extra limbs, blurry, out of focus, noise, oversaturated, posterized, artifacts, jpeg artifacts"
1722,automobile,sports car,parked,a wet roadway after rain,high angle,overcast daylight,clean,a professional photo,"a professional photo of a sports car automobile parked in a wet roadway after rain, high angle, overcast daylight. single main subject, photorealistic color photo, natural colors, realistic texture, sharp focus on subject, no people, no text, no watermark, no logo, no border, no collage, no CGI, no illustration.","text, watermark, logo, caption, signature, border, frame, collage, multiple panels, cartoon, illustration, CGI, 3d render, low-poly, painting, anime, surreal, deformed, duplicate objects, extra limbs, blurry, out of focus, noise, oversaturated, posterized, artifacts, jpeg artifacts"
1870,automobile,coupe,stopped at a curb,a suburban neighborhood,front view,foggy morning,hard,a high-quality image,"a high-quality image of a coupe automobile stopped at a curb in a suburban neighborhood, front view, foggy morning. busy background but still one main subject. single main subject, photorealistic color photo, natural colors, realistic texture, sharp focus on subject, no people, no text, no watermark, no logo, no border, no collage, no CGI, no illustration.","text, watermark, logo, caption, signature, border, frame, collage, multiple panels, cartoon, illustration, CGI, 3d render, low-poly, painting, anime, surreal, deformed, duplicate objects, extra limbs, blurry, out of focus, noise, oversaturated, posterized, artifacts, jpeg artifacts"
1171,automobile,compact car,stopped at a curb,a forest clearing,close-up,backlit rim light,clean,a photorealistic color photo,"a photorealistic color photo of a compact car automobile stopped at a curb in a forest clearing, close-up, backlit rim light. single main subject, photorealistic color photo, natural colors, realistic texture, sharp focus on subject, no people, no text, no watermark, no logo, no border, no collage, no CGI, no illustration.","text, watermark, logo, caption, signature, border, frame, collage, multiple panels, cartoon, illustration, CGI, 3d render, low-poly, painting, anime, surreal, deformed, duplicate objects, extra limbs, blurry, out of focus, noise, oversaturated, posterized, artifacts, jpeg artifacts"
1919,automobile,compact car,turning at an intersection,a backyard,front view,nighttime under streetlights,hard,a professional photo,"a professional photo of a compact car automobile turning at an intersection in a backyard, front view, nighttime under streetlights. slight motion blur. single main subject, photorealistic color photo, natural colors, realistic texture, sharp focus on subject, no people, no text, no watermark, no logo, no border, no collage, no CGI, no illustration.","text, watermark, logo, caption, signature, border, frame, collage, multiple panels, cartoon, illustration, CGI, 3d render, low-poly, painting, anime, surreal, deformed, duplicate objects, extra limbs, blurry, out of focus, noise, oversaturated, posterized, artifacts, jpeg artifacts"
1924,automobile,taxi,stopped at a curb,a wet roadway after rain,low angle,overcast daylight,hard,a photorealistic color photo,"a photorealistic color photo of a taxi automobile stopped at a curb in a wet roadway after rain, low angle, overcast daylight. busy background but still one main subject. single main subject, photorealistic color photo, natural colors, realistic texture, sharp focus on subject, no people, no text, no watermark, no logo, no border, no collage, no CGI, no illustration.","text, watermark, logo, caption, signature, border, frame, collage, multiple panels, cartoon, illustration, CGI, 3d render, low-poly, painting, anime, surreal, deformed, duplicate objects, extra limbs, blurry, out of focus, noise, oversaturated, posterized, artifacts, jpeg artifacts"
1265,automobile,taxi,driving,a backyard,front view,golden hour,clean,an ultra-realistic rendering,"an ultra-realistic rendering of a taxi automobile driving in a backyard, front view, golden hour. single main subject, photorealistic color photo, natural colors, realistic texture, sharp focus on subject, no people, no text, no watermark, no logo, no border, no collage, no CGI, no illustration.","text, watermark, logo, caption, signature, border, frame, collage, multiple panels, cartoon, illustration, CGI, 3d render, low-poly, painting, anime, surreal, deformed, duplicate objects, extra limbs, blurry, out of focus, noise, oversaturated, posterized, artifacts, jpeg artifacts"
1478,automobile,compact car,stopped at a curb,a city park,3/4 view,backlit rim light,clean,an ultra-realistic rendering,"an ultra-realistic rendering of a compact car automobile stopped at a curb in a city park, 3/4 view, backlit rim light. single main subject, photorealistic color photo, natural colors, realistic texture, sharp focus on subject, no people, no text, no watermark, no logo, no border, no collage, no CGI, no illustration.","text, watermark, logo, caption, signature, border, frame, collage, multiple panels, cartoon, illustration, CGI, 3d render, low-poly, painting, anime, surreal, deformed, duplicate objects, extra limbs, blurry, out of focus, noise, oversaturated, posterized, artifacts, jpeg artifacts"
1625,automobile,coupe,parked,a wet roadway after rain,3/4 view,indoor soft window light,clean,a detailed photograph,"a detailed photograph of a coupe automobile parked in a wet roadway after rain, 3/4 view, indoor soft window light. single main subject, photorealistic color photo, natural colors, realistic texture, sharp focus on subject, no people, no text, no watermark, no logo, no border, no collage, no CGI, no illustration.","text, watermark, logo, caption, signature, border, frame, collage, multiple panels, cartoon, illustration, CGI, 3d render, low-poly, painting, anime, surreal, deformed, duplicate objects, extra limbs, blurry, out of focus, noise, oversaturated, posterized, artifacts, jpeg artifacts"
1237,automobile,taxi,parked,a parking lot,low angle,rainy with wet reflections,clean,a professional photo,"a professional photo of a taxi automobile parked in a parking lot, low angle, rainy with wet reflections. single main subject, photorealistic color photo, natural colors, realistic texture, sharp focus on subject, no people, no text, no watermark, no logo, no border, no collage, no CGI, no illustration.","text, watermark, logo, caption, signature, border, frame, collage, multiple panels, cartoon, illustration, CGI, 3d render, low-poly, painting, anime, surreal, deformed, duplicate objects, extra limbs, blurry, out of focus, noise, oversaturated, posterized, artifacts, jpeg artifacts"
1054,automobile,taxi,turning at an intersection,a gravel lot,slightly off-center framing,golden hour,clean,a professional photo,"a professional photo of a taxi automobile turning at an intersection in a gravel lot, slightly off-center framing, golden hour. single main subject, photorealistic color photo, natural colors, realistic texture, sharp focus on subject, no people, no text, no watermark, no logo, no border, no collage, no CGI, no illustration.","text, watermark, logo, caption, signature, border, frame, collage, multiple panels, cartoon, illustration, CGI, 3d render, low-poly, painting, anime, surreal, deformed, duplicate objects, extra limbs, blurry, out of focus, noise, oversaturated, posterized, artifacts, jpeg artifacts"
1785,automobile,sports car,driving,an urban street,high angle,backlit rim light,clean,a detailed photograph,"a detailed photograph of a sports car automobile driving in an urban street, high angle, backlit rim light. single main subject, photorealistic color photo, natural colors, realistic texture, sharp focus on subject, no people, no text, no watermark, no logo, no border, no collage, no CGI, no illustration.","text, watermark, logo, caption, signature, border, frame, collage, multiple panels, cartoon, illustration, CGI, 3d render, low-poly, painting, anime, surreal, deformed, duplicate objects, extra limbs, blurry, out of focus, noise, oversaturated, posterized, artifacts, jpeg artifacts"
1623,automobile,coupe,parked,a city park,3/4 view,indoor soft window light,clean,an ultra-realistic rendering,"an ultra-realistic rendering of a coupe automobile parked in a city park, 3/4 view, indoor soft window light. single main subject, photorealistic color photo, natural colors, realistic texture, sharp focus on subject, no people, no text, no watermark, no logo, no border, no collage, no CGI, no illustration.","text, watermark, logo, caption, signature, border, frame, collage, multiple panels, cartoon, illustration, CGI, 3d render, low-poly, painting, anime, surreal, deformed, duplicate objects, extra limbs, blurry, out of focus, noise, oversaturated, posterized, artifacts, jpeg artifacts"
1657,automobile,compact car,driving,a parking lot,3/4 view,backlit rim light,clean,a detailed photograph,"a detailed photograph of a compact car automobile driving in a parking lot, 3/4 view, backlit rim light. single main subject, photorealistic color photo, natural colors, realistic texture, sharp focus on subject, no people, no text, no watermark, no logo, no border, no collage, no CGI, no illustration.","text, watermark, logo, caption, signature, border, frame, collage, multiple panels, cartoon, illustration, CGI, 3d render, low-poly, painting, anime, surreal, deformed, duplicate objects, extra limbs, blurry, out of focus, noise, oversaturated, posterized, artifacts, jpeg artifacts"
1234,automobile,hatchback,turning at an intersection,a backyard,front view,nighttime under streetlights,clean,a high-quality image,"a high-quality image of a hatchback automobile turning at an intersection in a backyard, front view, nighttime under streetlights. single main subject, photorealistic color photo, natural colors, realistic texture, sharp focus on subject, no people, no text, no watermark, no logo, no border, no collage, no CGI, no illustration.","text, watermark, logo, caption, signature, border, frame, collage, multiple panels, cartoon, illustration, CGI, 3d render, low-poly, painting, anime, surreal, deformed, duplicate objects, extra limbs, blurry, out of focus, noise, oversaturated, posterized, artifacts, jpeg artifacts"
1686,automobile,sedan,driving,a forest clearing,side profile,foggy morning,clean,a high-quality image,"a high-quality image of a sedan automobile driving in a forest clearing, side profile, foggy morning. single main subject, photorealistic color photo, natural colors, realistic texture, sharp focus on subject, no people, no text, no watermark, no logo, no border, no collage, no CGI, no illustration.","text, watermark, logo, caption, signature, border, frame, collage, multiple panels, cartoon, illustration, CGI, 3d render, low-poly, painting, anime, surreal, deformed, duplicate objects, extra limbs, blurry, out of focus, noise, oversaturated, posterized, artifacts, jpeg artifacts"
1134,automobile,hatchback,parked,a countryside road,front view,indoor soft window light,clean,a detailed photograph,"a detailed photograph of a hatchback automobile parked in a countryside road, front view, indoor soft window light. single main subject, photorealistic color photo, natural colors, realistic texture, sharp focus on subject, no people, no text, no watermark, no logo, no border, no collage, no CGI, no illustration.","text, watermark, logo, caption, signature, border, frame, collage, multiple panels, cartoon, illustration, CGI, 3d render, low-poly, painting, anime, surreal, deformed, duplicate objects, extra limbs, blurry, out of focus, noise, oversaturated, posterized, artifacts, jpeg artifacts"
1481,automobile,taxi,turning at an intersection,a lakeside shore,slightly off-center framing,indoor soft window light,clean,a finely detailed photo,"a finely detailed photo of a taxi automobile turning at an intersection in a lakeside shore, slightly off-center framing, indoor soft window light. single main subject, photorealistic color photo, natural colors, realistic texture, sharp focus on subject, no people, no text, no watermark, no logo, no border, no collage, no CGI, no illustration.","text, watermark, logo, caption, signature, border, frame, collage, multiple panels, cartoon, illustration, CGI, 3d render, low-poly, painting, anime, surreal, deformed, duplicate objects, extra limbs, blurry, out of focus, noise, oversaturated, posterized, artifacts, jpeg artifacts"
1089,automobile,sports car,driving,a suburban neighborhood,slightly off-center framing,indoor soft window light,clean,an ultra-realistic rendering,"an ultra-realistic rendering of a sports car automobile driving in a suburban neighborhood, slightly off-center framing, indoor soft window light. single main subject, photorealistic color photo, natural colors, realistic texture, sharp focus on subject, no people, no text, no watermark, no logo, no border, no collage, no CGI, no illustration.","text, watermark, logo, caption, signature, border, frame, collage, multiple panels, cartoon, illustration, CGI, 3d render, low-poly, painting, anime, surreal, deformed, duplicate objects, extra limbs, blurry, out of focus, noise, oversaturated, posterized, artifacts, jpeg artifacts"
1420,automobile,sports car,parked,a sandy beach,low angle,golden hour,clean,a photorealistic color photo,"a photorealistic color photo of a sports car automobile parked in a sandy beach, low angle, golden hour. single main subject, photorealistic color photo, natural colors, realistic texture, sharp focus on subject, no people, no text, no watermark, no logo, no border, no collage, no CGI, no illustration.","text, watermark, logo, caption, signature, border, frame, collage, multiple panels, cartoon, illustration, CGI, 3d render, low-poly, painting, anime, surreal, deformed, duplicate objects, extra limbs, blurry, out of focus, noise, oversaturated, posterized, artifacts, jpeg artifacts"
1422,automobile,compact car,stopped at a curb,a countryside road,low angle,golden hour,clean,a finely detailed photo,"a finely detailed photo of a compact car automobile stopped at a curb in a countryside road, low angle, golden hour. single main subject, photorealistic color photo, natural colors, realistic texture, sharp focus on subject, no people, no text, no watermark, no logo, no border, no collage, no CGI, no illustration.","text, watermark, logo, caption, signature, border, frame, collage, multiple panels, cartoon, illustration, CGI, 3d render, low-poly, painting, anime, surreal, deformed, duplicate objects, extra limbs, blurry, out of focus, noise, oversaturated, posterized, artifacts, jpeg artifacts"
1464,automobile,sedan,parked,an urban street,front view,foggy morning,clean,a high-quality image,"a high-quality image of a sedan automobile parked in an urban street, front view, foggy morning. single main subject, photorealistic color photo, natural colors, realistic texture, sharp focus on subject, no people, no text, no watermark, no logo, no border, no collage, no CGI, no illustration.","text, watermark, logo, caption, signature, border, frame, collage, multiple panels, cartoon, illustration, CGI, 3d render, low-poly, painting, anime, surreal, deformed, duplicate objects, extra limbs, blurry, out of focus, noise, oversaturated, posterized, artifacts, jpeg artifacts"
1989,automobile,sports car,parked,a lakeside shore,3/4 view,foggy morning,hard,a professional photo,"a professional photo of a sports car automobile parked in a lakeside shore, 3/4 view, foggy morning. in the distance. single main subject, photorealistic color photo, natural colors, realistic texture, sharp focus on subject, no people, no text, no watermark, no logo, no border, no collage, no CGI, no illustration.","text, watermark, logo, caption, signature, border, frame, collage, multiple panels, cartoon, illustration, CGI, 3d render, low-poly, painting, anime, surreal, deformed, duplicate objects, extra limbs, blurry, out of focus, noise, oversaturated, posterized, artifacts, jpeg artifacts"
1477,automobile,taxi,driving,an industrial yard,low angle,sunny afternoon,clean,a professional photo,"a professional photo of a taxi automobile driving in an industrial yard, low angle, sunny afternoon. single main subject, photorealistic color photo, natural colors, realistic texture, sharp focus on subject, no people, no text, no watermark, no logo, no border, no collage, no CGI, no illustration.","text, watermark, logo, caption, signature, border, frame, collage, multiple panels, cartoon, illustration, CGI, 3d render, low-poly, painting, anime, surreal, deformed, duplicate objects, extra limbs, blurry, out of focus, noise, oversaturated, posterized, artifacts, jpeg artifacts"
1390,automobile,coupe,turning at an intersection,a grassy field,slightly off-center framing,golden hour,clean,a professional photo,"a professional photo of a coupe automobile turning at an intersection in a grassy field, slightly off-center framing, golden hour. single main subject, photorealistic color photo, natural colors, realistic texture, sharp focus on subject, no people, no text, no watermark, no logo, no border, no collage, no CGI, no illustration.","text, watermark, logo, caption, signature, border, frame, collage, multiple panels, cartoon, illustration, CGI, 3d render, low-poly, painting, anime, surreal, deformed, duplicate objects, extra limbs, blurry, out of focus, noise, oversaturated, posterized, artifacts, jpeg artifacts"
1695,automobile,coupe,driving,a gravel lot,slightly off-center framing,sunny afternoon,clean,a professional photo,"a professional photo of a coupe automobile driving in a gravel lot, slightly off-center framing, sunny afternoon. single main subject, photorealistic color photo, natural colors, realistic texture, sharp focus on subject, no people, no text, no watermark, no logo, no border, no collage, no CGI, no illustration.","text, watermark, logo, caption, signature, border, frame, collage, multiple panels, cartoon, illustration, CGI, 3d render, low-poly, painting, anime, surreal, deformed, duplicate objects, extra limbs, blurry, out of focus, noise, oversaturated, posterized, artifacts, jpeg artifacts"
1262,automobile,sedan,stopped at a curb,a city park,side profile,foggy morning,clean,a professional photo,"a professional photo of a sedan automobile stopped at a curb in a city park, side profile, foggy morning. single main subject, photorealistic color photo, natural colors, realistic texture, sharp focus on subject, no people, no text, no watermark, no logo, no border, no collage, no CGI, no illustration.","text, watermark, logo, caption, signature, border, frame, collage, multiple panels, cartoon, illustration, CGI, 3d render, low-poly, painting, anime, surreal, deformed, duplicate objects, extra limbs, blurry, out of focus, noise, oversaturated, posterized, artifacts, jpeg artifacts"
1798,automobile,hatchback,driving,a city park,close-up,nighttime under streetlights,clean,a professional photo,"a professional photo of a hatchback automobile driving in a city park, close-up, nighttime under streetlights. single main subject, photorealistic color photo, natural colors, realistic texture, sharp focus on subject, no people, no text, no watermark, no logo, no border, no collage, no CGI, no illustration.","text, watermark, logo, caption, signature, border, frame, collage, multiple panels, cartoon, illustration, CGI, 3d render, low-poly, painting, anime, surreal, deformed, duplicate objects, extra limbs, blurry, out of focus, noise, oversaturated, posterized, artifacts, jpeg artifacts"
1585,automobile,sedan,turning at an intersection,a suburban neighborhood,front view,backlit rim light,clean,a high-quality image,"a high-quality image of a sedan automobile turning at an intersection in a suburban neighborhood, front view, backlit rim light. single main subject, photorealistic color photo, natural colors, realistic texture, sharp focus on subject, no people, no text, no watermark, no logo, no border, no collage, no CGI, no illustration.","text, watermark, logo, caption, signature, border, frame, collage, multiple panels, cartoon, illustration, CGI, 3d render, low-poly, painting, anime, surreal, deformed, duplicate objects, extra limbs, blurry, out of focus, noise, oversaturated, posterized, artifacts, jpeg artifacts"
1107,automobile,taxi,driving,a gravel lot,high angle,sunny afternoon,clean,a detailed photograph,"a detailed photograph of a taxi automobile driving in a gravel lot, high angle, sunny afternoon. single main subject, photorealistic color photo, natural colors, realistic texture, sharp focus on subject, no people, no text, no watermark, no logo, no border, no collage, no CGI, no illustration.","text, watermark, logo, caption, signature, border, frame, collage, multiple panels, cartoon, illustration, CGI, 3d render, low-poly, painting, anime, surreal, deformed, duplicate objects, extra limbs, blurry, out of focus, noise, oversaturated, posterized, artifacts, jpeg artifacts"
1229,automobile,sedan,parked,a quiet residential street,high angle,nighttime under streetlights,clean,a detailed photograph,"a detailed photograph of a sedan automobile parked in a quiet residential street, high angle, nighttime under streetlights. single main subject, photorealistic color photo, natural colors, realistic texture, sharp focus on subject, no people, no text, no watermark, no logo, no border, no collage, no CGI, no illustration.","text, watermark, logo, caption, signature, border, frame, collage, multiple panels, cartoon, illustration, CGI, 3d render, low-poly, painting, anime, surreal, deformed, duplicate objects, extra limbs, blurry, out of focus, noise, oversaturated, posterized, artifacts, jpeg artifacts"
1494,automobile,coupe,parked,a grassy field,wide shot,indoor soft window light,clean,a photorealistic color photo,"a photorealistic color photo of a coupe automobile parked in a grassy field, wide shot, indoor soft window light. single main subject, photorealistic color photo, natural colors, realistic texture, sharp focus on subject, no people, no text, no watermark, no logo, no border, no collage, no CGI, no illustration.","text, watermark, logo, caption, signature, border, frame, collage, multiple panels, cartoon, illustration, CGI, 3d render, low-poly, painting, anime, surreal, deformed, duplicate objects, extra limbs, blurry, out of focus, noise, oversaturated, posterized, artifacts, jpeg artifacts"
1417,automobile,compact car,turning at an intersection,a wet roadway after rain,low angle,nighttime under streetlights,clean,a detailed photograph,"a detailed photograph of a compact car automobile turning at an intersection in a wet roadway after rain, low angle, nighttime under streetlights. single main subject, photorealistic color photo, natural colors, realistic texture, sharp focus on subject, no people, no text, no watermark, no logo, no border, no collage, no CGI, no illustration.","text, watermark, logo, caption, signature, border, frame, collage, multiple panels, cartoon, illustration, CGI, 3d render, low-poly, painting, anime, surreal, deformed, duplicate objects, extra limbs, blurry, out of focus, noise, oversaturated, posterized, artifacts, jpeg artifacts"
1948,automobile,coupe,parked,a countryside road,distant subject in the background,overcast daylight,hard,a photorealistic color photo,"a photorealistic color photo of a coupe automobile parked in a countryside road, distant subject in the background, overcast daylight. busy background but still one main subject. single main subject, photorealistic color photo, natural colors, realistic texture, sharp focus on subject, no people, no text, no watermark, no logo, no border, no collage, no CGI, no illustration.","text, watermark, logo, caption, signature, border, frame, collage, multiple panels, cartoon, illustration, CGI, 3d render, low-poly, painting, anime, surreal, deformed, duplicate objects, extra limbs, blurry, out of focus, noise, oversaturated, posterized, artifacts, jpeg artifacts"
1005,automobile,taxi,parked,a lakeside shore,low angle,sunny afternoon,clean,a high-quality image,"a high-quality image of a taxi automobile parked in a lakeside shore, low angle, sunny afternoon. single main subject, photorealistic color photo, natural colors, realistic texture, sharp focus on subject, no people, no text, no watermark, no logo, no border, no collage, no CGI, no illustration.","text, watermark, logo, caption, signature, border, frame, collage, multiple panels, cartoon, illustration, CGI, 3d render, low-poly, painting, anime, surreal, deformed, duplicate objects, extra limbs, blurry, out of focus, noise, oversaturated, posterized, artifacts, jpeg artifacts"
1959,automobile,coupe,turning at an intersection,a forest clearing,slightly off-center framing,rainy with wet reflections,hard,a finely detailed photo,"a finely detailed photo of a coupe automobile turning at an intersection in a forest clearing, slightly off-center framing, rainy with wet reflections. slight motion blur. single main subject, photorealistic color photo, natural colors, realistic texture, sharp focus on subject, no people, no text, no watermark, no logo, no border, no collage, no CGI, no illustration.","text, watermark, logo, caption, signature, border, frame, collage, multiple panels, cartoon, illustration, CGI, 3d render, low-poly, painting, anime, surreal, deformed, duplicate objects, extra limbs, blurry, out of focus, noise, oversaturated, posterized, artifacts, jpeg artifacts"
1794,automobile,sports car,parked,a wet roadway after rain,3/4 view,foggy morning,clean,a professional photo,"a professional photo of a sports car automobile parked in a wet roadway after rain, 3/4 view, foggy morning. single main subject, photorealistic color photo, natural colors, realistic texture, sharp focus on subject, no people, no text, no watermark, no logo, no border, no collage, no CGI, no illustration.","text, watermark, logo, caption, signature, border, frame, collage, multiple panels, cartoon, illustration, CGI, 3d render, low-poly, painting, anime, surreal, deformed, duplicate objects, extra limbs, blurry, out of focus, noise, oversaturated, posterized, artifacts, jpeg artifacts"
1803,automobile,hatchback,turning at an intersection,a wet roadway after rain,front view,sunny afternoon,hard,a professional photo,"a professional photo of a hatchback automobile turning at an intersection in a wet roadway after rain, front view, sunny afternoon. busy background but still one main subject. single main subject, photorealistic color photo, natural colors, realistic texture, sharp focus on subject, no people, no text, no watermark, no logo, no border, no collage, no CGI, no illustration.","text, watermark, logo, caption, signature, border, frame, collage, multiple panels, cartoon, illustration, CGI, 3d render, low-poly, painting, anime, surreal, deformed, duplicate objects, extra limbs, blurry, out of focus, noise, oversaturated, posterized, artifacts, jpeg artifacts"
1827,automobile,sports car,driving,a backyard,distant subject in the background,nighttime under streetlights,hard,a high-quality image,"a high-quality image of a sports car automobile driving in a backyard, distant subject in the background, nighttime under streetlights. partially occluded by a foreground object. single main subject, photorealistic color photo, natural colors, realistic texture, sharp focus on subject, no people, no text, no watermark, no logo, no border, no collage, no CGI, no illustration.","text, watermark, logo, caption, signature, border, frame, collage, multiple panels, cartoon, illustration, CGI, 3d render, low-poly, painting, anime, surreal, deformed, duplicate objects, extra limbs, blurry, out of focus, noise, oversaturated, posterized, artifacts, jpeg artifacts"
1086,automobile,coupe,turning at an intersection,a parking lot,front view,golden hour,clean,a detailed photograph,"a detailed photograph of a coupe automobile turning at an intersection in a parking lot, front view, golden hour. single main subject, photorealistic color photo, natural colors, realistic texture, sharp focus on subject, no people, no text, no watermark, no logo, no border, no collage, no CGI, no illustration.","text, watermark, logo, caption, signature, border, frame, collage, multiple panels, cartoon, illustration, CGI, 3d render, low-poly, painting, anime, surreal, deformed, duplicate objects, extra limbs, blurry, out of focus, noise, oversaturated, posterized, artifacts, jpeg artifacts"
1568,automobile,coupe,parked,a quiet residential street,low angle,indoor soft window light,clean,a professional photo,"a professional photo of a coupe automobile parked in a quiet residential street, low angle, indoor soft window light. single main subject, photorealistic color photo, natural colors, realistic texture, sharp focus on subject, no people, no text, no watermark, no logo, no border, no collage, no CGI, no illustration.","text, watermark, logo, caption, signature, border, frame, collage, multiple panels, cartoon, illustration, CGI, 3d render, low-poly, painting, anime, surreal, deformed, duplicate objects, extra limbs, blurry, out of focus, noise, oversaturated, posterized, artifacts, jpeg artifacts"
1846,automobile,sedan,driving,a backyard,low angle,overcast daylight,hard,a professional photo,"a professional photo of a sedan automobile driving in a backyard, low angle, overcast daylight. in the distance. single main subject, photorealistic color photo, natural colors, realistic texture, sharp focus on subject, no people, no text, no watermark, no logo, no border, no collage, no CGI, no illustration.","text, watermark, logo, caption, signature, border, frame, collage, multiple panels, cartoon, illustration, CGI, 3d render, low-poly, painting, anime, surreal, deformed, duplicate objects, extra limbs, blurry, out of focus, noise, oversaturated, posterized, artifacts, jpeg artifacts"
1917,automobile,coupe,turning at an intersection,a grassy field,low angle,backlit rim light,hard,a professional photo,"a professional photo of a coupe automobile turning at an intersection in a grassy field, low angle, backlit rim light. cropped slightly. single main subject, photorealistic color photo, natural colors, realistic texture, sharp focus on subject, no people, no text, no watermark, no logo, no border, no collage, no CGI, no illustration.","text, watermark, logo, caption, signature, border, frame, collage, multiple panels, cartoon, illustration, CGI, 3d render, low-poly, painting, anime, surreal, deformed, duplicate objects, extra limbs, blurry, out of focus, noise, oversaturated, posterized, artifacts, jpeg artifacts"
1071,automobile,coupe,parked,a gravel lot,front view,golden hour,clean,a professional photo,"a professional photo of a coupe automobile parked in a gravel lot, front view, golden hour. single main subject, photorealistic color photo, natural colors, realistic texture, sharp focus on subject, no people, no text, no watermark, no logo, no border, no collage, no CGI, no illustration.","text, watermark, logo, caption, signature, border, frame, collage, multiple panels, cartoon, illustration, CGI, 3d render, low-poly, painting, anime, surreal, deformed, duplicate objects, extra limbs, blurry, out of focus, noise, oversaturated, posterized, artifacts, jpeg artifacts"
1059,automobile,compact car,parked,a grassy field,wide shot,sunny afternoon,clean,a photorealistic color photo,"a photorealistic color photo of a compact car automobile parked in a grassy field, wide shot, sunny afternoon. single main subject, photorealistic color photo, natural colors, realistic texture, sharp focus on subject, no people, no text, no watermark, no logo, no border, no collage, no CGI, no illustration.","text, watermark, logo, caption, signature, border, frame, collage, multiple panels, cartoon, illustration, CGI, 3d render, low-poly, painting, anime, surreal, deformed, duplicate objects, extra limbs, blurry, out of focus, noise, oversaturated, posterized, artifacts, jpeg artifacts"
1251,automobile,hatchback,stopped at a curb,a grassy field,side profile,overcast daylight,clean,a photorealistic color photo,"a photorealistic color photo of a hatchback automobile stopped at a curb in a grassy field, side profile, overcast daylight. single main subject, photorealistic color photo, natural colors, realistic texture, sharp focus on subject, no people, no text, no watermark, no logo, no border, no collage, no CGI, no illustration.","text, watermark, logo, caption, signature, border, frame, collage, multiple panels, cartoon, illustration, CGI, 3d render, low-poly, painting, anime, surreal, deformed, duplicate objects, extra limbs, blurry, out of focus, noise, oversaturated, posterized, artifacts, jpeg artifacts"
1935,automobile,sports car,turning at an intersection,a sandy beach,front view,nighttime under streetlights,hard,a high-quality image,"a high-quality image of a sports car automobile turning at an intersection in a sandy beach, front view, nighttime under streetlights. in the distance. single main subject, photorealistic color photo, natural colors, realistic texture, sharp focus on subject, no people, no text, no watermark, no logo, no border, no collage, no CGI, no illustration.","text, watermark, logo, caption, signature, border, frame, collage, multiple panels, cartoon, illustration, CGI, 3d render, low-poly, painting, anime, surreal, deformed, duplicate objects, extra limbs, blurry, out of focus, noise, oversaturated, posterized, artifacts, jpeg artifacts"
1099,automobile,sports car,parked,a city park,low angle,indoor soft window light,clean,a finely detailed photo,"a finely detailed photo of a sports car automobile parked in a city park, low angle, indoor soft window light. single main subject, photorealistic color photo, natural colors, realistic texture, sharp focus on subject, no people, no text, no watermark, no logo, no border, no collage, no CGI, no illustration.","text, watermark, logo, caption, signature, border, frame, collage, multiple panels, cartoon, illustration, CGI, 3d render, low-poly, painting, anime, surreal, deformed, duplicate objects, extra limbs, blurry, out of focus, noise, oversaturated, posterized, artifacts, jpeg artifacts"
1293,automobile,coupe,stopped at a curb,a countryside road,front view,foggy morning,clean,a professional photo,"a professional photo of a coupe automobile stopped at a curb in a countryside road, front view, foggy morning. single main subject, photorealistic color photo, natural colors, realistic texture, sharp focus on subject, no people, no text, no watermark, no logo, no border, no collage, no CGI, no illustration.","text, watermark, logo, caption, signature, border, frame, collage, multiple panels, cartoon, illustration, CGI, 3d render, low-poly, painting, anime, surreal, deformed, duplicate objects, extra limbs, blurry, out of focus, noise, oversaturated, posterized, artifacts, jpeg artifacts"
1380,automobile,taxi,stopped at a curb,a suburban neighborhood,3/4 view,foggy morning,clean,a high-quality image,"a high-quality image of a taxi automobile stopped at a curb in a suburban neighborhood, 3/4 view, foggy morning. single main subject, photorealistic color photo, natural colors, realistic texture, sharp focus on subject, no people, no text, no watermark, no logo, no border, no collage, no CGI, no illustration.","text, watermark, logo, caption, signature, border, frame, collage, multiple panels, cartoon, illustration, CGI, 3d render, low-poly, painting, anime, surreal, deformed, duplicate objects, extra limbs, blurry, out of focus, noise, oversaturated, posterized, artifacts, jpeg artifacts"
1445,automobile,coupe,stopped at a curb,a quiet residential street,front view,indoor soft window light,clean,a professional photo,"a professional photo of a coupe automobile stopped at a curb in a quiet residential street, front view, indoor soft window light. single main subject, photorealistic color photo, natural colors, realistic texture, sharp focus on subject, no people, no text, no watermark, no logo, no border, no collage, no CGI, no illustration.","text, watermark, logo, caption, signature, border, frame, collage, multiple panels, cartoon, illustration, CGI, 3d render, low-poly, painting, anime, surreal, deformed, duplicate objects, extra limbs, blurry, out of focus, noise, oversaturated, posterized, artifacts, jpeg artifacts"
1881,automobile,coupe,parked,a backyard,cropped at the edge of the frame,indoor soft window light,hard,a professional photo,"a professional photo of a coupe automobile parked in a backyard, cropped at the edge of the frame, indoor soft window light. busy background but still one main subject. single main subject, photorealistic color photo, natural colors, realistic texture, sharp focus on subject, no people, no text, no watermark, no logo, no border, no collage, no CGI, no illustration.","text, watermark, logo, caption, signature, border, frame, collage, multiple panels, cartoon, illustration, CGI, 3d render, low-poly, painting, anime, surreal, deformed, duplicate objects, extra limbs, blurry, out of focus, noise, oversaturated, posterized, artifacts, jpeg artifacts"
1734,automobile,sports car,stopped at a curb,a quiet residential street,front view,overcast daylight,clean,a high-quality image,"a high-quality image of a sports car automobile stopped at a curb in a quiet residential street, front view, overcast daylight. single main subject, photorealistic color photo, natural colors, realistic texture, sharp focus on subject, no people, no text, no watermark, no logo, no border, no collage, no CGI, no illustration.","text, watermark, logo, caption, signature, border, frame, collage, multiple panels, cartoon, illustration, CGI, 3d render, low-poly, painting, anime, surreal, deformed, duplicate objects, extra limbs, blurry, out of focus, noise, oversaturated, posterized, artifacts, jpeg artifacts"
1674,automobile,coupe,parked,a forest clearing,slightly off-center framing,nighttime under streetlights,clean,a detailed photograph,"a detailed photograph of a coupe automobile parked in a forest clearing, slightly off-center framing, nighttime under streetlights. single main subject, photorealistic color photo, natural colors, realistic texture, sharp focus on subject, no people, no text, no watermark, no logo, no border, no collage, no CGI, no illustration.","text, watermark, logo, caption, signature, border, frame, collage, multiple panels, cartoon, illustration, CGI, 3d render, low-poly, painting, anime, surreal, deformed, duplicate objects, extra limbs, blurry, out of focus, noise, oversaturated, posterized, artifacts, jpeg artifacts"
1284,automobile,hatchback,turning at an intersection,a forest clearing,front view,rainy with wet reflections,clean,a high-quality image,"a high-quality image of a hatchback automobile turning at an intersection in a forest clearing, front view, rainy with wet reflections. single main subject, photorealistic color photo, natural colors, realistic texture, sharp focus on subject, no people, no text, no watermark, no logo, no border, no collage, no CGI, no illustration.","text, watermark, logo, caption, signature, border, frame, collage, multiple panels, cartoon, illustration, CGI, 3d render, low-poly, painting, anime, surreal, deformed, duplicate objects, extra limbs, blurry, out of focus, noise, oversaturated, posterized, artifacts, jpeg artifacts"
1987,automobile,compact car,stopped at a curb,a parking lot,3/4 view,indoor soft window light,hard,a finely detailed photo,"a finely detailed photo of a compact car automobile stopped at a curb in a parking lot, 3/4 view, indoor soft window light. in the distance. single main subject, photorealistic color photo, natural colors, realistic texture, sharp focus on subject, no people, no text, no watermark, no logo, no border, no collage, no CGI, no illustration.","text, watermark, logo, caption, signature, border, frame, collage, multiple panels, cartoon, illustration, CGI, 3d render, low-poly, painting, anime, surreal, deformed, duplicate objects, extra limbs, blurry, out of focus, noise, oversaturated, posterized, artifacts, jpeg artifacts"
1468,automobile,compact car,stopped at a curb,a city park,wide shot,indoor soft window light,clean,a detailed photograph,"a detailed photograph of a compact car automobile stopped at a curb in a city park, wide shot, indoor soft window light. single main subject, photorealistic color photo, natural colors, realistic texture, sharp focus on subject, no people, no text, no watermark, no logo, no border, no collage, no CGI, no illustration.","text, watermark, logo, caption, signature, border, frame, collage, multiple panels, cartoon, illustration, CGI, 3d render, low-poly, painting, anime, surreal, deformed, duplicate objects, extra limbs, blurry, out of focus, noise, oversaturated, posterized, artifacts, jpeg artifacts"
1080,automobile,coupe,driving,a quiet residential street,low angle,indoor soft window light,clean,an ultra-realistic rendering,"an ultra-realistic rendering of a coupe automobile driving in a quiet residential street, low angle, indoor soft window light. single main subject, photorealistic color photo, natural colors, realistic texture, sharp focus on subject, no people, no text, no watermark, no logo, no border, no collage, no CGI, no illustration.","text, watermark, logo, caption, signature, border, frame, collage, multiple panels, cartoon, illustration, CGI, 3d render, low-poly, painting, anime, surreal, deformed, duplicate objects, extra limbs, blurry, out of focus, noise, oversaturated, posterized, artifacts, jpeg artifacts"
1934,automobile,sports car,driving,a lakeside shore,cropped at the edge of the frame,golden hour,hard,an ultra-realistic rendering,"an ultra-realistic rendering of a sports car automobile driving in a lakeside shore, cropped at the edge of the frame, golden hour. cropped slightly. single main subject, photorealistic color photo, natural colors, realistic texture, sharp focus on subject, no people, no text, no watermark, no logo, no border, no collage, no CGI, no illustration.","text, watermark, logo, caption, signature, border, frame, collage, multiple panels, cartoon, illustration, CGI, 3d render, low-poly, painting, anime, surreal, deformed, duplicate objects, extra limbs, blurry, out of focus, noise, oversaturated, posterized, artifacts, jpeg artifacts"
1076,automobile,hatchback,turning at an intersection,a countryside road,wide shot,golden hour,clean,a detailed photograph,"a detailed photograph of a hatchback automobile turning at an intersection in a countryside road, wide shot, golden hour. single main subject, photorealistic color photo, natural colors, realistic texture, sharp focus on subject, no people, no text, no watermark, no logo, no border, no collage, no CGI, no illustration.","text, watermark, logo, caption, signature, border, frame, collage, multiple panels, cartoon, illustration, CGI, 3d render, low-poly, painting, anime, surreal, deformed, duplicate objects, extra limbs, blurry, out of focus, noise, oversaturated, posterized, artifacts, jpeg artifacts"
1633,automobile,coupe,stopped at a curb,a forest clearing,front view,foggy morning,clean,an ultra-realistic rendering,"an ultra-realistic rendering of a coupe automobile stopped at a curb in a forest clearing, front view, foggy morning. single main subject, photorealistic color photo, natural colors, realistic texture, sharp focus on subject, no people, no text, no watermark, no logo, no border, no collage, no CGI, no illustration.","text, watermark, logo, caption, signature, border, frame, collage, multiple panels, cartoon, illustration, CGI, 3d render, low-poly, painting, anime, surreal, deformed, duplicate objects, extra limbs, blurry, out of focus, noise, oversaturated, posterized, artifacts, jpeg artifacts"
1136,automobile,hatchback,stopped at a curb,a forest clearing,front view,indoor soft window light,clean,a professional photo,"a professional photo of a hatchback automobile stopped at a curb in a forest clearing, front view, indoor soft window light. single main subject, photorealistic color photo, natural colors, realistic texture, sharp focus on subject, no people, no text, no watermark, no logo, no border, no collage, no CGI, no illustration.","text, watermark, logo, caption, signature, border, frame, collage, multiple panels, cartoon, illustration, CGI, 3d render, low-poly, painting, anime, surreal, deformed, duplicate objects, extra limbs, blurry, out of focus, noise, oversaturated, posterized, artifacts, jpeg artifacts"
1670,automobile,coupe,driving,a forest clearing,high angle,backlit rim light,clean,a high-quality image,"a high-quality image of a coupe automobile driving in a forest clearing, high angle, backlit rim light. single main subject, photorealistic color photo, natural colors, realistic texture, sharp focus on subject, no people, no text, no watermark, no logo, no border, no collage, no CGI, no illustration.","text, watermark, logo, caption, signature, border, frame, collage, multiple panels, cartoon, illustration, CGI, 3d render, low-poly, painting, anime, surreal, deformed, duplicate objects, extra limbs, blurry, out of focus, noise, oversaturated, posterized, artifacts, jpeg artifacts"
1611,automobile,hatchback,stopped at a curb,a lakeside shore,side profile,golden hour,clean,a detailed photograph,"a detailed photograph of a hatchback automobile stopped at a curb in a lakeside shore, side profile, golden hour. single main subject, photorealistic color photo, natural colors, realistic texture, sharp focus on subject, no people, no text, no watermark, no logo, no border, no collage, no CGI, no illustration.","text, watermark, logo, caption, signature, border, frame, collage, multiple panels, cartoon, illustration, CGI, 3d render, low-poly, painting, anime, surreal, deformed, duplicate objects, extra limbs, blurry, out of focus, noise, oversaturated, posterized, artifacts, jpeg artifacts"
1245,automobile,hatchback,turning at an intersection,a quiet residential street,low angle,indoor soft window light,clean,a high-quality image,"a high-quality image of a hatchback automobile turning at an intersection in a quiet residential street, low angle, indoor soft window light. single main subject, photorealistic color photo, natural colors, realistic texture, sharp focus on subject, no people, no text, no watermark, no logo, no border, no collage, no CGI, no illustration.","text, watermark, logo, caption, signature, border, frame, collage, multiple panels, cartoon, illustration, CGI, 3d render, low-poly, painting, anime, surreal, deformed, duplicate objects, extra limbs, blurry, out of focus, noise, oversaturated, posterized, artifacts, jpeg artifacts"
1357,automobile,sports car,stopped at a curb,a quiet residential street,high angle,overcast daylight,clean,a detailed photograph,"a detailed photograph of a sports car automobile stopped at a curb in a quiet residential street, high angle, overcast daylight. single main subject, photorealistic color photo, natural colors, realistic texture, sharp focus on subject, no people, no text, no watermark, no logo, no border, no collage, no CGI, no illustration.","text, watermark, logo, caption, signature, border, frame, collage, multiple panels, cartoon, illustration, CGI, 3d render, low-poly, painting, anime, surreal, deformed, duplicate objects, extra limbs, blurry, out of focus, noise, oversaturated, posterized, artifacts, jpeg artifacts"
1963,automobile,taxi,stopped at a curb,a sandy beach,side profile,golden hour,hard,a professional photo,"a professional photo of a taxi automobile stopped at a curb in a sandy beach, side profile, golden hour. in the distance. single main subject, photorealistic color photo, natural colors, realistic texture, sharp focus on subject, no people, no text, no watermark, no logo, no border, no collage, no CGI, no illustration.","text, watermark, logo, caption, signature, border, frame, collage, multiple panels, cartoon, illustration, CGI, 3d render, low-poly, painting, anime, surreal, deformed, duplicate objects, extra limbs, blurry, out of focus, noise, oversaturated, posterized, artifacts, jpeg artifacts"
1178,automobile,compact car,turning at an intersection,a backyard,close-up,nighttime under streetlights,clean,a professional photo,"a professional photo of a compact car automobile turning at an intersection in a backyard, close-up, nighttime under streetlights. single main subject, photorealistic color photo, natural colors, realistic texture, sharp focus on subject, no people, no text, no watermark, no logo, no border, no collage, no CGI, no illustration.","text, watermark, logo, caption, signature, border, frame, collage, multiple panels, cartoon, illustration, CGI, 3d render, low-poly, painting, anime, surreal, deformed, duplicate objects, extra limbs, blurry, out of focus, noise, oversaturated, posterized, artifacts, jpeg artifacts"
1486,automobile,compact car,stopped at a curb,a wet roadway after rain,high angle,foggy morning,clean,a professional photo,"a professional photo of a compact car automobile stopped at a curb in a wet roadway after rain, high angle, foggy morning. single main subject, photorealistic color photo, natural colors, realistic texture, sharp focus on subject, no people, no text, no watermark, no logo, no border, no collage, no CGI, no illustration.","text, watermark, logo, caption, signature, border, frame, collage, multiple panels, cartoon, illustration, CGI, 3d render, low-poly, painting, anime, surreal, deformed, duplicate objects, extra limbs, blurry, out of focus, noise, oversaturated, posterized, artifacts, jpeg artifacts"
1354,automobile,coupe,driving,a quiet residential street,3/4 view,golden hour,clean,a high-quality image,"a high-quality image of a coupe automobile driving in a quiet residential street, 3/4 view, golden hour. single main subject, photorealistic color photo, natural colors, realistic texture, sharp focus on subject, no people, no text, no watermark, no logo, no border, no collage, no CGI, no illustration.","text, watermark, logo, caption, signature, border, frame, collage, multiple panels, cartoon, illustration, CGI, 3d render, low-poly, painting, anime, surreal, deformed, duplicate objects, extra limbs, blurry, out of focus, noise, oversaturated, posterized, artifacts, jpeg artifacts"
1795,automobile,coupe,driving,a suburban neighborhood,close-up,indoor soft window light,clean,a detailed photograph,"a detailed photograph of a coupe automobile driving in a suburban neighborhood, close-up, indoor soft window light. single main subject, photorealistic color photo, natural colors, realistic texture, sharp focus on subject, no people, no text, no watermark, no logo, no border, no collage, no CGI, no illustration.","text, watermark, logo, caption, signature, border, frame, collage, multiple panels, cartoon, illustration, CGI, 3d render, low-poly, painting, anime, surreal, deformed, duplicate objects, extra limbs, blurry, out of focus, noise, oversaturated, posterized, artifacts, jpeg artifacts"
1504,automobile,sedan,turning at an intersection,an industrial yard,front view,sunny afternoon,clean,a detailed photograph,"a detailed photograph of a sedan automobile turning at an intersection in an industrial yard, front view, sunny afternoon. single main subject, photorealistic color photo, natural colors, realistic texture, sharp focus on subject, no people, no text, no watermark, no logo, no border, no collage, no CGI, no illustration.","text, watermark, logo, caption, signature, border, frame, collage, multiple panels, cartoon, illustration, CGI, 3d render, low-poly, painting, anime, surreal, deformed, duplicate objects, extra limbs, blurry, out of focus, noise, oversaturated, posterized, artifacts, jpeg artifacts"
1321,automobile,taxi,driving,a parking lot,wide shot,nighttime under streetlights,clean,a professional photo,"a professional photo of a taxi automobile driving in a parking lot, wide shot, nighttime under streetlights. single main subject, photorealistic color photo, natural colors, realistic texture, sharp focus on subject, no people, no text, no watermark, no logo, no border, no collage, no CGI, no illustration.","text, watermark, logo, caption, signature, border, frame, collage, multiple panels, cartoon, illustration, CGI, 3d render, low-poly, painting, anime, surreal, deformed, duplicate objects, extra limbs, blurry, out of focus, noise, oversaturated, posterized, artifacts, jpeg artifacts"
1285,automobile,coupe,turning at an intersection,a gravel lot,front view,golden hour,clean,a finely detailed photo,"a finely detailed photo of a coupe automobile turning at an intersection in a gravel lot, front view, golden hour. single main subject, photorealistic color photo, natural colors, realistic texture, sharp focus on subject, no people, no text, no watermark, no logo, no border, no collage, no CGI, no illustration.","text, watermark, logo, caption, signature, border, frame, collage, multiple panels, cartoon, illustration, CGI, 3d render, low-poly, painting, anime, surreal, deformed, duplicate objects, extra limbs, blurry, out of focus, noise, oversaturated, posterized, artifacts, jpeg artifacts"
1269,automobile,hatchback,parked,a countryside road,front view,foggy morning,clean,a high-quality image,"a high-quality image of a hatchback automobile parked in a countryside road, front view, foggy morning. single main subject, photorealistic color photo, natural colors, realistic texture, sharp focus on subject, no people, no text, no watermark, no logo, no border, no collage, no CGI, no illustration.","text, watermark, logo, caption, signature, border, frame, collage, multiple panels, cartoon, illustration, CGI, 3d render, low-poly, painting, anime, surreal, deformed, duplicate objects, extra limbs, blurry, out of focus, noise, oversaturated, posterized, artifacts, jpeg artifacts"
1094,automobile,compact car,turning at an intersection,a gravel lot,side profile,overcast daylight,clean,a professional photo,"a professional photo of a compact car automobile turning at an intersection in a gravel lot, side profile, overcast daylight. single main subject, photorealistic color photo, natural colors, realistic texture, sharp focus on subject, no people, no text, no watermark, no logo, no border, no collage, no CGI, no illustration.","text, watermark, logo, caption, signature, border, frame, collage, multiple panels, cartoon, illustration, CGI, 3d render, low-poly, painting, anime, surreal, deformed, duplicate objects, extra limbs, blurry, out of focus, noise, oversaturated, posterized, artifacts, jpeg artifacts"
1615,automobile,taxi,turning at an intersection,a forest clearing,side profile,indoor soft window light,clean,a photorealistic color photo,"a photorealistic color photo of a taxi automobile turning at an intersection in a forest clearing, side profile, indoor soft window light. single main subject, photorealistic color photo, natural colors, realistic texture, sharp focus on subject, no people, no text, no watermark, no logo, no border, no collage, no CGI, no illustration.","text, watermark, logo, caption, signature, border, frame, collage, multiple panels, cartoon, illustration, CGI, 3d render, low-poly, painting, anime, surreal, deformed, duplicate objects, extra limbs, blurry, out of focus, noise, oversaturated, posterized, artifacts, jpeg artifacts"
1122,automobile,taxi,turning at an intersection,a sandy beach,slightly off-center framing,overcast daylight,clean,a finely detailed photo,"a finely detailed photo of a taxi automobile turning at an intersection in a sandy beach, slightly off-center framing, overcast daylight. single main subject, photorealistic color photo, natural colors, realistic texture, sharp focus on subject, no people, no text, no watermark, no logo, no border, no collage, no CGI, no illustration.","text, watermark, logo, caption, signature, border, frame, collage, multiple panels, cartoon, illustration, CGI, 3d render, low-poly, painting, anime, surreal, deformed, duplicate objects, extra limbs, blurry, out of focus, noise, oversaturated, posterized, artifacts, jpeg artifacts"
1214,automobile,coupe,stopped at a curb,a backyard,close-up,nighttime under streetlights,clean,an ultra-realistic rendering,"an ultra-realistic rendering of a coupe automobile stopped at a curb in a backyard, close-up, nighttime under streetlights. single main subject, photorealistic color photo, natural colors, realistic texture, sharp focus on subject, no people, no text, no watermark, no logo, no border, no collage, no CGI, no illustration.","text, watermark, logo, caption, signature, border, frame, collage, multiple panels, cartoon, illustration, CGI, 3d render, low-poly, painting, anime, surreal, deformed, duplicate objects, extra limbs, blurry, out of focus, noise, oversaturated, posterized, artifacts, jpeg artifacts"
1141,automobile,sedan,parked,a wet roadway after rain,wide shot,overcast daylight,clean,a finely detailed photo,"a finely detailed photo of a sedan automobile parked in a wet roadway after rain, wide shot, overcast daylight. single main subject, photorealistic color photo, natural colors, realistic texture, sharp focus on subject, no people, no text, no watermark, no logo, no border, no collage, no CGI, no illustration.","text, watermark, logo, caption, signature, border, frame, collage, multiple panels, cartoon, illustration, CGI, 3d render, low-poly, painting, anime, surreal, deformed, duplicate objects, extra limbs, blurry, out of focus, noise, oversaturated, posterized, artifacts, jpeg artifacts"
1601,automobile,compact car,stopped at a curb,a backyard,slightly off-center framing,rainy with wet reflections,clean,a detailed photograph,"a detailed photograph of a compact car automobile stopped at a curb in a backyard, slightly off-center framing, rainy with wet reflections. single main subject, photorealistic color photo, natural colors, realistic texture, sharp focus on subject, no people, no text, no watermark, no logo, no border, no collage, no CGI, no illustration.","text, watermark, logo, caption, signature, border, frame, collage, multiple panels, cartoon, illustration, CGI, 3d render, low-poly, painting, anime, surreal, deformed, duplicate objects, extra limbs, blurry, out of focus, noise, oversaturated, posterized, artifacts, jpeg artifacts"
1144,automobile,sports car,parked,an urban street,low angle,backlit rim light,clean,a professional photo,"a professional photo of a sports car automobile parked in an urban street, low angle, backlit rim light. single main subject, photorealistic color photo, natural colors, realistic texture, sharp focus on subject, no people, no text, no watermark, no logo, no border, no collage, no CGI, no illustration.","text, watermark, logo, caption, signature, border, frame, collage, multiple panels, cartoon, illustration, CGI, 3d render, low-poly, painting, anime, surreal, deformed, duplicate objects, extra limbs, blurry, out of focus, noise, oversaturated, posterized, artifacts, jpeg artifacts"
1444,automobile,coupe,driving,a quiet residential street,low angle,backlit rim light,clean,an ultra-realistic rendering,"an ultra-realistic rendering of a coupe automobile driving in a quiet residential street, low angle, backlit rim light. single main subject, photorealistic color photo, natural colors, realistic texture, sharp focus on subject, no people, no text, no watermark, no logo, no border, no collage, no CGI, no illustration.","text, watermark, logo, caption, signature, border, frame, collage, multiple panels, cartoon, illustration, CGI, 3d render, low-poly, painting, anime, surreal, deformed, duplicate objects, extra limbs, blurry, out of focus, noise, oversaturated, posterized, artifacts, jpeg artifacts"
1349,automobile,sports car,turning at an intersection,a parking lot,high angle,foggy morning,clean,a professional photo,"a professional photo of a sports car automobile turning at an intersection in a parking lot, high angle, foggy morning. single main subject, photorealistic color photo, natural colors, realistic texture, sharp focus on subject, no people, no text, no watermark, no logo, no border, no collage, no CGI, no illustration.","text, watermark, logo, caption, signature, border, frame, collage, multiple panels, cartoon, illustration, CGI, 3d render, low-poly, painting, anime, surreal, deformed, duplicate objects, extra limbs, blurry, out of focus, noise, oversaturated, posterized, artifacts, jpeg artifacts"
1210,automobile,sedan,stopped at a curb,a parking lot,slightly off-center framing,rainy with wet reflections,clean,a professional photo,"a professional photo of a sedan automobile stopped at a curb in a parking lot, slightly off-center framing, rainy with wet reflections. single main subject, photorealistic color photo, natural colors, realistic texture, sharp focus on subject, no people, no text, no watermark, no logo, no border, no collage, no CGI, no illustration.","text, watermark, logo, caption, signature, border, frame, collage, multiple panels, cartoon, illustration, CGI, 3d render, low-poly, painting, anime, surreal, deformed, duplicate objects, extra limbs, blurry, out of focus, noise, oversaturated, posterized, artifacts, jpeg artifacts"
1672,automobile,compact car,parked,a wet roadway after rain,wide shot,rainy with wet reflections,clean,a detailed photograph,"a detailed photograph of a compact car automobile parked in a wet roadway after rain, wide shot, rainy with wet reflections. single main subject, photorealistic color photo, natural colors, realistic texture, sharp focus on subject, no people, no text, no watermark, no logo, no border, no collage, no CGI, no illustration.","text, watermark, logo, caption, signature, border, frame, collage, multiple panels, cartoon, illustration, CGI, 3d render, low-poly, painting, anime, surreal, deformed, duplicate objects, extra limbs, blurry, out of focus, noise, oversaturated, posterized, artifacts, jpeg artifacts"
1660,automobile,sports car,turning at an intersection,a countryside road,side profile,overcast daylight,clean,a professional photo,"a professional photo of a sports car automobile turning at an intersection in a countryside road, side profile, overcast daylight. single main subject, photorealistic color photo, natural colors, realistic texture, sharp focus on subject, no people, no text, no watermark, no logo, no border, no collage, no CGI, no illustration.","text, watermark, logo, caption, signature, border, frame, collage, multiple panels, cartoon, illustration, CGI, 3d render, low-poly, painting, anime, surreal, deformed, duplicate objects, extra limbs, blurry, out of focus, noise, oversaturated, posterized, artifacts, jpeg artifacts"
1697,automobile,compact car,parked,a gravel lot,close-up,sunny afternoon,clean,a photorealistic color photo,"a photorealistic color photo of a compact car automobile parked in a gravel lot, close-up, sunny afternoon. single main subject, photorealistic color photo, natural colors, realistic texture, sharp focus on subject, no people, no text, no watermark, no logo, no border, no collage, no CGI, no illustration.","text, watermark, logo, caption, signature, border, frame, collage, multiple panels, cartoon, illustration, CGI, 3d render, low-poly, painting, anime, surreal, deformed, duplicate objects, extra limbs, blurry, out of focus, noise, oversaturated, posterized, artifacts, jpeg artifacts"
1706,automobile,taxi,turning at an intersection,a suburban neighborhood,front view,overcast daylight,clean,a professional photo,"a professional photo of a taxi automobile turning at an intersection in a suburban neighborhood, front view, overcast daylight. single main subject, photorealistic color photo, natural colors, realistic texture, sharp focus on subject, no people, no text, no watermark, no logo, no border, no collage, no CGI, no illustration.","text, watermark, logo, caption, signature, border, frame, collage, multiple panels, cartoon, illustration, CGI, 3d render, low-poly, painting, anime, surreal, deformed, duplicate objects, extra limbs, blurry, out of focus, noise, oversaturated, posterized, artifacts, jpeg artifacts"
1264,automobile,hatchback,turning at an intersection,a quiet residential street,close-up,foggy morning,clean,a high-quality image,"a high-quality image of a hatchback automobile turning at an intersection in a quiet residential street, close-up, foggy morning. single main subject, photorealistic color photo, natural colors, realistic texture, sharp focus on subject, no people, no text, no watermark, no logo, no border, no collage, no CGI, no illustration.","text, watermark, logo, caption, signature, border, frame, collage, multiple panels, cartoon, illustration, CGI, 3d render, low-poly, painting, anime, surreal, deformed, duplicate objects, extra limbs, blurry, out of focus, noise, oversaturated, posterized, artifacts, jpeg artifacts"
1833,automobile,coupe,driving,a grassy field,close-up,backlit rim light,hard,a professional photo,"a professional photo of a coupe automobile driving in a grassy field, close-up, backlit rim light. cropped slightly. single main subject, photorealistic color photo, natural colors, realistic texture, sharp focus on subject, no people, no text, no watermark, no logo, no border, no collage, no CGI, no illustration.","text, watermark, logo, caption, signature, border, frame, collage, multiple panels, cartoon, illustration, CGI, 3d render, low-poly, painting, anime, surreal, deformed, duplicate objects, extra limbs, blurry, out of focus, noise, oversaturated, posterized, artifacts, jpeg artifacts"
1922,automobile,coupe,driving,a lakeside shore,side profile,golden hour,hard,an ultra-realistic rendering,"an ultra-realistic rendering of a coupe automobile driving in a lakeside shore, side profile, golden hour. busy background but still one main subject. single main subject, photorealistic color photo, natural colors, realistic texture, sharp focus on subject, no people, no text, no watermark, no logo, no border, no collage, no CGI, no illustration.","text, watermark, logo, caption, signature, border, frame, collage, multiple panels, cartoon, illustration, CGI, 3d render, low-poly, painting, anime, surreal, deformed, duplicate objects, extra limbs, blurry, out of focus, noise, oversaturated, posterized, artifacts, jpeg artifacts"
1534,automobile,sedan,stopped at a curb,a suburban neighborhood,low angle,nighttime under streetlights,clean,a photorealistic color photo,"a photorealistic color photo of a sedan automobile stopped at a curb in a suburban neighborhood, low angle, nighttime under streetlights. single main subject, photorealistic color photo, natural colors, realistic texture, sharp focus on subject, no people, no text, no watermark, no logo, no border, no collage, no CGI, no illustration.","text, watermark, logo, caption, signature, border, frame, collage, multiple panels, cartoon, illustration, CGI, 3d render, low-poly, painting, anime, surreal, deformed, duplicate objects, extra limbs, blurry, out of focus, noise, oversaturated, posterized, artifacts, jpeg artifacts"
1226,automobile,coupe,turning at an intersection,a wet roadway after rain,close-up,backlit rim light,clean,a high-quality image,"a high-quality image of a coupe automobile turning at an intersection in a wet roadway after rain, close-up, backlit rim light. single main subject, photorealistic color photo, natural colors, realistic texture, sharp focus on subject, no people, no text, no watermark, no logo, no border, no collage, no CGI, no illustration.","text, watermark, logo, caption, signature, border, frame, collage, multiple panels, cartoon, illustration, CGI, 3d render, low-poly, painting, anime, surreal, deformed, duplicate objects, extra limbs, blurry, out of focus, noise, oversaturated, posterized, artifacts, jpeg artifacts"
1462,automobile,sports car,parked,a parking lot,slightly off-center framing,nighttime under streetlights,clean,a detailed photograph,"a detailed photograph of a sports car automobile parked in a parking lot, slightly off-center framing, nighttime under streetlights. single main subject, photorealistic color photo, natural colors, realistic texture, sharp focus on subject, no people, no text, no watermark, no logo, no border, no collage, no CGI, no illustration.","text, watermark, logo, caption, signature, border, frame, collage, multiple panels, cartoon, illustration, CGI, 3d render, low-poly, painting, anime, surreal, deformed, duplicate objects, extra limbs, blurry, out of focus, noise, oversaturated, posterized, artifacts, jpeg artifacts"
1726,automobile,hatchback,stopped at a curb,a countryside road,side profile,indoor soft window light,clean,a finely detailed photo,"a finely detailed photo of a hatchback automobile stopped at a curb in a countryside road, side profile, indoor soft window light. single main subject, photorealistic color photo, natural colors, realistic texture, sharp focus on subject, no people, no text, no watermark, no logo, no border, no collage, no CGI, no illustration.","text, watermark, logo, caption, signature, border, frame, collage, multiple panels, cartoon, illustration, CGI, 3d render, low-poly, painting, anime, surreal, deformed, duplicate objects, extra limbs, blurry, out of focus, noise, oversaturated, posterized, artifacts, jpeg artifacts"
1545,automobile,compact car,stopped at a curb,an industrial yard,side profile,golden hour,clean,a professional photo,"a professional photo of a compact car automobile stopped at a curb in an industrial yard, side profile, golden hour. single main subject, photorealistic color photo, natural colors, realistic texture, sharp focus on subject, no people, no text, no watermark, no logo, no border, no collage, no CGI, no illustration.","text, watermark, logo, caption, signature, border, frame, collage, multiple panels, cartoon, illustration, CGI, 3d render, low-poly, painting, anime, surreal, deformed, duplicate objects, extra limbs, blurry, out of focus, noise, oversaturated, posterized, artifacts, jpeg artifacts"
1943,automobile,compact car,turning at an intersection,a quiet residential street,front view,backlit rim light,hard,a high-quality image,"a high-quality image of a compact car automobile turning at an intersection in a quiet residential street, front view, backlit rim light. slight motion blur. single main subject, photorealistic color photo, natural colors, realistic texture, sharp focus on subject, no people, no text, no watermark, no logo, no border, no collage, no CGI, no illustration.","text, watermark, logo, caption, signature, border, frame, collage, multiple panels, cartoon, illustration, CGI, 3d render, low-poly, painting, anime, surreal, deformed, duplicate objects, extra limbs, blurry, out of focus, noise, oversaturated, posterized, artifacts, jpeg artifacts"
1991,automobile,hatchback,parked,a city park,high angle,rainy with wet reflections,hard,an ultra-realistic rendering,"an ultra-realistic rendering of a hatchback automobile parked in a city park, high angle, rainy with wet reflections. in the distance. single main subject, photorealistic color photo, natural colors, realistic texture, sharp focus on subject, no people, no text, no watermark, no logo, no border, no collage, no CGI, no illustration.","text, watermark, logo, caption, signature, border, frame, collage, multiple panels, cartoon, illustration, CGI, 3d render, low-poly, painting, anime, surreal, deformed, duplicate objects, extra limbs, blurry, out of focus, noise, oversaturated, posterized, artifacts, jpeg artifacts"
1205,automobile,sedan,parked,a gravel lot,high angle,nighttime under streetlights,clean,an ultra-realistic rendering,"an ultra-realistic rendering of a sedan automobile parked in a gravel lot, high angle, nighttime under streetlights. single main subject, photorealistic color photo, natural colors, realistic texture, sharp focus on subject, no people, no text, no watermark, no logo, no border, no collage, no CGI, no illustration.","text, watermark, logo, caption, signature, border, frame, collage, multiple panels, cartoon, illustration, CGI, 3d render, low-poly, painting, anime, surreal, deformed, duplicate objects, extra limbs, blurry, out of focus, noise, oversaturated, posterized, artifacts, jpeg artifacts"
1836,automobile,hatchback,parked,a forest clearing,front view,foggy morning,hard,a photorealistic color photo,"a photorealistic color photo of a hatchback automobile parked in a forest clearing, front view, foggy morning. slight motion blur. single main subject, photorealistic color photo, natural colors, realistic texture, sharp focus on subject, no people, no text, no watermark, no logo, no border, no collage, no CGI, no illustration.","text, watermark, logo, caption, signature, border, frame, collage, multiple panels, cartoon, illustration, CGI, 3d render, low-poly, painting, anime, surreal, deformed, duplicate objects, extra limbs, blurry, out of focus, noise, oversaturated, posterized, artifacts, jpeg artifacts"
1707,automobile,sedan,turning at an intersection,a sandy beach,front view,golden hour,clean,an ultra-realistic rendering,"an ultra-realistic rendering of a sedan automobile turning at an intersection in a sandy beach, front view, golden hour. single main subject, photorealistic color photo, natural colors, realistic texture, sharp focus on subject, no people, no text, no watermark, no logo, no border, no collage, no CGI, no illustration.","text, watermark, logo, caption, signature, border, frame, collage, multiple panels, cartoon, illustration, CGI, 3d render, low-poly, painting, anime, surreal, deformed, duplicate objects, extra limbs, blurry, out of focus, noise, oversaturated, posterized, artifacts, jpeg artifacts"
1456,automobile,sedan,stopped at a curb,an industrial yard,slightly off-center framing,foggy morning,clean,a detailed photograph,"a detailed photograph of a sedan automobile stopped at a curb in an industrial yard, slightly off-center framing, foggy morning. single main subject, photorealistic color photo, natural colors, realistic texture, sharp focus on subject, no people, no text, no watermark, no logo, no border, no collage, no CGI, no illustration.","text, watermark, logo, caption, signature, border, frame, collage, multiple panels, cartoon, illustration, CGI, 3d render, low-poly, painting, anime, surreal, deformed, duplicate objects, extra limbs, blurry, out of focus, noise, oversaturated, posterized, artifacts, jpeg artifacts"
1698,automobile,taxi,driving,an industrial yard,slightly off-center framing,sunny afternoon,clean,a professional photo,"a professional photo of a taxi automobile driving in an industrial yard, slightly off-center framing, sunny afternoon. single main subject, photorealistic color photo, natural colors, realistic texture, sharp focus on subject, no people, no text, no watermark, no logo, no border, no collage, no CGI, no illustration.","text, watermark, logo, caption, signature, border, frame, collage, multiple panels, cartoon, illustration, CGI, 3d render, low-poly, painting, anime, surreal, deformed, duplicate objects, extra limbs, blurry, out of focus, noise, oversaturated, posterized, artifacts, jpeg artifacts"
1082,automobile,hatchback,driving,a forest clearing,close-up,rainy with wet reflections,clean,a detailed photograph,"a detailed photograph of a hatchback automobile driving in a forest clearing, close-up, rainy with wet reflections. single main subject, photorealistic color photo, natural colors, realistic texture, sharp focus on subject, no people, no text, no watermark, no logo, no border, no collage, no CGI, no illustration.","text, watermark, logo, caption, signature, border, frame, collage, multiple panels, cartoon, illustration, CGI, 3d render, low-poly, painting, anime, surreal, deformed, duplicate objects, extra limbs, blurry, out of focus, noise, oversaturated, posterized, artifacts, jpeg artifacts"
1015,automobile,sports car,driving,a wet roadway after rain,3/4 view,nighttime under streetlights,clean,a detailed photograph,"a detailed photograph of a sports car automobile driving in a wet roadway after rain, 3/4 view, nighttime under streetlights. single main subject, photorealistic color photo, natural colors, realistic texture, sharp focus on subject, no people, no text, no watermark, no logo, no border, no collage, no CGI, no illustration.","text, watermark, logo, caption, signature, border, frame, collage, multiple panels, cartoon, illustration, CGI, 3d render, low-poly, painting, anime, surreal, deformed, duplicate objects, extra limbs, blurry, out of focus, noise, oversaturated, posterized, artifacts, jpeg artifacts"
1767,automobile,hatchback,parked,a city park,slightly off-center framing,indoor soft window light,clean,a finely detailed photo,"a finely detailed photo of a hatchback automobile parked in a city park, slightly off-center framing, indoor soft window light. single main subject, photorealistic color photo, natural colors, realistic texture, sharp focus on subject, no people, no text, no watermark, no logo, no border, no collage, no CGI, no illustration.","text, watermark, logo, caption, signature, border, frame, collage, multiple panels, cartoon, illustration, CGI, 3d render, low-poly, painting, anime, surreal, deformed, duplicate objects, extra limbs, blurry, out of focus, noise, oversaturated, posterized, artifacts, jpeg artifacts"
1885,automobile,sedan,driving,a backyard,front view,sunny afternoon,hard,a finely detailed photo,"a finely detailed photo of a sedan automobile driving in a backyard, front view, sunny afternoon. slight motion blur. single main subject, photorealistic color photo, natural colors, realistic texture, sharp focus on subject, no people, no text, no watermark, no logo, no border, no collage, no CGI, no illustration.","text, watermark, logo, caption, signature, border, frame, collage, multiple panels, cartoon, illustration, CGI, 3d render, low-poly, painting, anime, surreal, deformed, duplicate objects, extra limbs, blurry, out of focus, noise, oversaturated, posterized, artifacts, jpeg artifacts"
1526,automobile,hatchback,stopped at a curb,a quiet residential street,side profile,rainy with wet reflections,clean,a photorealistic color photo,"a photorealistic color photo of a hatchback automobile stopped at a curb in a quiet residential street, side profile, rainy with wet reflections. single main subject, photorealistic color photo, natural colors, realistic texture, sharp focus on subject, no people, no text, no watermark, no logo, no border, no collage, no CGI, no illustration.","text, watermark, logo, caption, signature, border, frame, collage, multiple panels, cartoon, illustration, CGI, 3d render, low-poly, painting, anime, surreal, deformed, duplicate objects, extra limbs, blurry, out of focus, noise, oversaturated, posterized, artifacts, jpeg artifacts"
1577,automobile,hatchback,parked,a quiet residential street,high angle,nighttime under streetlights,clean,a finely detailed photo,"a finely detailed photo of a hatchback automobile parked in a quiet residential street, high angle, nighttime under streetlights. single main subject, photorealistic color photo, natural colors, realistic texture, sharp focus on subject, no people, no text, no watermark, no logo, no border, no collage, no CGI, no illustration.","text, watermark, logo, caption, signature, border, frame, collage, multiple panels, cartoon, illustration, CGI, 3d render, low-poly, painting, anime, surreal, deformed, duplicate objects, extra limbs, blurry, out of focus, noise, oversaturated, posterized, artifacts, jpeg artifacts"
1006,automobile,compact car,turning at an intersection,a parking lot,wide shot,foggy morning,clean,a detailed photograph,"a detailed photograph of a compact car automobile turning at an intersection in a parking lot, wide shot, foggy morning. single main subject, photorealistic color photo, natural colors, realistic texture, sharp focus on subject, no people, no text, no watermark, no logo, no border, no collage, no CGI, no illustration.","text, watermark, logo, caption, signature, border, frame, collage, multiple panels, cartoon, illustration, CGI, 3d render, low-poly, painting, anime, surreal, deformed, duplicate objects, extra limbs, blurry, out of focus, noise, oversaturated, posterized, artifacts, jpeg artifacts"
1745,automobile,sports car,driving,a wet roadway after rain,slightly off-center framing,golden hour,clean,a professional photo,"a professional photo of a sports car automobile driving in a wet roadway after rain, slightly off-center framing, golden hour. single main subject, photorealistic color photo, natural colors, realistic texture, sharp focus on subject, no people, no text, no watermark, no logo, no border, no collage, no CGI, no illustration.","text, watermark, logo, caption, signature, border, frame, collage, multiple panels, cartoon, illustration, CGI, 3d render, low-poly, painting, anime, surreal, deformed, duplicate objects, extra limbs, blurry, out of focus, noise, oversaturated, posterized, artifacts, jpeg artifacts"
1340,automobile,coupe,turning at an intersection,a suburban neighborhood,high angle,indoor soft window light,clean,a photorealistic color photo,"a photorealistic color photo of a coupe automobile turning at an intersection in a suburban neighborhood, high angle, indoor soft window light. single main subject, photorealistic color photo, natural colors, realistic texture, sharp focus on subject, no people, no text, no watermark, no logo, no border, no collage, no CGI, no illustration.","text, watermark, logo, caption, signature, border, frame, collage, multiple panels, cartoon, illustration, CGI, 3d render, low-poly, painting, anime, surreal, deformed, duplicate objects, extra limbs, blurry, out of focus, noise, oversaturated, posterized, artifacts, jpeg artifacts"
1807,automobile,sports car,turning at an intersection,a sandy beach,wide shot,foggy morning,hard,an ultra-realistic rendering,"an ultra-realistic rendering of a sports car automobile turning at an intersection in a sandy beach, wide shot, foggy morning. in the distance. single main subject, photorealistic color photo, natural colors, realistic texture, sharp focus on subject, no people, no text, no watermark, no logo, no border, no collage, no CGI, no illustration.","text, watermark, logo, caption, signature, border, frame, collage, multiple panels, cartoon, illustration, CGI, 3d render, low-poly, painting, anime, surreal, deformed, duplicate objects, extra limbs, blurry, out of focus, noise, oversaturated, posterized, artifacts, jpeg artifacts"
1506,automobile,taxi,turning at an intersection,an urban street,3/4 view,sunny afternoon,clean,a finely detailed photo,"a finely detailed photo of a taxi automobile turning at an intersection in an urban street, 3/4 view, sunny afternoon. single main subject, photorealistic color photo, natural colors, realistic texture, sharp focus on subject, no people, no text, no watermark, no logo, no border, no collage, no CGI, no illustration.","text, watermark, logo, caption, signature, border, frame, collage, multiple panels, cartoon, illustration, CGI, 3d render, low-poly, painting, anime, surreal, deformed, duplicate objects, extra limbs, blurry, out of focus, noise, oversaturated, posterized, artifacts, jpeg artifacts"
1188,automobile,sedan,stopped at a curb,an industrial yard,low angle,backlit rim light,clean,a finely detailed photo,"a finely detailed photo of a sedan automobile stopped at a curb in an industrial yard, low angle, backlit rim light. single main subject, photorealistic color photo, natural colors, realistic texture, sharp focus on subject, no people, no text, no watermark, no logo, no border, no collage, no CGI, no illustration.","text, watermark, logo, caption, signature, border, frame, collage, multiple panels, cartoon, illustration, CGI, 3d render, low-poly, painting, anime, surreal, deformed, duplicate objects, extra limbs, blurry, out of focus, noise, oversaturated, posterized, artifacts, jpeg artifacts"
1841,automobile,sedan,turning at an intersection,a backyard,3/4 view,foggy morning,hard,a finely detailed photo,"a finely detailed photo of a sedan automobile turning at an intersection in a backyard, 3/4 view, foggy morning. cropped slightly. single main subject, photorealistic color photo, natural colors, realistic texture, sharp focus on subject, no people, no text, no watermark, no logo, no border, no collage, no CGI, no illustration.","text, watermark, logo, caption, signature, border, frame, collage, multiple panels, cartoon, illustration, CGI, 3d render, low-poly, painting, anime, surreal, deformed, duplicate objects, extra limbs, blurry, out of focus, noise, oversaturated, posterized, artifacts, jpeg artifacts"
1872,automobile,sports car,driving,a gravel lot,wide shot,rainy with wet reflections,hard,a detailed photograph,"a detailed photograph of a sports car automobile driving in a gravel lot, wide shot, rainy with wet reflections. cropped slightly. single main subject, photorealistic color photo, natural colors, realistic texture, sharp focus on subject, no people, no text, no watermark, no logo, no border, no collage, no CGI, no illustration.","text, watermark, logo, caption, signature, border, frame, collage, multiple panels, cartoon, illustration, CGI, 3d render, low-poly, painting, anime, surreal, deformed, duplicate objects, extra limbs, blurry, out of focus, noise, oversaturated, posterized, artifacts, jpeg artifacts"
1024,automobile,sedan,stopped at a curb,a parking lot,slightly off-center framing,sunny afternoon,clean,a photorealistic color photo,"a photorealistic color photo of a sedan automobile stopped at a curb in a parking lot, slightly off-center framing, sunny afternoon. single main subject, photorealistic color photo, natural colors, realistic texture, sharp focus on subject, no people, no text, no watermark, no logo, no border, no collage, no CGI, no illustration.","text, watermark, logo, caption, signature, border, frame, collage, multiple panels, cartoon, illustration, CGI, 3d render, low-poly, painting, anime, surreal, deformed, duplicate objects, extra limbs, blurry, out of focus, noise, oversaturated, posterized, artifacts, jpeg artifacts"
1114,automobile,hatchback,parked,a wet roadway after rain,close-up,nighttime under streetlights,clean,an ultra-realistic rendering,"an ultra-realistic rendering of a hatchback automobile parked in a wet roadway after rain, close-up, nighttime under streetlights. single main subject, photorealistic color photo, natural colors, realistic texture, sharp focus on subject, no people, no text, no watermark, no logo, no border, no collage, no CGI, no illustration.","text, watermark, logo, caption, signature, border, frame, collage, multiple panels, cartoon, illustration, CGI, 3d render, low-poly, painting, anime, surreal, deformed, duplicate objects, extra limbs, blurry, out of focus, noise, oversaturated, posterized, artifacts, jpeg artifacts"
1950,automobile,taxi,turning at an intersection,a backyard,side profile,foggy morning,hard,a professional photo,"a professional photo of a taxi automobile turning at an intersection in a backyard, side profile, foggy morning. slight motion blur. single main subject, photorealistic color photo, natural colors, realistic texture, sharp focus on subject, no people, no text, no watermark, no logo, no border, no collage, no CGI, no illustration.","text, watermark, logo, caption, signature, border, frame, collage, multiple panels, cartoon, illustration, CGI, 3d render, low-poly, painting, anime, surreal, deformed, duplicate objects, extra limbs, blurry, out of focus, noise, oversaturated, posterized, artifacts, jpeg artifacts"
1849,automobile,coupe,parked,a parking lot,front view,nighttime under streetlights,hard,a detailed photograph,"a detailed photograph of a coupe automobile parked in a parking lot, front view, nighttime under streetlights. partially occluded by a foreground object. single main subject, photorealistic color photo, natural colors, realistic texture, sharp focus on subject, no people, no text, no watermark, no logo, no border, no collage, no CGI, no illustration.","text, watermark, logo, caption, signature, border, frame, collage, multiple panels, cartoon, illustration, CGI, 3d render, low-poly, painting, anime, surreal, deformed, duplicate objects, extra limbs, blurry, out of focus, noise, oversaturated, posterized, artifacts, jpeg artifacts"
1026,automobile,coupe,turning at an intersection,a quiet residential street,3/4 view,foggy morning,clean,an ultra-realistic rendering,"an ultra-realistic rendering of a coupe automobile turning at an intersection in a quiet residential street, 3/4 view, foggy morning. single main subject, photorealistic color photo, natural colors, realistic texture, sharp focus on subject, no people, no text, no watermark, no logo, no border, no collage, no CGI, no illustration.","text, watermark, logo, caption, signature, border, frame, collage, multiple panels, cartoon, illustration, CGI, 3d render, low-poly, painting, anime, surreal, deformed, duplicate objects, extra limbs, blurry, out of focus, noise, oversaturated, posterized, artifacts, jpeg artifacts"
1342,automobile,coupe,turning at an intersection,an urban street,close-up,foggy morning,clean,an ultra-realistic rendering,"an ultra-realistic rendering of a coupe automobile turning at an intersection in an urban street, close-up, foggy morning. single main subject, photorealistic color photo, natural colors, realistic texture, sharp focus on subject, no people, no text, no watermark, no logo, no border, no collage, no CGI, no illustration.","text, watermark, logo, caption, signature, border, frame, collage, multiple panels, cartoon, illustration, CGI, 3d render, low-poly, painting, anime, surreal, deformed, duplicate objects, extra limbs, blurry, out of focus, noise, oversaturated, posterized, artifacts, jpeg artifacts"
1376,automobile,compact car,driving,a sandy beach,side profile,overcast daylight,clean,a high-quality image,"a high-quality image of a compact car automobile driving in a sandy beach, side profile, overcast daylight. single main subject, photorealistic color photo, natural colors, realistic texture, sharp focus on subject, no people, no text, no watermark, no logo, no border, no collage, no CGI, no illustration.","text, watermark, logo, caption, signature, border, frame, collage, multiple panels, cartoon, illustration, CGI, 3d render, low-poly, painting, anime, surreal, deformed, duplicate objects, extra limbs, blurry, out of focus, noise, oversaturated, posterized, artifacts, jpeg artifacts"
1663,automobile,taxi,driving,a countryside road,low angle,sunny afternoon,clean,a professional photo,"a professional photo of a taxi automobile driving in a countryside road, low angle, sunny afternoon. single main subject, photorealistic color photo, natural colors, realistic texture, sharp focus on subject, no people, no text, no watermark, no logo, no border, no collage, no CGI, no illustration.","text, watermark, logo, caption, signature, border, frame, collage, multiple panels, cartoon, illustration, CGI, 3d render, low-poly, painting, anime, surreal, deformed, duplicate objects, extra limbs, blurry, out of focus, noise, oversaturated, posterized, artifacts, jpeg artifacts"
1711,automobile,sedan,stopped at a curb,a countryside road,3/4 view,foggy morning,clean,a professional photo,"a professional photo of a sedan automobile stopped at a curb in a countryside road, 3/4 view, foggy morning. single main subject, photorealistic color photo, natural colors, realistic texture, sharp focus on subject, no people, no text, no watermark, no logo, no border, no collage, no CGI, no illustration.","text, watermark, logo, caption, signature, border, frame, collage, multiple panels, cartoon, illustration, CGI, 3d render, low-poly, painting, anime, surreal, deformed, duplicate objects, extra limbs, blurry, out of focus, noise, oversaturated, posterized, artifacts, jpeg artifacts"
1438,automobile,sports car,stopped at a curb,a sandy beach,close-up,sunny afternoon,clean,a high-quality image,"a high-quality image of a sports car automobile stopped at a curb in a sandy beach, close-up, sunny afternoon. single main subject, photorealistic color photo, natural colors, realistic texture, sharp focus on subject, no people, no text, no watermark, no logo, no border, no collage, no CGI, no illustration.","text, watermark, logo, caption, signature, border, frame, collage, multiple panels, cartoon, illustration, CGI, 3d render, low-poly, painting, anime, surreal, deformed, duplicate objects, extra limbs, blurry, out of focus, noise, oversaturated, posterized, artifacts, jpeg artifacts"
1061,automobile,compact car,driving,a quiet residential street,close-up,sunny afternoon,clean,a high-quality image,"a high-quality image of a compact car automobile driving in a quiet residential street, close-up, sunny afternoon. single main subject, photorealistic color photo, natural colors, realistic texture, sharp focus on subject, no people, no text, no watermark, no logo, no border, no collage, no CGI, no illustration.","text, watermark, logo, caption, signature, border, frame, collage, multiple panels, cartoon, illustration, CGI, 3d render, low-poly, painting, anime, surreal, deformed, duplicate objects, extra limbs, blurry, out of focus, noise, oversaturated, posterized, artifacts, jpeg artifacts"
1502,automobile,hatchback,parked,a quiet residential street,close-up,indoor soft window light,clean,an ultra-realistic rendering,"an ultra-realistic rendering of a hatchback automobile parked in a quiet residential street, close-up, indoor soft window light. single main subject, photorealistic color photo, natural colors, realistic texture, sharp focus on subject, no people, no text, no watermark, no logo, no border, no collage, no CGI, no illustration.","text, watermark, logo, caption, signature, border, frame, collage, multiple panels, cartoon, illustration, CGI, 3d render, low-poly, painting, anime, surreal, deformed, duplicate objects, extra limbs, blurry, out of focus, noise, oversaturated, posterized, artifacts, jpeg artifacts"
1216,automobile,sports car,parked,a suburban neighborhood,3/4 view,sunny afternoon,clean,a detailed photograph,"a detailed photograph of a sports car automobile parked in a suburban neighborhood, 3/4 view, sunny afternoon. single main subject, photorealistic color photo, natural colors, realistic texture, sharp focus on subject, no people, no text, no watermark, no logo, no border, no collage, no CGI, no illustration.","text, watermark, logo, caption, signature, border, frame, collage, multiple panels, cartoon, illustration, CGI, 3d render, low-poly, painting, anime, surreal, deformed, duplicate objects, extra limbs, blurry, out of focus, noise, oversaturated, posterized, artifacts, jpeg artifacts"
1106,automobile,compact car,turning at an intersection,a suburban neighborhood,high angle,golden hour,clean,a finely detailed photo,"a finely detailed photo of a compact car automobile turning at an intersection in a suburban neighborhood, high angle, golden hour. single main subject, photorealistic color photo, natural colors, realistic texture, sharp focus on subject, no people, no text, no watermark, no logo, no border, no collage, no CGI, no illustration.","text, watermark, logo, caption, signature, border, frame, collage, multiple panels, cartoon, illustration, CGI, 3d render, low-poly, painting, anime, surreal, deformed, duplicate objects, extra limbs, blurry, out of focus, noise, oversaturated, posterized, artifacts, jpeg artifacts"
1465,automobile,taxi,stopped at a curb,a suburban neighborhood,side profile,golden hour,clean,a finely detailed photo,"a finely detailed photo of a taxi automobile stopped at a curb in a suburban neighborhood, side profile, golden hour. single main subject, photorealistic color photo, natural colors, realistic texture, sharp focus on subject, no people, no text, no watermark, no logo, no border, no collage, no CGI, no illustration.","text, watermark, logo, caption, signature, border, frame, collage, multiple panels, cartoon, illustration, CGI, 3d render, low-poly, painting, anime, surreal, deformed, duplicate objects, extra limbs, blurry, out of focus, noise, oversaturated, posterized, artifacts, jpeg artifacts"
1939,automobile,taxi,stopped at a curb,a parking lot,high angle,overcast daylight,hard,a high-quality image,"a high-quality image of a taxi automobile stopped at a curb in a parking lot, high angle, overcast daylight. in the distance. single main subject, photorealistic color photo, natural colors, realistic texture, sharp focus on subject, no people, no text, no watermark, no logo, no border, no collage, no CGI, no illustration.","text, watermark, logo, caption, signature, border, frame, collage, multiple panels, cartoon, illustration, CGI, 3d render, low-poly, painting, anime, surreal, deformed, duplicate objects, extra limbs, blurry, out of focus, noise, oversaturated, posterized, artifacts, jpeg artifacts"
1305,automobile,taxi,stopped at a curb,a lakeside shore,high angle,foggy morning,clean,a high-quality image,"a high-quality image of a taxi automobile stopped at a curb in a lakeside shore, high angle, foggy morning. single main subject, photorealistic color photo, natural colors, realistic texture, sharp focus on subject, no people, no text, no watermark, no logo, no border, no collage, no CGI, no illustration.","text, watermark, logo, caption, signature, border, frame, collage, multiple panels, cartoon, illustration, CGI, 3d render, low-poly, painting, anime, surreal, deformed, duplicate objects, extra limbs, blurry, out of focus, noise, oversaturated, posterized, artifacts, jpeg artifacts"
1283,automobile,compact car,turning at an intersection,an industrial yard,side profile,rainy with wet reflections,clean,a photorealistic color photo,"a photorealistic color photo of a compact car automobile turning at an intersection in an industrial yard, side profile, rainy with wet reflections. single main subject, photorealistic color photo, natural colors, realistic texture, sharp focus on subject, no people, no text, no watermark, no logo, no border, no collage, no CGI, no illustration.","text, watermark, logo, caption, signature, border, frame, collage, multiple panels, cartoon, illustration, CGI, 3d render, low-poly, painting, anime, surreal, deformed, duplicate objects, extra limbs, blurry, out of focus, noise, oversaturated, posterized, artifacts, jpeg artifacts"
1538,automobile,taxi,turning at an intersection,an urban street,high angle,backlit rim light,clean,a finely detailed photo,"a finely detailed photo of a taxi automobile turning at an intersection in an urban street, high angle, backlit rim light. single main subject, photorealistic color photo, natural colors, realistic texture, sharp focus on subject, no people, no text, no watermark, no logo, no border, no collage, no CGI, no illustration.","text, watermark, logo, caption, signature, border, frame, collage, multiple panels, cartoon, illustration, CGI, 3d render, low-poly, painting, anime, surreal, deformed, duplicate objects, extra limbs, blurry, out of focus, noise, oversaturated, posterized, artifacts, jpeg artifacts"
1334,automobile,sports car,driving,a gravel lot,3/4 view,rainy with wet reflections,clean,a finely detailed photo,"a finely detailed photo of a sports car automobile driving in a gravel lot, 3/4 view, rainy with wet reflections. single main subject, photorealistic color photo, natural colors, realistic texture, sharp focus on subject, no people, no text, no watermark, no logo, no border, no collage, no CGI, no illustration.","text, watermark, logo, caption, signature, border, frame, collage, multiple panels, cartoon, illustration, CGI, 3d render, low-poly, painting, anime, surreal, deformed, duplicate objects, extra limbs, blurry, out of focus, noise, oversaturated, posterized, artifacts, jpeg artifacts"
1415,automobile,compact car,stopped at a curb,a parking lot,wide shot,golden hour,clean,a finely detailed photo,"a finely detailed photo of a compact car automobile stopped at a curb in a parking lot, wide shot, golden hour. single main subject, photorealistic color photo, natural colors, realistic texture, sharp focus on subject, no people, no text, no watermark, no logo, no border, no collage, no CGI, no illustration.","text, watermark, logo, caption, signature, border, frame, collage, multiple panels, cartoon, illustration, CGI, 3d render, low-poly, painting, anime, surreal, deformed, duplicate objects, extra limbs, blurry, out of focus, noise, oversaturated, posterized, artifacts, jpeg artifacts"
1497,automobile,sedan,parked,a forest clearing,wide shot,sunny afternoon,clean,a finely detailed photo,"a finely detailed photo of a sedan automobile parked in a forest clearing, wide shot, sunny afternoon. single main subject, photorealistic color photo, natural colors, realistic texture, sharp focus on subject, no people, no text, no watermark, no logo, no border, no collage, no CGI, no illustration.","text, watermark, logo, caption, signature, border, frame, collage, multiple panels, cartoon, illustration, CGI, 3d render, low-poly, painting, anime, surreal, deformed, duplicate objects, extra limbs, blurry, out of focus, noise, oversaturated, posterized, artifacts, jpeg artifacts"
1573,automobile,sports car,stopped at a curb,a forest clearing,low angle,foggy morning,clean,a professional photo,"a professional photo of a sports car automobile stopped at a curb in a forest clearing, low angle, foggy morning. single main subject, photorealistic color photo, natural colors, realistic texture, sharp focus on subject, no people, no text, no watermark, no logo, no border, no collage, no CGI, no illustration.","text, watermark, logo, caption, signature, border, frame, collage, multiple panels, cartoon, illustration, CGI, 3d render, low-poly, painting, anime, surreal, deformed, duplicate objects, extra limbs, blurry, out of focus, noise, oversaturated, posterized, artifacts, jpeg artifacts"
1980,automobile,sedan,parked,an urban street,cropped at the edge of the frame,indoor soft window light,hard,a professional photo,"a professional photo of a sedan automobile parked in an urban street, cropped at the edge of the frame, indoor soft window light. partially occluded by a foreground object. single main subject, photorealistic color photo, natural colors, realistic texture, sharp focus on subject, no people, no text, no watermark, no logo, no border, no collage, no CGI, no illustration.","text, watermark, logo, caption, signature, border, frame, collage, multiple panels, cartoon, illustration, CGI, 3d render, low-poly, painting, anime, surreal, deformed, duplicate objects, extra limbs, blurry, out of focus, noise, oversaturated, posterized, artifacts, jpeg artifacts"
1259,automobile,coupe,turning at an intersection,a countryside road,high angle,sunny afternoon,clean,a detailed photograph,"a detailed photograph of a coupe automobile turning at an intersection in a countryside road, high angle, sunny afternoon. single main subject, photorealistic color photo, natural colors, realistic texture, sharp focus on subject, no people, no text, no watermark, no logo, no border, no collage, no CGI, no illustration.","text, watermark, logo, caption, signature, border, frame, collage, multiple panels, cartoon, illustration, CGI, 3d render, low-poly, painting, anime, surreal, deformed, duplicate objects, extra limbs, blurry, out of focus, noise, oversaturated, posterized, artifacts, jpeg artifacts"
1363,automobile,sedan,stopped at a curb,a city park,low angle,indoor soft window light,clean,a photorealistic color photo,"a photorealistic color photo of a sedan automobile stopped at a curb in a city park, low angle, indoor soft window light. single main subject, photorealistic color photo, natural colors, realistic texture, sharp focus on subject, no people, no text, no watermark, no logo, no border, no collage, no CGI, no illustration.","text, watermark, logo, caption, signature, border, frame, collage, multiple panels, cartoon, illustration, CGI, 3d render, low-poly, painting, anime, surreal, deformed, duplicate objects, extra limbs, blurry, out of focus, noise, oversaturated, posterized, artifacts, jpeg artifacts"
1045,automobile,sedan,stopped at a curb,a city park,front view,rainy with wet reflections,clean,a detailed photograph,"a detailed photograph of a sedan automobile stopped at a curb in a city park, front view, rainy with wet reflections. single main subject, photorealistic color photo, natural colors, realistic texture, sharp focus on subject, no people, no text, no watermark, no logo, no border, no collage, no CGI, no illustration.","text, watermark, logo, caption, signature, border, frame, collage, multiple panels, cartoon, illustration, CGI, 3d render, low-poly, painting, anime, surreal, deformed, duplicate objects, extra limbs, blurry, out of focus, noise, oversaturated, posterized, artifacts, jpeg artifacts"
1272,automobile,sports car,stopped at a curb,a forest clearing,3/4 view,nighttime under streetlights,clean,a finely detailed photo,"a finely detailed photo of a sports car automobile stopped at a curb in a forest clearing, 3/4 view, nighttime under streetlights. single main subject, photorealistic color photo, natural colors, realistic texture, sharp focus on subject, no people, no text, no watermark, no logo, no border, no collage, no CGI, no illustration.","text, watermark, logo, caption, signature, border, frame, collage, multiple panels, cartoon, illustration, CGI, 3d render, low-poly, painting, anime, surreal, deformed, duplicate objects, extra limbs, blurry, out of focus, noise, oversaturated, posterized, artifacts, jpeg artifacts"
1741,automobile,hatchback,stopped at a curb,a sandy beach,side profile,indoor soft window light,clean,a photorealistic color photo,"a photorealistic color photo of a hatchback automobile stopped at a curb in a sandy beach, side profile, indoor soft window light. single main subject, photorealistic color photo, natural colors, realistic texture, sharp focus on subject, no people, no text, no watermark, no logo, no border, no collage, no CGI, no illustration.","text, watermark, logo, caption, signature, border, frame, collage, multiple panels, cartoon, illustration, CGI, 3d render, low-poly, painting, anime, surreal, deformed, duplicate objects, extra limbs, blurry, out of focus, noise, oversaturated, posterized, artifacts, jpeg artifacts"
1356,automobile,taxi,driving,a backyard,wide shot,rainy with wet reflections,clean,a finely detailed photo,"a finely detailed photo of a taxi automobile driving in a backyard, wide shot, rainy with wet reflections. single main subject, photorealistic color photo, natural colors, realistic texture, sharp focus on subject, no people, no text, no watermark, no logo, no border, no collage, no CGI, no illustration.","text, watermark, logo, caption, signature, border, frame, collage, multiple panels, cartoon, illustration, CGI, 3d render, low-poly, painting, anime, surreal, deformed, duplicate objects, extra limbs, blurry, out of focus, noise, oversaturated, posterized, artifacts, jpeg artifacts"
1426,automobile,coupe,turning at an intersection,a countryside road,low angle,nighttime under streetlights,clean,a detailed photograph,"a detailed photograph of a coupe automobile turning at an intersection in a countryside road, low angle, nighttime under streetlights. single main subject, photorealistic color photo, natural colors, realistic texture, sharp focus on subject, no people, no text, no watermark, no logo, no border, no collage, no CGI, no illustration.","text, watermark, logo, caption, signature, border, frame, collage, multiple panels, cartoon, illustration, CGI, 3d render, low-poly, painting, anime, surreal, deformed, duplicate objects, extra limbs, blurry, out of focus, noise, oversaturated, posterized, artifacts, jpeg artifacts"
1888,automobile,compact car,turning at an intersection,a parking lot,3/4 view,overcast daylight,hard,a professional photo,"a professional photo of a compact car automobile turning at an intersection in a parking lot, 3/4 view, overcast daylight. cropped slightly. single main subject, photorealistic color photo, natural colors, realistic texture, sharp focus on subject, no people, no text, no watermark, no logo, no border, no collage, no CGI, no illustration.","text, watermark, logo, caption, signature, border, frame, collage, multiple panels, cartoon, illustration, CGI, 3d render, low-poly, painting, anime, surreal, deformed, duplicate objects, extra limbs, blurry, out of focus, noise, oversaturated, posterized, artifacts, jpeg artifacts"
1582,automobile,sports car,stopped at a curb,a wet roadway after rain,close-up,backlit rim light,clean,a photorealistic color photo,"a photorealistic color photo of a sports car automobile stopped at a curb in a wet roadway after rain, close-up, backlit rim light. single main subject, photorealistic color photo, natural colors, realistic texture, sharp focus on subject, no people, no text, no watermark, no logo, no border, no collage, no CGI, no illustration.","text, watermark, logo, caption, signature, border, frame, collage, multiple panels, cartoon, illustration, CGI, 3d render, low-poly, painting, anime, surreal, deformed, duplicate objects, extra limbs, blurry, out of focus, noise, oversaturated, posterized, artifacts, jpeg artifacts"
1455,automobile,sedan,driving,a suburban neighborhood,high angle,overcast daylight,clean,a photorealistic color photo,"a photorealistic color photo of a sedan automobile driving in a suburban neighborhood, high angle, overcast daylight. single main subject, photorealistic color photo, natural colors, realistic texture, sharp focus on subject, no people, no text, no watermark, no logo, no border, no collage, no CGI, no illustration.","text, watermark, logo, caption, signature, border, frame, collage, multiple panels, cartoon, illustration, CGI, 3d render, low-poly, painting, anime, surreal, deformed, duplicate objects, extra limbs, blurry, out of focus, noise, oversaturated, posterized, artifacts, jpeg artifacts"
1040,automobile,sedan,parked,a countryside road,close-up,golden hour,clean,a photorealistic color photo,"a photorealistic color photo of a sedan automobile parked in a countryside road, close-up, golden hour. single main subject, photorealistic color photo, natural colors, realistic texture, sharp focus on subject, no people, no text, no watermark, no logo, no border, no collage, no CGI, no illustration.","text, watermark, logo, caption, signature, border, frame, collage, multiple panels, cartoon, illustration, CGI, 3d render, low-poly, painting, anime, surreal, deformed, duplicate objects, extra limbs, blurry, out of focus, noise, oversaturated, posterized, artifacts, jpeg artifacts"
1016,automobile,coupe,parked,a forest clearing,wide shot,indoor soft window light,clean,a professional photo,"a professional photo of a coupe automobile parked in a forest clearing, wide shot, indoor soft window light. single main subject, photorealistic color photo, natural colors, realistic texture, sharp focus on subject, no people, no text, no watermark, no logo, no border, no collage, no CGI, no illustration.","text, watermark, logo, caption, signature, border, frame, collage, multiple panels, cartoon, illustration, CGI, 3d render, low-poly, painting, anime, surreal, deformed, duplicate objects, extra limbs, blurry, out of focus, noise, oversaturated, posterized, artifacts, jpeg artifacts"
1878,automobile,taxi,stopped at a curb,an urban street,slightly off-center framing,rainy with wet reflections,hard,a detailed photograph,"a detailed photograph of a taxi automobile stopped at a curb in an urban street, slightly off-center framing, rainy with wet reflections. slight motion blur. single main subject, photorealistic color photo, natural colors, realistic texture, sharp focus on subject, no people, no text, no watermark, no logo, no border, no collage, no CGI, no illustration.","text, watermark, logo, caption, signature, border, frame, collage, multiple panels, cartoon, illustration, CGI, 3d render, low-poly, painting, anime, surreal, deformed, duplicate objects, extra limbs, blurry, out of focus, noise, oversaturated, posterized, artifacts, jpeg artifacts"
1034,automobile,hatchback,driving,an industrial yard,slightly off-center framing,backlit rim light,clean,a finely detailed photo,"a finely detailed photo of a hatchback automobile driving in an industrial yard, slightly off-center framing, backlit rim light. single main subject, photorealistic color photo, natural colors, realistic texture, sharp focus on subject, no people, no text, no watermark, no logo, no border, no collage, no CGI, no illustration.","text, watermark, logo, caption, signature, border, frame, collage, multiple panels, cartoon, illustration, CGI, 3d render, low-poly, painting, anime, surreal, deformed, duplicate objects, extra limbs, blurry, out of focus, noise, oversaturated, posterized, artifacts, jpeg artifacts"
1199,automobile,taxi,turning at an intersection,a forest clearing,front view,sunny afternoon,clean,a professional photo,"a professional photo of a taxi automobile turning at an intersection in a forest clearing, front view, sunny afternoon. single main subject, photorealistic color photo, natural colors, realistic texture, sharp focus on subject, no people, no text, no watermark, no logo, no border, no collage, no CGI, no illustration.","text, watermark, logo, caption, signature, border, frame, collage, multiple panels, cartoon, illustration, CGI, 3d render, low-poly, painting, anime, surreal, deformed, duplicate objects, extra limbs, blurry, out of focus, noise, oversaturated, posterized, artifacts, jpeg artifacts"
1543,automobile,coupe,driving,an urban street,wide shot,backlit rim light,clean,a professional photo,"a professional photo of a coupe automobile driving in an urban street, wide shot, backlit rim light. single main subject, photorealistic color photo, natural colors, realistic texture, sharp focus on subject, no people, no text, no watermark, no logo, no border, no collage, no CGI, no illustration.","text, watermark, logo, caption, signature, border, frame, collage, multiple panels, cartoon, illustration, CGI, 3d render, low-poly, painting, anime, surreal, deformed, duplicate objects, extra limbs, blurry, out of focus, noise, oversaturated, posterized, artifacts, jpeg artifacts"
1025,automobile,compact car,turning at an intersection,an industrial yard,close-up,foggy morning,clean,a photorealistic color photo,"a photorealistic color photo of a compact car automobile turning at an intersection in an industrial yard, close-up, foggy morning. single main subject, photorealistic color photo, natural colors, realistic texture, sharp focus on subject, no people, no text, no watermark, no logo, no border, no collage, no CGI, no illustration.","text, watermark, logo, caption, signature, border, frame, collage, multiple panels, cartoon, illustration, CGI, 3d render, low-poly, painting, anime, surreal, deformed, duplicate objects, extra limbs, blurry, out of focus, noise, oversaturated, posterized, artifacts, jpeg artifacts"
1859,automobile,taxi,driving,a quiet residential street,high angle,sunny afternoon,hard,a photorealistic color photo,"a photorealistic color photo of a taxi automobile driving in a quiet residential street, high angle, sunny afternoon. partially occluded by a foreground object. single main subject, photorealistic color photo, natural colors, realistic texture, sharp focus on subject, no people, no text, no watermark, no logo, no border, no collage, no CGI, no illustration.","text, watermark, logo, caption, signature, border, frame, collage, multiple panels, cartoon, illustration, CGI, 3d render, low-poly, painting, anime, surreal, deformed, duplicate objects, extra limbs, blurry, out of focus, noise, oversaturated, posterized, artifacts, jpeg artifacts"
1227,automobile,sedan,driving,an industrial yard,slightly off-center framing,sunny afternoon,clean,a detailed photograph,"a detailed photograph of a sedan automobile driving in an industrial yard, slightly off-center framing, sunny afternoon. single main subject, photorealistic color photo, natural colors, realistic texture, sharp focus on subject, no people, no text, no watermark, no logo, no border, no collage, no CGI, no illustration.","text, watermark, logo, caption, signature, border, frame, collage, multiple panels, cartoon, illustration, CGI, 3d render, low-poly, painting, anime, surreal, deformed, duplicate objects, extra limbs, blurry, out of focus, noise, oversaturated, posterized, artifacts, jpeg artifacts"
1895,automobile,taxi,parked,a lakeside shore,wide shot,rainy with wet reflections,hard,a professional photo,"a professional photo of a taxi automobile parked in a lakeside shore, wide shot, rainy with wet reflections. in the distance. single main subject, photorealistic color photo, natural colors, realistic texture, sharp focus on subject, no people, no text, no watermark, no logo, no border, no collage, no CGI, no illustration.","text, watermark, logo, caption, signature, border, frame, collage, multiple panels, cartoon, illustration, CGI, 3d render, low-poly, painting, anime, surreal, deformed, duplicate objects, extra limbs, blurry, out of focus, noise, oversaturated, posterized, artifacts, jpeg artifacts"
1753,automobile,taxi,stopped at a curb,a parking lot,low angle,backlit rim light,clean,a detailed photograph,"a detailed photograph of a taxi automobile stopped at a curb in a parking lot, low angle, backlit rim light. single main subject, photorealistic color photo, natural colors, realistic texture, sharp focus on subject, no people, no text, no watermark, no logo, no border, no collage, no CGI, no illustration.","text, watermark, logo, caption, signature, border, frame, collage, multiple panels, cartoon, illustration, CGI, 3d render, low-poly, painting, anime, surreal, deformed, duplicate objects, extra limbs, blurry, out of focus, noise, oversaturated, posterized, artifacts, jpeg artifacts"
1565,automobile,sports car,turning at an intersection,a parking lot,low angle,sunny afternoon,clean,a detailed photograph,"a detailed photograph of a sports car automobile turning at an intersection in a parking lot, low angle, sunny afternoon. single main subject, photorealistic color photo, natural colors, realistic texture, sharp focus on subject, no people, no text, no watermark, no logo, no border, no collage, no CGI, no illustration.","text, watermark, logo, caption, signature, border, frame, collage, multiple panels, cartoon, illustration, CGI, 3d render, low-poly, painting, anime, surreal, deformed, duplicate objects, extra limbs, blurry, out of focus, noise, oversaturated, posterized, artifacts, jpeg artifacts"
1769,automobile,coupe,turning at an intersection,a suburban neighborhood,front view,rainy with wet reflections,clean,a photorealistic color photo,"a photorealistic color photo of a coupe automobile turning at an intersection in a suburban neighborhood, front view, rainy with wet reflections. single main subject, photorealistic color photo, natural colors, realistic texture, sharp focus on subject, no people, no text, no watermark, no logo, no border, no collage, no CGI, no illustration.","text, watermark, logo, caption, signature, border, frame, collage, multiple panels, cartoon, illustration, CGI, 3d render, low-poly, painting, anime, surreal, deformed, duplicate objects, extra limbs, blurry, out of focus, noise, oversaturated, posterized, artifacts, jpeg artifacts"
1109,automobile,sports car,parked,a parking lot,low angle,overcast daylight,clean,a professional photo,"a professional photo of a sports car automobile parked in a parking lot, low angle, overcast daylight. single main subject, photorealistic color photo, natural colors, realistic texture, sharp focus on subject, no people, no text, no watermark, no logo, no border, no collage, no CGI, no illustration.","text, watermark, logo, caption, signature, border, frame, collage, multiple panels, cartoon, illustration, CGI, 3d render, low-poly, painting, anime, surreal, deformed, duplicate objects, extra limbs, blurry, out of focus, noise, oversaturated, posterized, artifacts, jpeg artifacts"
1246,automobile,compact car,stopped at a curb,a backyard,slightly off-center framing,indoor soft window light,clean,a high-quality image,"a high-quality image of a compact car automobile stopped at a curb in a backyard, slightly off-center framing, indoor soft window light. single main subject, photorealistic color photo, natural colors, realistic texture, sharp focus on subject, no people, no text, no watermark, no logo, no border, no collage, no CGI, no illustration.","text, watermark, logo, caption, signature, border, frame, collage, multiple panels, cartoon, illustration, CGI, 3d render, low-poly, painting, anime, surreal, deformed, duplicate objects, extra limbs, blurry, out of focus, noise, oversaturated, posterized, artifacts, jpeg artifacts"
1403,automobile,sedan,turning at an intersection,a countryside road,front view,foggy morning,clean,an ultra-realistic rendering,"an ultra-realistic rendering of a sedan automobile turning at an intersection in a countryside road, front view, foggy morning. single main subject, photorealistic color photo, natural colors, realistic texture, sharp focus on subject, no people, no text, no watermark, no logo, no border, no collage, no CGI, no illustration.","text, watermark, logo, caption, signature, border, frame, collage, multiple panels, cartoon, illustration, CGI, 3d render, low-poly, painting, anime, surreal, deformed, duplicate objects, extra limbs, blurry, out of focus, noise, oversaturated, posterized, artifacts, jpeg artifacts"
1636,automobile,sedan,parked,a lakeside shore,low angle,backlit rim light,clean,a photorealistic color photo,"a photorealistic color photo of a sedan automobile parked in a lakeside shore, low angle, backlit rim light. single main subject, photorealistic color photo, natural colors, realistic texture, sharp focus on subject, no people, no text, no watermark, no logo, no border, no collage, no CGI, no illustration.","text, watermark, logo, caption, signature, border, frame, collage, multiple panels, cartoon, illustration, CGI, 3d render, low-poly, painting, anime, surreal, deformed, duplicate objects, extra limbs, blurry, out of focus, noise, oversaturated, posterized, artifacts, jpeg artifacts"
1047,automobile,sedan,stopped at a curb,a countryside road,close-up,nighttime under streetlights,clean,a photorealistic color photo,"a photorealistic color photo of a sedan automobile stopped at a curb in a countryside road, close-up, nighttime under streetlights. single main subject, photorealistic color photo, natural colors, realistic texture, sharp focus on subject, no people, no text, no watermark, no logo, no border, no collage, no CGI, no illustration.","text, watermark, logo, caption, signature, border, frame, collage, multiple panels, cartoon, illustration, CGI, 3d render, low-poly, painting, anime, surreal, deformed, duplicate objects, extra limbs, blurry, out of focus, noise, oversaturated, posterized, artifacts, jpeg artifacts"
1603,automobile,sports car,stopped at a curb,a suburban neighborhood,front view,overcast daylight,clean,a high-quality image,"a high-quality image of a sports car automobile stopped at a curb in a suburban neighborhood, front view, overcast daylight. single main subject, photorealistic color photo, natural colors, realistic texture, sharp focus on subject, no people, no text, no watermark, no logo, no border, no collage, no CGI, no illustration.","text, watermark, logo, caption, signature, border, frame, collage, multiple panels, cartoon, illustration, CGI, 3d render, low-poly, painting, anime, surreal, deformed, duplicate objects, extra limbs, blurry, out of focus, noise, oversaturated, posterized, artifacts, jpeg artifacts"
1446,automobile,coupe,turning at an intersection,a backyard,3/4 view,nighttime under streetlights,clean,a high-quality image,"a high-quality image of a coupe automobile turning at an intersection in a backyard, 3/4 view, nighttime under streetlights. single main subject, photorealistic color photo, natural colors, realistic texture, sharp focus on subject, no people, no text, no watermark, no logo, no border, no collage, no CGI, no illustration.","text, watermark, logo, caption, signature, border, frame, collage, multiple panels, cartoon, illustration, CGI, 3d render, low-poly, painting, anime, surreal, deformed, duplicate objects, extra limbs, blurry, out of focus, noise, oversaturated, posterized, artifacts, jpeg artifacts"
1731,automobile,taxi,turning at an intersection,a wet roadway after rain,slightly off-center framing,nighttime under streetlights,clean,a finely detailed photo,"a finely detailed photo of a taxi automobile turning at an intersection in a wet roadway after rain, slightly off-center framing, nighttime under streetlights. single main subject, photorealistic color photo, natural colors, realistic texture, sharp focus on subject, no people, no text, no watermark, no logo, no border, no collage, no CGI, no illustration.","text, watermark, logo, caption, signature, border, frame, collage, multiple panels, cartoon, illustration, CGI, 3d render, low-poly, painting, anime, surreal, deformed, duplicate objects, extra limbs, blurry, out of focus, noise, oversaturated, posterized, artifacts, jpeg artifacts"
1507,automobile,sedan,stopped at a curb,a grassy field,close-up,backlit rim light,clean,a finely detailed photo,"a finely detailed photo of a sedan automobile stopped at a curb in a grassy field, close-up, backlit rim light. single main subject, photorealistic color photo, natural colors, realistic texture, sharp focus on subject, no people, no text, no watermark, no logo, no border, no collage, no CGI, no illustration.","text, watermark, logo, caption, signature, border, frame, collage, multiple panels, cartoon, illustration, CGI, 3d render, low-poly, painting, anime, surreal, deformed, duplicate objects, extra limbs, blurry, out of focus, noise, oversaturated, posterized, artifacts, jpeg artifacts"
1678,automobile,sedan,parked,a lakeside shore,front view,golden hour,clean,a high-quality image,"a high-quality image of a sedan automobile parked in a lakeside shore, front view, golden hour. single main subject, photorealistic color photo, natural colors, realistic texture, sharp focus on subject, no people, no text, no watermark, no logo, no border, no collage, no CGI, no illustration.","text, watermark, logo, caption, signature, border, frame, collage, multiple panels, cartoon, illustration, CGI, 3d render, low-poly, painting, anime, surreal, deformed, duplicate objects, extra limbs, blurry, out of focus, noise, oversaturated, posterized, artifacts, jpeg artifacts"
1491,automobile,sports car,driving,a lakeside shore,3/4 view,sunny afternoon,clean,an ultra-realistic rendering,"an ultra-realistic rendering of a sports car automobile driving in a lakeside shore, 3/4 view, sunny afternoon. single main subject, photorealistic color photo, natural colors, realistic texture, sharp focus on subject, no people, no text, no watermark, no logo, no border, no collage, no CGI, no illustration.","text, watermark, logo, caption, signature, border, frame, collage, multiple panels, cartoon, illustration, CGI, 3d render, low-poly, painting, anime, surreal, deformed, duplicate objects, extra limbs, blurry, out of focus, noise, oversaturated, posterized, artifacts, jpeg artifacts"
1586,automobile,sedan,parked,an industrial yard,high angle,golden hour,clean,a finely detailed photo,"a finely detailed photo of a sedan automobile parked in an industrial yard, high angle, golden hour. single main subject, photorealistic color photo, natural colors, realistic texture, sharp focus on subject, no people, no text, no watermark, no logo, no border, no collage, no CGI, no illustration.","text, watermark, logo, caption, signature, border, frame, collage, multiple panels, cartoon, illustration, CGI, 3d render, low-poly, painting, anime, surreal, deformed, duplicate objects, extra limbs, blurry, out of focus, noise, oversaturated, posterized, artifacts, jpeg artifacts"
1338,automobile,sedan,driving,a parking lot,wide shot,indoor soft window light,clean,a photorealistic color photo,"a photorealistic color photo of a sedan automobile driving in a parking lot, wide shot, indoor soft window light. single main subject, photorealistic color photo, natural colors, realistic texture, sharp focus on subject, no people, no text, no watermark, no logo, no border, no collage, no CGI, no illustration.","text, watermark, logo, caption, signature, border, frame, collage, multiple panels, cartoon, illustration, CGI, 3d render, low-poly, painting, anime, surreal, deformed, duplicate objects, extra limbs, blurry, out of focus, noise, oversaturated, posterized, artifacts, jpeg artifacts"
1429,automobile,sports car,driving,a quiet residential street,slightly off-center framing,sunny afternoon,clean,a photorealistic color photo,"a photorealistic color photo of a sports car automobile driving in a quiet residential street, slightly off-center framing, sunny afternoon. single main subject, photorealistic color photo, natural colors, realistic texture, sharp focus on subject, no people, no text, no watermark, no logo, no border, no collage, no CGI, no illustration.","text, watermark, logo, caption, signature, border, frame, collage, multiple panels, cartoon, illustration, CGI, 3d render, low-poly, painting, anime, surreal, deformed, duplicate objects, extra limbs, blurry, out of focus, noise, oversaturated, posterized, artifacts, jpeg artifacts"
1564,automobile,coupe,parked,a city park,high angle,golden hour,clean,an ultra-realistic rendering,"an ultra-realistic rendering of a coupe automobile parked in a city park, high angle, golden hour. single main subject, photorealistic color photo, natural colors, realistic texture, sharp focus on subject, no people, no text, no watermark, no logo, no border, no collage, no CGI, no illustration.","text, watermark, logo, caption, signature, border, frame, collage, multiple panels, cartoon, illustration, CGI, 3d render, low-poly, painting, anime, surreal, deformed, duplicate objects, extra limbs, blurry, out of focus, noise, oversaturated, posterized, artifacts, jpeg artifacts"
1374,automobile,coupe,parked,a suburban neighborhood,front view,nighttime under streetlights,clean,a professional photo,"a professional photo of a coupe automobile parked in a suburban neighborhood, front view, nighttime under streetlights. single main subject, photorealistic color photo, natural colors, realistic texture, sharp focus on subject, no people, no text, no watermark, no logo, no border, no collage, no CGI, no illustration.","text, watermark, logo, caption, signature, border, frame, collage, multiple panels, cartoon, illustration, CGI, 3d render, low-poly, painting, anime, surreal, deformed, duplicate objects, extra limbs, blurry, out of focus, noise, oversaturated, posterized, artifacts, jpeg artifacts"
1576,automobile,coupe,stopped at a curb,an industrial yard,side profile,golden hour,clean,a photorealistic color photo,"a photorealistic color photo of a coupe automobile stopped at a curb in an industrial yard, side profile, golden hour. single main subject, photorealistic color photo, natural colors, realistic texture, sharp focus on subject, no people, no text, no watermark, no logo, no border, no collage, no CGI, no illustration.","text, watermark, logo, caption, signature, border, frame, collage, multiple panels, cartoon, illustration, CGI, 3d render, low-poly, painting, anime, surreal, deformed, duplicate objects, extra limbs, blurry, out of focus, noise, oversaturated, posterized, artifacts, jpeg artifacts"
1056,automobile,sedan,parked,a wet roadway after rain,low angle,nighttime under streetlights,clean,a detailed photograph,"a detailed photograph of a sedan automobile parked in a wet roadway after rain, low angle, nighttime under streetlights. single main subject, photorealistic color photo, natural colors, realistic texture, sharp focus on subject, no people, no text, no watermark, no logo, no border, no collage, no CGI, no illustration.","text, watermark, logo, caption, signature, border, frame, collage, multiple panels, cartoon, illustration, CGI, 3d render, low-poly, painting, anime, surreal, deformed, duplicate objects, extra limbs, blurry, out of focus, noise, oversaturated, posterized, artifacts, jpeg artifacts"
1133,automobile,taxi,driving,a forest clearing,slightly off-center framing,sunny afternoon,clean,a photorealistic color photo,"a photorealistic color photo of a taxi automobile driving in a forest clearing, slightly off-center framing, sunny afternoon. single main subject, photorealistic color photo, natural colors, realistic texture, sharp focus on subject, no people, no text, no watermark, no logo, no border, no collage, no CGI, no illustration.","text, watermark, logo, caption, signature, border, frame, collage, multiple panels, cartoon, illustration, CGI, 3d render, low-poly, painting, anime, surreal, deformed, duplicate objects, extra limbs, blurry, out of focus, noise, oversaturated, posterized, artifacts, jpeg artifacts"
1041,automobile,coupe,stopped at a curb,a grassy field,wide shot,rainy with wet reflections,clean,a photorealistic color photo,"a photorealistic color photo of a coupe automobile stopped at a curb in a grassy field, wide shot, rainy with wet reflections. single main subject, photorealistic color photo, natural colors, realistic texture, sharp focus on subject, no people, no text, no watermark, no logo, no border, no collage, no CGI, no illustration.","text, watermark, logo, caption, signature, border, frame, collage, multiple panels, cartoon, illustration, CGI, 3d render, low-poly, painting, anime, surreal, deformed, duplicate objects, extra limbs, blurry, out of focus, noise, oversaturated, posterized, artifacts, jpeg artifacts"
1905,automobile,sedan,driving,a forest clearing,high angle,foggy morning,hard,a finely detailed photo,"a finely detailed photo of a sedan automobile driving in a forest clearing, high angle, foggy morning. cropped slightly. single main subject, photorealistic color photo, natural colors, realistic texture, sharp focus on subject, no people, no text, no watermark, no logo, no border, no collage, no CGI, no illustration.","text, watermark, logo, caption, signature, border, frame, collage, multiple panels, cartoon, illustration, CGI, 3d render, low-poly, painting, anime, surreal, deformed, duplicate objects, extra limbs, blurry, out of focus, noise, oversaturated, posterized, artifacts, jpeg artifacts"
1735,automobile,taxi,parked,a suburban neighborhood,front view,backlit rim light,clean,a photorealistic color photo,"a photorealistic color photo of a taxi automobile parked in a suburban neighborhood, front view, backlit rim light. single main subject, photorealistic color photo, natural colors, realistic texture, sharp focus on subject, no people, no text, no watermark, no logo, no border, no collage, no CGI, no illustration.","text, watermark, logo, caption, signature, border, frame, collage, multiple panels, cartoon, illustration, CGI, 3d render, low-poly, painting, anime, surreal, deformed, duplicate objects, extra limbs, blurry, out of focus, noise, oversaturated, posterized, artifacts, jpeg artifacts"
1142,automobile,sports car,parked,a gravel lot,front view,foggy morning,clean,an ultra-realistic rendering,"an ultra-realistic rendering of a sports car automobile parked in a gravel lot, front view, foggy morning. single main subject, photorealistic color photo, natural colors, realistic texture, sharp focus on subject, no people, no text, no watermark, no logo, no border, no collage, no CGI, no illustration.","text, watermark, logo, caption, signature, border, frame, collage, multiple panels, cartoon, illustration, CGI, 3d render, low-poly, painting, anime, surreal, deformed, duplicate objects, extra limbs, blurry, out of focus, noise, oversaturated, posterized, artifacts, jpeg artifacts"
1628,automobile,hatchback,parked,a grassy field,low angle,sunny afternoon,clean,a high-quality image,"a high-quality image of a hatchback automobile parked in a grassy field, low angle, sunny afternoon. single main subject, photorealistic color photo, natural colors, realistic texture, sharp focus on subject, no people, no text, no watermark, no logo, no border, no collage, no CGI, no illustration.","text, watermark, logo, caption, signature, border, frame, collage, multiple panels, cartoon, illustration, CGI, 3d render, low-poly, painting, anime, surreal, deformed, duplicate objects, extra limbs, blurry, out of focus, noise, oversaturated, posterized, artifacts, jpeg artifacts"
1312,automobile,hatchback,turning at an intersection,a parking lot,low angle,indoor soft window light,clean,an ultra-realistic rendering,"an ultra-realistic rendering of a hatchback automobile turning at an intersection in a parking lot, low angle, indoor soft window light. single main subject, photorealistic color photo, natural colors, realistic texture, sharp focus on subject, no people, no text, no watermark, no logo, no border, no collage, no CGI, no illustration.","text, watermark, logo, caption, signature, border, frame, collage, multiple panels, cartoon, illustration, CGI, 3d render, low-poly, painting, anime, surreal, deformed, duplicate objects, extra limbs, blurry, out of focus, noise, oversaturated, posterized, artifacts, jpeg artifacts"
1370,automobile,taxi,parked,a city park,low angle,foggy morning,clean,a detailed photograph,"a detailed photograph of a taxi automobile parked in a city park, low angle, foggy morning. single main subject, photorealistic color photo, natural colors, realistic texture, sharp focus on subject, no people, no text, no watermark, no logo, no border, no collage, no CGI, no illustration.","text, watermark, logo, caption, signature, border, frame, collage, multiple panels, cartoon, illustration, CGI, 3d render, low-poly, painting, anime, surreal, deformed, duplicate objects, extra limbs, blurry, out of focus, noise, oversaturated, posterized, artifacts, jpeg artifacts"
1778,automobile,sedan,turning at an intersection,a city park,3/4 view,backlit rim light,clean,a professional photo,"a professional photo of a sedan automobile turning at an intersection in a city park, 3/4 view, backlit rim light. single main subject, photorealistic color photo, natural colors, realistic texture, sharp focus on subject, no people, no text, no watermark, no logo, no border, no collage, no CGI, no illustration.","text, watermark, logo, caption, signature, border, frame, collage, multiple panels, cartoon, illustration, CGI, 3d render, low-poly, painting, anime, surreal, deformed, duplicate objects, extra limbs, blurry, out of focus, noise, oversaturated, posterized, artifacts, jpeg artifacts"
1432,automobile,sedan,parked,a parking lot,front view,overcast daylight,clean,a finely detailed photo,"a finely detailed photo of a sedan automobile parked in a parking lot, front view, overcast daylight. single main subject, photorealistic color photo, natural colors, realistic texture, sharp focus on subject, no people, no text, no watermark, no logo, no border, no collage, no CGI, no illustration.","text, watermark, logo, caption, signature, border, frame, collage, multiple panels, cartoon, illustration, CGI, 3d render, low-poly, painting, anime, surreal, deformed, duplicate objects, extra limbs, blurry, out of focus, noise, oversaturated, posterized, artifacts, jpeg artifacts"
1738,automobile,taxi,driving,a city park,close-up,overcast daylight,clean,a high-quality image,"a high-quality image of a taxi automobile driving in a city park, close-up, overcast daylight. single main subject, photorealistic color photo, natural colors, realistic texture, sharp focus on subject, no people, no text, no watermark, no logo, no border, no collage, no CGI, no illustration.","text, watermark, logo, caption, signature, border, frame, collage, multiple panels, cartoon, illustration, CGI, 3d render, low-poly, painting, anime, surreal, deformed, duplicate objects, extra limbs, blurry, out of focus, noise, oversaturated, posterized, artifacts, jpeg artifacts"
1065,automobile,sedan,parked,a lakeside shore,front view,nighttime under streetlights,clean,a detailed photograph,"a detailed photograph of a sedan automobile parked in a lakeside shore, front view, nighttime under streetlights. single main subject, photorealistic color photo, natural colors, realistic texture, sharp focus on subject, no people, no text, no watermark, no logo, no border, no collage, no CGI, no illustration.","text, watermark, logo, caption, signature, border, frame, collage, multiple panels, cartoon, illustration, CGI, 3d render, low-poly, painting, anime, surreal, deformed, duplicate objects, extra limbs, blurry, out of focus, noise, oversaturated, posterized, artifacts, jpeg artifacts"
1118,automobile,hatchback,stopped at a curb,a forest clearing,wide shot,rainy with wet reflections,clean,a photorealistic color photo,"a photorealistic color photo of a hatchback automobile stopped at a curb in a forest clearing, wide shot, rainy with wet reflections. single main subject, photorealistic color photo, natural colors, realistic texture, sharp focus on subject, no people, no text, no watermark, no logo, no border, no collage, no CGI, no illustration.","text, watermark, logo, caption, signature, border, frame, collage, multiple panels, cartoon, illustration, CGI, 3d render, low-poly, painting, anime, surreal, deformed, duplicate objects, extra limbs, blurry, out of focus, noise, oversaturated, posterized, artifacts, jpeg artifacts"
1689,automobile,taxi,stopped at a curb,a forest clearing,close-up,rainy with wet reflections,clean,a photorealistic color photo,"a photorealistic color photo of a taxi automobile stopped at a curb in a forest clearing, close-up, rainy with wet reflections. single main subject, photorealistic color photo, natural colors, realistic texture, sharp focus on subject, no people, no text, no watermark, no logo, no border, no collage, no CGI, no illustration.","text, watermark, logo, caption, signature, border, frame, collage, multiple panels, cartoon, illustration, CGI, 3d render, low-poly, painting, anime, surreal, deformed, duplicate objects, extra limbs, blurry, out of focus, noise, oversaturated, posterized, artifacts, jpeg artifacts"
1184,automobile,taxi,parked,a parking lot,wide shot,overcast daylight,clean,a high-quality image,"a high-quality image of a taxi automobile parked in a parking lot, wide shot, overcast daylight. single main subject, photorealistic color photo, natural colors, realistic texture, sharp focus on subject, no people, no text, no watermark, no logo, no border, no collage, no CGI, no illustration.","text, watermark, logo, caption, signature, border, frame, collage, multiple panels, cartoon, illustration, CGI, 3d render, low-poly, painting, anime, surreal, deformed, duplicate objects, extra limbs, blurry, out of focus, noise, oversaturated, posterized, artifacts, jpeg artifacts"
1805,automobile,coupe,stopped at a curb,an industrial yard,wide shot,rainy with wet reflections,hard,a finely detailed photo,"a finely detailed photo of a coupe automobile stopped at a curb in an industrial yard, wide shot, rainy with wet reflections. cropped slightly. single main subject, photorealistic color photo, natural colors, realistic texture, sharp focus on subject, no people, no text, no watermark, no logo, no border, no collage, no CGI, no illustration.","text, watermark, logo, caption, signature, border, frame, collage, multiple panels, cartoon, illustration, CGI, 3d render, low-poly, painting, anime, surreal, deformed, duplicate objects, extra limbs, blurry, out of focus, noise, oversaturated, posterized, artifacts, jpeg artifacts"
1873,automobile,sports car,parked,a quiet residential street,low angle,indoor soft window light,hard,an ultra-realistic rendering,"an ultra-realistic rendering of a sports car automobile parked in a quiet residential street, low angle, indoor soft window light. cropped slightly. single main subject, photorealistic color photo, natural colors, realistic texture, sharp focus on subject, no people, no text, no watermark, no logo, no border, no collage, no CGI, no illustration.","text, watermark, logo, caption, signature, border, frame, collage, multiple panels, cartoon, illustration, CGI, 3d render, low-poly, painting, anime, surreal, deformed, duplicate objects, extra limbs, blurry, out of focus, noise, oversaturated, posterized, artifacts, jpeg artifacts"
1514,automobile,taxi,driving,a wet roadway after rain,slightly off-center framing,rainy with wet reflections,clean,a detailed photograph,"a detailed photograph of a taxi automobile driving in a wet roadway after rain, slightly off-center framing, rainy with wet reflections. single main subject, photorealistic color photo, natural colors, realistic texture, sharp focus on subject, no people, no text, no watermark, no logo, no border, no collage, no CGI, no illustration.","text, watermark, logo, caption, signature, border, frame, collage, multiple panels, cartoon, illustration, CGI, 3d render, low-poly, painting, anime, surreal, deformed, duplicate objects, extra limbs, blurry, out of focus, noise, oversaturated, posterized, artifacts, jpeg artifacts"
1333,automobile,sports car,parked,a grassy field,front view,sunny afternoon,clean,a finely detailed photo,"a finely detailed photo of a sports car automobile parked in a grassy field, front view, sunny afternoon. single main subject, photorealistic color photo, natural colors, realistic texture, sharp focus on subject, no people, no text, no watermark, no logo, no border, no collage, no CGI, no illustration.","text, watermark, logo, caption, signature, border, frame, collage, multiple panels, cartoon, illustration, CGI, 3d render, low-poly, painting, anime, surreal, deformed, duplicate objects, extra limbs, blurry, out of focus, noise, oversaturated, posterized, artifacts, jpeg artifacts"
1127,automobile,compact car,driving,an urban street,wide shot,foggy morning,clean,a detailed photograph,"a detailed photograph of a compact car automobile driving in an urban street, wide shot, foggy morning. single main subject, photorealistic color photo, natural colors, realistic texture, sharp focus on subject, no people, no text, no watermark, no logo, no border, no collage, no CGI, no illustration.","text, watermark, logo, caption, signature, border, frame, collage, multiple panels, cartoon, illustration, CGI, 3d render, low-poly, painting, anime, surreal, deformed, duplicate objects, extra limbs, blurry, out of focus, noise, oversaturated, posterized, artifacts, jpeg artifacts"
1730,automobile,sedan,parked,a grassy field,front view,sunny afternoon,clean,a high-quality image,"a high-quality image of a sedan automobile parked in a grassy field, front view, sunny afternoon. single main subject, photorealistic color photo, natural colors, realistic texture, sharp focus on subject, no people, no text, no watermark, no logo, no border, no collage, no CGI, no illustration.","text, watermark, logo, caption, signature, border, frame, collage, multiple panels, cartoon, illustration, CGI, 3d render, low-poly, painting, anime, surreal, deformed, duplicate objects, extra limbs, blurry, out of focus, noise, oversaturated, posterized, artifacts, jpeg artifacts"
1513,automobile,hatchback,driving,an urban street,3/4 view,rainy with wet reflections,clean,an ultra-realistic rendering,"an ultra-realistic rendering of a hatchback automobile driving in an urban street, 3/4 view, rainy with wet reflections. single main subject, photorealistic color photo, natural colors, realistic texture, sharp focus on subject, no people, no text, no watermark, no logo, no border, no collage, no CGI, no illustration.","text, watermark, logo, caption, signature, border, frame, collage, multiple panels, cartoon, illustration, CGI, 3d render, low-poly, painting, anime, surreal, deformed, duplicate objects, extra limbs, blurry, out of focus, noise, oversaturated, posterized, artifacts, jpeg artifacts"
1137,automobile,compact car,driving,a suburban neighborhood,3/4 view,foggy morning,clean,a detailed photograph,"a detailed photograph of a compact car automobile driving in a suburban neighborhood, 3/4 view, foggy morning. single main subject, photorealistic color photo, natural colors, realistic texture, sharp focus on subject, no people, no text, no watermark, no logo, no border, no collage, no CGI, no illustration.","text, watermark, logo, caption, signature, border, frame, collage, multiple panels, cartoon, illustration, CGI, 3d render, low-poly, painting, anime, surreal, deformed, duplicate objects, extra limbs, blurry, out of focus, noise, oversaturated, posterized, artifacts, jpeg artifacts"
1744,automobile,taxi,stopped at a curb,a forest clearing,slightly off-center framing,nighttime under streetlights,clean,a finely detailed photo,"a finely detailed photo of a taxi automobile stopped at a curb in a forest clearing, slightly off-center framing, nighttime under streetlights. single main subject, photorealistic color photo, natural colors, realistic texture, sharp focus on subject, no people, no text, no watermark, no logo, no border, no collage, no CGI, no illustration.","text, watermark, logo, caption, signature, border, frame, collage, multiple panels, cartoon, illustration, CGI, 3d render, low-poly, painting, anime, surreal, deformed, duplicate objects, extra limbs, blurry, out of focus, noise, oversaturated, posterized, artifacts, jpeg artifacts"
1923,automobile,hatchback,turning at an intersection,a parking lot,close-up,overcast daylight,hard,a detailed photograph,"a detailed photograph of a hatchback automobile turning at an intersection in a parking lot, close-up, overcast daylight. busy background but still one main subject. single main subject, photorealistic color photo, natural colors, realistic texture, sharp focus on subject, no people, no text, no watermark, no logo, no border, no collage, no CGI, no illustration.","text, watermark, logo, caption, signature, border, frame, collage, multiple panels, cartoon, illustration, CGI, 3d render, low-poly, painting, anime, surreal, deformed, duplicate objects, extra limbs, blurry, out of focus, noise, oversaturated, posterized, artifacts, jpeg artifacts"
1310,automobile,hatchback,turning at an intersection,a forest clearing,close-up,nighttime under streetlights,clean,a professional photo,"a professional photo of a hatchback automobile turning at an intersection in a forest clearing, close-up, nighttime under streetlights. single main subject, photorealistic color photo, natural colors, realistic texture, sharp focus on subject, no people, no text, no watermark, no logo, no border, no collage, no CGI, no illustration.","text, watermark, logo, caption, signature, border, frame, collage, multiple panels, cartoon, illustration, CGI, 3d render, low-poly, painting, anime, surreal, deformed, duplicate objects, extra limbs, blurry, out of focus, noise, oversaturated, posterized, artifacts, jpeg artifacts"
1724,automobile,compact car,driving,an industrial yard,slightly off-center framing,nighttime under streetlights,clean,a high-quality image,"a high-quality image of a compact car automobile driving in an industrial yard, slightly off-center framing, nighttime under streetlights. single main subject, photorealistic color photo, natural colors, realistic texture, sharp focus on subject, no people, no text, no watermark, no logo, no border, no collage, no CGI, no illustration.","text, watermark, logo, caption, signature, border, frame, collage, multiple panels, cartoon, illustration, CGI, 3d render, low-poly, painting, anime, surreal, deformed, duplicate objects, extra limbs, blurry, out of focus, noise, oversaturated, posterized, artifacts, jpeg artifacts"
1811,automobile,coupe,parked,a parking lot,distant subject in the background,indoor soft window light,hard,a high-quality image,"a high-quality image of a coupe automobile parked in a parking lot, distant subject in the background, indoor soft window light. in the distance. single main subject, photorealistic color photo, natural colors, realistic texture, sharp focus on subject, no people, no text, no watermark, no logo, no border, no collage, no CGI, no illustration.","text, watermark, logo, caption, signature, border, frame, collage, multiple panels, cartoon, illustration, CGI, 3d render, low-poly, painting, anime, surreal, deformed, duplicate objects, extra limbs, blurry, out of focus, noise, oversaturated, posterized, artifacts, jpeg artifacts"
1459,automobile,sedan,parked,an industrial yard,front view,rainy with wet reflections,clean,a high-quality image,"a high-quality image of a sedan automobile parked in an industrial yard, front view, rainy with wet reflections. single main subject, photorealistic color photo, natural colors, realistic texture, sharp focus on subject, no people, no text, no watermark, no logo, no border, no collage, no CGI, no illustration.","text, watermark, logo, caption, signature, border, frame, collage, multiple panels, cartoon, illustration, CGI, 3d render, low-poly, painting, anime, surreal, deformed, duplicate objects, extra limbs, blurry, out of focus, noise, oversaturated, posterized, artifacts, jpeg artifacts"
1367,automobile,sedan,driving,a countryside road,high angle,sunny afternoon,clean,an ultra-realistic rendering,"an ultra-realistic rendering of a sedan automobile driving in a countryside road, high angle, sunny afternoon. single main subject, photorealistic color photo, natural colors, realistic texture, sharp focus on subject, no people, no text, no watermark, no logo, no border, no collage, no CGI, no illustration.","text, watermark, logo, caption, signature, border, frame, collage, multiple panels, cartoon, illustration, CGI, 3d render, low-poly, painting, anime, surreal, deformed, duplicate objects, extra limbs, blurry, out of focus, noise, oversaturated, posterized, artifacts, jpeg artifacts"
1239,automobile,taxi,stopped at a curb,an industrial yard,front view,indoor soft window light,clean,a detailed photograph,"a detailed photograph of a taxi automobile stopped at a curb in an industrial yard, front view, indoor soft window light. single main subject, photorealistic color photo, natural colors, realistic texture, sharp focus on subject, no people, no text, no watermark, no logo, no border, no collage, no CGI, no illustration.","text, watermark, logo, caption, signature, border, frame, collage, multiple panels, cartoon, illustration, CGI, 3d render, low-poly, painting, anime, surreal, deformed, duplicate objects, extra limbs, blurry, out of focus, noise, oversaturated, posterized, artifacts, jpeg artifacts"
1372,automobile,sports car,parked,an urban street,wide shot,indoor soft window light,clean,a photorealistic color photo,"a photorealistic color photo of a sports car automobile parked in an urban street, wide shot, indoor soft window light. single main subject, photorealistic color photo, natural colors, realistic texture, sharp focus on subject, no people, no text, no watermark, no logo, no border, no collage, no CGI, no illustration.","text, watermark, logo, caption, signature, border, frame, collage, multiple panels, cartoon, illustration, CGI, 3d render, low-poly, painting, anime, surreal, deformed, duplicate objects, extra limbs, blurry, out of focus, noise, oversaturated, posterized, artifacts, jpeg artifacts"
1037,automobile,taxi,driving,a countryside road,close-up,indoor soft window light,clean,an ultra-realistic rendering,"an ultra-realistic rendering of a taxi automobile driving in a countryside road, close-up, indoor soft window light. single main subject, photorealistic color photo, natural colors, realistic texture, sharp focus on subject, no people, no text, no watermark, no logo, no border, no collage, no CGI, no illustration.","text, watermark, logo, caption, signature, border, frame, collage, multiple panels, cartoon, illustration, CGI, 3d render, low-poly, painting, anime, surreal, deformed, duplicate objects, extra limbs, blurry, out of focus, noise, oversaturated, posterized, artifacts, jpeg artifacts"
1150,automobile,compact car,stopped at a curb,a countryside road,front view,overcast daylight,clean,a finely detailed photo,"a finely detailed photo of a compact car automobile stopped at a curb in a countryside road, front view, overcast daylight. single main subject, photorealistic color photo, natural colors, realistic texture, sharp focus on subject, no people, no text, no watermark, no logo, no border, no collage, no CGI, no illustration.","text, watermark, logo, caption, signature, border, frame, collage, multiple panels, cartoon, illustration, CGI, 3d render, low-poly, painting, anime, surreal, deformed, duplicate objects, extra limbs, blurry, out of focus, noise, oversaturated, posterized, artifacts, jpeg artifacts"
1752,automobile,sports car,stopped at a curb,an urban street,side profile,backlit rim light,clean,a finely detailed photo,"a finely detailed photo of a sports car automobile stopped at a curb in an urban street, side profile, backlit rim light. single main subject, photorealistic color photo, natural colors, realistic texture, sharp focus on subject, no people, no text, no watermark, no logo, no border, no collage, no CGI, no illustration.","text, watermark, logo, caption, signature, border, frame, collage, multiple panels, cartoon, illustration, CGI, 3d render, low-poly, painting, anime, surreal, deformed, duplicate objects, extra limbs, blurry, out of focus, noise, oversaturated, posterized, artifacts, jpeg artifacts"
1158,automobile,sports car,parked,a backyard,slightly off-center framing,indoor soft window light,clean,a finely detailed photo,"a finely detailed photo of a sports car automobile parked in a backyard, slightly off-center framing, indoor soft window light. single main subject, photorealistic color photo, natural colors, realistic texture, sharp focus on subject, no people, no text, no watermark, no logo, no border, no collage, no CGI, no illustration.","text, watermark, logo, caption, signature, border, frame, collage, multiple panels, cartoon, illustration, CGI, 3d render, low-poly, painting, anime, surreal, deformed, duplicate objects, extra limbs, blurry, out of focus, noise, oversaturated, posterized, artifacts, jpeg artifacts"
1087,automobile,taxi,stopped at a curb,a backyard,high angle,foggy morning,clean,an ultra-realistic rendering,"an ultra-realistic rendering of a taxi automobile stopped at a curb in a backyard, high angle, foggy morning. single main subject, photorealistic color photo, natural colors, realistic texture, sharp focus on subject, no people, no text, no watermark, no logo, no border, no collage, no CGI, no illustration.","text, watermark, logo, caption, signature, border, frame, collage, multiple panels, cartoon, illustration, CGI, 3d render, low-poly, painting, anime, surreal, deformed, duplicate objects, extra limbs, blurry, out of focus, noise, oversaturated, posterized, artifacts, jpeg artifacts"
1957,automobile,coupe,parked,a sandy beach,low angle,golden hour,hard,a detailed photograph,"a detailed photograph of a coupe automobile parked in a sandy beach, low angle, golden hour. slight motion blur. single main subject, photorealistic color photo, natural colors, realistic texture, sharp focus on subject, no people, no text, no watermark, no logo, no border, no collage, no CGI, no illustration.","text, watermark, logo, caption, signature, border, frame, collage, multiple panels, cartoon, illustration, CGI, 3d render, low-poly, painting, anime, surreal, deformed, duplicate objects, extra limbs, blurry, out of focus, noise, oversaturated, posterized, artifacts, jpeg artifacts"
1965,automobile,coupe,stopped at a curb,a parking lot,distant subject in the background,rainy with wet reflections,hard,a detailed photograph,"a detailed photograph of a coupe automobile stopped at a curb in a parking lot, distant subject in the background, rainy with wet reflections. cropped slightly. single main subject, photorealistic color photo, natural colors, realistic texture, sharp focus on subject, no people, no text, no watermark, no logo, no border, no collage, no CGI, no illustration.","text, watermark, logo, caption, signature, border, frame, collage, multiple panels, cartoon, illustration, CGI, 3d render, low-poly, painting, anime, surreal, deformed, duplicate objects, extra limbs, blurry, out of focus, noise, oversaturated, posterized, artifacts, jpeg artifacts"
1111,automobile,taxi,stopped at a curb,a city park,low angle,foggy morning,clean,a finely detailed photo,"a finely detailed photo of a taxi automobile stopped at a curb in a city park, low angle, foggy morning. single main subject, photorealistic color photo, natural colors, realistic texture, sharp focus on subject, no people, no text, no watermark, no logo, no border, no collage, no CGI, no illustration.","text, watermark, logo, caption, signature, border, frame, collage, multiple panels, cartoon, illustration, CGI, 3d render, low-poly, painting, anime, surreal, deformed, duplicate objects, extra limbs, blurry, out of focus, noise, oversaturated, posterized, artifacts, jpeg artifacts"
1018,automobile,compact car,parked,a grassy field,3/4 view,overcast daylight,clean,a detailed photograph,"a detailed photograph of a compact car automobile parked in a grassy field, 3/4 view, overcast daylight. single main subject, photorealistic color photo, natural colors, realistic texture, sharp focus on subject, no people, no text, no watermark, no logo, no border, no collage, no CGI, no illustration.","text, watermark, logo, caption, signature, border, frame, collage, multiple panels, cartoon, illustration, CGI, 3d render, low-poly, painting, anime, surreal, deformed, duplicate objects, extra limbs, blurry, out of focus, noise, oversaturated, posterized, artifacts, jpeg artifacts"
1897,automobile,coupe,turning at an intersection,a grassy field,slightly off-center framing,backlit rim light,hard,a professional photo,"a professional photo of a coupe automobile turning at an intersection in a grassy field, slightly off-center framing, backlit rim light. busy background but still one main subject. single main subject, photorealistic color photo, natural colors, realistic texture, sharp focus on subject, no people, no text, no watermark, no logo, no border, no collage, no CGI, no illustration.","text, watermark, logo, caption, signature, border, frame, collage, multiple panels, cartoon, illustration, CGI, 3d render, low-poly, painting, anime, surreal, deformed, duplicate objects, extra limbs, blurry, out of focus, noise, oversaturated, posterized, artifacts, jpeg artifacts"
1167,automobile,sedan,driving,a forest clearing,wide shot,nighttime under streetlights,clean,a finely detailed photo,"a finely detailed photo of a sedan automobile driving in a forest clearing, wide shot, nighttime under streetlights. single main subject, photorealistic color photo, natural colors, realistic texture, sharp focus on subject, no people, no text, no watermark, no logo, no border, no collage, no CGI, no illustration.","text, watermark, logo, caption, signature, border, frame, collage, multiple panels, cartoon, illustration, CGI, 3d render, low-poly, painting, anime, surreal, deformed, duplicate objects, extra limbs, blurry, out of focus, noise, oversaturated, posterized, artifacts, jpeg artifacts"
1101,automobile,hatchback,parked,a wet roadway after rain,front view,backlit rim light,clean,a finely detailed photo,"a finely detailed photo of a hatchback automobile parked in a wet roadway after rain, front view, backlit rim light. single main subject, photorealistic color photo, natural colors, realistic texture, sharp focus on subject, no people, no text, no watermark, no logo, no border, no collage, no CGI, no illustration.","text, watermark, logo, caption, signature, border, frame, collage, multiple panels, cartoon, illustration, CGI, 3d render, low-poly, painting, anime, surreal, deformed, duplicate objects, extra limbs, blurry, out of focus, noise, oversaturated, posterized, artifacts, jpeg artifacts"
1638,automobile,sedan,parked,a backyard,wide shot,indoor soft window light,clean,a photorealistic color photo,"a photorealistic color photo of a sedan automobile parked in a backyard, wide shot, indoor soft window light. single main subject, photorealistic color photo, natural colors, realistic texture, sharp focus on subject, no people, no text, no watermark, no logo, no border, no collage, no CGI, no illustration.","text, watermark, logo, caption, signature, border, frame, collage, multiple panels, cartoon, illustration, CGI, 3d render, low-poly, painting, anime, surreal, deformed, duplicate objects, extra limbs, blurry, out of focus, noise, oversaturated, posterized, artifacts, jpeg artifacts"
1583,automobile,hatchback,turning at an intersection,a forest clearing,low angle,rainy with wet reflections,clean,a photorealistic color photo,"a photorealistic color photo of a hatchback automobile turning at an intersection in a forest clearing, low angle, rainy with wet reflections. single main subject, photorealistic color photo, natural colors, realistic texture, sharp focus on subject, no people, no text, no watermark, no logo, no border, no collage, no CGI, no illustration.","text, watermark, logo, caption, signature, border, frame, collage, multiple panels, cartoon, illustration, CGI, 3d render, low-poly, painting, anime, surreal, deformed, duplicate objects, extra limbs, blurry, out of focus, noise, oversaturated, posterized, artifacts, jpeg artifacts"
1567,automobile,hatchback,parked,a parking lot,close-up,foggy morning,clean,a photorealistic color photo,"a photorealistic color photo of a hatchback automobile parked in a parking lot, close-up, foggy morning. single main subject, photorealistic color photo, natural colors, realistic texture, sharp focus on subject, no people, no text, no watermark, no logo, no border, no collage, no CGI, no illustration.","text, watermark, logo, caption, signature, border, frame, collage, multiple panels, cartoon, illustration, CGI, 3d render, low-poly, painting, anime, surreal, deformed, duplicate objects, extra limbs, blurry, out of focus, noise, oversaturated, posterized, artifacts, jpeg artifacts"
1424,automobile,taxi,turning at an intersection,a city park,front view,sunny afternoon,clean,a finely detailed photo,"a finely detailed photo of a taxi automobile turning at an intersection in a city park, front view, sunny afternoon. single main subject, photorealistic color photo, natural colors, realistic texture, sharp focus on subject, no people, no text, no watermark, no logo, no border, no collage, no CGI, no illustration.","text, watermark, logo, caption, signature, border, frame, collage, multiple panels, cartoon, illustration, CGI, 3d render, low-poly, painting, anime, surreal, deformed, duplicate objects, extra limbs, blurry, out of focus, noise, oversaturated, posterized, artifacts, jpeg artifacts"
1598,automobile,taxi,stopped at a curb,a countryside road,close-up,nighttime under streetlights,clean,a detailed photograph,"a detailed photograph of a taxi automobile stopped at a curb in a countryside road, close-up, nighttime under streetlights. single main subject, photorealistic color photo, natural colors, realistic texture, sharp focus on subject, no people, no text, no watermark, no logo, no border, no collage, no CGI, no illustration.","text, watermark, logo, caption, signature, border, frame, collage, multiple panels, cartoon, illustration, CGI, 3d render, low-poly, painting, anime, surreal, deformed, duplicate objects, extra limbs, blurry, out of focus, noise, oversaturated, posterized, artifacts, jpeg artifacts"
1058,automobile,taxi,parked,a wet roadway after rain,3/4 view,rainy with wet reflections,clean,a photorealistic color photo,"a photorealistic color photo of a taxi automobile parked in a wet roadway after rain, 3/4 view, rainy with wet reflections. single main subject, photorealistic color photo, natural colors, realistic texture, sharp focus on subject, no people, no text, no watermark, no logo, no border, no collage, no CGI, no illustration.","text, watermark, logo, caption, signature, border, frame, collage, multiple panels, cartoon, illustration, CGI, 3d render, low-poly, painting, anime, surreal, deformed, duplicate objects, extra limbs, blurry, out of focus, noise, oversaturated, posterized, artifacts, jpeg artifacts"
1409,automobile,hatchback,driving,a forest clearing,slightly off-center framing,sunny afternoon,clean,a professional photo,"a professional photo of a hatchback automobile driving in a forest clearing, slightly off-center framing, sunny afternoon. single main subject, photorealistic color photo, natural colors, realistic texture, sharp focus on subject, no people, no text, no watermark, no logo, no border, no collage, no CGI, no illustration.","text, watermark, logo, caption, signature, border, frame, collage, multiple panels, cartoon, illustration, CGI, 3d render, low-poly, painting, anime, surreal, deformed, duplicate objects, extra limbs, blurry, out of focus, noise, oversaturated, posterized, artifacts, jpeg artifacts"
1546,automobile,sedan,stopped at a curb,a parking lot,3/4 view,sunny afternoon,clean,a photorealistic color photo,"a photorealistic color photo of a sedan automobile stopped at a curb in a parking lot, 3/4 view, sunny afternoon. single main subject, photorealistic color photo, natural colors, realistic texture, sharp focus on subject, no people, no text, no watermark, no logo, no border, no collage, no CGI, no illustration.","text, watermark, logo, caption, signature, border, frame, collage, multiple panels, cartoon, illustration, CGI, 3d render, low-poly, painting, anime, surreal, deformed, duplicate objects, extra limbs, blurry, out of focus, noise, oversaturated, posterized, artifacts, jpeg artifacts"
1484,automobile,coupe,parked,a sandy beach,slightly off-center framing,sunny afternoon,clean,a professional photo,"a professional photo of a coupe automobile parked in a sandy beach, slightly off-center framing, sunny afternoon. single main subject, photorealistic color photo, natural colors, realistic texture, sharp focus on subject, no people, no text, no watermark, no logo, no border, no collage, no CGI, no illustration.","text, watermark, logo, caption, signature, border, frame, collage, multiple panels, cartoon, illustration, CGI, 3d render, low-poly, painting, anime, surreal, deformed, duplicate objects, extra limbs, blurry, out of focus, noise, oversaturated, posterized, artifacts, jpeg artifacts"
1708,automobile,sports car,driving,an urban street,3/4 view,sunny afternoon,clean,a finely detailed photo,"a finely detailed photo of a sports car automobile driving in an urban street, 3/4 view, sunny afternoon. single main subject, photorealistic color photo, natural colors, realistic texture, sharp focus on subject, no people, no text, no watermark, no logo, no border, no collage, no CGI, no illustration.","text, watermark, logo, caption, signature, border, frame, collage, multiple panels, cartoon, illustration, CGI, 3d render, low-poly, painting, anime, surreal, deformed, duplicate objects, extra limbs, blurry, out of focus, noise, oversaturated, posterized, artifacts, jpeg artifacts"
1120,automobile,coupe,stopped at a curb,a lakeside shore,wide shot,backlit rim light,clean,a finely detailed photo,"a finely detailed photo of a coupe automobile stopped at a curb in a lakeside shore, wide shot, backlit rim light. single main subject, photorealistic color photo, natural colors, realistic texture, sharp focus on subject, no people, no text, no watermark, no logo, no border, no collage, no CGI, no illustration.","text, watermark, logo, caption, signature, border, frame, collage, multiple panels, cartoon, illustration, CGI, 3d render, low-poly, painting, anime, surreal, deformed, duplicate objects, extra limbs, blurry, out of focus, noise, oversaturated, posterized, artifacts, jpeg artifacts"
1597,automobile,sports car,turning at an intersection,a forest clearing,high angle,golden hour,clean,a finely detailed photo,"a finely detailed photo of a sports car automobile turning at an intersection in a forest clearing, high angle, golden hour. single main subject, photorealistic color photo, natural colors, realistic texture, sharp focus on subject, no people, no text, no watermark, no logo, no border, no collage, no CGI, no illustration.","text, watermark, logo, caption, signature, border, frame, collage, multiple panels, cartoon, illustration, CGI, 3d render, low-poly, painting, anime, surreal, deformed, duplicate objects, extra limbs, blurry, out of focus, noise, oversaturated, posterized, artifacts, jpeg artifacts"
1213,automobile,taxi,parked,a city park,front view,foggy morning,clean,a high-quality image,"a high-quality image of a taxi automobile parked in a city park, front view, foggy morning. single main subject, photorealistic color photo, natural colors, realistic texture, sharp focus on subject, no people, no text, no watermark, no logo, no border, no collage, no CGI, no illustration.","text, watermark, logo, caption, signature, border, frame, collage, multiple panels, cartoon, illustration, CGI, 3d render, low-poly, painting, anime, surreal, deformed, duplicate objects, extra limbs, blurry, out of focus, noise, oversaturated, posterized, artifacts, jpeg artifacts"
1524,automobile,sports car,parked,a parking lot,front view,rainy with wet reflections,clean,a high-quality image,"a high-quality image of a sports car automobile parked in a parking lot, front view, rainy with wet reflections. single main subject, photorealistic color photo, natural colors, realistic texture, sharp focus on subject, no people, no text, no watermark, no logo, no border, no collage, no CGI, no illustration.","text, watermark, logo, caption, signature, border, frame, collage, multiple panels, cartoon, illustration, CGI, 3d render, low-poly, painting, anime, surreal, deformed, duplicate objects, extra limbs, blurry, out of focus, noise, oversaturated, posterized, artifacts, jpeg artifacts"
1303,automobile,compact car,driving,an urban street,front view,indoor soft window light,clean,a finely detailed photo,"a finely detailed photo of a compact car automobile driving in an urban street, front view, indoor soft window light. single main subject, photorealistic color photo, natural colors, realistic texture, sharp focus on subject, no people, no text, no watermark, no logo, no border, no collage, no CGI, no illustration.","text, watermark, logo, caption, signature, border, frame, collage, multiple panels, cartoon, illustration, CGI, 3d render, low-poly, painting, anime, surreal, deformed, duplicate objects, extra limbs, blurry, out of focus, noise, oversaturated, posterized, artifacts, jpeg artifacts"
1488,automobile,sedan,stopped at a curb,a lakeside shore,close-up,foggy morning,clean,a high-quality image,"a high-quality image of a sedan automobile stopped at a curb in a lakeside shore, close-up, foggy morning. single main subject, photorealistic color photo, natural colors, realistic texture, sharp focus on subject, no people, no text, no watermark, no logo, no border, no collage, no CGI, no illustration.","text, watermark, logo, caption, signature, border, frame, collage, multiple panels, cartoon, illustration, CGI, 3d render, low-poly, painting, anime, surreal, deformed, duplicate objects, extra limbs, blurry, out of focus, noise, oversaturated, posterized, artifacts, jpeg artifacts"
1027,automobile,coupe,driving,an urban street,3/4 view,indoor soft window light,clean,a high-quality image,"a high-quality image of a coupe automobile driving in an urban street, 3/4 view, indoor soft window light. single main subject, photorealistic color photo, natural colors, realistic texture, sharp focus on subject, no people, no text, no watermark, no logo, no border, no collage, no CGI, no illustration.","text, watermark, logo, caption, signature, border, frame, collage, multiple panels, cartoon, illustration, CGI, 3d render, low-poly, painting, anime, surreal, deformed, duplicate objects, extra limbs, blurry, out of focus, noise, oversaturated, posterized, artifacts, jpeg artifacts"
1324,automobile,hatchback,parked,a wet roadway after rain,slightly off-center framing,overcast daylight,clean,a detailed photograph,"a detailed photograph of a hatchback automobile parked in a wet roadway after rain, slightly off-center framing, overcast daylight. single main subject, photorealistic color photo, natural colors, realistic texture, sharp focus on subject, no people, no text, no watermark, no logo, no border, no collage, no CGI, no illustration.","text, watermark, logo, caption, signature, border, frame, collage, multiple panels, cartoon, illustration, CGI, 3d render, low-poly, painting, anime, surreal, deformed, duplicate objects, extra limbs, blurry, out of focus, noise, oversaturated, posterized, artifacts, jpeg artifacts"
1090,automobile,sedan,turning at an intersection,a quiet residential street,low angle,sunny afternoon,clean,a finely detailed photo,"a finely detailed photo of a sedan automobile turning at an intersection in a quiet residential street, low angle, sunny afternoon. single main subject, photorealistic color photo, natural colors, realistic texture, sharp focus on subject, no people, no text, no watermark, no logo, no border, no collage, no CGI, no illustration.","text, watermark, logo, caption, signature, border, frame, collage, multiple panels, cartoon, illustration, CGI, 3d render, low-poly, painting, anime, surreal, deformed, duplicate objects, extra limbs, blurry, out of focus, noise, oversaturated, posterized, artifacts, jpeg artifacts"
1733,automobile,coupe,parked,a sandy beach,front view,golden hour,clean,a detailed photograph,"a detailed photograph of a coupe automobile parked in a sandy beach, front view, golden hour. single main subject, photorealistic color photo, natural colors, realistic texture, sharp focus on subject, no people, no text, no watermark, no logo, no border, no collage, no CGI, no illustration.","text, watermark, logo, caption, signature, border, frame, collage, multiple panels, cartoon, illustration, CGI, 3d render, low-poly, painting, anime, surreal, deformed, duplicate objects, extra limbs, blurry, out of focus, noise, oversaturated, posterized, artifacts, jpeg artifacts"
1994,automobile,hatchback,stopped at a curb,an industrial yard,close-up,backlit rim light,hard,a professional photo,"a professional photo of a hatchback automobile stopped at a curb in an industrial yard, close-up, backlit rim light. cropped slightly. single main subject, photorealistic color photo, natural colors, realistic texture, sharp focus on subject, no people, no text, no watermark, no logo, no border, no collage, no CGI, no illustration.","text, watermark, logo, caption, signature, border, frame, collage, multiple panels, cartoon, illustration, CGI, 3d render, low-poly, painting, anime, surreal, deformed, duplicate objects, extra limbs, blurry, out of focus, noise, oversaturated, posterized, artifacts, jpeg artifacts"
1779,automobile,hatchback,stopped at a curb,a backyard,wide shot,golden hour,clean,a professional photo,"a professional photo of a hatchback automobile stopped at a curb in a backyard, wide shot, golden hour. single main subject, photorealistic color photo, natural colors, realistic texture, sharp focus on subject, no people, no text, no watermark, no logo, no border, no collage, no CGI, no illustration.","text, watermark, logo, caption, signature, border, frame, collage, multiple panels, cartoon, illustration, CGI, 3d render, low-poly, painting, anime, surreal, deformed, duplicate objects, extra limbs, blurry, out of focus, noise, oversaturated, posterized, artifacts, jpeg artifacts"
1031,automobile,hatchback,driving,an industrial yard,slightly off-center framing,rainy with wet reflections,clean,a finely detailed photo,"a finely detailed photo of a hatchback automobile driving in an industrial yard, slightly off-center framing, rainy with wet reflections. single main subject, photorealistic color photo, natural colors, realistic texture, sharp focus on subject, no people, no text, no watermark, no logo, no border, no collage, no CGI, no illustration.","text, watermark, logo, caption, signature, border, frame, collage, multiple panels, cartoon, illustration, CGI, 3d render, low-poly, painting, anime, surreal, deformed, duplicate objects, extra limbs, blurry, out of focus, noise, oversaturated, posterized, artifacts, jpeg artifacts"
1351,automobile,hatchback,parked,a parking lot,slightly off-center framing,rainy with wet reflections,clean,a high-quality image,"a high-quality image of a hatchback automobile parked in a parking lot, slightly off-center framing, rainy with wet reflections. single main subject, photorealistic color photo, natural colors, realistic texture, sharp focus on subject, no people, no text, no watermark, no logo, no border, no collage, no CGI, no illustration.","text, watermark, logo, caption, signature, border, frame, collage, multiple panels, cartoon, illustration, CGI, 3d render, low-poly, painting, anime, surreal, deformed, duplicate objects, extra limbs, blurry, out of focus, noise, oversaturated, posterized, artifacts, jpeg artifacts"
1313,automobile,sports car,driving,a gravel lot,close-up,nighttime under streetlights,clean,a detailed photograph,"a detailed photograph of a sports car automobile driving in a gravel lot, close-up, nighttime under streetlights. single main subject, photorealistic color photo, natural colors, realistic texture, sharp focus on subject, no people, no text, no watermark, no logo, no border, no collage, no CGI, no illustration.","text, watermark, logo, caption, signature, border, frame, collage, multiple panels, cartoon, illustration, CGI, 3d render, low-poly, painting, anime, surreal, deformed, duplicate objects, extra limbs, blurry, out of focus, noise, oversaturated, posterized, artifacts, jpeg artifacts"
1787,automobile,taxi,turning at an intersection,a gravel lot,3/4 view,sunny afternoon,clean,a finely detailed photo,"a finely detailed photo of a taxi automobile turning at an intersection in a gravel lot, 3/4 view, sunny afternoon. single main subject, photorealistic color photo, natural colors, realistic texture, sharp focus on subject, no people, no text, no watermark, no logo, no border, no collage, no CGI, no illustration.","text, watermark, logo, caption, signature, border, frame, collage, multiple panels, cartoon, illustration, CGI, 3d render, low-poly, painting, anime, surreal, deformed, duplicate objects, extra limbs, blurry, out of focus, noise, oversaturated, posterized, artifacts, jpeg artifacts"
1816,automobile,hatchback,parked,a lakeside shore,side profile,foggy morning,hard,a professional photo,"a professional photo of a hatchback automobile parked in a lakeside shore, side profile, foggy morning. slight motion blur. single main subject, photorealistic color photo, natural colors, realistic texture, sharp focus on subject, no people, no text, no watermark, no logo, no border, no collage, no CGI, no illustration.","text, watermark, logo, caption, signature, border, frame, collage, multiple panels, cartoon, illustration, CGI, 3d render, low-poly, painting, anime, surreal, deformed, duplicate objects, extra limbs, blurry, out of focus, noise, oversaturated, posterized, artifacts, jpeg artifacts"
1825,automobile,coupe,driving,a grassy field,cropped at the edge of the frame,indoor soft window light,hard,a high-quality image,"a high-quality image of a coupe automobile driving in a grassy field, cropped at the edge of the frame, indoor soft window light. cropped slightly. single main subject, photorealistic color photo, natural colors, realistic texture, sharp focus on subject, no people, no text, no watermark, no logo, no border, no collage, no CGI, no illustration.","text, watermark, logo, caption, signature, border, frame, collage, multiple panels, cartoon, illustration, CGI, 3d render, low-poly, painting, anime, surreal, deformed, duplicate objects, extra limbs, blurry, out of focus, noise, oversaturated, posterized, artifacts, jpeg artifacts"
1270,automobile,coupe,driving,an industrial yard,front view,nighttime under streetlights,clean,a detailed photograph,"a detailed photograph of a coupe automobile driving in an industrial yard, front view, nighttime under streetlights. single main subject, photorealistic color photo, natural colors, realistic texture, sharp focus on subject, no people, no text, no watermark, no logo, no border, no collage, no CGI, no illustration.","text, watermark, logo, caption, signature, border, frame, collage, multiple panels, cartoon, illustration, CGI, 3d render, low-poly, painting, anime, surreal, deformed, duplicate objects, extra limbs, blurry, out of focus, noise, oversaturated, posterized, artifacts, jpeg artifacts"
1436,automobile,taxi,driving,a parking lot,low angle,golden hour,clean,a high-quality image,"a high-quality image of a taxi automobile driving in a parking lot, low angle, golden hour. single main subject, photorealistic color photo, natural colors, realistic texture, sharp focus on subject, no people, no text, no watermark, no logo, no border, no collage, no CGI, no illustration.","text, watermark, logo, caption, signature, border, frame, collage, multiple panels, cartoon, illustration, CGI, 3d render, low-poly, painting, anime, surreal, deformed, duplicate objects, extra limbs, blurry, out of focus, noise, oversaturated, posterized, artifacts, jpeg artifacts"
1490,automobile,hatchback,stopped at a curb,a quiet residential street,front view,overcast daylight,clean,a professional photo,"a professional photo of a hatchback automobile stopped at a curb in a quiet residential street, front view, overcast daylight. single main subject, photorealistic color photo, natural colors, realistic texture, sharp focus on subject, no people, no text, no watermark, no logo, no border, no collage, no CGI, no illustration.","text, watermark, logo, caption, signature, border, frame, collage, multiple panels, cartoon, illustration, CGI, 3d render, low-poly, painting, anime, surreal, deformed, duplicate objects, extra limbs, blurry, out of focus, noise, oversaturated, posterized, artifacts, jpeg artifacts"
1914,automobile,hatchback,parked,a grassy field,3/4 view,nighttime under streetlights,hard,a finely detailed photo,"a finely detailed photo of a hatchback automobile parked in a grassy field, 3/4 view, nighttime under streetlights. partially occluded by a foreground object. single main subject, photorealistic color photo, natural colors, realistic texture, sharp focus on subject, no people, no text, no watermark, no logo, no border, no collage, no CGI, no illustration.","text, watermark, logo, caption, signature, border, frame, collage, multiple panels, cartoon, illustration, CGI, 3d render, low-poly, painting, anime, surreal, deformed, duplicate objects, extra limbs, blurry, out of focus, noise, oversaturated, posterized, artifacts, jpeg artifacts"
1123,automobile,coupe,stopped at a curb,a suburban neighborhood,low angle,overcast daylight,clean,a professional photo,"a professional photo of a coupe automobile stopped at a curb in a suburban neighborhood, low angle, overcast daylight. single main subject, photorealistic color photo, natural colors, realistic texture, sharp focus on subject, no people, no text, no watermark, no logo, no border, no collage, no CGI, no illustration.","text, watermark, logo, caption, signature, border, frame, collage, multiple panels, cartoon, illustration, CGI, 3d render, low-poly, painting, anime, surreal, deformed, duplicate objects, extra limbs, blurry, out of focus, noise, oversaturated, posterized, artifacts, jpeg artifacts"
1639,automobile,hatchback,driving,a wet roadway after rain,slightly off-center framing,sunny afternoon,clean,a photorealistic color photo,"a photorealistic color photo of a hatchback automobile driving in a wet roadway after rain, slightly off-center framing, sunny afternoon. single main subject, photorealistic color photo, natural colors, realistic texture, sharp focus on subject, no people, no text, no watermark, no logo, no border, no collage, no CGI, no illustration.","text, watermark, logo, caption, signature, border, frame, collage, multiple panels, cartoon, illustration, CGI, 3d render, low-poly, painting, anime, surreal, deformed, duplicate objects, extra limbs, blurry, out of focus, noise, oversaturated, posterized, artifacts, jpeg artifacts"
1928,automobile,sedan,driving,an urban street,low angle,nighttime under streetlights,hard,a detailed photograph,"a detailed photograph of a sedan automobile driving in an urban street, low angle, nighttime under streetlights. cropped slightly. single main subject, photorealistic color photo, natural colors, realistic texture, sharp focus on subject, no people, no text, no watermark, no logo, no border, no collage, no CGI, no illustration.","text, watermark, logo, caption, signature, border, frame, collage, multiple panels, cartoon, illustration, CGI, 3d render, low-poly, painting, anime, surreal, deformed, duplicate objects, extra limbs, blurry, out of focus, noise, oversaturated, posterized, artifacts, jpeg artifacts"
1838,automobile,hatchback,driving,a city park,front view,backlit rim light,hard,a detailed photograph,"a detailed photograph of a hatchback automobile driving in a city park, front view, backlit rim light. cropped slightly. single main subject, photorealistic color photo, natural colors, realistic texture, sharp focus on subject, no people, no text, no watermark, no logo, no border, no collage, no CGI, no illustration.","text, watermark, logo, caption, signature, border, frame, collage, multiple panels, cartoon, illustration, CGI, 3d render, low-poly, painting, anime, surreal, deformed, duplicate objects, extra limbs, blurry, out of focus, noise, oversaturated, posterized, artifacts, jpeg artifacts"
1416,automobile,coupe,driving,a quiet residential street,high angle,rainy with wet reflections,clean,an ultra-realistic rendering,"an ultra-realistic rendering of a coupe automobile driving in a quiet residential street, high angle, rainy with wet reflections. single main subject, photorealistic color photo, natural colors, realistic texture, sharp focus on subject, no people, no text, no watermark, no logo, no border, no collage, no CGI, no illustration.","text, watermark, logo, caption, signature, border, frame, collage, multiple panels, cartoon, illustration, CGI, 3d render, low-poly, painting, anime, surreal, deformed, duplicate objects, extra limbs, blurry, out of focus, noise, oversaturated, posterized, artifacts, jpeg artifacts"
1097,automobile,compact car,turning at an intersection,a sandy beach,close-up,backlit rim light,clean,a professional photo,"a professional photo of a compact car automobile turning at an intersection in a sandy beach, close-up, backlit rim light. single main subject, photorealistic color photo, natural colors, realistic texture, sharp focus on subject, no people, no text, no watermark, no logo, no border, no collage, no CGI, no illustration.","text, watermark, logo, caption, signature, border, frame, collage, multiple panels, cartoon, illustration, CGI, 3d render, low-poly, painting, anime, surreal, deformed, duplicate objects, extra limbs, blurry, out of focus, noise, oversaturated, posterized, artifacts, jpeg artifacts"
1440,automobile,hatchback,stopped at a curb,a wet roadway after rain,high angle,overcast daylight,clean,a detailed photograph,"a detailed photograph of a hatchback automobile stopped at a curb in a wet roadway after rain, high angle, overcast daylight. single main subject, photorealistic color photo, natural colors, realistic texture, sharp focus on subject, no people, no text, no watermark, no logo, no border, no collage, no CGI, no illustration.","text, watermark, logo, caption, signature, border, frame, collage, multiple panels, cartoon, illustration, CGI, 3d render, low-poly, painting, anime, surreal, deformed, duplicate objects, extra limbs, blurry, out of focus, noise, oversaturated, posterized, artifacts, jpeg artifacts"
1749,automobile,sedan,stopped at a curb,a backyard,close-up,sunny afternoon,clean,a photorealistic color photo,"a photorealistic color photo of a sedan automobile stopped at a curb in a backyard, close-up, sunny afternoon. single main subject, photorealistic color photo, natural colors, realistic texture, sharp focus on subject, no people, no text, no watermark, no logo, no border, no collage, no CGI, no illustration.","text, watermark, logo, caption, signature, border, frame, collage, multiple panels, cartoon, illustration, CGI, 3d render, low-poly, painting, anime, surreal, deformed, duplicate objects, extra limbs, blurry, out of focus, noise, oversaturated, posterized, artifacts, jpeg artifacts"
1789,automobile,sports car,stopped at a curb,an industrial yard,low angle,overcast daylight,clean,a finely detailed photo,"a finely detailed photo of a sports car automobile stopped at a curb in an industrial yard, low angle, overcast daylight. single main subject, photorealistic color photo, natural colors, realistic texture, sharp focus on subject, no people, no text, no watermark, no logo, no border, no collage, no CGI, no illustration.","text, watermark, logo, caption, signature, border, frame, collage, multiple panels, cartoon, illustration, CGI, 3d render, low-poly, painting, anime, surreal, deformed, duplicate objects, extra limbs, blurry, out of focus, noise, oversaturated, posterized, artifacts, jpeg artifacts"
1249,automobile,sedan,driving,an urban street,slightly off-center framing,nighttime under streetlights,clean,a photorealistic color photo,"a photorealistic color photo of a sedan automobile driving in an urban street, slightly off-center framing, nighttime under streetlights. single main subject, photorealistic color photo, natural colors, realistic texture, sharp focus on subject, no people, no text, no watermark, no logo, no border, no collage, no CGI, no illustration.","text, watermark, logo, caption, signature, border, frame, collage, multiple panels, cartoon, illustration, CGI, 3d render, low-poly, painting, anime, surreal, deformed, duplicate objects, extra limbs, blurry, out of focus, noise, oversaturated, posterized, artifacts, jpeg artifacts"
1381,automobile,hatchback,turning at an intersection,an urban street,slightly off-center framing,foggy morning,clean,a professional photo,"a professional photo of a hatchback automobile turning at an intersection in an urban street, slightly off-center framing, foggy morning. single main subject, photorealistic color photo, natural colors, realistic texture, sharp focus on subject, no people, no text, no watermark, no logo, no border, no collage, no CGI, no illustration.","text, watermark, logo, caption, signature, border, frame, collage, multiple panels, cartoon, illustration, CGI, 3d render, low-poly, painting, anime, surreal, deformed, duplicate objects, extra limbs, blurry, out of focus, noise, oversaturated, posterized, artifacts, jpeg artifacts"
1610,automobile,sports car,turning at an intersection,a suburban neighborhood,wide shot,golden hour,clean,a professional photo,"a professional photo of a sports car automobile turning at an intersection in a suburban neighborhood, wide shot, golden hour. single main subject, photorealistic color photo, natural colors, realistic texture, sharp focus on subject, no people, no text, no watermark, no logo, no border, no collage, no CGI, no illustration.","text, watermark, logo, caption, signature, border, frame, collage, multiple panels, cartoon, illustration, CGI, 3d render, low-poly, painting, anime, surreal, deformed, duplicate objects, extra limbs, blurry, out of focus, noise, oversaturated, posterized, artifacts, jpeg artifacts"
1470,automobile,hatchback,driving,a quiet residential street,low angle,overcast daylight,clean,a detailed photograph,"a detailed photograph of a hatchback automobile driving in a quiet residential street, low angle, overcast daylight. single main subject, photorealistic color photo, natural colors, realistic texture, sharp focus on subject, no people, no text, no watermark, no logo, no border, no collage, no CGI, no illustration.","text, watermark, logo, caption, signature, border, frame, collage, multiple panels, cartoon, illustration, CGI, 3d render, low-poly, painting, anime, surreal, deformed, duplicate objects, extra limbs, blurry, out of focus, noise, oversaturated, posterized, artifacts, jpeg artifacts"
1555,automobile,hatchback,stopped at a curb,a sandy beach,3/4 view,nighttime under streetlights,clean,an ultra-realistic rendering,"an ultra-realistic rendering of a hatchback automobile stopped at a curb in a sandy beach, 3/4 view, nighttime under streetlights. single main subject, photorealistic color photo, natural colors, realistic texture, sharp focus on subject, no people, no text, no watermark, no logo, no border, no collage, no CGI, no illustration.","text, watermark, logo, caption, signature, border, frame, collage, multiple panels, cartoon, illustration, CGI, 3d render, low-poly, painting, anime, surreal, deformed, duplicate objects, extra limbs, blurry, out of focus, noise, oversaturated, posterized, artifacts, jpeg artifacts"
1428,automobile,sports car,parked,an industrial yard,wide shot,indoor soft window light,clean,a finely detailed photo,"a finely detailed photo of a sports car automobile parked in an industrial yard, wide shot, indoor soft window light. single main subject, photorealistic color photo, natural colors, realistic texture, sharp focus on subject, no people, no text, no watermark, no logo, no border, no collage, no CGI, no illustration.","text, watermark, logo, caption, signature, border, frame, collage, multiple panels, cartoon, illustration, CGI, 3d render, low-poly, painting, anime, surreal, deformed, duplicate objects, extra limbs, blurry, out of focus, noise, oversaturated, posterized, artifacts, jpeg artifacts"
1571,automobile,compact car,driving,a city park,side profile,rainy with wet reflections,clean,a finely detailed photo,"a finely detailed photo of a compact car automobile driving in a city park, side profile, rainy with wet reflections. single main subject, photorealistic color photo, natural colors, realistic texture, sharp focus on subject, no people, no text, no watermark, no logo, no border, no collage, no CGI, no illustration.","text, watermark, logo, caption, signature, border, frame, collage, multiple panels, cartoon, illustration, CGI, 3d render, low-poly, painting, anime, surreal, deformed, duplicate objects, extra limbs, blurry, out of focus, noise, oversaturated, posterized, artifacts, jpeg artifacts"
1102,automobile,coupe,stopped at a curb,a parking lot,slightly off-center framing,backlit rim light,clean,a high-quality image,"a high-quality image of a coupe automobile stopped at a curb in a parking lot, slightly off-center framing, backlit rim light. single main subject, photorealistic color photo, natural colors, realistic texture, sharp focus on subject, no people, no text, no watermark, no logo, no border, no collage, no CGI, no illustration.","text, watermark, logo, caption, signature, border, frame, collage, multiple panels, cartoon, illustration, CGI, 3d render, low-poly, painting, anime, surreal, deformed, duplicate objects, extra limbs, blurry, out of focus, noise, oversaturated, posterized, artifacts, jpeg artifacts"
1325,automobile,hatchback,stopped at a curb,a parking lot,slightly off-center framing,overcast daylight,clean,a finely detailed photo,"a finely detailed photo of a hatchback automobile stopped at a curb in a parking lot, slightly off-center framing, overcast daylight. single main subject, photorealistic color photo, natural colors, realistic texture, sharp focus on subject, no people, no text, no watermark, no logo, no border, no collage, no CGI, no illustration.","text, watermark, logo, caption, signature, border, frame, collage, multiple panels, cartoon, illustration, CGI, 3d render, low-poly, painting, anime, surreal, deformed, duplicate objects, extra limbs, blurry, out of focus, noise, oversaturated, posterized, artifacts, jpeg artifacts"
1250,automobile,compact car,turning at an intersection,a lakeside shore,low angle,indoor soft window light,clean,a detailed photograph,"a detailed photograph of a compact car automobile turning at an intersection in a lakeside shore, low angle, indoor soft window light. single main subject, photorealistic color photo, natural colors, realistic texture, sharp focus on subject, no people, no text, no watermark, no logo, no border, no collage, no CGI, no illustration.","text, watermark, logo, caption, signature, border, frame, collage, multiple panels, cartoon, illustration, CGI, 3d render, low-poly, painting, anime, surreal, deformed, duplicate objects, extra limbs, blurry, out of focus, noise, oversaturated, posterized, artifacts, jpeg artifacts"
1439,automobile,taxi,turning at an intersection,a sandy beach,close-up,sunny afternoon,clean,an ultra-realistic rendering,"an ultra-realistic rendering of a taxi automobile turning at an intersection in a sandy beach, close-up, sunny afternoon. single main subject, photorealistic color photo, natural colors, realistic texture, sharp focus on subject, no people, no text, no watermark, no logo, no border, no collage, no CGI, no illustration.","text, watermark, logo, caption, signature, border, frame, collage, multiple panels, cartoon, illustration, CGI, 3d render, low-poly, painting, anime, surreal, deformed, duplicate objects, extra limbs, blurry, out of focus, noise, oversaturated, posterized, artifacts, jpeg artifacts"
1874,automobile,compact car,turning at an intersection,a lakeside shore,low angle,rainy with wet reflections,hard,an ultra-realistic rendering,"an ultra-realistic rendering of a compact car automobile turning at an intersection in a lakeside shore, low angle, rainy with wet reflections. slight motion blur. single main subject, photorealistic color photo, natural colors, realistic texture, sharp focus on subject, no people, no text, no watermark, no logo, no border, no collage, no CGI, no illustration.","text, watermark, logo, caption, signature, border, frame, collage, multiple panels, cartoon, illustration, CGI, 3d render, low-poly, painting, anime, surreal, deformed, duplicate objects, extra limbs, blurry, out of focus, noise, oversaturated, posterized, artifacts, jpeg artifacts"
1098,automobile,hatchback,stopped at a curb,a countryside road,side profile,backlit rim light,clean,an ultra-realistic rendering,"an ultra-realistic rendering of a hatchback automobile stopped at a curb in a countryside road, side profile, backlit rim light. single main subject, photorealistic color photo, natural colors, realistic texture, sharp focus on subject, no people, no text, no watermark, no logo, no border, no collage, no CGI, no illustration.","text, watermark, logo, caption, signature, border, frame, collage, multiple panels, cartoon, illustration, CGI, 3d render, low-poly, painting, anime, surreal, deformed, duplicate objects, extra limbs, blurry, out of focus, noise, oversaturated, posterized, artifacts, jpeg artifacts"
1145,automobile,coupe,turning at an intersection,a suburban neighborhood,3/4 view,golden hour,clean,a photorealistic color photo,"a photorealistic color photo of a coupe automobile turning at an intersection in a suburban neighborhood, 3/4 view, golden hour. single main subject, photorealistic color photo, natural colors, realistic texture, sharp focus on subject, no people, no text, no watermark, no logo, no border, no collage, no CGI, no illustration.","text, watermark, logo, caption, signature, border, frame, collage, multiple panels, cartoon, illustration, CGI, 3d render, low-poly, painting, anime, surreal, deformed, duplicate objects, extra limbs, blurry, out of focus, noise, oversaturated, posterized, artifacts, jpeg artifacts"
1680,automobile,sedan,driving,a suburban neighborhood,high angle,golden hour,clean,a detailed photograph,"a detailed photograph of a sedan automobile driving in a suburban neighborhood, high angle, golden hour. single main subject, photorealistic color photo, natural colors, realistic texture, sharp focus on subject, no people, no text, no watermark, no logo, no border, no collage, no CGI, no illustration.","text, watermark, logo, caption, signature, border, frame, collage, multiple panels, cartoon, illustration, CGI, 3d render, low-poly, painting, anime, surreal, deformed, duplicate objects, extra limbs, blurry, out of focus, noise, oversaturated, posterized, artifacts, jpeg artifacts"
1156,automobile,taxi,driving,a quiet residential street,side profile,overcast daylight,clean,a professional photo,"a professional photo of a taxi automobile driving in a quiet residential street, side profile, overcast daylight. single main subject, photorealistic color photo, natural colors, realistic texture, sharp focus on subject, no people, no text, no watermark, no logo, no border, no collage, no CGI, no illustration.","text, watermark, logo, caption, signature, border, frame, collage, multiple panels, cartoon, illustration, CGI, 3d render, low-poly, painting, anime, surreal, deformed, duplicate objects, extra limbs, blurry, out of focus, noise, oversaturated, posterized, artifacts, jpeg artifacts"
1797,automobile,sedan,stopped at a curb,a forest clearing,front view,golden hour,clean,a photorealistic color photo,"a photorealistic color photo of a sedan automobile stopped at a curb in a forest clearing, front view, golden hour. single main subject, photorealistic color photo, natural colors, realistic texture, sharp focus on subject, no people, no text, no watermark, no logo, no border, no collage, no CGI, no illustration.","text, watermark, logo, caption, signature, border, frame, collage, multiple panels, cartoon, illustration, CGI, 3d render, low-poly, painting, anime, surreal, deformed, duplicate objects, extra limbs, blurry, out of focus, noise, oversaturated, posterized, artifacts, jpeg artifacts"
1480,automobile,sedan,driving,a gravel lot,high angle,sunny afternoon,clean,an ultra-realistic rendering,"an ultra-realistic rendering of a sedan automobile driving in a gravel lot, high angle, sunny afternoon. single main subject, photorealistic color photo, natural colors, realistic texture, sharp focus on subject, no people, no text, no watermark, no logo, no border, no collage, no CGI, no illustration.","text, watermark, logo, caption, signature, border, frame, collage, multiple panels, cartoon, illustration, CGI, 3d render, low-poly, painting, anime, surreal, deformed, duplicate objects, extra limbs, blurry, out of focus, noise, oversaturated, posterized, artifacts, jpeg artifacts"
1002,automobile,taxi,stopped at a curb,a wet roadway after rain,wide shot,golden hour,clean,a photorealistic color photo,"a photorealistic color photo of a taxi automobile stopped at a curb in a wet roadway after rain, wide shot, golden hour. single main subject, photorealistic color photo, natural colors, realistic texture, sharp focus on subject, no people, no text, no watermark, no logo, no border, no collage, no CGI, no illustration.","text, watermark, logo, caption, signature, border, frame, collage, multiple panels, cartoon, illustration, CGI, 3d render, low-poly, painting, anime, surreal, deformed, duplicate objects, extra limbs, blurry, out of focus, noise, oversaturated, posterized, artifacts, jpeg artifacts"
1742,automobile,sports car,stopped at a curb,a backyard,front view,sunny afternoon,clean,a finely detailed photo,"a finely detailed photo of a sports car automobile stopped at a curb in a backyard, front view, sunny afternoon. single main subject, photorealistic color photo, natural colors, realistic texture, sharp focus on subject, no people, no text, no watermark, no logo, no border, no collage, no CGI, no illustration.","text, watermark, logo, caption, signature, border, frame, collage, multiple panels, cartoon, illustration, CGI, 3d render, low-poly, painting, anime, surreal, deformed, duplicate objects, extra limbs, blurry, out of focus, noise, oversaturated, posterized, artifacts, jpeg artifacts"
1463,automobile,sports car,parked,a suburban neighborhood,close-up,backlit rim light,clean,a photorealistic color photo,"a photorealistic color photo of a sports car automobile parked in a suburban neighborhood, close-up, backlit rim light. single main subject, photorealistic color photo, natural colors, realistic texture, sharp focus on subject, no people, no text, no watermark, no logo, no border, no collage, no CGI, no illustration.","text, watermark, logo, caption, signature, border, frame, collage, multiple panels, cartoon, illustration, CGI, 3d render, low-poly, painting, anime, surreal, deformed, duplicate objects, extra limbs, blurry, out of focus, noise, oversaturated, posterized, artifacts, jpeg artifacts"
1352,automobile,compact car,parked,a wet roadway after rain,3/4 view,foggy morning,clean,a high-quality image,"a high-quality image of a compact car automobile parked in a wet roadway after rain, 3/4 view, foggy morning. single main subject, photorealistic color photo, natural colors, realistic texture, sharp focus on subject, no people, no text, no watermark, no logo, no border, no collage, no CGI, no illustration.","text, watermark, logo, caption, signature, border, frame, collage, multiple panels, cartoon, illustration, CGI, 3d render, low-poly, painting, anime, surreal, deformed, duplicate objects, extra limbs, blurry, out of focus, noise, oversaturated, posterized, artifacts, jpeg artifacts"
1621,automobile,coupe,stopped at a curb,a forest clearing,wide shot,indoor soft window light,clean,a high-quality image,"a high-quality image of a coupe automobile stopped at a curb in a forest clearing, wide shot, indoor soft window light. single main subject, photorealistic color photo, natural colors, realistic texture, sharp focus on subject, no people, no text, no watermark, no logo, no border, no collage, no CGI, no illustration.","text, watermark, logo, caption, signature, border, frame, collage, multiple panels, cartoon, illustration, CGI, 3d render, low-poly, painting, anime, surreal, deformed, duplicate objects, extra limbs, blurry, out of focus, noise, oversaturated, posterized, artifacts, jpeg artifacts"
1124,automobile,coupe,turning at an intersection,a suburban neighborhood,3/4 view,foggy morning,clean,a finely detailed photo,"a finely detailed photo of a coupe automobile turning at an intersection in a suburban neighborhood, 3/4 view, foggy morning. single main subject, photorealistic color photo, natural colors, realistic texture, sharp focus on subject, no people, no text, no watermark, no logo, no border, no collage, no CGI, no illustration.","text, watermark, logo, caption, signature, border, frame, collage, multiple panels, cartoon, illustration, CGI, 3d render, low-poly, painting, anime, surreal, deformed, duplicate objects, extra limbs, blurry, out of focus, noise, oversaturated, posterized, artifacts, jpeg artifacts"
1847,automobile,sports car,driving,a gravel lot,cropped at the edge of the frame,golden hour,hard,a photorealistic color photo,"a photorealistic color photo of a sports car automobile driving in a gravel lot, cropped at the edge of the frame, golden hour. partially occluded by a foreground object. single main subject, photorealistic color photo, natural colors, realistic texture, sharp focus on subject, no people, no text, no watermark, no logo, no border, no collage, no CGI, no illustration.","text, watermark, logo, caption, signature, border, frame, collage, multiple panels, cartoon, illustration, CGI, 3d render, low-poly, painting, anime, surreal, deformed, duplicate objects, extra limbs, blurry, out of focus, noise, oversaturated, posterized, artifacts, jpeg artifacts"
1487,automobile,sedan,stopped at a curb,a forest clearing,close-up,nighttime under streetlights,clean,a professional photo,"a professional photo of a sedan automobile stopped at a curb in a forest clearing, close-up, nighttime under streetlights. single main subject, photorealistic color photo, natural colors, realistic texture, sharp focus on subject, no people, no text, no watermark, no logo, no border, no collage, no CGI, no illustration.","text, watermark, logo, caption, signature, border, frame, collage, multiple panels, cartoon, illustration, CGI, 3d render, low-poly, painting, anime, surreal, deformed, duplicate objects, extra limbs, blurry, out of focus, noise, oversaturated, posterized, artifacts, jpeg artifacts"
1084,automobile,hatchback,turning at an intersection,a parking lot,high angle,backlit rim light,clean,an ultra-realistic rendering,"an ultra-realistic rendering of a hatchback automobile turning at an intersection in a parking lot, high angle, backlit rim light. single main subject, photorealistic color photo, natural colors, realistic texture, sharp focus on subject, no people, no text, no watermark, no logo, no border, no collage, no CGI, no illustration.","text, watermark, logo, caption, signature, border, frame, collage, multiple panels, cartoon, illustration, CGI, 3d render, low-poly, painting, anime, surreal, deformed, duplicate objects, extra limbs, blurry, out of focus, noise, oversaturated, posterized, artifacts, jpeg artifacts"
1584,automobile,sports car,driving,a grassy field,3/4 view,golden hour,clean,a detailed photograph,"a detailed photograph of a sports car automobile driving in a grassy field, 3/4 view, golden hour. single main subject, photorealistic color photo, natural colors, realistic texture, sharp focus on subject, no people, no text, no watermark, no logo, no border, no collage, no CGI, no illustration.","text, watermark, logo, caption, signature, border, frame, collage, multiple panels, cartoon, illustration, CGI, 3d render, low-poly, painting, anime, surreal, deformed, duplicate objects, extra limbs, blurry, out of focus, noise, oversaturated, posterized, artifacts, jpeg artifacts"
1592,automobile,sedan,driving,a lakeside shore,low angle,overcast daylight,clean,a professional photo,"a professional photo of a sedan automobile driving in a lakeside shore, low angle, overcast daylight. single main subject, photorealistic color photo, natural colors, realistic texture, sharp focus on subject, no people, no text, no watermark, no logo, no border, no collage, no CGI, no illustration.","text, watermark, logo, caption, signature, border, frame, collage, multiple panels, cartoon, illustration, CGI, 3d render, low-poly, painting, anime, surreal, deformed, duplicate objects, extra limbs, blurry, out of focus, noise, oversaturated, posterized, artifacts, jpeg artifacts"
1212,automobile,hatchback,driving,a countryside road,high angle,golden hour,clean,a high-quality image,"a high-quality image of a hatchback automobile driving in a countryside road, high angle, golden hour. single main subject, photorealistic color photo, natural colors, realistic texture, sharp focus on subject, no people, no text, no watermark, no logo, no border, no collage, no CGI, no illustration.","text, watermark, logo, caption, signature, border, frame, collage, multiple panels, cartoon, illustration, CGI, 3d render, low-poly, painting, anime, surreal, deformed, duplicate objects, extra limbs, blurry, out of focus, noise, oversaturated, posterized, artifacts, jpeg artifacts"
1117,automobile,compact car,turning at an intersection,an urban street,wide shot,foggy morning,clean,a professional photo,"a professional photo of a compact car automobile turning at an intersection in an urban street, wide shot, foggy morning. single main subject, photorealistic color photo, natural colors, realistic texture, sharp focus on subject, no people, no text, no watermark, no logo, no border, no collage, no CGI, no illustration.","text, watermark, logo, caption, signature, border, frame, collage, multiple panels, cartoon, illustration, CGI, 3d render, low-poly, painting, anime, surreal, deformed, duplicate objects, extra limbs, blurry, out of focus, noise, oversaturated, posterized, artifacts, jpeg artifacts"
1901,automobile,coupe,parked,a grassy field,high angle,sunny afternoon,hard,a professional photo,"a professional photo of a coupe automobile parked in a grassy field, high angle, sunny afternoon. in the distance. single main subject, photorealistic color photo, natural colors, realistic texture, sharp focus on subject, no people, no text, no watermark, no logo, no border, no collage, no CGI, no illustration.","text, watermark, logo, caption, signature, border, frame, collage, multiple panels, cartoon, illustration, CGI, 3d render, low-poly, painting, anime, surreal, deformed, duplicate objects, extra limbs, blurry, out of focus, noise, oversaturated, posterized, artifacts, jpeg artifacts"
1483,automobile,coupe,stopped at a curb,a countryside road,low angle,golden hour,clean,a photorealistic color photo,"a photorealistic color photo of a coupe automobile stopped at a curb in a countryside road, low angle, golden hour. single main subject, photorealistic color photo, natural colors, realistic texture, sharp focus on subject, no people, no text, no watermark, no logo, no border, no collage, no CGI, no illustration.","text, watermark, logo, caption, signature, border, frame, collage, multiple panels, cartoon, illustration, CGI, 3d render, low-poly, painting, anime, surreal, deformed, duplicate objects, extra limbs, blurry, out of focus, noise, oversaturated, posterized, artifacts, jpeg artifacts"
1498,automobile,sedan,parked,a forest clearing,3/4 view,sunny afternoon,clean,an ultra-realistic rendering,"an ultra-realistic rendering of a sedan automobile parked in a forest clearing, 3/4 view, sunny afternoon. single main subject, photorealistic color photo, natural colors, realistic texture, sharp focus on subject, no people, no text, no watermark, no logo, no border, no collage, no CGI, no illustration.","text, watermark, logo, caption, signature, border, frame, collage, multiple panels, cartoon, illustration, CGI, 3d render, low-poly, painting, anime, surreal, deformed, duplicate objects, extra limbs, blurry, out of focus, noise, oversaturated, posterized, artifacts, jpeg artifacts"
1569,automobile,sports car,turning at an intersection,a grassy field,wide shot,golden hour,clean,a finely detailed photo,"a finely detailed photo of a sports car automobile turning at an intersection in a grassy field, wide shot, golden hour. single main subject, photorealistic color photo, natural colors, realistic texture, sharp focus on subject, no people, no text, no watermark, no logo, no border, no collage, no CGI, no illustration.","text, watermark, logo, caption, signature, border, frame, collage, multiple panels, cartoon, illustration, CGI, 3d render, low-poly, painting, anime, surreal, deformed, duplicate objects, extra limbs, blurry, out of focus, noise, oversaturated, posterized, artifacts, jpeg artifacts"
1599,automobile,taxi,stopped at a curb,a lakeside shore,wide shot,backlit rim light,clean,a high-quality image,"a high-quality image of a taxi automobile stopped at a curb in a lakeside shore, wide shot, backlit rim light. single main subject, photorealistic color photo, natural colors, realistic texture, sharp focus on subject, no people, no text, no watermark, no logo, no border, no collage, no CGI, no illustration.","text, watermark, logo, caption, signature, border, frame, collage, multiple panels, cartoon, illustration, CGI, 3d render, low-poly, painting, anime, surreal, deformed, duplicate objects, extra limbs, blurry, out of focus, noise, oversaturated, posterized, artifacts, jpeg artifacts"
1718,automobile,compact car,parked,an industrial yard,close-up,golden hour,clean,a detailed photograph,"a detailed photograph of a compact car automobile parked in an industrial yard, close-up, golden hour. single main subject, photorealistic color photo, natural colors, realistic texture, sharp focus on subject, no people, no text, no watermark, no logo, no border, no collage, no CGI, no illustration.","text, watermark, logo, caption, signature, border, frame, collage, multiple panels, cartoon, illustration, CGI, 3d render, low-poly, painting, anime, surreal, deformed, duplicate objects, extra limbs, blurry, out of focus, noise, oversaturated, posterized, artifacts, jpeg artifacts"
1019,automobile,taxi,driving,a city park,3/4 view,rainy with wet reflections,clean,a professional photo,"a professional photo of a taxi automobile driving in a city park, 3/4 view, rainy with wet reflections. single main subject, photorealistic color photo, natural colors, realistic texture, sharp focus on subject, no people, no text, no watermark, no logo, no border, no collage, no CGI, no illustration.","text, watermark, logo, caption, signature, border, frame, collage, multiple panels, cartoon, illustration, CGI, 3d render, low-poly, painting, anime, surreal, deformed, duplicate objects, extra limbs, blurry, out of focus, noise, oversaturated, posterized, artifacts, jpeg artifacts"
1046,automobile,hatchback,parked,a quiet residential street,wide shot,rainy with wet reflections,clean,a high-quality image,"a high-quality image of a hatchback automobile parked in a quiet residential street, wide shot, rainy with wet reflections. single main subject, photorealistic color photo, natural colors, realistic texture, sharp focus on subject, no people, no text, no watermark, no logo, no border, no collage, no CGI, no illustration.","text, watermark, logo, caption, signature, border, frame, collage, multiple panels, cartoon, illustration, CGI, 3d render, low-poly, painting, anime, surreal, deformed, duplicate objects, extra limbs, blurry, out of focus, noise, oversaturated, posterized, artifacts, jpeg artifacts"
1000,automobile,sedan,driving,a wet roadway after rain,low angle,backlit rim light,clean,an ultra-realistic rendering,"an ultra-realistic rendering of a sedan automobile driving in a wet roadway after rain, low angle, backlit rim light. single main subject, photorealistic color photo, natural colors, realistic texture, sharp focus on subject, no people, no text, no watermark, no logo, no border, no collage, no CGI, no illustration.","text, watermark, logo, caption, signature, border, frame, collage, multiple panels, cartoon, illustration, CGI, 3d render, low-poly, painting, anime, surreal, deformed, duplicate objects, extra limbs, blurry, out of focus, noise, oversaturated, posterized, artifacts, jpeg artifacts"
1790,automobile,taxi,driving,a parking lot,low angle,nighttime under streetlights,clean,a detailed photograph,"a detailed photograph of a taxi automobile driving in a parking lot, low angle, nighttime under streetlights. single main subject, photorealistic color photo, natural colors, realistic texture, sharp focus on subject, no people, no text, no watermark, no logo, no border, no collage, no CGI, no illustration.","text, watermark, logo, caption, signature, border, frame, collage, multiple panels, cartoon, illustration, CGI, 3d render, low-poly, painting, anime, surreal, deformed, duplicate objects, extra limbs, blurry, out of focus, noise, oversaturated, posterized, artifacts, jpeg artifacts"
1814,automobile,compact car,driving,a countryside road,low angle,nighttime under streetlights,hard,a professional photo,"a professional photo of a compact car automobile driving in a countryside road, low angle, nighttime under streetlights. slight motion blur. single main subject, photorealistic color photo, natural colors, realistic texture, sharp focus on subject, no people, no text, no watermark, no logo, no border, no collage, no CGI, no illustration.","text, watermark, logo, caption, signature, border, frame, collage, multiple panels, cartoon, illustration, CGI, 3d render, low-poly, painting, anime, surreal, deformed, duplicate objects, extra limbs, blurry, out of focus, noise, oversaturated, posterized, artifacts, jpeg artifacts"
1315,automobile,hatchback,driving,a parking lot,wide shot,rainy with wet reflections,clean,an ultra-realistic rendering,"an ultra-realistic rendering of a hatchback automobile driving in a parking lot, wide shot, rainy with wet reflections. single main subject, photorealistic color photo, natural colors, realistic texture, sharp focus on subject, no people, no text, no watermark, no logo, no border, no collage, no CGI, no illustration.","text, watermark, logo, caption, signature, border, frame, collage, multiple panels, cartoon, illustration, CGI, 3d render, low-poly, painting, anime, surreal, deformed, duplicate objects, extra limbs, blurry, out of focus, noise, oversaturated, posterized, artifacts, jpeg artifacts"
1496,automobile,sports car,parked,a grassy field,wide shot,backlit rim light,clean,a finely detailed photo,"a finely detailed photo of a sports car automobile parked in a grassy field, wide shot, backlit rim light. single main subject, photorealistic color photo, natural colors, realistic texture, sharp focus on subject, no people, no text, no watermark, no logo, no border, no collage, no CGI, no illustration.","text, watermark, logo, caption, signature, border, frame, collage, multiple panels, cartoon, illustration, CGI, 3d render, low-poly, painting, anime, surreal, deformed, duplicate objects, extra limbs, blurry, out of focus, noise, oversaturated, posterized, artifacts, jpeg artifacts"
1938,automobile,taxi,turning at an intersection,a parking lot,slightly off-center framing,rainy with wet reflections,hard,an ultra-realistic rendering,"an ultra-realistic rendering of a taxi automobile turning at an intersection in a parking lot, slightly off-center framing, rainy with wet reflections. partially occluded by a foreground object. single main subject, photorealistic color photo, natural colors, realistic texture, sharp focus on subject, no people, no text, no watermark, no logo, no border, no collage, no CGI, no illustration.","text, watermark, logo, caption, signature, border, frame, collage, multiple panels, cartoon, illustration, CGI, 3d render, low-poly, painting, anime, surreal, deformed, duplicate objects, extra limbs, blurry, out of focus, noise, oversaturated, posterized, artifacts, jpeg artifacts"
1125,automobile,compact car,stopped at a curb,a countryside road,side profile,golden hour,clean,a high-quality image,"a high-quality image of a compact car automobile stopped at a curb in a countryside road, side profile, golden hour. single main subject, photorealistic color photo, natural colors, realistic texture, sharp focus on subject, no people, no text, no watermark, no logo, no border, no collage, no CGI, no illustration.","text, watermark, logo, caption, signature, border, frame, collage, multiple panels, cartoon, illustration, CGI, 3d render, low-poly, painting, anime, surreal, deformed, duplicate objects, extra limbs, blurry, out of focus, noise, oversaturated, posterized, artifacts, jpeg artifacts"
1549,automobile,compact car,driving,a wet roadway after rain,close-up,rainy with wet reflections,clean,a photorealistic color photo,"a photorealistic color photo of a compact car automobile driving in a wet roadway after rain, close-up, rainy with wet reflections. single main subject, photorealistic color photo, natural colors, realistic texture, sharp focus on subject, no people, no text, no watermark, no logo, no border, no collage, no CGI, no illustration.","text, watermark, logo, caption, signature, border, frame, collage, multiple panels, cartoon, illustration, CGI, 3d render, low-poly, painting, anime, surreal, deformed, duplicate objects, extra limbs, blurry, out of focus, noise, oversaturated, posterized, artifacts, jpeg artifacts"
1717,automobile,coupe,turning at an intersection,a suburban neighborhood,front view,golden hour,clean,a high-quality image,"a high-quality image of a coupe automobile turning at an intersection in a suburban neighborhood, front view, golden hour. single main subject, photorealistic color photo, natural colors, realistic texture, sharp focus on subject, no people, no text, no watermark, no logo, no border, no collage, no CGI, no illustration.","text, watermark, logo, caption, signature, border, frame, collage, multiple panels, cartoon, illustration, CGI, 3d render, low-poly, painting, anime, surreal, deformed, duplicate objects, extra limbs, blurry, out of focus, noise, oversaturated, posterized, artifacts, jpeg artifacts"
1014,automobile,sports car,parked,a lakeside shore,close-up,indoor soft window light,clean,a finely detailed photo,"a finely detailed photo of a sports car automobile parked in a lakeside shore, close-up, indoor soft window light. single main subject, photorealistic color photo, natural colors, realistic texture, sharp focus on subject, no people, no text, no watermark, no logo, no border, no collage, no CGI, no illustration.","text, watermark, logo, caption, signature, border, frame, collage, multiple panels, cartoon, illustration, CGI, 3d render, low-poly, painting, anime, surreal, deformed, duplicate objects, extra limbs, blurry, out of focus, noise, oversaturated, posterized, artifacts, jpeg artifacts"
1970,automobile,taxi,stopped at a curb,a city park,side profile,golden hour,hard,a finely detailed photo,"a finely detailed photo of a taxi automobile stopped at a curb in a city park, side profile, golden hour. cropped slightly. single main subject, photorealistic color photo, natural colors, realistic texture, sharp focus on subject, no people, no text, no watermark, no logo, no border, no collage, no CGI, no illustration.","text, watermark, logo, caption, signature, border, frame, collage, multiple panels, cartoon, illustration, CGI, 3d render, low-poly, painting, anime, surreal, deformed, duplicate objects, extra limbs, blurry, out of focus, noise, oversaturated, posterized, artifacts, jpeg artifacts"
1008,automobile,compact car,driving,a city park,slightly off-center framing,nighttime under streetlights,clean,a professional photo,"a professional photo of a compact car automobile driving in a city park, slightly off-center framing, nighttime under streetlights. single main subject, photorealistic color photo, natural colors, realistic texture, sharp focus on subject, no people, no text, no watermark, no logo, no border, no collage, no CGI, no illustration.","text, watermark, logo, caption, signature, border, frame, collage, multiple panels, cartoon, illustration, CGI, 3d render, low-poly, painting, anime, surreal, deformed, duplicate objects, extra limbs, blurry, out of focus, noise, oversaturated, posterized, artifacts, jpeg artifacts"
1517,automobile,hatchback,driving,a grassy field,3/4 view,overcast daylight,clean,a high-quality image,"a high-quality image of a hatchback automobile driving in a grassy field, 3/4 view, overcast daylight. single main subject, photorealistic color photo, natural colors, realistic texture, sharp focus on subject, no people, no text, no watermark, no logo, no border, no collage, no CGI, no illustration.","text, watermark, logo, caption, signature, border, frame, collage, multiple panels, cartoon, illustration, CGI, 3d render, low-poly, painting, anime, surreal, deformed, duplicate objects, extra limbs, blurry, out of focus, noise, oversaturated, posterized, artifacts, jpeg artifacts"
1541,automobile,coupe,stopped at a curb,a sandy beach,side profile,overcast daylight,clean,a finely detailed photo,"a finely detailed photo of a coupe automobile stopped at a curb in a sandy beach, side profile, overcast daylight. single main subject, photorealistic color photo, natural colors, realistic texture, sharp focus on subject, no people, no text, no watermark, no logo, no border, no collage, no CGI, no illustration.","text, watermark, logo, caption, signature, border, frame, collage, multiple panels, cartoon, illustration, CGI, 3d render, low-poly, painting, anime, surreal, deformed, duplicate objects, extra limbs, blurry, out of focus, noise, oversaturated, posterized, artifacts, jpeg artifacts"
1995,automobile,compact car,driving,a parking lot,slightly off-center framing,nighttime under streetlights,hard,a photorealistic color photo,"a photorealistic color photo of a compact car automobile driving in a parking lot, slightly off-center framing, nighttime under streetlights. busy background but still one main subject. single main subject, photorealistic color photo, natural colors, realistic texture, sharp focus on subject, no people, no text, no watermark, no logo, no border, no collage, no CGI, no illustration.","text, watermark, logo, caption, signature, border, frame, collage, multiple panels, cartoon, illustration, CGI, 3d render, low-poly, painting, anime, surreal, deformed, duplicate objects, extra limbs, blurry, out of focus, noise, oversaturated, posterized, artifacts, jpeg artifacts"
1361,automobile,hatchback,stopped at a curb,a wet roadway after rain,slightly off-center framing,overcast daylight,clean,a high-quality image,"a high-quality image of a hatchback automobile stopped at a curb in a wet roadway after rain, slightly off-center framing, overcast daylight. single main subject, photorealistic color photo, natural colors, realistic texture, sharp focus on subject, no people, no text, no watermark, no logo, no border, no collage, no CGI, no illustration.","text, watermark, logo, caption, signature, border, frame, collage, multiple panels, cartoon, illustration, CGI, 3d render, low-poly, painting, anime, surreal, deformed, duplicate objects, extra limbs, blurry, out of focus, noise, oversaturated, posterized, artifacts, jpeg artifacts"
1822,automobile,sedan,turning at an intersection,a gravel lot,high angle,overcast daylight,hard,a high-quality image,"a high-quality image of a sedan automobile turning at an intersection in a gravel lot, high angle, overcast daylight. slight motion blur. single main subject, photorealistic color photo, natural colors, realistic texture, sharp focus on subject, no people, no text, no watermark, no logo, no border, no collage, no CGI, no illustration.","text, watermark, logo, caption, signature, border, frame, collage, multiple panels, cartoon, illustration, CGI, 3d render, low-poly, painting, anime, surreal, deformed, duplicate objects, extra limbs, blurry, out of focus, noise, oversaturated, posterized, artifacts, jpeg artifacts"
1281,automobile,taxi,parked,a city park,3/4 view,sunny afternoon,clean,a photorealistic color photo,"a photorealistic color photo of a taxi automobile parked in a city park, 3/4 view, sunny afternoon. single main subject, photorealistic color photo, natural colors, realistic texture, sharp focus on subject, no people, no text, no watermark, no logo, no border, no collage, no CGI, no illustration.","text, watermark, logo, caption, signature, border, frame, collage, multiple panels, cartoon, illustration, CGI, 3d render, low-poly, painting, anime, surreal, deformed, duplicate objects, extra limbs, blurry, out of focus, noise, oversaturated, posterized, artifacts, jpeg artifacts"
1653,automobile,coupe,driving,a wet roadway after rain,front view,sunny afternoon,clean,a high-quality image,"a high-quality image of a coupe automobile driving in a wet roadway after rain, front view, sunny afternoon. single main subject, photorealistic color photo, natural colors, realistic texture, sharp focus on subject, no people, no text, no watermark, no logo, no border, no collage, no CGI, no illustration.","text, watermark, logo, caption, signature, border, frame, collage, multiple panels, cartoon, illustration, CGI, 3d render, low-poly, painting, anime, surreal, deformed, duplicate objects, extra limbs, blurry, out of focus, noise, oversaturated, posterized, artifacts, jpeg artifacts"
1993,automobile,coupe,turning at an intersection,a sandy beach,cropped at the edge of the frame,indoor soft window light,hard,a high-quality image,"a high-quality image of a coupe automobile turning at an intersection in a sandy beach, cropped at the edge of the frame, indoor soft window light. partially occluded by a foreground object. single main subject, photorealistic color photo, natural colors, realistic texture, sharp focus on subject, no people, no text, no watermark, no logo, no border, no collage, no CGI, no illustration.","text, watermark, logo, caption, signature, border, frame, collage, multiple panels, cartoon, illustration, CGI, 3d render, low-poly, painting, anime, surreal, deformed, duplicate objects, extra limbs, blurry, out of focus, noise, oversaturated, posterized, artifacts, jpeg artifacts"
1162,automobile,taxi,turning at an intersection,a suburban neighborhood,3/4 view,rainy with wet reflections,clean,a detailed photograph,"a detailed photograph of a taxi automobile turning at an intersection in a suburban neighborhood, 3/4 view, rainy with wet reflections. single main subject, photorealistic color photo, natural colors, realistic texture, sharp focus on subject, no people, no text, no watermark, no logo, no border, no collage, no CGI, no illustration.","text, watermark, logo, caption, signature, border, frame, collage, multiple panels, cartoon, illustration, CGI, 3d render, low-poly, painting, anime, surreal, deformed, duplicate objects, extra limbs, blurry, out of focus, noise, oversaturated, posterized, artifacts, jpeg artifacts"
1386,automobile,sedan,turning at an intersection,a countryside road,low angle,overcast daylight,clean,an ultra-realistic rendering,"an ultra-realistic rendering of a sedan automobile turning at an intersection in a countryside road, low angle, overcast daylight. single main subject, photorealistic color photo, natural colors, realistic texture, sharp focus on subject, no people, no text, no watermark, no logo, no border, no collage, no CGI, no illustration.","text, watermark, logo, caption, signature, border, frame, collage, multiple panels, cartoon, illustration, CGI, 3d render, low-poly, painting, anime, surreal, deformed, duplicate objects, extra limbs, blurry, out of focus, noise, oversaturated, posterized, artifacts, jpeg artifacts"
1388,automobile,taxi,parked,a quiet residential street,high angle,backlit rim light,clean,an ultra-realistic rendering,"an ultra-realistic rendering of a taxi automobile parked in a quiet residential street, high angle, backlit rim light. single main subject, photorealistic color photo, natural colors, realistic texture, sharp focus on subject, no people, no text, no watermark, no logo, no border, no collage, no CGI, no illustration.","text, watermark, logo, caption, signature, border, frame, collage, multiple panels, cartoon, illustration, CGI, 3d render, low-poly, painting, anime, surreal, deformed, duplicate objects, extra limbs, blurry, out of focus, noise, oversaturated, posterized, artifacts, jpeg artifacts"
1898,automobile,sports car,turning at an intersection,a countryside road,close-up,nighttime under streetlights,hard,an ultra-realistic rendering,"an ultra-realistic rendering of a sports car automobile turning at an intersection in a countryside road, close-up, nighttime under streetlights. busy background but still one main subject. single main subject, photorealistic color photo, natural colors, realistic texture, sharp focus on subject, no people, no text, no watermark, no logo, no border, no collage, no CGI, no illustration.","text, watermark, logo, caption, signature, border, frame, collage, multiple panels, cartoon, illustration, CGI, 3d render, low-poly, painting, anime, surreal, deformed, duplicate objects, extra limbs, blurry, out of focus, noise, oversaturated, posterized, artifacts, jpeg artifacts"
1782,automobile,hatchback,driving,a suburban neighborhood,high angle,nighttime under streetlights,clean,an ultra-realistic rendering,"an ultra-realistic rendering of a hatchback automobile driving in a suburban neighborhood, high angle, nighttime under streetlights. single main subject, photorealistic color photo, natural colors, realistic texture, sharp focus on subject, no people, no text, no watermark, no logo, no border, no collage, no CGI, no illustration.","text, watermark, logo, caption, signature, border, frame, collage, multiple panels, cartoon, illustration, CGI, 3d render, low-poly, painting, anime, surreal, deformed, duplicate objects, extra limbs, blurry, out of focus, noise, oversaturated, posterized, artifacts, jpeg artifacts"
1148,automobile,sports car,turning at an intersection,a grassy field,close-up,overcast daylight,clean,a finely detailed photo,"a finely detailed photo of a sports car automobile turning at an intersection in a grassy field, close-up, overcast daylight. single main subject, photorealistic color photo, natural colors, realistic texture, sharp focus on subject, no people, no text, no watermark, no logo, no border, no collage, no CGI, no illustration.","text, watermark, logo, caption, signature, border, frame, collage, multiple panels, cartoon, illustration, CGI, 3d render, low-poly, painting, anime, surreal, deformed, duplicate objects, extra limbs, blurry, out of focus, noise, oversaturated, posterized, artifacts, jpeg artifacts"
1194,automobile,compact car,driving,a grassy field,3/4 view,foggy morning,clean,a detailed photograph,"a detailed photograph of a compact car automobile driving in a grassy field, 3/4 view, foggy morning. single main subject, photorealistic color photo, natural colors, realistic texture, sharp focus on subject, no people, no text, no watermark, no logo, no border, no collage, no CGI, no illustration.","text, watermark, logo, caption, signature, border, frame, collage, multiple panels, cartoon, illustration, CGI, 3d render, low-poly, painting, anime, surreal, deformed, duplicate objects, extra limbs, blurry, out of focus, noise, oversaturated, posterized, artifacts, jpeg artifacts"
1784,automobile,hatchback,turning at an intersection,an urban street,3/4 view,golden hour,clean,a high-quality image,"a high-quality image of a hatchback automobile turning at an intersection in an urban street, 3/4 view, golden hour. single main subject, photorealistic color photo, natural colors, realistic texture, sharp focus on subject, no people, no text, no watermark, no logo, no border, no collage, no CGI, no illustration.","text, watermark, logo, caption, signature, border, frame, collage, multiple panels, cartoon, illustration, CGI, 3d render, low-poly, painting, anime, surreal, deformed, duplicate objects, extra limbs, blurry, out of focus, noise, oversaturated, posterized, artifacts, jpeg artifacts"
1998,automobile,taxi,driving,a quiet residential street,front view,rainy with wet reflections,hard,a professional photo,"a professional photo of a taxi automobile driving in a quiet residential street, front view, rainy with wet reflections. in the distance. single main subject, photorealistic color photo, natural colors, realistic texture, sharp focus on subject, no people, no text, no watermark, no logo, no border, no collage, no CGI, no illustration.","text, watermark, logo, caption, signature, border, frame, collage, multiple panels, cartoon, illustration, CGI, 3d render, low-poly, painting, anime, surreal, deformed, duplicate objects, extra limbs, blurry, out of focus, noise, oversaturated, posterized, artifacts, jpeg artifacts"
1183,automobile,taxi,turning at an intersection,an industrial yard,high angle,foggy morning,clean,a photorealistic color photo,"a photorealistic color photo of a taxi automobile turning at an intersection in an industrial yard, high angle, foggy morning. single main subject, photorealistic color photo, natural colors, realistic texture, sharp focus on subject, no people, no text, no watermark, no logo, no border, no collage, no CGI, no illustration.","text, watermark, logo, caption, signature, border, frame, collage, multiple panels, cartoon, illustration, CGI, 3d render, low-poly, painting, anime, surreal, deformed, duplicate objects, extra limbs, blurry, out of focus, noise, oversaturated, posterized, artifacts, jpeg artifacts"
1503,automobile,sports car,driving,a lakeside shore,high angle,rainy with wet reflections,clean,an ultra-realistic rendering,"an ultra-realistic rendering of a sports car automobile driving in a lakeside shore, high angle, rainy with wet reflections. single main subject, photorealistic color photo, natural colors, realistic texture, sharp focus on subject, no people, no text, no watermark, no logo, no border, no collage, no CGI, no illustration.","text, watermark, logo, caption, signature, border, frame, collage, multiple panels, cartoon, illustration, CGI, 3d render, low-poly, painting, anime, surreal, deformed, duplicate objects, extra limbs, blurry, out of focus, noise, oversaturated, posterized, artifacts, jpeg artifacts"
1702,automobile,hatchback,turning at an intersection,a sandy beach,wide shot,nighttime under streetlights,clean,a finely detailed photo,"a finely detailed photo of a hatchback automobile turning at an intersection in a sandy beach, wide shot, nighttime under streetlights. single main subject, photorealistic color photo, natural colors, realistic texture, sharp focus on subject, no people, no text, no watermark, no logo, no border, no collage, no CGI, no illustration.","text, watermark, logo, caption, signature, border, frame, collage, multiple panels, cartoon, illustration, CGI, 3d render, low-poly, painting, anime, surreal, deformed, duplicate objects, extra limbs, blurry, out of focus, noise, oversaturated, posterized, artifacts, jpeg artifacts"
1631,automobile,compact car,turning at an intersection,a grassy field,close-up,foggy morning,clean,an ultra-realistic rendering,"an ultra-realistic rendering of a compact car automobile turning at an intersection in a grassy field, close-up, foggy morning. single main subject, photorealistic color photo, natural colors, realistic texture, sharp focus on subject, no people, no text, no watermark, no logo, no border, no collage, no CGI, no illustration.","text, watermark, logo, caption, signature, border, frame, collage, multiple panels, cartoon, illustration, CGI, 3d render, low-poly, painting, anime, surreal, deformed, duplicate objects, extra limbs, blurry, out of focus, noise, oversaturated, posterized, artifacts, jpeg artifacts"
1579,automobile,compact car,parked,a quiet residential street,side profile,sunny afternoon,clean,a finely detailed photo,"a finely detailed photo of a compact car automobile parked in a quiet residential street, side profile, sunny afternoon. single main subject, photorealistic color photo, natural colors, realistic texture, sharp focus on subject, no people, no text, no watermark, no logo, no border, no collage, no CGI, no illustration.","text, watermark, logo, caption, signature, border, frame, collage, multiple panels, cartoon, illustration, CGI, 3d render, low-poly, painting, anime, surreal, deformed, duplicate objects, extra limbs, blurry, out of focus, noise, oversaturated, posterized, artifacts, jpeg artifacts"
1108,automobile,taxi,parked,an urban street,close-up,foggy morning,clean,a finely detailed photo,"a finely detailed photo of a taxi automobile parked in an urban street, close-up, foggy morning. single main subject, photorealistic color photo, natural colors, realistic texture, sharp focus on subject, no people, no text, no watermark, no logo, no border, no collage, no CGI, no illustration.","text, watermark, logo, caption, signature, border, frame, collage, multiple panels, cartoon, illustration, CGI, 3d render, low-poly, painting, anime, surreal, deformed, duplicate objects, extra limbs, blurry, out of focus, noise, oversaturated, posterized, artifacts, jpeg artifacts"
1139,automobile,hatchback,turning at an intersection,an industrial yard,side profile,backlit rim light,clean,a professional photo,"a professional photo of a hatchback automobile turning at an intersection in an industrial yard, side profile, backlit rim light. single main subject, photorealistic color photo, natural colors, realistic texture, sharp focus on subject, no people, no text, no watermark, no logo, no border, no collage, no CGI, no illustration.","text, watermark, logo, caption, signature, border, frame, collage, multiple panels, cartoon, illustration, CGI, 3d render, low-poly, painting, anime, surreal, deformed, duplicate objects, extra limbs, blurry, out of focus, noise, oversaturated, posterized, artifacts, jpeg artifacts"
1842,automobile,hatchback,stopped at a curb,a gravel lot,side profile,backlit rim light,hard,a high-quality image,"a high-quality image of a hatchback automobile stopped at a curb in a gravel lot, side profile, backlit rim light. busy background but still one main subject. single main subject, photorealistic color photo, natural colors, realistic texture, sharp focus on subject, no people, no text, no watermark, no logo, no border, no collage, no CGI, no illustration.","text, watermark, logo, caption, signature, border, frame, collage, multiple panels, cartoon, illustration, CGI, 3d render, low-poly, painting, anime, surreal, deformed, duplicate objects, extra limbs, blurry, out of focus, noise, oversaturated, posterized, artifacts, jpeg artifacts"
1126,automobile,sports car,driving,a wet roadway after rain,low angle,overcast daylight,clean,a photorealistic color photo,"a photorealistic color photo of a sports car automobile driving in a wet roadway after rain, low angle, overcast daylight. single main subject, photorealistic color photo, natural colors, realistic texture, sharp focus on subject, no people, no text, no watermark, no logo, no border, no collage, no CGI, no illustration.","text, watermark, logo, caption, signature, border, frame, collage, multiple panels, cartoon, illustration, CGI, 3d render, low-poly, painting, anime, surreal, deformed, duplicate objects, extra limbs, blurry, out of focus, noise, oversaturated, posterized, artifacts, jpeg artifacts"
1936,automobile,hatchback,parked,a city park,front view,sunny afternoon,hard,an ultra-realistic rendering,"an ultra-realistic rendering of a hatchback automobile parked in a city park, front view, sunny afternoon. cropped slightly. single main subject, photorealistic color photo, natural colors, realistic texture, sharp focus on subject, no people, no text, no watermark, no logo, no border, no collage, no CGI, no illustration.","text, watermark, logo, caption, signature, border, frame, collage, multiple panels, cartoon, illustration, CGI, 3d render, low-poly, painting, anime, surreal, deformed, duplicate objects, extra limbs, blurry, out of focus, noise, oversaturated, posterized, artifacts, jpeg artifacts"
1282,automobile,taxi,parked,a gravel lot,3/4 view,rainy with wet reflections,clean,a detailed photograph,"a detailed photograph of a taxi automobile parked in a gravel lot, 3/4 view, rainy with wet reflections. single main subject, photorealistic color photo, natural colors, realistic texture, sharp focus on subject, no people, no text, no watermark, no logo, no border, no collage, no CGI, no illustration.","text, watermark, logo, caption, signature, border, frame, collage, multiple panels, cartoon, illustration, CGI, 3d render, low-poly, painting, anime, surreal, deformed, duplicate objects, extra limbs, blurry, out of focus, noise, oversaturated, posterized, artifacts, jpeg artifacts"
1345,automobile,coupe,turning at an intersection,a sandy beach,wide shot,indoor soft window light,clean,an ultra-realistic rendering,"an ultra-realistic rendering of a coupe automobile turning at an intersection in a sandy beach, wide shot, indoor soft window light. single main subject, photorealistic color photo, natural colors, realistic texture, sharp focus on subject, no people, no text, no watermark, no logo, no border, no collage, no CGI, no illustration.","text, watermark, logo, caption, signature, border, frame, collage, multiple panels, cartoon, illustration, CGI, 3d render, low-poly, painting, anime, surreal, deformed, duplicate objects, extra limbs, blurry, out of focus, noise, oversaturated, posterized, artifacts, jpeg artifacts"
1773,automobile,coupe,stopped at a curb,a wet roadway after rain,side profile,golden hour,clean,a professional photo,"a professional photo of a coupe automobile stopped at a curb in a wet roadway after rain, side profile, golden hour. single main subject, photorealistic color photo, natural colors, realistic texture, sharp focus on subject, no people, no text, no watermark, no logo, no border, no collage, no CGI, no illustration.","text, watermark, logo, caption, signature, border, frame, collage, multiple panels, cartoon, illustration, CGI, 3d render, low-poly, painting, anime, surreal, deformed, duplicate objects, extra limbs, blurry, out of focus, noise, oversaturated, posterized, artifacts, jpeg artifacts"
1326,automobile,taxi,turning at an intersection,an urban street,high angle,rainy with wet reflections,clean,a photorealistic color photo,"a photorealistic color photo of a taxi automobile turning at an intersection in an urban street, high angle, rainy with wet reflections. single main subject, photorealistic color photo, natural colors, realistic texture, sharp focus on subject, no people, no text, no watermark, no logo, no border, no collage, no CGI, no illustration.","text, watermark, logo, caption, signature, border, frame, collage, multiple panels, cartoon, illustration, CGI, 3d render, low-poly, painting, anime, surreal, deformed, duplicate objects, extra limbs, blurry, out of focus, noise, oversaturated, posterized, artifacts, jpeg artifacts"
1475,automobile,coupe,driving,a countryside road,3/4 view,nighttime under streetlights,clean,a finely detailed photo,"a finely detailed photo of a coupe automobile driving in a countryside road, 3/4 view, nighttime under streetlights. single main subject, photorealistic color photo, natural colors, realistic texture, sharp focus on subject, no people, no text, no watermark, no logo, no border, no collage, no CGI, no illustration.","text, watermark, logo, caption, signature, border, frame, collage, multiple panels, cartoon, illustration, CGI, 3d render, low-poly, painting, anime, surreal, deformed, duplicate objects, extra limbs, blurry, out of focus, noise, oversaturated, posterized, artifacts, jpeg artifacts"
1613,automobile,sports car,stopped at a curb,an industrial yard,close-up,sunny afternoon,clean,a photorealistic color photo,"a photorealistic color photo of a sports car automobile stopped at a curb in an industrial yard, close-up, sunny afternoon. single main subject, photorealistic color photo, natural colors, realistic texture, sharp focus on subject, no people, no text, no watermark, no logo, no border, no collage, no CGI, no illustration.","text, watermark, logo, caption, signature, border, frame, collage, multiple panels, cartoon, illustration, CGI, 3d render, low-poly, painting, anime, surreal, deformed, duplicate objects, extra limbs, blurry, out of focus, noise, oversaturated, posterized, artifacts, jpeg artifacts"
1812,automobile,sedan,driving,a lakeside shore,low angle,rainy with wet reflections,hard,a detailed photograph,"a detailed photograph of a sedan automobile driving in a lakeside shore, low angle, rainy with wet reflections. busy background but still one main subject. single main subject, photorealistic color photo, natural colors, realistic texture, sharp focus on subject, no people, no text, no watermark, no logo, no border, no collage, no CGI, no illustration.","text, watermark, logo, caption, signature, border, frame, collage, multiple panels, cartoon, illustration, CGI, 3d render, low-poly, painting, anime, surreal, deformed, duplicate objects, extra limbs, blurry, out of focus, noise, oversaturated, posterized, artifacts, jpeg artifacts"
1760,automobile,compact car,stopped at a curb,a forest clearing,front view,sunny afternoon,clean,a professional photo,"a professional photo of a compact car automobile stopped at a curb in a forest clearing, front view, sunny afternoon. single main subject, photorealistic color photo, natural colors, realistic texture, sharp focus on subject, no people, no text, no watermark, no logo, no border, no collage, no CGI, no illustration.","text, watermark, logo, caption, signature, border, frame, collage, multiple panels, cartoon, illustration, CGI, 3d render, low-poly, painting, anime, surreal, deformed, duplicate objects, extra limbs, blurry, out of focus, noise, oversaturated, posterized, artifacts, jpeg artifacts"
1411,automobile,taxi,turning at an intersection,a backyard,side profile,nighttime under streetlights,clean,a detailed photograph,"a detailed photograph of a taxi automobile turning at an intersection in a backyard, side profile, nighttime under streetlights. single main subject, photorealistic color photo, natural colors, realistic texture, sharp focus on subject, no people, no text, no watermark, no logo, no border, no collage, no CGI, no illustration.","text, watermark, logo, caption, signature, border, frame, collage, multiple panels, cartoon, illustration, CGI, 3d render, low-poly, painting, anime, surreal, deformed, duplicate objects, extra limbs, blurry, out of focus, noise, oversaturated, posterized, artifacts, jpeg artifacts"
1116,automobile,coupe,stopped at a curb,a city park,3/4 view,indoor soft window light,clean,a detailed photograph,"a detailed photograph of a coupe automobile stopped at a curb in a city park, 3/4 view, indoor soft window light. single main subject, photorealistic color photo, natural colors, realistic texture, sharp focus on subject, no people, no text, no watermark, no logo, no border, no collage, no CGI, no illustration.","text, watermark, logo, caption, signature, border, frame, collage, multiple panels, cartoon, illustration, CGI, 3d render, low-poly, painting, anime, surreal, deformed, duplicate objects, extra limbs, blurry, out of focus, noise, oversaturated, posterized, artifacts, jpeg artifacts"
1406,automobile,hatchback,parked,an industrial yard,slightly off-center framing,rainy with wet reflections,clean,a high-quality image,"a high-quality image of a hatchback automobile parked in an industrial yard, slightly off-center framing, rainy with wet reflections. single main subject, photorealistic color photo, natural colors, realistic texture, sharp focus on subject, no people, no text, no watermark, no logo, no border, no collage, no CGI, no illustration.","text, watermark, logo, caption, signature, border, frame, collage, multiple panels, cartoon, illustration, CGI, 3d render, low-poly, painting, anime, surreal, deformed, duplicate objects, extra limbs, blurry, out of focus, noise, oversaturated, posterized, artifacts, jpeg artifacts"
1399,automobile,sports car,turning at an intersection,a quiet residential street,low angle,sunny afternoon,clean,a professional photo,"a professional photo of a sports car automobile turning at an intersection in a quiet residential street, low angle, sunny afternoon. single main subject, photorealistic color photo, natural colors, realistic texture, sharp focus on subject, no people, no text, no watermark, no logo, no border, no collage, no CGI, no illustration.","text, watermark, logo, caption, signature, border, frame, collage, multiple panels, cartoon, illustration, CGI, 3d render, low-poly, painting, anime, surreal, deformed, duplicate objects, extra limbs, blurry, out of focus, noise, oversaturated, posterized, artifacts, jpeg artifacts"
1765,automobile,sedan,turning at an intersection,a grassy field,slightly off-center framing,sunny afternoon,clean,a detailed photograph,"a detailed photograph of a sedan automobile turning at an intersection in a grassy field, slightly off-center framing, sunny afternoon. single main subject, photorealistic color photo, natural colors, realistic texture, sharp focus on subject, no people, no text, no watermark, no logo, no border, no collage, no CGI, no illustration.","text, watermark, logo, caption, signature, border, frame, collage, multiple panels, cartoon, illustration, CGI, 3d render, low-poly, painting, anime, surreal, deformed, duplicate objects, extra limbs, blurry, out of focus, noise, oversaturated, posterized, artifacts, jpeg artifacts"
1057,automobile,sedan,stopped at a curb,a grassy field,slightly off-center framing,sunny afternoon,clean,a high-quality image,"a high-quality image of a sedan automobile stopped at a curb in a grassy field, slightly off-center framing, sunny afternoon. single main subject, photorealistic color photo, natural colors, realistic texture, sharp focus on subject, no people, no text, no watermark, no logo, no border, no collage, no CGI, no illustration.","text, watermark, logo, caption, signature, border, frame, collage, multiple panels, cartoon, illustration, CGI, 3d render, low-poly, painting, anime, surreal, deformed, duplicate objects, extra limbs, blurry, out of focus, noise, oversaturated, posterized, artifacts, jpeg artifacts"
1287,automobile,compact car,driving,an industrial yard,3/4 view,golden hour,clean,a high-quality image,"a high-quality image of a compact car automobile driving in an industrial yard, 3/4 view, golden hour. single main subject, photorealistic color photo, natural colors, realistic texture, sharp focus on subject, no people, no text, no watermark, no logo, no border, no collage, no CGI, no illustration.","text, watermark, logo, caption, signature, border, frame, collage, multiple panels, cartoon, illustration, CGI, 3d render, low-poly, painting, anime, surreal, deformed, duplicate objects, extra limbs, blurry, out of focus, noise, oversaturated, posterized, artifacts, jpeg artifacts"
1896,automobile,sedan,turning at an intersection,an industrial yard,wide shot,indoor soft window light,hard,an ultra-realistic rendering,"an ultra-realistic rendering of a sedan automobile turning at an intersection in an industrial yard, wide shot, indoor soft window light. slight motion blur. single main subject, photorealistic color photo, natural colors, realistic texture, sharp focus on subject, no people, no text, no watermark, no logo, no border, no collage, no CGI, no illustration.","text, watermark, logo, caption, signature, border, frame, collage, multiple panels, cartoon, illustration, CGI, 3d render, low-poly, painting, anime, surreal, deformed, duplicate objects, extra limbs, blurry, out of focus, noise, oversaturated, posterized, artifacts, jpeg artifacts"
1622,automobile,taxi,stopped at a curb,a wet roadway after rain,slightly off-center framing,backlit rim light,clean,a detailed photograph,"a detailed photograph of a taxi automobile stopped at a curb in a wet roadway after rain, slightly off-center framing, backlit rim light. single main subject, photorealistic color photo, natural colors, realistic texture, sharp focus on subject, no people, no text, no watermark, no logo, no border, no collage, no CGI, no illustration.","text, watermark, logo, caption, signature, border, frame, collage, multiple panels, cartoon, illustration, CGI, 3d render, low-poly, painting, anime, surreal, deformed, duplicate objects, extra limbs, blurry, out of focus, noise, oversaturated, posterized, artifacts, jpeg artifacts"
1238,automobile,compact car,parked,a lakeside shore,close-up,overcast daylight,clean,a finely detailed photo,"a finely detailed photo of a compact car automobile parked in a lakeside shore, close-up, overcast daylight. single main subject, photorealistic color photo, natural colors, realistic texture, sharp focus on subject, no people, no text, no watermark, no logo, no border, no collage, no CGI, no illustration.","text, watermark, logo, caption, signature, border, frame, collage, multiple panels, cartoon, illustration, CGI, 3d render, low-poly, painting, anime, surreal, deformed, duplicate objects, extra limbs, blurry, out of focus, noise, oversaturated, posterized, artifacts, jpeg artifacts"
1450,automobile,hatchback,parked,a city park,wide shot,backlit rim light,clean,a professional photo,"a professional photo of a hatchback automobile parked in a city park, wide shot, backlit rim light. single main subject, photorealistic color photo, natural colors, realistic texture, sharp focus on subject, no people, no text, no watermark, no logo, no border, no collage, no CGI, no illustration.","text, watermark, logo, caption, signature, border, frame, collage, multiple panels, cartoon, illustration, CGI, 3d render, low-poly, painting, anime, surreal, deformed, duplicate objects, extra limbs, blurry, out of focus, noise, oversaturated, posterized, artifacts, jpeg artifacts"
1536,automobile,hatchback,parked,a sandy beach,side profile,indoor soft window light,clean,a professional photo,"a professional photo of a hatchback automobile parked in a sandy beach, side profile, indoor soft window light. single main subject, photorealistic color photo, natural colors, realistic texture, sharp focus on subject, no people, no text, no watermark, no logo, no border, no collage, no CGI, no illustration.","text, watermark, logo, caption, signature, border, frame, collage, multiple panels, cartoon, illustration, CGI, 3d render, low-poly, painting, anime, surreal, deformed, duplicate objects, extra limbs, blurry, out of focus, noise, oversaturated, posterized, artifacts, jpeg artifacts"
1856,automobile,hatchback,turning at an intersection,a wet roadway after rain,high angle,sunny afternoon,hard,a high-quality image,"a high-quality image of a hatchback automobile turning at an intersection in a wet roadway after rain, high angle, sunny afternoon. busy background but still one main subject. single main subject, photorealistic color photo, natural colors, realistic texture, sharp focus on subject, no people, no text, no watermark, no logo, no border, no collage, no CGI, no illustration.","text, watermark, logo, caption, signature, border, frame, collage, multiple panels, cartoon, illustration, CGI, 3d render, low-poly, painting, anime, surreal, deformed, duplicate objects, extra limbs, blurry, out of focus, noise, oversaturated, posterized, artifacts, jpeg artifacts"
1590,automobile,coupe,driving,an industrial yard,3/4 view,backlit rim light,clean,a high-quality image,"a high-quality image of a coupe automobile driving in an industrial yard, 3/4 view, backlit rim light. single main subject, photorealistic color photo, natural colors, realistic texture, sharp focus on subject, no people, no text, no watermark, no logo, no border, no collage, no CGI, no illustration.","text, watermark, logo, caption, signature, border, frame, collage, multiple panels, cartoon, illustration, CGI, 3d render, low-poly, painting, anime, surreal, deformed, duplicate objects, extra limbs, blurry, out of focus, noise, oversaturated, posterized, artifacts, jpeg artifacts"
1953,automobile,coupe,parked,a forest clearing,high angle,rainy with wet reflections,hard,a high-quality image,"a high-quality image of a coupe automobile parked in a forest clearing, high angle, rainy with wet reflections. partially occluded by a foreground object. single main subject, photorealistic color photo, natural colors, realistic texture, sharp focus on subject, no people, no text, no watermark, no logo, no border, no collage, no CGI, no illustration.","text, watermark, logo, caption, signature, border, frame, collage, multiple panels, cartoon, illustration, CGI, 3d render, low-poly, painting, anime, surreal, deformed, duplicate objects, extra limbs, blurry, out of focus, noise, oversaturated, posterized, artifacts, jpeg artifacts"
1327,automobile,compact car,parked,a sandy beach,high angle,overcast daylight,clean,a photorealistic color photo,"a photorealistic color photo of a compact car automobile parked in a sandy beach, high angle, overcast daylight. single main subject, photorealistic color photo, natural colors, realistic texture, sharp focus on subject, no people, no text, no watermark, no logo, no border, no collage, no CGI, no illustration.","text, watermark, logo, caption, signature, border, frame, collage, multiple panels, cartoon, illustration, CGI, 3d render, low-poly, painting, anime, surreal, deformed, duplicate objects, extra limbs, blurry, out of focus, noise, oversaturated, posterized, artifacts, jpeg artifacts"
1900,automobile,coupe,parked,a parking lot,cropped at the edge of the frame,indoor soft window light,hard,a high-quality image,"a high-quality image of a coupe automobile parked in a parking lot, cropped at the edge of the frame, indoor soft window light. busy background but still one main subject. single main subject, photorealistic color photo, natural colors, realistic texture, sharp focus on subject, no people, no text, no watermark, no logo, no border, no collage, no CGI, no illustration.","text, watermark, logo, caption, signature, border, frame, collage, multiple panels, cartoon, illustration, CGI, 3d render, low-poly, painting, anime, surreal, deformed, duplicate objects, extra limbs, blurry, out of focus, noise, oversaturated, posterized, artifacts, jpeg artifacts"
1482,automobile,compact car,turning at an intersection,a gravel lot,front view,indoor soft window light,clean,a high-quality image,"a high-quality image of a compact car automobile turning at an intersection in a gravel lot, front view, indoor soft window light. single main subject, photorealistic color photo, natural colors, realistic texture, sharp focus on subject, no people, no text, no watermark, no logo, no border, no collage, no CGI, no illustration.","text, watermark, logo, caption, signature, border, frame, collage, multiple panels, cartoon, illustration, CGI, 3d render, low-poly, painting, anime, surreal, deformed, duplicate objects, extra limbs, blurry, out of focus, noise, oversaturated, posterized, artifacts, jpeg artifacts"
1434,automobile,sports car,parked,a city park,close-up,foggy morning,clean,a detailed photograph,"a detailed photograph of a sports car automobile parked in a city park, close-up, foggy morning. single main subject, photorealistic color photo, natural colors, realistic texture, sharp focus on subject, no people, no text, no watermark, no logo, no border, no collage, no CGI, no illustration.","text, watermark, logo, caption, signature, border, frame, collage, multiple panels, cartoon, illustration, CGI, 3d render, low-poly, painting, anime, surreal, deformed, duplicate objects, extra limbs, blurry, out of focus, noise, oversaturated, posterized, artifacts, jpeg artifacts"
1001,automobile,sedan,stopped at a curb,an industrial yard,side profile,sunny afternoon,clean,an ultra-realistic rendering,"an ultra-realistic rendering of a sedan automobile stopped at a curb in an industrial yard, side profile, sunny afternoon. single main subject, photorealistic color photo, natural colors, realistic texture, sharp focus on subject, no people, no text, no watermark, no logo, no border, no collage, no CGI, no illustration.","text, watermark, logo, caption, signature, border, frame, collage, multiple panels, cartoon, illustration, CGI, 3d render, low-poly, painting, anime, surreal, deformed, duplicate objects, extra limbs, blurry, out of focus, noise, oversaturated, posterized, artifacts, jpeg artifacts"
1876,automobile,sports car,parked,a parking lot,high angle,rainy with wet reflections,hard,a high-quality image,"a high-quality image of a sports car automobile parked in a parking lot, high angle, rainy with wet reflections. slight motion blur. single main subject, photorealistic color photo, natural colors, realistic texture, sharp focus on subject, no people, no text, no watermark, no logo, no border, no collage, no CGI, no illustration.","text, watermark, logo, caption, signature, border, frame, collage, multiple panels, cartoon, illustration, CGI, 3d render, low-poly, painting, anime, surreal, deformed, duplicate objects, extra limbs, blurry, out of focus, noise, oversaturated, posterized, artifacts, jpeg artifacts"
1635,automobile,hatchback,parked,a backyard,3/4 view,overcast daylight,clean,a professional photo,"a professional photo of a hatchback automobile parked in a backyard, 3/4 view, overcast daylight. single main subject, photorealistic color photo, natural colors, realistic texture, sharp focus on subject, no people, no text, no watermark, no logo, no border, no collage, no CGI, no illustration.","text, watermark, logo, caption, signature, border, frame, collage, multiple panels, cartoon, illustration, CGI, 3d render, low-poly, painting, anime, surreal, deformed, duplicate objects, extra limbs, blurry, out of focus, noise, oversaturated, posterized, artifacts, jpeg artifacts"
1715,automobile,taxi,driving,a lakeside shore,slightly off-center framing,sunny afternoon,clean,a professional photo,"a professional photo of a taxi automobile driving in a lakeside shore, slightly off-center framing, sunny afternoon. single main subject, photorealistic color photo, natural colors, realistic texture, sharp focus on subject, no people, no text, no watermark, no logo, no border, no collage, no CGI, no illustration.","text, watermark, logo, caption, signature, border, frame, collage, multiple panels, cartoon, illustration, CGI, 3d render, low-poly, painting, anime, surreal, deformed, duplicate objects, extra limbs, blurry, out of focus, noise, oversaturated, posterized, artifacts, jpeg artifacts"
1430,automobile,coupe,stopped at a curb,a wet roadway after rain,high angle,nighttime under streetlights,clean,a professional photo,"a professional photo of a coupe automobile stopped at a curb in a wet roadway after rain, high angle, nighttime under streetlights. single main subject, photorealistic color photo, natural colors, realistic texture, sharp focus on subject, no people, no text, no watermark, no logo, no border, no collage, no CGI, no illustration.","text, watermark, logo, caption, signature, border, frame, collage, multiple panels, cartoon, illustration, CGI, 3d render, low-poly, painting, anime, surreal, deformed, duplicate objects, extra limbs, blurry, out of focus, noise, oversaturated, posterized, artifacts, jpeg artifacts"
1976,automobile,sedan,stopped at a curb,a countryside road,high angle,golden hour,hard,a finely detailed photo,"a finely detailed photo of a sedan automobile stopped at a curb in a countryside road, high angle, golden hour. slight motion blur. single main subject, photorealistic color photo, natural colors, realistic texture, sharp focus on subject, no people, no text, no watermark, no logo, no border, no collage, no CGI, no illustration.","text, watermark, logo, caption, signature, border, frame, collage, multiple panels, cartoon, illustration, CGI, 3d render, low-poly, painting, anime, surreal, deformed, duplicate objects, extra limbs, blurry, out of focus, noise, oversaturated, posterized, artifacts, jpeg artifacts"
1160,automobile,sports car,driving,a sandy beach,front view,backlit rim light,clean,a detailed photograph,"a detailed photograph of a sports car automobile driving in a sandy beach, front view, backlit rim light. single main subject, photorealistic color photo, natural colors, realistic texture, sharp focus on subject, no people, no text, no watermark, no logo, no border, no collage, no CGI, no illustration.","text, watermark, logo, caption, signature, border, frame, collage, multiple panels, cartoon, illustration, CGI, 3d render, low-poly, painting, anime, surreal, deformed, duplicate objects, extra limbs, blurry, out of focus, noise, oversaturated, posterized, artifacts, jpeg artifacts"
1062,automobile,compact car,driving,a gravel lot,3/4 view,nighttime under streetlights,clean,a professional photo,"a professional photo of a compact car automobile driving in a gravel lot, 3/4 view, nighttime under streetlights. single main subject, photorealistic color photo, natural colors, realistic texture, sharp focus on subject, no people, no text, no watermark, no logo, no border, no collage, no CGI, no illustration.","text, watermark, logo, caption, signature, border, frame, collage, multiple panels, cartoon, illustration, CGI, 3d render, low-poly, painting, anime, surreal, deformed, duplicate objects, extra limbs, blurry, out of focus, noise, oversaturated, posterized, artifacts, jpeg artifacts"
1677,automobile,sedan,driving,an industrial yard,high angle,indoor soft window light,clean,a detailed photograph,"a detailed photograph of a sedan automobile driving in an industrial yard, high angle, indoor soft window light. single main subject, photorealistic color photo, natural colors, realistic texture, sharp focus on subject, no people, no text, no watermark, no logo, no border, no collage, no CGI, no illustration.","text, watermark, logo, caption, signature, border, frame, collage, multiple panels, cartoon, illustration, CGI, 3d render, low-poly, painting, anime, surreal, deformed, duplicate objects, extra limbs, blurry, out of focus, noise, oversaturated, posterized, artifacts, jpeg artifacts"
1033,automobile,compact car,stopped at a curb,a countryside road,high angle,indoor soft window light,clean,a professional photo,"a professional photo of a compact car automobile stopped at a curb in a countryside road, high angle, indoor soft window light. single main subject, photorealistic color photo, natural colors, realistic texture, sharp focus on subject, no people, no text, no watermark, no logo, no border, no collage, no CGI, no illustration.","text, watermark, logo, caption, signature, border, frame, collage, multiple panels, cartoon, illustration, CGI, 3d render, low-poly, painting, anime, surreal, deformed, duplicate objects, extra limbs, blurry, out of focus, noise, oversaturated, posterized, artifacts, jpeg artifacts"
1135,automobile,compact car,parked,an industrial yard,close-up,nighttime under streetlights,clean,a photorealistic color photo,"a photorealistic color photo of a compact car automobile parked in an industrial yard, close-up, nighttime under streetlights. single main subject, photorealistic color photo, natural colors, realistic texture, sharp focus on subject, no people, no text, no watermark, no logo, no border, no collage, no CGI, no illustration.","text, watermark, logo, caption, signature, border, frame, collage, multiple panels, cartoon, illustration, CGI, 3d render, low-poly, painting, anime, surreal, deformed, duplicate objects, extra limbs, blurry, out of focus, noise, oversaturated, posterized, artifacts, jpeg artifacts"
1518,automobile,sedan,turning at an intersection,a sandy beach,side profile,overcast daylight,clean,a detailed photograph,"a detailed photograph of a sedan automobile turning at an intersection in a sandy beach, side profile, overcast daylight. single main subject, photorealistic color photo, natural colors, realistic texture, sharp focus on subject, no people, no text, no watermark, no logo, no border, no collage, no CGI, no illustration.","text, watermark, logo, caption, signature, border, frame, collage, multiple panels, cartoon, illustration, CGI, 3d render, low-poly, painting, anime, surreal, deformed, duplicate objects, extra limbs, blurry, out of focus, noise, oversaturated, posterized, artifacts, jpeg artifacts"
1093,automobile,coupe,driving,an urban street,front view,sunny afternoon,clean,a professional photo,"a professional photo of a coupe automobile driving in an urban street, front view, sunny afternoon. single main subject, photorealistic color photo, natural colors, realistic texture, sharp focus on subject, no people, no text, no watermark, no logo, no border, no collage, no CGI, no illustration.","text, watermark, logo, caption, signature, border, frame, collage, multiple panels, cartoon, illustration, CGI, 3d render, low-poly, painting, anime, surreal, deformed, duplicate objects, extra limbs, blurry, out of focus, noise, oversaturated, posterized, artifacts, jpeg artifacts"
1553,automobile,sedan,parked,a wet roadway after rain,close-up,foggy morning,clean,a photorealistic color photo,"a photorealistic color photo of a sedan automobile parked in a wet roadway after rain, close-up, foggy morning. single main subject, photorealistic color photo, natural colors, realistic texture, sharp focus on subject, no people, no text, no watermark, no logo, no border, no collage, no CGI, no illustration.","text, watermark, logo, caption, signature, border, frame, collage, multiple panels, cartoon, illustration, CGI, 3d render, low-poly, painting, anime, surreal, deformed, duplicate objects, extra limbs, blurry, out of focus, noise, oversaturated, posterized, artifacts, jpeg artifacts"
1105,automobile,taxi,parked,a countryside road,side profile,foggy morning,clean,a detailed photograph,"a detailed photograph of a taxi automobile parked in a countryside road, side profile, foggy morning. single main subject, photorealistic color photo, natural colors, realistic texture, sharp focus on subject, no people, no text, no watermark, no logo, no border, no collage, no CGI, no illustration.","text, watermark, logo, caption, signature, border, frame, collage, multiple panels, cartoon, illustration, CGI, 3d render, low-poly, painting, anime, surreal, deformed, duplicate objects, extra limbs, blurry, out of focus, noise, oversaturated, posterized, artifacts, jpeg artifacts"
1880,automobile,taxi,parked,a suburban neighborhood,front view,golden hour,hard,a professional photo,"a professional photo of a taxi automobile parked in a suburban neighborhood, front view, golden hour. in the distance. single main subject, photorealistic color photo, natural colors, realistic texture, sharp focus on subject, no people, no text, no watermark, no logo, no border, no collage, no CGI, no illustration.","text, watermark, logo, caption, signature, border, frame, collage, multiple panels, cartoon, illustration, CGI, 3d render, low-poly, painting, anime, surreal, deformed, duplicate objects, extra limbs, blurry, out of focus, noise, oversaturated, posterized, artifacts, jpeg artifacts"
1070,automobile,compact car,parked,a lakeside shore,low angle,foggy morning,clean,a detailed photograph,"a detailed photograph of a compact car automobile parked in a lakeside shore, low angle, foggy morning. single main subject, photorealistic color photo, natural colors, realistic texture, sharp focus on subject, no people, no text, no watermark, no logo, no border, no collage, no CGI, no illustration.","text, watermark, logo, caption, signature, border, frame, collage, multiple panels, cartoon, illustration, CGI, 3d render, low-poly, painting, anime, surreal, deformed, duplicate objects, extra limbs, blurry, out of focus, noise, oversaturated, posterized, artifacts, jpeg artifacts"
1476,automobile,sedan,stopped at a curb,an urban street,3/4 view,nighttime under streetlights,clean,a high-quality image,"a high-quality image of a sedan automobile stopped at a curb in an urban street, 3/4 view, nighttime under streetlights. single main subject, photorealistic color photo, natural colors, realistic texture, sharp focus on subject, no people, no text, no watermark, no logo, no border, no collage, no CGI, no illustration.","text, watermark, logo, caption, signature, border, frame, collage, multiple panels, cartoon, illustration, CGI, 3d render, low-poly, painting, anime, surreal, deformed, duplicate objects, extra limbs, blurry, out of focus, noise, oversaturated, posterized, artifacts, jpeg artifacts"
1346,automobile,hatchback,turning at an intersection,a countryside road,side profile,backlit rim light,clean,an ultra-realistic rendering,"an ultra-realistic rendering of a hatchback automobile turning at an intersection in a countryside road, side profile, backlit rim light. single main subject, photorealistic color photo, natural colors, realistic texture, sharp focus on subject, no people, no text, no watermark, no logo, no border, no collage, no CGI, no illustration.","text, watermark, logo, caption, signature, border, frame, collage, multiple panels, cartoon, illustration, CGI, 3d render, low-poly, painting, anime, surreal, deformed, duplicate objects, extra limbs, blurry, out of focus, noise, oversaturated, posterized, artifacts, jpeg artifacts"
1067,automobile,taxi,stopped at a curb,a parking lot,wide shot,backlit rim light,clean,an ultra-realistic rendering,"an ultra-realistic rendering of a taxi automobile stopped at a curb in a parking lot, wide shot, backlit rim light. single main subject, photorealistic color photo, natural colors, realistic texture, sharp focus on subject, no people, no text, no watermark, no logo, no border, no collage, no CGI, no illustration.","text, watermark, logo, caption, signature, border, frame, collage, multiple panels, cartoon, illustration, CGI, 3d render, low-poly, painting, anime, surreal, deformed, duplicate objects, extra limbs, blurry, out of focus, noise, oversaturated, posterized, artifacts, jpeg artifacts"
1375,automobile,hatchback,stopped at a curb,a suburban neighborhood,low angle,rainy with wet reflections,clean,a finely detailed photo,"a finely detailed photo of a hatchback automobile stopped at a curb in a suburban neighborhood, low angle, rainy with wet reflections. single main subject, photorealistic color photo, natural colors, realistic texture, sharp focus on subject, no people, no text, no watermark, no logo, no border, no collage, no CGI, no illustration.","text, watermark, logo, caption, signature, border, frame, collage, multiple panels, cartoon, illustration, CGI, 3d render, low-poly, painting, anime, surreal, deformed, duplicate objects, extra limbs, blurry, out of focus, noise, oversaturated, posterized, artifacts, jpeg artifacts"
1892,automobile,hatchback,parked,a suburban neighborhood,wide shot,overcast daylight,hard,a high-quality image,"a high-quality image of a hatchback automobile parked in a suburban neighborhood, wide shot, overcast daylight. cropped slightly. single main subject, photorealistic color photo, natural colors, realistic texture, sharp focus on subject, no people, no text, no watermark, no logo, no border, no collage, no CGI, no illustration.","text, watermark, logo, caption, signature, border, frame, collage, multiple panels, cartoon, illustration, CGI, 3d render, low-poly, painting, anime, surreal, deformed, duplicate objects, extra limbs, blurry, out of focus, noise, oversaturated, posterized, artifacts, jpeg artifacts"
1806,automobile,sports car,parked,a suburban neighborhood,3/4 view,indoor soft window light,hard,a finely detailed photo,"a finely detailed photo of a sports car automobile parked in a suburban neighborhood, 3/4 view, indoor soft window light. partially occluded by a foreground object. single main subject, photorealistic color photo, natural colors, realistic texture, sharp focus on subject, no people, no text, no watermark, no logo, no border, no collage, no CGI, no illustration.","text, watermark, logo, caption, signature, border, frame, collage, multiple panels, cartoon, illustration, CGI, 3d render, low-poly, painting, anime, surreal, deformed, duplicate objects, extra limbs, blurry, out of focus, noise, oversaturated, posterized, artifacts, jpeg artifacts"
1023,automobile,taxi,driving,a gravel lot,high angle,foggy morning,clean,a high-quality image,"a high-quality image of a taxi automobile driving in a gravel lot, high angle, foggy morning. single main subject, photorealistic color photo, natural colors, realistic texture, sharp focus on subject, no people, no text, no watermark, no logo, no border, no collage, no CGI, no illustration.","text, watermark, logo, caption, signature, border, frame, collage, multiple panels, cartoon, illustration, CGI, 3d render, low-poly, painting, anime, surreal, deformed, duplicate objects, extra limbs, blurry, out of focus, noise, oversaturated, posterized, artifacts, jpeg artifacts"
1705,automobile,sedan,driving,a suburban neighborhood,high angle,sunny afternoon,clean,a high-quality image,"a high-quality image of a sedan automobile driving in a suburban neighborhood, high angle, sunny afternoon. single main subject, photorealistic color photo, natural colors, realistic texture, sharp focus on subject, no people, no text, no watermark, no logo, no border, no collage, no CGI, no illustration.","text, watermark, logo, caption, signature, border, frame, collage, multiple panels, cartoon, illustration, CGI, 3d render, low-poly, painting, anime, surreal, deformed, duplicate objects, extra limbs, blurry, out of focus, noise, oversaturated, posterized, artifacts, jpeg artifacts"
1662,automobile,sports car,turning at an intersection,a suburban neighborhood,high angle,overcast daylight,clean,a detailed photograph,"a detailed photograph of a sports car automobile turning at an intersection in a suburban neighborhood, high angle, overcast daylight. single main subject, photorealistic color photo, natural colors, realistic texture, sharp focus on subject, no people, no text, no watermark, no logo, no border, no collage, no CGI, no illustration.","text, watermark, logo, caption, signature, border, frame, collage, multiple panels, cartoon, illustration, CGI, 3d render, low-poly, painting, anime, surreal, deformed, duplicate objects, extra limbs, blurry, out of focus, noise, oversaturated, posterized, artifacts, jpeg artifacts"
1595,automobile,coupe,turning at an intersection,a lakeside shore,close-up,indoor soft window light,clean,a high-quality image,"a high-quality image of a coupe automobile turning at an intersection in a lakeside shore, close-up, indoor soft window light. single main subject, photorealistic color photo, natural colors, realistic texture, sharp focus on subject, no people, no text, no watermark, no logo, no border, no collage, no CGI, no illustration.","text, watermark, logo, caption, signature, border, frame, collage, multiple panels, cartoon, illustration, CGI, 3d render, low-poly, painting, anime, surreal, deformed, duplicate objects, extra limbs, blurry, out of focus, noise, oversaturated, posterized, artifacts, jpeg artifacts"
1890,automobile,coupe,turning at an intersection,a gravel lot,close-up,indoor soft window light,hard,a professional photo,"a professional photo of a coupe automobile turning at an intersection in a gravel lot, close-up, indoor soft window light. busy background but still one main subject. single main subject, photorealistic color photo, natural colors, realistic texture, sharp focus on subject, no people, no text, no watermark, no logo, no border, no collage, no CGI, no illustration.","text, watermark, logo, caption, signature, border, frame, collage, multiple panels, cartoon, illustration, CGI, 3d render, low-poly, painting, anime, surreal, deformed, duplicate objects, extra limbs, blurry, out of focus, noise, oversaturated, posterized, artifacts, jpeg artifacts"
1457,automobile,compact car,turning at an intersection,a gravel lot,high angle,foggy morning,clean,an ultra-realistic rendering,"an ultra-realistic rendering of a compact car automobile turning at an intersection in a gravel lot, high angle, foggy morning. single main subject, photorealistic color photo, natural colors, realistic texture, sharp focus on subject, no people, no text, no watermark, no logo, no border, no collage, no CGI, no illustration.","text, watermark, logo, caption, signature, border, frame, collage, multiple panels, cartoon, illustration, CGI, 3d render, low-poly, painting, anime, surreal, deformed, duplicate objects, extra limbs, blurry, out of focus, noise, oversaturated, posterized, artifacts, jpeg artifacts"
1996,automobile,sedan,stopped at a curb,a lakeside shore,low angle,sunny afternoon,hard,a high-quality image,"a high-quality image of a sedan automobile stopped at a curb in a lakeside shore, low angle, sunny afternoon. busy background but still one main subject. single main subject, photorealistic color photo, natural colors, realistic texture, sharp focus on subject, no people, no text, no watermark, no logo, no border, no collage, no CGI, no illustration.","text, watermark, logo, caption, signature, border, frame, collage, multiple panels, cartoon, illustration, CGI, 3d render, low-poly, painting, anime, surreal, deformed, duplicate objects, extra limbs, blurry, out of focus, noise, oversaturated, posterized, artifacts, jpeg artifacts"
1207,automobile,sedan,stopped at a curb,a quiet residential street,high angle,overcast daylight,clean,an ultra-realistic rendering,"an ultra-realistic rendering of a sedan automobile stopped at a curb in a quiet residential street, high angle, overcast daylight. single main subject, photorealistic color photo, natural colors, realistic texture, sharp focus on subject, no people, no text, no watermark, no logo, no border, no collage, no CGI, no illustration.","text, watermark, logo, caption, signature, border, frame, collage, multiple panels, cartoon, illustration, CGI, 3d render, low-poly, painting, anime, surreal, deformed, duplicate objects, extra limbs, blurry, out of focus, noise, oversaturated, posterized, artifacts, jpeg artifacts"
1495,automobile,sports car,turning at an intersection,a wet roadway after rain,slightly off-center framing,rainy with wet reflections,clean,a detailed photograph,"a detailed photograph of a sports car automobile turning at an intersection in a wet roadway after rain, slightly off-center framing, rainy with wet reflections. single main subject, photorealistic color photo, natural colors, realistic texture, sharp focus on subject, no people, no text, no watermark, no logo, no border, no collage, no CGI, no illustration.","text, watermark, logo, caption, signature, border, frame, collage, multiple panels, cartoon, illustration, CGI, 3d render, low-poly, painting, anime, surreal, deformed, duplicate objects, extra limbs, blurry, out of focus, noise, oversaturated, posterized, artifacts, jpeg artifacts"
1228,automobile,hatchback,parked,a countryside road,slightly off-center framing,indoor soft window light,clean,a professional photo,"a professional photo of a hatchback automobile parked in a countryside road, slightly off-center framing, indoor soft window light. single main subject, photorealistic color photo, natural colors, realistic texture, sharp focus on subject, no people, no text, no watermark, no logo, no border, no collage, no CGI, no illustration.","text, watermark, logo, caption, signature, border, frame, collage, multiple panels, cartoon, illustration, CGI, 3d render, low-poly, painting, anime, surreal, deformed, duplicate objects, extra limbs, blurry, out of focus, noise, oversaturated, posterized, artifacts, jpeg artifacts"
1941,automobile,hatchback,stopped at a curb,a backyard,front view,overcast daylight,hard,a professional photo,"a professional photo of a hatchback automobile stopped at a curb in a backyard, front view, overcast daylight. in the distance. single main subject, photorealistic color photo, natural colors, realistic texture, sharp focus on subject, no people, no text, no watermark, no logo, no border, no collage, no CGI, no illustration.","text, watermark, logo, caption, signature, border, frame, collage, multiple panels, cartoon, illustration, CGI, 3d render, low-poly, painting, anime, surreal, deformed, duplicate objects, extra limbs, blurry, out of focus, noise, oversaturated, posterized, artifacts, jpeg artifacts"
1665,automobile,sports car,turning at an intersection,a grassy field,wide shot,indoor soft window light,clean,a photorealistic color photo,"a photorealistic color photo of a sports car automobile turning at an intersection in a grassy field, wide shot, indoor soft window light. single main subject, photorealistic color photo, natural colors, realistic texture, sharp focus on subject, no people, no text, no watermark, no logo, no border, no collage, no CGI, no illustration.","text, watermark, logo, caption, signature, border, frame, collage, multiple panels, cartoon, illustration, CGI, 3d render, low-poly, painting, anime, surreal, deformed, duplicate objects, extra limbs, blurry, out of focus, noise, oversaturated, posterized, artifacts, jpeg artifacts"
1826,automobile,sports car,turning at an intersection,a city park,close-up,golden hour,hard,a detailed photograph,"a detailed photograph of a sports car automobile turning at an intersection in a city park, close-up, golden hour. partially occluded by a foreground object. single main subject, photorealistic color photo, natural colors, realistic texture, sharp focus on subject, no people, no text, no watermark, no logo, no border, no collage, no CGI, no illustration.","text, watermark, logo, caption, signature, border, frame, collage, multiple panels, cartoon, illustration, CGI, 3d render, low-poly, painting, anime, surreal, deformed, duplicate objects, extra limbs, blurry, out of focus, noise, oversaturated, posterized, artifacts, jpeg artifacts"
1247,automobile,taxi,stopped at a curb,a quiet residential street,front view,sunny afternoon,clean,a photorealistic color photo,"a photorealistic color photo of a taxi automobile stopped at a curb in a quiet residential street, front view, sunny afternoon. single main subject, photorealistic color photo, natural colors, realistic texture, sharp focus on subject, no people, no text, no watermark, no logo, no border, no collage, no CGI, no illustration.","text, watermark, logo, caption, signature, border, frame, collage, multiple panels, cartoon, illustration, CGI, 3d render, low-poly, painting, anime, surreal, deformed, duplicate objects, extra limbs, blurry, out of focus, noise, oversaturated, posterized, artifacts, jpeg artifacts"
1701,automobile,sedan,driving,a gravel lot,slightly off-center framing,rainy with wet reflections,clean,a professional photo,"a professional photo of a sedan automobile driving in a gravel lot, slightly off-center framing, rainy with wet reflections. single main subject, photorealistic color photo, natural colors, realistic texture, sharp focus on subject, no people, no text, no watermark, no logo, no border, no collage, no CGI, no illustration.","text, watermark, logo, caption, signature, border, frame, collage, multiple panels, cartoon, illustration, CGI, 3d render, low-poly, painting, anime, surreal, deformed, duplicate objects, extra limbs, blurry, out of focus, noise, oversaturated, posterized, artifacts, jpeg artifacts"
1042,automobile,sports car,parked,a grassy field,close-up,rainy with wet reflections,clean,a detailed photograph,"a detailed photograph of a sports car automobile parked in a grassy field, close-up, rainy with wet reflections. single main subject, photorealistic color photo, natural colors, realistic texture, sharp focus on subject, no people, no text, no watermark, no logo, no border, no collage, no CGI, no illustration.","text, watermark, logo, caption, signature, border, frame, collage, multiple panels, cartoon, illustration, CGI, 3d render, low-poly, painting, anime, surreal, deformed, duplicate objects, extra limbs, blurry, out of focus, noise, oversaturated, posterized, artifacts, jpeg artifacts"
1427,automobile,taxi,driving,a lakeside shore,slightly off-center framing,rainy with wet reflections,clean,a high-quality image,"a high-quality image of a taxi automobile driving in a lakeside shore, slightly off-center framing, rainy with wet reflections. single main subject, photorealistic color photo, natural colors, realistic texture, sharp focus on subject, no people, no text, no watermark, no logo, no border, no collage, no CGI, no illustration.","text, watermark, logo, caption, signature, border, frame, collage, multiple panels, cartoon, illustration, CGI, 3d render, low-poly, painting, anime, surreal, deformed, duplicate objects, extra limbs, blurry, out of focus, noise, oversaturated, posterized, artifacts, jpeg artifacts"
1322,automobile,sedan,parked,a forest clearing,slightly off-center framing,golden hour,clean,a finely detailed photo,"a finely detailed photo of a sedan automobile parked in a forest clearing, slightly off-center framing, golden hour. single main subject, photorealistic color photo, natural colors, realistic texture, sharp focus on subject, no people, no text, no watermark, no logo, no border, no collage, no CGI, no illustration.","text, watermark, logo, caption, signature, border, frame, collage, multiple panels, cartoon, illustration, CGI, 3d render, low-poly, painting, anime, surreal, deformed, duplicate objects, extra limbs, blurry, out of focus, noise, oversaturated, posterized, artifacts, jpeg artifacts"
1168,automobile,taxi,driving,a countryside road,side profile,rainy with wet reflections,clean,a photorealistic color photo,"a photorealistic color photo of a taxi automobile driving in a countryside road, side profile, rainy with wet reflections. single main subject, photorealistic color photo, natural colors, realistic texture, sharp focus on subject, no people, no text, no watermark, no logo, no border, no collage, no CGI, no illustration.","text, watermark, logo, caption, signature, border, frame, collage, multiple panels, cartoon, illustration, CGI, 3d render, low-poly, painting, anime, surreal, deformed, duplicate objects, extra limbs, blurry, out of focus, noise, oversaturated, posterized, artifacts, jpeg artifacts"
1377,automobile,taxi,parked,a quiet residential street,high angle,overcast daylight,clean,an ultra-realistic rendering,"an ultra-realistic rendering of a taxi automobile parked in a quiet residential street, high angle, overcast daylight. single main subject, photorealistic color photo, natural colors, realistic texture, sharp focus on subject, no people, no text, no watermark, no logo, no border, no collage, no CGI, no illustration.","text, watermark, logo, caption, signature, border, frame, collage, multiple panels, cartoon, illustration, CGI, 3d render, low-poly, painting, anime, surreal, deformed, duplicate objects, extra limbs, blurry, out of focus, noise, oversaturated, posterized, artifacts, jpeg artifacts"
1556,automobile,sports car,turning at an intersection,a wet roadway after rain,side profile,rainy with wet reflections,clean,a detailed photograph,"a detailed photograph of a sports car automobile turning at an intersection in a wet roadway after rain, side profile, rainy with wet reflections. single main subject, photorealistic color photo, natural colors, realistic texture, sharp focus on subject, no people, no text, no watermark, no logo, no border, no collage, no CGI, no illustration.","text, watermark, logo, caption, signature, border, frame, collage, multiple panels, cartoon, illustration, CGI, 3d render, low-poly, painting, anime, surreal, deformed, duplicate objects, extra limbs, blurry, out of focus, noise, oversaturated, posterized, artifacts, jpeg artifacts"
1267,automobile,hatchback,stopped at a curb,a countryside road,slightly off-center framing,overcast daylight,clean,a finely detailed photo,"a finely detailed photo of a hatchback automobile stopped at a curb in a countryside road, slightly off-center framing, overcast daylight. single main subject, photorealistic color photo, natural colors, realistic texture, sharp focus on subject, no people, no text, no watermark, no logo, no border, no collage, no CGI, no illustration.","text, watermark, logo, caption, signature, border, frame, collage, multiple panels, cartoon, illustration, CGI, 3d render, low-poly, painting, anime, surreal, deformed, duplicate objects, extra limbs, blurry, out of focus, noise, oversaturated, posterized, artifacts, jpeg artifacts"
1358,automobile,sedan,driving,a sandy beach,front view,indoor soft window light,clean,a professional photo,"a professional photo of a sedan automobile driving in a sandy beach, front view, indoor soft window light. single main subject, photorealistic color photo, natural colors, realistic texture, sharp focus on subject, no people, no text, no watermark, no logo, no border, no collage, no CGI, no illustration.","text, watermark, logo, caption, signature, border, frame, collage, multiple panels, cartoon, illustration, CGI, 3d render, low-poly, painting, anime, surreal, deformed, duplicate objects, extra limbs, blurry, out of focus, noise, oversaturated, posterized, artifacts, jpeg artifacts"
1410,automobile,coupe,stopped at a curb,a city park,slightly off-center framing,golden hour,clean,an ultra-realistic rendering,"an ultra-realistic rendering of a coupe automobile stopped at a curb in a city park, slightly off-center framing, golden hour. single main subject, photorealistic color photo, natural colors, realistic texture, sharp focus on subject, no people, no text, no watermark, no logo, no border, no collage, no CGI, no illustration.","text, watermark, logo, caption, signature, border, frame, collage, multiple panels, cartoon, illustration, CGI, 3d render, low-poly, painting, anime, surreal, deformed, duplicate objects, extra limbs, blurry, out of focus, noise, oversaturated, posterized, artifacts, jpeg artifacts"
1913,automobile,sedan,driving,a city park,cropped at the edge of the frame,foggy morning,hard,a detailed photograph,"a detailed photograph of a sedan automobile driving in a city park, cropped at the edge of the frame, foggy morning. slight motion blur. single main subject, photorealistic color photo, natural colors, realistic texture, sharp focus on subject, no people, no text, no watermark, no logo, no border, no collage, no CGI, no illustration.","text, watermark, logo, caption, signature, border, frame, collage, multiple panels, cartoon, illustration, CGI, 3d render, low-poly, painting, anime, surreal, deformed, duplicate objects, extra limbs, blurry, out of focus, noise, oversaturated, posterized, artifacts, jpeg artifacts"
1131,automobile,coupe,turning at an intersection,a grassy field,high angle,sunny afternoon,clean,a high-quality image,"a high-quality image of a coupe automobile turning at an intersection in a grassy field, high angle, sunny afternoon. single main subject, photorealistic color photo, natural colors, realistic texture, sharp focus on subject, no people, no text, no watermark, no logo, no border, no collage, no CGI, no illustration.","text, watermark, logo, caption, signature, border, frame, collage, multiple panels, cartoon, illustration, CGI, 3d render, low-poly, painting, anime, surreal, deformed, duplicate objects, extra limbs, blurry, out of focus, noise, oversaturated, posterized, artifacts, jpeg artifacts"
1853,automobile,taxi,parked,a gravel lot,front view,sunny afternoon,hard,a high-quality image,"a high-quality image of a taxi automobile parked in a gravel lot, front view, sunny afternoon. cropped slightly. single main subject, photorealistic color photo, natural colors, realistic texture, sharp focus on subject, no people, no text, no watermark, no logo, no border, no collage, no CGI, no illustration.","text, watermark, logo, caption, signature, border, frame, collage, multiple panels, cartoon, illustration, CGI, 3d render, low-poly, painting, anime, surreal, deformed, duplicate objects, extra limbs, blurry, out of focus, noise, oversaturated, posterized, artifacts, jpeg artifacts"
1764,automobile,compact car,parked,a city park,close-up,foggy morning,clean,a detailed photograph,"a detailed photograph of a compact car automobile parked in a city park, close-up, foggy morning. single main subject, photorealistic color photo, natural colors, realistic texture, sharp focus on subject, no people, no text, no watermark, no logo, no border, no collage, no CGI, no illustration.","text, watermark, logo, caption, signature, border, frame, collage, multiple panels, cartoon, illustration, CGI, 3d render, low-poly, painting, anime, surreal, deformed, duplicate objects, extra limbs, blurry, out of focus, noise, oversaturated, posterized, artifacts, jpeg artifacts"
1720,automobile,compact car,turning at an intersection,a city park,wide shot,rainy with wet reflections,clean,a professional photo,"a professional photo of a compact car automobile turning at an intersection in a city park, wide shot, rainy with wet reflections. single main subject, photorealistic color photo, natural colors, realistic texture, sharp focus on subject, no people, no text, no watermark, no logo, no border, no collage, no CGI, no illustration.","text, watermark, logo, caption, signature, border, frame, collage, multiple panels, cartoon, illustration, CGI, 3d render, low-poly, painting, anime, surreal, deformed, duplicate objects, extra limbs, blurry, out of focus, noise, oversaturated, posterized, artifacts, jpeg artifacts"
1335,automobile,hatchback,turning at an intersection,a parking lot,close-up,sunny afternoon,clean,an ultra-realistic rendering,"an ultra-realistic rendering of a hatchback automobile turning at an intersection in a parking lot, close-up, sunny afternoon. single main subject, photorealistic color photo, natural colors, realistic texture, sharp focus on subject, no people, no text, no watermark, no logo, no border, no collage, no CGI, no illustration.","text, watermark, logo, caption, signature, border, frame, collage, multiple panels, cartoon, illustration, CGI, 3d render, low-poly, painting, anime, surreal, deformed, duplicate objects, extra limbs, blurry, out of focus, noise, oversaturated, posterized, artifacts, jpeg artifacts"
1649,automobile,hatchback,parked,a forest clearing,low angle,nighttime under streetlights,clean,a professional photo,"a professional photo of a hatchback automobile parked in a forest clearing, low angle, nighttime under streetlights. single main subject, photorealistic color photo, natural colors, realistic texture, sharp focus on subject, no people, no text, no watermark, no logo, no border, no collage, no CGI, no illustration.","text, watermark, logo, caption, signature, border, frame, collage, multiple panels, cartoon, illustration, CGI, 3d render, low-poly, painting, anime, surreal, deformed, duplicate objects, extra limbs, blurry, out of focus, noise, oversaturated, posterized, artifacts, jpeg artifacts"
1554,automobile,coupe,stopped at a curb,an urban street,low angle,nighttime under streetlights,clean,a finely detailed photo,"a finely detailed photo of a coupe automobile stopped at a curb in an urban street, low angle, nighttime under streetlights. single main subject, photorealistic color photo, natural colors, realistic texture, sharp focus on subject, no people, no text, no watermark, no logo, no border, no collage, no CGI, no illustration.","text, watermark, logo, caption, signature, border, frame, collage, multiple panels, cartoon, illustration, CGI, 3d render, low-poly, painting, anime, surreal, deformed, duplicate objects, extra limbs, blurry, out of focus, noise, oversaturated, posterized, artifacts, jpeg artifacts"
1937,automobile,taxi,stopped at a curb,a city park,close-up,rainy with wet reflections,hard,a professional photo,"a professional photo of a taxi automobile stopped at a curb in a city park, close-up, rainy with wet reflections. busy background but still one main subject. single main subject, photorealistic color photo, natural colors, realistic texture, sharp focus on subject, no people, no text, no watermark, no logo, no border, no collage, no CGI, no illustration.","text, watermark, logo, caption, signature, border, frame, collage, multiple panels, cartoon, illustration, CGI, 3d render, low-poly, painting, anime, surreal, deformed, duplicate objects, extra limbs, blurry, out of focus, noise, oversaturated, posterized, artifacts, jpeg artifacts"
1926,automobile,taxi,stopped at a curb,a countryside road,side profile,rainy with wet reflections,hard,a photorealistic color photo,"a photorealistic color photo of a taxi automobile stopped at a curb in a countryside road, side profile, rainy with wet reflections. slight motion blur. single main subject, photorealistic color photo, natural colors, realistic texture, sharp focus on subject, no people, no text, no watermark, no logo, no border, no collage, no CGI, no illustration.","text, watermark, logo, caption, signature, border, frame, collage, multiple panels, cartoon, illustration, CGI, 3d render, low-poly, painting, anime, surreal, deformed, duplicate objects, extra limbs, blurry, out of focus, noise, oversaturated, posterized, artifacts, jpeg artifacts"
1591,automobile,hatchback,stopped at a curb,a gravel lot,low angle,rainy with wet reflections,clean,an ultra-realistic rendering,"an ultra-realistic rendering of a hatchback automobile stopped at a curb in a gravel lot, low angle, rainy with wet reflections. single main subject, photorealistic color photo, natural colors, realistic texture, sharp focus on subject, no people, no text, no watermark, no logo, no border, no collage, no CGI, no illustration.","text, watermark, logo, caption, signature, border, frame, collage, multiple panels, cartoon, illustration, CGI, 3d render, low-poly, painting, anime, surreal, deformed, duplicate objects, extra limbs, blurry, out of focus, noise, oversaturated, posterized, artifacts, jpeg artifacts"
1068,automobile,taxi,turning at an intersection,a countryside road,high angle,indoor soft window light,clean,a detailed photograph,"a detailed photograph of a taxi automobile turning at an intersection in a countryside road, high angle, indoor soft window light. single main subject, photorealistic color photo, natural colors, realistic texture, sharp focus on subject, no people, no text, no watermark, no logo, no border, no collage, no CGI, no illustration.","text, watermark, logo, caption, signature, border, frame, collage, multiple panels, cartoon, illustration, CGI, 3d render, low-poly, painting, anime, surreal, deformed, duplicate objects, extra limbs, blurry, out of focus, noise, oversaturated, posterized, artifacts, jpeg artifacts"
1575,automobile,taxi,driving,a countryside road,slightly off-center framing,sunny afternoon,clean,a detailed photograph,"a detailed photograph of a taxi automobile driving in a countryside road, slightly off-center framing, sunny afternoon. single main subject, photorealistic color photo, natural colors, realistic texture, sharp focus on subject, no people, no text, no watermark, no logo, no border, no collage, no CGI, no illustration.","text, watermark, logo, caption, signature, border, frame, collage, multiple panels, cartoon, illustration, CGI, 3d render, low-poly, painting, anime, surreal, deformed, duplicate objects, extra limbs, blurry, out of focus, noise, oversaturated, posterized, artifacts, jpeg artifacts"
1499,automobile,taxi,parked,a sandy beach,slightly off-center framing,golden hour,clean,a high-quality image,"a high-quality image of a taxi automobile parked in a sandy beach, slightly off-center framing, golden hour. single main subject, photorealistic color photo, natural colors, realistic texture, sharp focus on subject, no people, no text, no watermark, no logo, no border, no collage, no CGI, no illustration.","text, watermark, logo, caption, signature, border, frame, collage, multiple panels, cartoon, illustration, CGI, 3d render, low-poly, painting, anime, surreal, deformed, duplicate objects, extra limbs, blurry, out of focus, noise, oversaturated, posterized, artifacts, jpeg artifacts"
1331,automobile,sports car,driving,a wet roadway after rain,wide shot,sunny afternoon,clean,a finely detailed photo,"a finely detailed photo of a sports car automobile driving in a wet roadway after rain, wide shot, sunny afternoon. single main subject, photorealistic color photo, natural colors, realistic texture, sharp focus on subject, no people, no text, no watermark, no logo, no border, no collage, no CGI, no illustration.","text, watermark, logo, caption, signature, border, frame, collage, multiple panels, cartoon, illustration, CGI, 3d render, low-poly, painting, anime, surreal, deformed, duplicate objects, extra limbs, blurry, out of focus, noise, oversaturated, posterized, artifacts, jpeg artifacts"
1988,automobile,sports car,driving,a city park,3/4 view,backlit rim light,hard,a high-quality image,"a high-quality image of a sports car automobile driving in a city park, 3/4 view, backlit rim light. busy background but still one main subject. single main subject, photorealistic color photo, natural colors, realistic texture, sharp focus on subject, no people, no text, no watermark, no logo, no border, no collage, no CGI, no illustration.","text, watermark, logo, caption, signature, border, frame, collage, multiple panels, cartoon, illustration, CGI, 3d render, low-poly, painting, anime, surreal, deformed, duplicate objects, extra limbs, blurry, out of focus, noise, oversaturated, posterized, artifacts, jpeg artifacts"
1069,automobile,sedan,stopped at a curb,a parking lot,front view,backlit rim light,clean,a detailed photograph,"a detailed photograph of a sedan automobile stopped at a curb in a parking lot, front view, backlit rim light. single main subject, photorealistic color photo, natural colors, realistic texture, sharp focus on subject, no people, no text, no watermark, no logo, no border, no collage, no CGI, no illustration.","text, watermark, logo, caption, signature, border, frame, collage, multiple panels, cartoon, illustration, CGI, 3d render, low-poly, painting, anime, surreal, deformed, duplicate objects, extra limbs, blurry, out of focus, noise, oversaturated, posterized, artifacts, jpeg artifacts"
1911,automobile,coupe,parked,a grassy field,side profile,nighttime under streetlights,hard,an ultra-realistic rendering,"an ultra-realistic rendering of a coupe automobile parked in a grassy field, side profile, nighttime under streetlights. slight motion blur. single main subject, photorealistic color photo, natural colors, realistic texture, sharp focus on subject, no people, no text, no watermark, no logo, no border, no collage, no CGI, no illustration.","text, watermark, logo, caption, signature, border, frame, collage, multiple panels, cartoon, illustration, CGI, 3d render, low-poly, painting, anime, surreal, deformed, duplicate objects, extra limbs, blurry, out of focus, noise, oversaturated, posterized, artifacts, jpeg artifacts"
1319,automobile,compact car,turning at an intersection,a suburban neighborhood,3/4 view,sunny afternoon,clean,a detailed photograph,"a detailed photograph of a compact car automobile turning at an intersection in a suburban neighborhood, 3/4 view, sunny afternoon. single main subject, photorealistic color photo, natural colors, realistic texture, sharp focus on subject, no people, no text, no watermark, no logo, no border, no collage, no CGI, no illustration.","text, watermark, logo, caption, signature, border, frame, collage, multiple panels, cartoon, illustration, CGI, 3d render, low-poly, painting, anime, surreal, deformed, duplicate objects, extra limbs, blurry, out of focus, noise, oversaturated, posterized, artifacts, jpeg artifacts"
1433,automobile,sedan,stopped at a curb,a backyard,close-up,nighttime under streetlights,clean,an ultra-realistic rendering,"an ultra-realistic rendering of a sedan automobile stopped at a curb in a backyard, close-up, nighttime under streetlights. single main subject, photorealistic color photo, natural colors, realistic texture, sharp focus on subject, no people, no text, no watermark, no logo, no border, no collage, no CGI, no illustration.","text, watermark, logo, caption, signature, border, frame, collage, multiple panels, cartoon, illustration, CGI, 3d render, low-poly, painting, anime, surreal, deformed, duplicate objects, extra limbs, blurry, out of focus, noise, oversaturated, posterized, artifacts, jpeg artifacts"
1273,automobile,compact car,stopped at a curb,a backyard,3/4 view,foggy morning,clean,an ultra-realistic rendering,"an ultra-realistic rendering of a compact car automobile stopped at a curb in a backyard, 3/4 view, foggy morning. single main subject, photorealistic color photo, natural colors, realistic texture, sharp focus on subject, no people, no text, no watermark, no logo, no border, no collage, no CGI, no illustration.","text, watermark, logo, caption, signature, border, frame, collage, multiple panels, cartoon, illustration, CGI, 3d render, low-poly, painting, anime, surreal, deformed, duplicate objects, extra limbs, blurry, out of focus, noise, oversaturated, posterized, artifacts, jpeg artifacts"
1761,automobile,taxi,turning at an intersection,a backyard,slightly off-center framing,golden hour,clean,a professional photo,"a professional photo of a taxi automobile turning at an intersection in a backyard, slightly off-center framing, golden hour. single main subject, photorealistic color photo, natural colors, realistic texture, sharp focus on subject, no people, no text, no watermark, no logo, no border, no collage, no CGI, no illustration.","text, watermark, logo, caption, signature, border, frame, collage, multiple panels, cartoon, illustration, CGI, 3d render, low-poly, painting, anime, surreal, deformed, duplicate objects, extra limbs, blurry, out of focus, noise, oversaturated, posterized, artifacts, jpeg artifacts"
1617,automobile,compact car,stopped at a curb,a countryside road,wide shot,sunny afternoon,clean,a professional photo,"a professional photo of a compact car automobile stopped at a curb in a countryside road, wide shot, sunny afternoon. single main subject, photorealistic color photo, natural colors, realistic texture, sharp focus on subject, no people, no text, no watermark, no logo, no border, no collage, no CGI, no illustration.","text, watermark, logo, caption, signature, border, frame, collage, multiple panels, cartoon, illustration, CGI, 3d render, low-poly, painting, anime, surreal, deformed, duplicate objects, extra limbs, blurry, out of focus, noise, oversaturated, posterized, artifacts, jpeg artifacts"
1010,automobile,coupe,stopped at a curb,a wet roadway after rain,side profile,foggy morning,clean,a finely detailed photo,"a finely detailed photo of a coupe automobile stopped at a curb in a wet roadway after rain, side profile, foggy morning. single main subject, photorealistic color photo, natural colors, realistic texture, sharp focus on subject, no people, no text, no watermark, no logo, no border, no collage, no CGI, no illustration.","text, watermark, logo, caption, signature, border, frame, collage, multiple panels, cartoon, illustration, CGI, 3d render, low-poly, painting, anime, surreal, deformed, duplicate objects, extra limbs, blurry, out of focus, noise, oversaturated, posterized, artifacts, jpeg artifacts"
1747,automobile,hatchback,driving,a countryside road,slightly off-center framing,overcast daylight,clean,a detailed photograph,"a detailed photograph of a hatchback automobile driving in a countryside road, slightly off-center framing, overcast daylight. single main subject, photorealistic color photo, natural colors, realistic texture, sharp focus on subject, no people, no text, no watermark, no logo, no border, no collage, no CGI, no illustration.","text, watermark, logo, caption, signature, border, frame, collage, multiple panels, cartoon, illustration, CGI, 3d render, low-poly, painting, anime, surreal, deformed, duplicate objects, extra limbs, blurry, out of focus, noise, oversaturated, posterized, artifacts, jpeg artifacts"
1669,automobile,hatchback,driving,a city park,high angle,golden hour,clean,a photorealistic color photo,"a photorealistic color photo of a hatchback automobile driving in a city park, high angle, golden hour. single main subject, photorealistic color photo, natural colors, realistic texture, sharp focus on subject, no people, no text, no watermark, no logo, no border, no collage, no CGI, no illustration.","text, watermark, logo, caption, signature, border, frame, collage, multiple panels, cartoon, illustration, CGI, 3d render, low-poly, painting, anime, surreal, deformed, duplicate objects, extra limbs, blurry, out of focus, noise, oversaturated, posterized, artifacts, jpeg artifacts"
1320,automobile,sedan,driving,a wet roadway after rain,low angle,nighttime under streetlights,clean,an ultra-realistic rendering,"an ultra-realistic rendering of a sedan automobile driving in a wet roadway after rain, low angle, nighttime under streetlights. single main subject, photorealistic color photo, natural colors, realistic texture, sharp focus on subject, no people, no text, no watermark, no logo, no border, no collage, no CGI, no illustration.","text, watermark, logo, caption, signature, border, frame, collage, multiple panels, cartoon, illustration, CGI, 3d render, low-poly, painting, anime, surreal, deformed, duplicate objects, extra limbs, blurry, out of focus, noise, oversaturated, posterized, artifacts, jpeg artifacts"
1219,automobile,taxi,parked,a city park,front view,rainy with wet reflections,clean,a professional photo,"a professional photo of a taxi automobile parked in a city park, front view, rainy with wet reflections. single main subject, photorealistic color photo, natural colors, realistic texture, sharp focus on subject, no people, no text, no watermark, no logo, no border, no collage, no CGI, no illustration.","text, watermark, logo, caption, signature, border, frame, collage, multiple panels, cartoon, illustration, CGI, 3d render, low-poly, painting, anime, surreal, deformed, duplicate objects, extra limbs, blurry, out of focus, noise, oversaturated, posterized, artifacts, jpeg artifacts"
1723,automobile,taxi,driving,a lakeside shore,high angle,indoor soft window light,clean,a detailed photograph,"a detailed photograph of a taxi automobile driving in a lakeside shore, high angle, indoor soft window light. single main subject, photorealistic color photo, natural colors, realistic texture, sharp focus on subject, no people, no text, no watermark, no logo, no border, no collage, no CGI, no illustration.","text, watermark, logo, caption, signature, border, frame, collage, multiple panels, cartoon, illustration, CGI, 3d render, low-poly, painting, anime, surreal, deformed, duplicate objects, extra limbs, blurry, out of focus, noise, oversaturated, posterized, artifacts, jpeg artifacts"
1732,automobile,sedan,parked,a gravel lot,3/4 view,backlit rim light,clean,a detailed photograph,"a detailed photograph of a sedan automobile parked in a gravel lot, 3/4 view, backlit rim light. single main subject, photorealistic color photo, natural colors, realistic texture, sharp focus on subject, no people, no text, no watermark, no logo, no border, no collage, no CGI, no illustration.","text, watermark, logo, caption, signature, border, frame, collage, multiple panels, cartoon, illustration, CGI, 3d render, low-poly, painting, anime, surreal, deformed, duplicate objects, extra limbs, blurry, out of focus, noise, oversaturated, posterized, artifacts, jpeg artifacts"
1544,automobile,coupe,turning at an intersection,a parking lot,wide shot,indoor soft window light,clean,a photorealistic color photo,"a photorealistic color photo of a coupe automobile turning at an intersection in a parking lot, wide shot, indoor soft window light. single main subject, photorealistic color photo, natural colors, realistic texture, sharp focus on subject, no people, no text, no watermark, no logo, no border, no collage, no CGI, no illustration.","text, watermark, logo, caption, signature, border, frame, collage, multiple panels, cartoon, illustration, CGI, 3d render, low-poly, painting, anime, surreal, deformed, duplicate objects, extra limbs, blurry, out of focus, noise, oversaturated, posterized, artifacts, jpeg artifacts"
1103,automobile,sedan,parked,a grassy field,low angle,rainy with wet reflections,clean,a finely detailed photo,"a finely detailed photo of a sedan automobile parked in a grassy field, low angle, rainy with wet reflections. single main subject, photorealistic color photo, natural colors, realistic texture, sharp focus on subject, no people, no text, no watermark, no logo, no border, no collage, no CGI, no illustration.","text, watermark, logo, caption, signature, border, frame, collage, multiple panels, cartoon, illustration, CGI, 3d render, low-poly, painting, anime, surreal, deformed, duplicate objects, extra limbs, blurry, out of focus, noise, oversaturated, posterized, artifacts, jpeg artifacts"
1647,automobile,hatchback,parked,an industrial yard,slightly off-center framing,backlit rim light,clean,a finely detailed photo,"a finely detailed photo of a hatchback automobile parked in an industrial yard, slightly off-center framing, backlit rim light. single main subject, photorealistic color photo, natural colors, realistic texture, sharp focus on subject, no people, no text, no watermark, no logo, no border, no collage, no CGI, no illustration.","text, watermark, logo, caption, signature, border, frame, collage, multiple panels, cartoon, illustration, CGI, 3d render, low-poly, painting, anime, surreal, deformed, duplicate objects, extra limbs, blurry, out of focus, noise, oversaturated, posterized, artifacts, jpeg artifacts"
1309,automobile,compact car,stopped at a curb,an industrial yard,front view,backlit rim light,clean,a professional photo,"a professional photo of a compact car automobile stopped at a curb in an industrial yard, front view, backlit rim light. single main subject, photorealistic color photo, natural colors, realistic texture, sharp focus on subject, no people, no text, no watermark, no logo, no border, no collage, no CGI, no illustration.","text, watermark, logo, caption, signature, border, frame, collage, multiple panels, cartoon, illustration, CGI, 3d render, low-poly, painting, anime, surreal, deformed, duplicate objects, extra limbs, blurry, out of focus, noise, oversaturated, posterized, artifacts, jpeg artifacts"
1977,automobile,sports car,parked,a backyard,wide shot,backlit rim light,hard,a detailed photograph,"a detailed photograph of a sports car automobile parked in a backyard, wide shot, backlit rim light. slight motion blur. single main subject, photorealistic color photo, natural colors, realistic texture, sharp focus on subject, no people, no text, no watermark, no logo, no border, no collage, no CGI, no illustration.","text, watermark, logo, caption, signature, border, frame, collage, multiple panels, cartoon, illustration, CGI, 3d render, low-poly, painting, anime, surreal, deformed, duplicate objects, extra limbs, blurry, out of focus, noise, oversaturated, posterized, artifacts, jpeg artifacts"
1643,automobile,sports car,turning at an intersection,a gravel lot,wide shot,nighttime under streetlights,clean,a high-quality image,"a high-quality image of a sports car automobile turning at an intersection in a gravel lot, wide shot, nighttime under streetlights. single main subject, photorealistic color photo, natural colors, realistic texture, sharp focus on subject, no people, no text, no watermark, no logo, no border, no collage, no CGI, no illustration.","text, watermark, logo, caption, signature, border, frame, collage, multiple panels, cartoon, illustration, CGI, 3d render, low-poly, painting, anime, surreal, deformed, duplicate objects, extra limbs, blurry, out of focus, noise, oversaturated, posterized, artifacts, jpeg artifacts"
1348,automobile,compact car,parked,a suburban neighborhood,high angle,backlit rim light,clean,a professional photo,"a professional photo of a compact car automobile parked in a suburban neighborhood, high angle, backlit rim light. single main subject, photorealistic color photo, natural colors, realistic texture, sharp focus on subject, no people, no text, no watermark, no logo, no border, no collage, no CGI, no illustration.","text, watermark, logo, caption, signature, border, frame, collage, multiple panels, cartoon, illustration, CGI, 3d render, low-poly, painting, anime, surreal, deformed, duplicate objects, extra limbs, blurry, out of focus, noise, oversaturated, posterized, artifacts, jpeg artifacts"
