id,class_label,instance,action,scene,view,lighting,tier,prompt_opener,prompt,negative_prompt
7853,horse,racehorse,running,a forest clearing,front view,golden hour,hard,a detailed photograph,"a detailed photograph of a racehorse running in a forest clearing, front view, golden hour. in the distance. single main subject, photorealistic color photo, natural colors, realistic texture, sharp focus on subject, no people, no text, no watermark, no logo, no border, no collage, no CGI, no illustration.","text, watermark, logo, caption, signature, border, frame, collage, multiple panels, cartoon, illustration, CGI, 3d render, low-poly, painting, anime, surreal, deformed, duplicate objects, extra limbs, blurry, out of focus, noise, oversaturated, posterized, artifacts, jpeg artifacts"
7067,horse,draft horse,walking,a countryside road,side profile,nighttime under streetlights,clean,a detailed photograph,"a detailed photograph of a draft horse walking in a countryside road, side profile, nighttime under streetlights. single main subject, photorealistic color photo, natural colors, realistic texture, sharp focus on subject, no people, no text, no watermark, no logo, no border, no collage, no CGI, no illustration.","text, watermark, logo, caption, signature, border, frame, collage, multiple panels, cartoon, illustration, CGI, 3d render, low-poly, painting, anime, surreal, deformed, duplicate objects, extra limbs, blurry, out of focus, noise, oversaturated, posterized, artifacts, jpeg artifacts"
7272,horse,pony,walking,a gravel lot,high angle,indoor soft window light,clean,a professional photo,"a professional photo of a pony horse walking in a gravel lot, high angle, indoor soft window light. single main subject, photorealistic color photo, natural colors, realistic texture, sharp focus on subject, no people, no text, no watermark, no logo, no border, no collage, no CGI, no illustration.","text, watermark, logo, caption, signature, border, frame, collage, multiple panels, cartoon, illustration, CGI, 3d render, low-poly, painting, anime, surreal, deformed, duplicate objects, extra limbs, blurry, out of focus, noise, oversaturated, posterized, artifacts, jpeg artifacts"
7010,horse,wild horse,standing,an industrial yard,high angle,sunny afternoon,clean,an ultra-realistic rendering,"an ultra-realistic rendering of a wild horse standing in an industrial yard, high angle, sunny afternoon. single main subject, photorealistic color photo, natural colors, realistic texture, sharp focus on subject, no people, no text, no watermark, no logo, no border, no collage, no CGI, no illustration.","text, watermark, logo, caption, signature, border, frame, collage, multiple panels, cartoon, illustration, CGI, 3d render, low-poly, painting, anime, surreal, deformed, duplicate objects, extra limbs, blurry, out of focus, noise, oversaturated, posterized, artifacts, jpeg artifacts"
7468,horse,draft horse,running,a grassy field,3/4 view,golden hour,clean,a photorealistic color photo,"a photorealistic color photo of a draft horse running in a grassy field, 3/4 view, golden hour. single main subject, photorealistic color photo, natural colors, realistic texture, sharp focus on subject, no people, no text, no watermark, no logo, no border, no collage, no CGI, no illustration.","text, watermark, logo, caption, signature, border, frame, collage, multiple panels, cartoon, illustration, CGI, 3d render, low-poly, painting, anime, surreal, deformed, duplicate objects, extra limbs, blurry, out of focus, noise, oversaturated, posterized, artifacts, jpeg artifacts"
7344,horse,pony,grazing,a gravel lot,low angle,sunny afternoon,clean,a detailed photograph,"a detailed photograph of a pony horse grazing in a gravel lot, low angle, sunny afternoon. single main subject, photorealistic color photo, natural colors, realistic texture, sharp focus on subject, no people, no text, no watermark, no logo, no border, no collage, no CGI, no illustration.","text, watermark, logo, caption, signature, border, frame, collage, multiple panels, cartoon, illustration, CGI, 3d render, low-poly, painting, anime, surreal, deformed, duplicate objects, extra limbs, blurry, out of focus, noise, oversaturated, posterized, artifacts, jpeg artifacts"
7591,horse,racehorse,running,an industrial yard,high angle,sunny afternoon,clean,a finely detailed photo,"a finely detailed photo of a racehorse running in an industrial yard, high angle, sunny afternoon. single main subject, photorealistic color photo, natural colors, realistic texture, sharp focus on subject, no people, no text, no watermark, no logo, no border, no collage, no CGI, no illustration.","text, watermark, logo, caption, signature, border, frame, collage, multiple panels, cartoon, illustration, CGI, 3d render, low-poly, painting, anime, surreal, deformed, duplicate objects, extra limbs, blurry, out of focus, noise, oversaturated, posterized, artifacts, jpeg artifacts"
7303,horse,draft horse,running,a city park,high angle,backlit rim light,clean,a professional photo,"a professional photo of a draft horse running in a city park, high angle, backlit rim light. single main subject, photorealistic color photo, natural colors, realistic texture, sharp focus on subject, no people, no text, no watermark, no logo, no border, no collage, no CGI, no illustration.","text, watermark, logo, caption, signature, border, frame, collage, multiple panels, cartoon, illustration, CGI, 3d render, low-poly, painting, anime, surreal, deformed, duplicate objects, extra limbs, blurry, out of focus, noise, oversaturated, posterized, artifacts, jpeg artifacts"
7492,horse,racehorse,walking,a suburban neighborhood,wide shot,rainy with wet reflections,clean,an ultra-realistic rendering,"an ultra-realistic rendering of a racehorse walking in a suburban neighborhood, wide shot, rainy with wet reflections. single main subject, photorealistic color photo, natural colors, realistic texture, sharp focus on subject, no people, no text, no watermark, no logo, no border, no collage, no CGI, no illustration.","text, watermark, logo, caption, signature, border, frame, collage, multiple panels, cartoon, illustration, CGI, 3d render, low-poly, painting, anime, surreal, deformed, duplicate objects, extra limbs, blurry, out of focus, noise, oversaturated, posterized, artifacts, jpeg artifacts"
7611,horse,wild horse,walking,a wet roadway after rain,wide shot,golden hour,clean,a photorealistic color photo,"a photorealistic color photo of a wild horse walking in a wet roadway after rain, wide shot, golden hour. single main subject, photorealistic color photo, natural colors, realistic texture, sharp focus on subject, no people, no text, no watermark, no logo, no border, no collage, no CGI, no illustration.","text, watermark, logo, caption, signature, border, frame, collage, multiple panels, cartoon, illustration, CGI, 3d render, low-poly, painting, anime, surreal, deformed, duplicate objects, extra limbs, blurry, out of focus, noise, oversaturated, posterized, artifacts, jpeg artifacts"
7050,horse,racehorse,running,a countryside road,front view,backlit rim light,clean,a photorealistic color photo,"a photorealistic color photo of a racehorse running in a countryside road, front view, backlit rim light. single main subject, photorealistic color photo, natural colors, realistic texture, sharp focus on subject, no people, no text, no watermark, no logo, no border, no collage, no CGI, no illustration.","text, watermark, logo, caption, signature, border, frame, collage, multiple panels, cartoon, illustration, CGI, 3d render, low-poly, painting, anime, surreal, deformed, duplicate objects, extra limbs, blurry, out of focus, noise, oversaturated, posterized, artifacts, jpeg artifacts"
7576,horse,brown horse,walking,a gravel lot,close-up,overcast daylight,clean,a finely detailed photo,"a finely detailed photo of a brown horse walking in a gravel lot, close-up, overcast daylight. single main subject, photorealistic color photo, natural colors, realistic texture, sharp focus on subject, no people, no text, no watermark, no logo, no border, no collage, no CGI, no illustration.","text, watermark, logo, caption, signature, border, frame, collage, multiple panels, cartoon, illustration, CGI, 3d render, low-poly, painting, anime, surreal, deformed, duplicate objects, extra limbs, blurry, out of focus, noise, oversaturated, posterized, artifacts, jpeg artifacts"
7287,horse,brown horse,grazing,a quiet residential street,low angle,sunny afternoon,clean,a photorealistic color photo,"a photorealistic color photo of a brown horse grazing in a quiet residential street, low angle, sunny afternoon. single main subject, photorealistic color photo, natural colors, realistic texture, sharp focus on subject, no people, no text, no watermark, no logo, no border, no collage, no CGI, no illustration.","text, watermark, logo, caption, signature, border, frame, collage, multiple panels, cartoon, illustration, CGI, 3d render, low-poly, painting, anime, surreal, deformed, duplicate objects, extra limbs, blurry, out of focus, noise, oversaturated, posterized, artifacts, jpeg artifacts"
7313,horse,draft horse,standing,a parking lot,wide shot,sunny afternoon,clean,an ultra-realistic rendering,"an ultra-realistic rendering of a draft horse standing in a parking lot, wide shot, sunny afternoon. single main subject, photorealistic color photo, natural colors, realistic texture, sharp focus on subject, no people, no text, no watermark, no logo, no border, no collage, no CGI, no illustration.","text, watermark, logo, caption, signature, border, frame, collage, multiple panels, cartoon, illustration, CGI, 3d render, low-poly, painting, anime, surreal, deformed, duplicate objects, extra limbs, blurry, out of focus, noise, oversaturated, posterized, artifacts, jpeg artifacts"
7466,horse,brown horse,running,a suburban neighborhood,3/4 view,foggy morning,clean,a finely detailed photo,"a finely detailed photo of a brown horse running in a suburban neighborhood, 3/4 view, foggy morning. single main subject, photorealistic color photo, natural colors, realistic texture, sharp focus on subject, no people, no text, no watermark, no logo, no border, no collage, no CGI, no illustration.","text, watermark, logo, caption, signature, border, frame, collage, multiple panels, cartoon, illustration, CGI, 3d render, low-poly, painting, anime, surreal, deformed, duplicate objects, extra limbs, blurry, out of focus, noise, oversaturated, posterized, artifacts, jpeg artifacts"
7502,horse,racehorse,standing,a grassy field,front view,sunny afternoon,clean,a detailed photograph,"a detailed photograph of a racehorse standing in a grassy field, front view, sunny afternoon. single main subject, photorealistic color photo, natural colors, realistic texture, sharp focus on subject, no people, no text, no watermark, no logo, no border, no collage, no CGI, no illustration.","text, watermark, logo, caption, signature, border, frame, collage, multiple panels, cartoon, illustration, CGI, 3d render, low-poly, painting, anime, surreal, deformed, duplicate objects, extra limbs, blurry, out of focus, noise, oversaturated, posterized, artifacts, jpeg artifacts"
7128,horse,brown horse,running,a countryside road,3/4 view,nighttime under streetlights,clean,an ultra-realistic rendering,"an ultra-realistic rendering of a brown horse running in a countryside road, 3/4 view, nighttime under streetlights. single main subject, photorealistic color photo, natural colors, realistic texture, sharp focus on subject, no people, no text, no watermark, no logo, no border, no collage, no CGI, no illustration.","text, watermark, logo, caption, signature, border, frame, collage, multiple panels, cartoon, illustration, CGI, 3d render, low-poly, painting, anime, surreal, deformed, duplicate objects, extra limbs, blurry, out of focus, noise, oversaturated, posterized, artifacts, jpeg artifacts"
7398,horse,racehorse,grazing,a backyard,high angle,nighttime under streetlights,clean,a high-quality image,"a high-quality image of a racehorse grazing in a backyard, high angle, nighttime under streetlights. single main subject, photorealistic color photo, natural colors, realistic texture, sharp focus on subject, no people, no text, no watermark, no logo, no border, no collage, no CGI, no illustration.","text, watermark, logo, caption, signature, border, frame, collage, multiple panels, cartoon, illustration, CGI, 3d render, low-poly, painting, anime, surreal, deformed, duplicate objects, extra limbs, blurry, out of focus, noise, oversaturated, posterized, artifacts, jpeg artifacts"
7859,horse,draft horse,walking,an urban street,distant subject in the background,overcast daylight,hard,a photorealistic color photo,"a photorealistic color photo of a draft horse walking in an urban street, distant subject in the background, overcast daylight. partially occluded by a foreground object. single main subject, photorealistic color photo, natural colors, realistic texture, sharp focus on subject, no people, no text, no watermark, no logo, no border, no collage, no CGI, no illustration.","text, watermark, logo, caption, signature, border, frame, collage, multiple panels, cartoon, illustration, CGI, 3d render, low-poly, painting, anime, surreal, deformed, duplicate objects, extra limbs, blurry, out of focus, noise, oversaturated, posterized, artifacts, jpeg artifacts"
7038,horse,wild horse,walking,a city park,high angle,sunny afternoon,clean,a detailed photograph,"a detailed photograph of a wild horse walking in a city park, high angle, sunny afternoon. single main subject, photorealistic color photo, natural colors, realistic texture, sharp focus on subject, no people, no text, no watermark, no logo, no border, no collage, no CGI, no illustration.","text, watermark, logo, caption, signature, border, frame, collage, multiple panels, cartoon, illustration, CGI, 3d render, low-poly, painting, anime, surreal, deformed, duplicate objects, extra limbs, blurry, out of focus, noise, oversaturated, posterized, artifacts, jpeg artifacts"
7584,horse,racehorse,running,an urban street,high angle,sunny afternoon,clean,a photorealistic color photo,"a photorealistic color photo of a racehorse running in an urban street, high angle, sunny afternoon. single main subject, photorealistic color photo, natural colors, realistic texture, sharp focus on subject, no people, no text, no watermark, no logo, no border, no collage, no CGI, no illustration.","text, watermark, logo, caption, signature, border, frame, collage, multiple panels, cartoon, illustration, CGI, 3d render, low-poly, painting, anime, surreal, deformed, duplicate objects, extra limbs, blurry, out of focus, noise, oversaturated, posterized, artifacts, jpeg artifacts"
7095,horse,white horse,standing,a wet roadway after rain,3/4 view,sunny afternoon,clean,a photorealistic color photo,"a photorealistic color photo of a white horse standing in a wet roadway after rain, 3/4 view, sunny afternoon. single main subject, photorealistic color photo, natural colors, realistic texture, sharp focus on subject, no people, no text, no watermark, no logo, no border, no collage, no CGI, no illustration.","text, watermark, logo, caption, signature, border, frame, collage, multiple panels, cartoon, illustration, CGI, 3d render, low-poly, painting, anime, surreal, deformed, duplicate objects, extra limbs, blurry, out of focus, noise, oversaturated, posterized, artifacts, jpeg artifacts"
7105,horse,racehorse,standing,a countryside road,wide shot,backlit rim light,clean,an ultra-realistic rendering,"an ultra-realistic rendering of a racehorse standing in a countryside road, wide shot, backlit rim light. single main subject, photorealistic color photo, natural colors, realistic texture, sharp focus on subject, no people, no text, no watermark, no logo, no border, no collage, no CGI, no illustration.","text, watermark, logo, caption, signature, border, frame, collage, multiple panels, cartoon, illustration, CGI, 3d render, low-poly, painting, anime, surreal, deformed, duplicate objects, extra limbs, blurry, out of focus, noise, oversaturated, posterized, artifacts, jpeg artifacts"
7510,horse,brown horse,walking,an industrial yard,side profile,overcast daylight,clean,a finely detailed photo,"a finely detailed photo of a brown horse walking in an industrial yard, side profile, overcast daylight. single main subject, photorealistic color photo, natural colors, realistic texture, sharp focus on subject, no people, no text, no watermark, no logo, no border, no collage, no CGI, no illustration.","text, watermark, logo, caption, signature, border, frame, collage, multiple panels, cartoon, illustration, CGI, 3d render, low-poly, painting, anime, surreal, deformed, duplicate objects, extra limbs, blurry, out of focus, noise, oversaturated, posterized, artifacts, jpeg artifacts"
7745,horse,pony,running,a grassy field,3/4 view,golden hour,clean,a high-quality image,"a high-quality image of a pony horse running in a grassy field, 3/4 view, golden hour. single main subject, photorealistic color photo, natural colors, realistic texture, sharp focus on subject, no people, no text, no watermark, no logo, no border, no collage, no CGI, no illustration.","text, watermark, logo, caption, signature, border, frame, collage, multiple panels, cartoon, illustration, CGI, 3d render, low-poly, painting, anime, surreal, deformed, duplicate objects, extra limbs, blurry, out of focus, noise, oversaturated, posterized, artifacts, jpeg artifacts"
7454,horse,draft horse,grazing,a gravel lot,side profile,backlit rim light,clean,a detailed photograph,"a detailed photograph of a draft horse grazing in a gravel lot, side profile, backlit rim light. single main subject, photorealistic color photo, natural colors, realistic texture, sharp focus on subject, no people, no text, no watermark, no logo, no border, no collage, no CGI, no illustration.","text, watermark, logo, caption, signature, border, frame, collage, multiple panels, cartoon, illustration, CGI, 3d render, low-poly, painting, anime, surreal, deformed, duplicate objects, extra limbs, blurry, out of focus, noise, oversaturated, posterized, artifacts, jpeg artifacts"
7872,horse,white horse,walking,a grassy field,low angle,nighttime under streetlights,hard,a finely detailed photo,"a finely detailed photo of a white horse walking in a grassy field, low angle, nighttime under streetlights. in the distance. single main subject, photorealistic color photo, natural colors, realistic texture, sharp focus on subject, no people, no text, no watermark, no logo, no border, no collage, no CGI, no illustration.","text, watermark, logo, caption, signature, border, frame, collage, multiple panels, cartoon, illustration, CGI, 3d render, low-poly, painting, anime, surreal, deformed, duplicate objects, extra limbs, blurry, out of focus, noise, oversaturated, posterized, artifacts, jpeg artifacts"
7429,horse,racehorse,standing,a lakeside shore,low angle,foggy morning,clean,a professional photo,"a professional photo of a racehorse standing in a lakeside shore, low angle, foggy morning. single main subject, photorealistic color photo, natural colors, realistic texture, sharp focus on subject, no people, no text, no watermark, no logo, no border, no collage, no CGI, no illustration.","text, watermark, logo, caption, signature, border, frame, collage, multiple panels, cartoon, illustration, CGI, 3d render, low-poly, painting, anime, surreal, deformed, duplicate objects, extra limbs, blurry, out of focus, noise, oversaturated, posterized, artifacts, jpeg artifacts"
7609,horse,pony,grazing,a forest clearing,3/4 view,nighttime under streetlights,clean,an ultra-realistic rendering,"an ultra-realistic rendering of a pony horse grazing in a forest clearing, 3/4 view, nighttime under streetlights. single main subject, photorealistic color photo, natural colors, realistic texture, sharp focus on subject, no people, no text, no watermark, no logo, no border, no collage, no CGI, no illustration.","text, watermark, logo, caption, signature, border, frame, collage, multiple panels, cartoon, illustration, CGI, 3d render, low-poly, painting, anime, surreal, deformed, duplicate objects, extra limbs, blurry, out of focus, noise, oversaturated, posterized, artifacts, jpeg artifacts"
7939,horse,brown horse,grazing,a gravel lot,wide shot,indoor soft window light,hard,a detailed photograph,"a detailed photograph of a brown horse grazing in a gravel lot, wide shot, indoor soft window light. partially occluded by a foreground object. single main subject, photorealistic color photo, natural colors, realistic texture, sharp focus on subject, no people, no text, no watermark, no logo, no border, no collage, no CGI, no illustration.","text, watermark, logo, caption, signature, border, frame, collage, multiple panels, cartoon, illustration, CGI, 3d render, low-poly, painting, anime, surreal, deformed, duplicate objects, extra limbs, blurry, out of focus, noise, oversaturated, posterized, artifacts, jpeg artifacts"
7825,horse,white horse,standing,a lakeside shore,cropped at the edge of the frame,sunny afternoon,hard,an ultra-realistic rendering,"an ultra-realistic rendering of a white horse standing in a lakeside shore, cropped at the edge of the frame, sunny afternoon. in the distance. single main subject, photorealistic color photo, natural colors, realistic texture, sharp focus on subject, no people, no text, no watermark, no logo, no border, no collage, no CGI, no illustration.","text, watermark, logo, caption, signature, border, frame, collage, multiple panels, cartoon, illustration, CGI, 3d render, low-poly, painting, anime, surreal, deformed, duplicate objects, extra limbs, blurry, out of focus, noise, oversaturated, posterized, artifacts, jpeg artifacts"
7142,horse,draft horse,standing,a countryside road,close-up,overcast daylight,clean,a high-quality image,"a high-quality image of a draft horse standing in a countryside road, close-up, overcast daylight. single main subject, photorealistic color photo, natural colors, realistic texture, sharp focus on subject, no people, no text, no watermark, no logo, no border, no collage, no CGI, no illustration.","text, watermark, logo, caption, signature, border, frame, collage, multiple panels, cartoon, illustration, CGI, 3d render, low-poly, painting, anime, surreal, deformed, duplicate objects, extra limbs, blurry, out of focus, noise, oversaturated, posterized, artifacts, jpeg artifacts"
7753,horse,pony,running,a wet roadway after rain,slightly off-center framing,backlit rim light,clean,a finely detailed photo,"a finely detailed photo of a pony horse running in a wet roadway after rain, slightly off-center framing, backlit rim light. single main subject, photorealistic color photo, natural colors, realistic texture, sharp focus on subject, no people, no text, no watermark, no logo, no border, no collage, no CGI, no illustration.","text, watermark, logo, caption, signature, border, frame, collage, multiple panels, cartoon, illustration, CGI, 3d render, low-poly, painting, anime, surreal, deformed, duplicate objects, extra limbs, blurry, out of focus, noise, oversaturated, posterized, artifacts, jpeg artifacts"
7012,horse,pony,grazing,a wet roadway after rain,close-up,golden hour,clean,a finely detailed photo,"a finely detailed photo of a pony horse grazing in a wet roadway after rain, close-up, golden hour. single main subject, photorealistic color photo, natural colors, realistic texture, sharp focus on subject, no people, no text, no watermark, no logo, no border, no collage, no CGI, no illustration.","text, watermark, logo, caption, signature, border, frame, collage, multiple panels, cartoon, illustration, CGI, 3d render, low-poly, painting, anime, surreal, deformed, duplicate objects, extra limbs, blurry, out of focus, noise, oversaturated, posterized, artifacts, jpeg artifacts"
7362,horse,draft horse,walking,a sandy beach,slightly off-center framing,backlit rim light,clean,a detailed photograph,"a detailed photograph of a draft horse walking in a sandy beach, slightly off-center framing, backlit rim light. single main subject, photorealistic color photo, natural colors, realistic texture, sharp focus on subject, no people, no text, no watermark, no logo, no border, no collage, no CGI, no illustration.","text, watermark, logo, caption, signature, border, frame, collage, multiple panels, cartoon, illustration, CGI, 3d render, low-poly, painting, anime, surreal, deformed, duplicate objects, extra limbs, blurry, out of focus, noise, oversaturated, posterized, artifacts, jpeg artifacts"
7858,horse,pony,standing,a quiet residential street,front view,overcast daylight,hard,a finely detailed photo,"a finely detailed photo of a pony horse standing in a quiet residential street, front view, overcast daylight. slight motion blur. single main subject, photorealistic color photo, natural colors, realistic texture, sharp focus on subject, no people, no text, no watermark, no logo, no border, no collage, no CGI, no illustration.","text, watermark, logo, caption, signature, border, frame, collage, multiple panels, cartoon, illustration, CGI, 3d render, low-poly, painting, anime, surreal, deformed, duplicate objects, extra limbs, blurry, out of focus, noise, oversaturated, posterized, artifacts, jpeg artifacts"
7955,horse,pony,walking,a quiet residential street,low angle,foggy morning,hard,a finely detailed photo,"a finely detailed photo of a pony horse walking in a quiet residential street, low angle, foggy morning. busy background but still one main subject. single main subject, photorealistic color photo, natural colors, realistic texture, sharp focus on subject, no people, no text, no watermark, no logo, no border, no collage, no CGI, no illustration.","text, watermark, logo, caption, signature, border, frame, collage, multiple panels, cartoon, illustration, CGI, 3d render, low-poly, painting, anime, surreal, deformed, duplicate objects, extra limbs, blurry, out of focus, noise, oversaturated, posterized, artifacts, jpeg artifacts"
7800,horse,racehorse,grazing,a parking lot,high angle,foggy morning,hard,a professional photo,"a professional photo of a racehorse grazing in a parking lot, high angle, foggy morning. partially occluded by a foreground object. single main subject, photorealistic color photo, natural colors, realistic texture, sharp focus on subject, no people, no text, no watermark, no logo, no border, no collage, no CGI, no illustration.","text, watermark, logo, caption, signature, border, frame, collage, multiple panels, cartoon, illustration, CGI, 3d render, low-poly, painting, anime, surreal, deformed, duplicate objects, extra limbs, blurry, out of focus, noise, oversaturated, posterized, artifacts, jpeg artifacts"
7727,horse,white horse,standing,a grassy field,wide shot,sunny afternoon,clean,an ultra-realistic rendering,"an ultra-realistic rendering of a white horse standing in a grassy field, wide shot, sunny afternoon. single main subject, photorealistic color photo, natural colors, realistic texture, sharp focus on subject, no people, no text, no watermark, no logo, no border, no collage, no CGI, no illustration.","text, watermark, logo, caption, signature, border, frame, collage, multiple panels, cartoon, illustration, CGI, 3d render, low-poly, painting, anime, surreal, deformed, duplicate objects, extra limbs, blurry, out of focus, noise, oversaturated, posterized, artifacts, jpeg artifacts"
7078,horse,racehorse,running,a quiet residential street,high angle,nighttime under streetlights,clean,a high-quality image,"a high-quality image of a racehorse running in a quiet residential street, high angle, nighttime under streetlights. single main subject, photorealistic color photo, natural colors, realistic texture, sharp focus on subject, no people, no text, no watermark, no logo, no border, no collage, no CGI, no illustration.","text, watermark, logo, caption, signature, border, frame, collage, multiple panels, cartoon, illustration, CGI, 3d render, low-poly, painting, anime, surreal, deformed, duplicate objects, extra limbs, blurry, out of focus, noise, oversaturated, posterized, artifacts, jpeg artifacts"
7336,horse,draft horse,standing,a parking lot,low angle,backlit rim light,clean,a finely detailed photo,"a finely detailed photo of a draft horse standing in a parking lot, low angle, backlit rim light. single main subject, photorealistic color photo, natural colors, realistic texture, sharp focus on subject, no people, no text, no watermark, no logo, no border, no collage, no CGI, no illustration.","text, watermark, logo, caption, signature, border, frame, collage, multiple panels, cartoon, illustration, CGI, 3d render, low-poly, painting, anime, surreal, deformed, duplicate objects, extra limbs, blurry, out of focus, noise, oversaturated, posterized, artifacts, jpeg artifacts"
7092,horse,brown horse,running,a wet roadway after rain,slightly off-center framing,nighttime under streetlights,clean,a high-quality image,"a high-quality image of a brown horse running in a wet roadway after rain, slightly off-center framing, nighttime under streetlights. single main subject, photorealistic color photo, natural colors, realistic texture, sharp focus on subject, no people, no text, no watermark, no logo, no border, no collage, no CGI, no illustration.","text, watermark, logo, caption, signature, border, frame, collage, multiple panels, cartoon, illustration, CGI, 3d render, low-poly, painting, anime, surreal, deformed, duplicate objects, extra limbs, blurry, out of focus, noise, oversaturated, posterized, artifacts, jpeg artifacts"
7057,horse,brown horse,running,a suburban neighborhood,front view,sunny afternoon,clean,an ultra-realistic rendering,"an ultra-realistic rendering of a brown horse running in a suburban neighborhood, front view, sunny afternoon. single main subject, photorealistic color photo, natural colors, realistic texture, sharp focus on subject, no people, no text, no watermark, no logo, no border, no collage, no CGI, no illustration.","text, watermark, logo, caption, signature, border, frame, collage, multiple panels, cartoon, illustration, CGI, 3d render, low-poly, painting, anime, surreal, deformed, duplicate objects, extra limbs, blurry, out of focus, noise, oversaturated, posterized, artifacts, jpeg artifacts"
7903,horse,white horse,standing,a city park,low angle,backlit rim light,hard,an ultra-realistic rendering,"an ultra-realistic rendering of a white horse standing in a city park, low angle, backlit rim light. cropped slightly. single main subject, photorealistic color photo, natural colors, realistic texture, sharp focus on subject, no people, no text, no watermark, no logo, no border, no collage, no CGI, no illustration.","text, watermark, logo, caption, signature, border, frame, collage, multiple panels, cartoon, illustration, CGI, 3d render, low-poly, painting, anime, surreal, deformed, duplicate objects, extra limbs, blurry, out of focus, noise, oversaturated, posterized, artifacts, jpeg artifacts"
7878,horse,brown horse,standing,a quiet residential street,front view,foggy morning,hard,a detailed photograph,"a detailed photograph of a brown horse standing in a quiet residential street, front view, foggy morning. in the distance. single main subject, photorealistic color photo, natural colors, realistic texture, sharp focus on subject, no people, no text, no watermark, no logo, no border, no collage, no CGI, no illustration.","text, watermark, logo, caption, signature, border, frame, collage, multiple panels, cartoon, illustration, CGI, 3d render, low-poly, painting, anime, surreal, deformed, duplicate objects, extra limbs, blurry, out of focus, noise, oversaturated, posterized, artifacts, jpeg artifacts"
7663,horse,brown horse,grazing,a city park,high angle,nighttime under streetlights,clean,a detailed photograph,"a detailed photograph of a brown horse grazing in a city park, high angle, nighttime under streetlights. single main subject, photorealistic color photo, natural colors, realistic texture, sharp focus on subject, no people, no text, no watermark, no logo, no border, no collage, no CGI, no illustration.","text, watermark, logo, caption, signature, border, frame, collage, multiple panels, cartoon, illustration, CGI, 3d render, low-poly, painting, anime, surreal, deformed, duplicate objects, extra limbs, blurry, out of focus, noise, oversaturated, posterized, artifacts, jpeg artifacts"
7370,horse,brown horse,running,a city park,front view,indoor soft window light,clean,a high-quality image,"a high-quality image of a brown horse running in a city park, front view, indoor soft window light. single main subject, photorealistic color photo, natural colors, realistic texture, sharp focus on subject, no people, no text, no watermark, no logo, no border, no collage, no CGI, no illustration.","text, watermark, logo, caption, signature, border, frame, collage, multiple panels, cartoon, illustration, CGI, 3d render, low-poly, painting, anime, surreal, deformed, duplicate objects, extra limbs, blurry, out of focus, noise, oversaturated, posterized, artifacts, jpeg artifacts"
7667,horse,draft horse,grazing,a grassy field,close-up,foggy morning,clean,a photorealistic color photo,"a photorealistic color photo of a draft horse grazing in a grassy field, close-up, foggy morning. single main subject, photorealistic color photo, natural colors, realistic texture, sharp focus on subject, no people, no text, no watermark, no logo, no border, no collage, no CGI, no illustration.","text, watermark, logo, caption, signature, border, frame, collage, multiple panels, cartoon, illustration, CGI, 3d render, low-poly, painting, anime, surreal, deformed, duplicate objects, extra limbs, blurry, out of focus, noise, oversaturated, posterized, artifacts, jpeg artifacts"
7023,horse,racehorse,walking,a wet roadway after rain,close-up,overcast daylight,clean,a high-quality image,"a high-quality image of a racehorse walking in a wet roadway after rain, close-up, overcast daylight. single main subject, photorealistic color photo, natural colors, realistic texture, sharp focus on subject, no people, no text, no watermark, no logo, no border, no collage, no CGI, no illustration.","text, watermark, logo, caption, signature, border, frame, collage, multiple panels, cartoon, illustration, CGI, 3d render, low-poly, painting, anime, surreal, deformed, duplicate objects, extra limbs, blurry, out of focus, noise, oversaturated, posterized, artifacts, jpeg artifacts"
7778,horse,white horse,grazing,a gravel lot,close-up,foggy morning,clean,a professional photo,"a professional photo of a white horse grazing in a gravel lot, close-up, foggy morning. single main subject, photorealistic color photo, natural colors, realistic texture, sharp focus on subject, no people, no text, no watermark, no logo, no border, no collage, no CGI, no illustration.","text, watermark, logo, caption, signature, border, frame, collage, multiple panels, cartoon, illustration, CGI, 3d render, low-poly, painting, anime, surreal, deformed, duplicate objects, extra limbs, blurry, out of focus, noise, oversaturated, posterized, artifacts, jpeg artifacts"
7402,horse,wild horse,walking,a backyard,low angle,nighttime under streetlights,clean,a high-quality image,"a high-quality image of a wild horse walking in a backyard, low angle, nighttime under streetlights. single main subject, photorealistic color photo, natural colors, realistic texture, sharp focus on subject, no people, no text, no watermark, no logo, no border, no collage, no CGI, no illustration.","text, watermark, logo, caption, signature, border, frame, collage, multiple panels, cartoon, illustration, CGI, 3d render, low-poly, painting, anime, surreal, deformed, duplicate objects, extra limbs, blurry, out of focus, noise, oversaturated, posterized, artifacts, jpeg artifacts"
7175,horse,draft horse,walking,a quiet residential street,low angle,foggy morning,clean,a finely detailed photo,"a finely detailed photo of a draft horse walking in a quiet residential street, low angle, foggy morning. single main subject, photorealistic color photo, natural colors, realistic texture, sharp focus on subject, no people, no text, no watermark, no logo, no border, no collage, no CGI, no illustration.","text, watermark, logo, caption, signature, border, frame, collage, multiple panels, cartoon, illustration, CGI, 3d render, low-poly, painting, anime, surreal, deformed, duplicate objects, extra limbs, blurry, out of focus, noise, oversaturated, posterized, artifacts, jpeg artifacts"
7298,horse,wild horse,running,a backyard,wide shot,sunny afternoon,clean,an ultra-realistic rendering,"an ultra-realistic rendering of a wild horse running in a backyard, wide shot, sunny afternoon. single main subject, photorealistic color photo, natural colors, realistic texture, sharp focus on subject, no people, no text, no watermark, no logo, no border, no collage, no CGI, no illustration.","text, watermark, logo, caption, signature, border, frame, collage, multiple panels, cartoon, illustration, CGI, 3d render, low-poly, painting, anime, surreal, deformed, duplicate objects, extra limbs, blurry, out of focus, noise, oversaturated, posterized, artifacts, jpeg artifacts"
7178,horse,white horse,running,a quiet residential street,3/4 view,nighttime under streetlights,clean,a photorealistic color photo,"a photorealistic color photo of a white horse running in a quiet residential street, 3/4 view, nighttime under streetlights. single main subject, photorealistic color photo, natural colors, realistic texture, sharp focus on subject, no people, no text, no watermark, no logo, no border, no collage, no CGI, no illustration.","text, watermark, logo, caption, signature, border, frame, collage, multiple panels, cartoon, illustration, CGI, 3d render, low-poly, painting, anime, surreal, deformed, duplicate objects, extra limbs, blurry, out of focus, noise, oversaturated, posterized, artifacts, jpeg artifacts"
7973,horse,racehorse,walking,an urban street,low angle,foggy morning,hard,a finely detailed photo,"a finely detailed photo of a racehorse walking in an urban street, low angle, foggy morning. cropped slightly. single main subject, photorealistic color photo, natural colors, realistic texture, sharp focus on subject, no people, no text, no watermark, no logo, no border, no collage, no CGI, no illustration.","text, watermark, logo, caption, signature, border, frame, collage, multiple panels, cartoon, illustration, CGI, 3d render, low-poly, painting, anime, surreal, deformed, duplicate objects, extra limbs, blurry, out of focus, noise, oversaturated, posterized, artifacts, jpeg artifacts"
7123,horse,racehorse,standing,a forest clearing,slightly off-center framing,indoor soft window light,clean,a detailed photograph,"a detailed photograph of a racehorse standing in a forest clearing, slightly off-center framing, indoor soft window light. single main subject, photorealistic color photo, natural colors, realistic texture, sharp focus on subject, no people, no text, no watermark, no logo, no border, no collage, no CGI, no illustration.","text, watermark, logo, caption, signature, border, frame, collage, multiple panels, cartoon, illustration, CGI, 3d render, low-poly, painting, anime, surreal, deformed, duplicate objects, extra limbs, blurry, out of focus, noise, oversaturated, posterized, artifacts, jpeg artifacts"
7174,horse,brown horse,grazing,a sandy beach,high angle,golden hour,clean,a detailed photograph,"a detailed photograph of a brown horse grazing in a sandy beach, high angle, golden hour. single main subject, photorealistic color photo, natural colors, realistic texture, sharp focus on subject, no people, no text, no watermark, no logo, no border, no collage, no CGI, no illustration.","text, watermark, logo, caption, signature, border, frame, collage, multiple panels, cartoon, illustration, CGI, 3d render, low-poly, painting, anime, surreal, deformed, duplicate objects, extra limbs, blurry, out of focus, noise, oversaturated, posterized, artifacts, jpeg artifacts"
7636,horse,racehorse,running,a suburban neighborhood,side profile,nighttime under streetlights,clean,a photorealistic color photo,"a photorealistic color photo of a racehorse running in a suburban neighborhood, side profile, nighttime under streetlights. single main subject, photorealistic color photo, natural colors, realistic texture, sharp focus on subject, no people, no text, no watermark, no logo, no border, no collage, no CGI, no illustration.","text, watermark, logo, caption, signature, border, frame, collage, multiple panels, cartoon, illustration, CGI, 3d render, low-poly, painting, anime, surreal, deformed, duplicate objects, extra limbs, blurry, out of focus, noise, oversaturated, posterized, artifacts, jpeg artifacts"
7700,horse,wild horse,standing,a parking lot,high angle,overcast daylight,clean,a high-quality image,"a high-quality image of a wild horse standing in a parking lot, high angle, overcast daylight. single main subject, photorealistic color photo, natural colors, realistic texture, sharp focus on subject, no people, no text, no watermark, no logo, no border, no collage, no CGI, no illustration.","text, watermark, logo, caption, signature, border, frame, collage, multiple panels, cartoon, illustration, CGI, 3d render, low-poly, painting, anime, surreal, deformed, duplicate objects, extra limbs, blurry, out of focus, noise, oversaturated, posterized, artifacts, jpeg artifacts"
7055,horse,wild horse,running,a lakeside shore,high angle,golden hour,clean,a detailed photograph,"a detailed photograph of a wild horse running in a lakeside shore, high angle, golden hour. single main subject, photorealistic color photo, natural colors, realistic texture, sharp focus on subject, no people, no text, no watermark, no logo, no border, no collage, no CGI, no illustration.","text, watermark, logo, caption, signature, border, frame, collage, multiple panels, cartoon, illustration, CGI, 3d render, low-poly, painting, anime, surreal, deformed, duplicate objects, extra limbs, blurry, out of focus, noise, oversaturated, posterized, artifacts, jpeg artifacts"
7384,horse,draft horse,walking,a quiet residential street,wide shot,golden hour,clean,a detailed photograph,"a detailed photograph of a draft horse walking in a quiet residential street, wide shot, golden hour. single main subject, photorealistic color photo, natural colors, realistic texture, sharp focus on subject, no people, no text, no watermark, no logo, no border, no collage, no CGI, no illustration.","text, watermark, logo, caption, signature, border, frame, collage, multiple panels, cartoon, illustration, CGI, 3d render, low-poly, painting, anime, surreal, deformed, duplicate objects, extra limbs, blurry, out of focus, noise, oversaturated, posterized, artifacts, jpeg artifacts"
7355,horse,white horse,standing,a lakeside shore,side profile,golden hour,clean,a detailed photograph,"a detailed photograph of a white horse standing in a lakeside shore, side profile, golden hour. single main subject, photorealistic color photo, natural colors, realistic texture, sharp focus on subject, no people, no text, no watermark, no logo, no border, no collage, no CGI, no illustration.","text, watermark, logo, caption, signature, border, frame, collage, multiple panels, cartoon, illustration, CGI, 3d render, low-poly, painting, anime, surreal, deformed, duplicate objects, extra limbs, blurry, out of focus, noise, oversaturated, posterized, artifacts, jpeg artifacts"
7427,horse,white horse,running,a sandy beach,3/4 view,backlit rim light,clean,a detailed photograph,"a detailed photograph of a white horse running in a sandy beach, 3/4 view, backlit rim light. single main subject, photorealistic color photo, natural colors, realistic texture, sharp focus on subject, no people, no text, no watermark, no logo, no border, no collage, no CGI, no illustration.","text, watermark, logo, caption, signature, border, frame, collage, multiple panels, cartoon, illustration, CGI, 3d render, low-poly, painting, anime, surreal, deformed, duplicate objects, extra limbs, blurry, out of focus, noise, oversaturated, posterized, artifacts, jpeg artifacts"
7682,horse,draft horse,walking,a sandy beach,close-up,overcast daylight,clean,a professional photo,"a professional photo of a draft horse walking in a sandy beach, close-up, overcast daylight. single main subject, photorealistic color photo, natural colors, realistic texture, sharp focus on subject, no people, no text, no watermark, no logo, no border, no collage, no CGI, no illustration.","text, watermark, logo, caption, signature, border, frame, collage, multiple panels, cartoon, illustration, CGI, 3d render, low-poly, painting, anime, surreal, deformed, duplicate objects, extra limbs, blurry, out of focus, noise, oversaturated, posterized, artifacts, jpeg artifacts"
7809,horse,pony,running,a sandy beach,side profile,rainy with wet reflections,hard,a professional photo,"a professional photo of a pony horse running in a sandy beach, side profile, rainy with wet reflections. partially occluded by a foreground object. single main subject, photorealistic color photo, natural colors, realistic texture, sharp focus on subject, no people, no text, no watermark, no logo, no border, no collage, no CGI, no illustration.","text, watermark, logo, caption, signature, border, frame, collage, multiple panels, cartoon, illustration, CGI, 3d render, low-poly, painting, anime, surreal, deformed, duplicate objects, extra limbs, blurry, out of focus, noise, oversaturated, posterized, artifacts, jpeg artifacts"
7652,horse,draft horse,standing,an industrial yard,slightly off-center framing,foggy morning,clean,a high-quality image,"a high-quality image of a draft horse standing in an industrial yard, slightly off-center framing, foggy morning. single main subject, photorealistic color photo, natural colors, realistic texture, sharp focus on subject, no people, no text, no watermark, no logo, no border, no collage, no CGI, no illustration.","text, watermark, logo, caption, signature, border, frame, collage, multiple panels, cartoon, illustration, CGI, 3d render, low-poly, painting, anime, surreal, deformed, duplicate objects, extra limbs, blurry, out of focus, noise, oversaturated, posterized, artifacts, jpeg artifacts"
7593,horse,brown horse,walking,a sandy beach,wide shot,indoor soft window light,clean,a detailed photograph,"a detailed photograph of a brown horse walking in a sandy beach, wide shot, indoor soft window light. single main subject, photorealistic color photo, natural colors, realistic texture, sharp focus on subject, no people, no text, no watermark, no logo, no border, no collage, no CGI, no illustration.","text, watermark, logo, caption, signature, border, frame, collage, multiple panels, cartoon, illustration, CGI, 3d render, low-poly, painting, anime, surreal, deformed, duplicate objects, extra limbs, blurry, out of focus, noise, oversaturated, posterized, artifacts, jpeg artifacts"
7614,horse,pony,grazing,a city park,front view,foggy morning,clean,an ultra-realistic rendering,"an ultra-realistic rendering of a pony horse grazing in a city park, front view, foggy morning. single main subject, photorealistic color photo, natural colors, realistic texture, sharp focus on subject, no people, no text, no watermark, no logo, no border, no collage, no CGI, no illustration.","text, watermark, logo, caption, signature, border, frame, collage, multiple panels, cartoon, illustration, CGI, 3d render, low-poly, painting, anime, surreal, deformed, duplicate objects, extra limbs, blurry, out of focus, noise, oversaturated, posterized, artifacts, jpeg artifacts"
7881,horse,wild horse,running,a backyard,3/4 view,nighttime under streetlights,hard,a high-quality image,"a high-quality image of a wild horse running in a backyard, 3/4 view, nighttime under streetlights. in the distance. single main subject, photorealistic color photo, natural colors, realistic texture, sharp focus on subject, no people, no text, no watermark, no logo, no border, no collage, no CGI, no illustration.","text, watermark, logo, caption, signature, border, frame, collage, multiple panels, cartoon, illustration, CGI, 3d render, low-poly, painting, anime, surreal, deformed, duplicate objects, extra limbs, blurry, out of focus, noise, oversaturated, posterized, artifacts, jpeg artifacts"
7984,horse,brown horse,grazing,a parking lot,slightly off-center framing,rainy with wet reflections,hard,a high-quality image,"a high-quality image of a brown horse grazing in a parking lot, slightly off-center framing, rainy with wet reflections. in the distance. single main subject, photorealistic color photo, natural colors, realistic texture, sharp focus on subject, no people, no text, no watermark, no logo, no border, no collage, no CGI, no illustration.","text, watermark, logo, caption, signature, border, frame, collage, multiple panels, cartoon, illustration, CGI, 3d render, low-poly, painting, anime, surreal, deformed, duplicate objects, extra limbs, blurry, out of focus, noise, oversaturated, posterized, artifacts, jpeg artifacts"
7806,horse,brown horse,grazing,a countryside road,slightly off-center framing,rainy with wet reflections,hard,a finely detailed photo,"a finely detailed photo of a brown horse grazing in a countryside road, slightly off-center framing, rainy with wet reflections. in the distance. single main subject, photorealistic color photo, natural colors, realistic texture, sharp focus on subject, no people, no text, no watermark, no logo, no border, no collage, no CGI, no illustration.","text, watermark, logo, caption, signature, border, frame, collage, multiple panels, cartoon, illustration, CGI, 3d render, low-poly, painting, anime, surreal, deformed, duplicate objects, extra limbs, blurry, out of focus, noise, oversaturated, posterized, artifacts, jpeg artifacts"
7897,horse,draft horse,running,a quiet residential street,front view,nighttime under streetlights,hard,a high-quality image,"a high-quality image of a draft horse running in a quiet residential street, front view, nighttime under streetlights. cropped slightly. single main subject, photorealistic color photo, natural colors, realistic texture, sharp focus on subject, no people, no text, no watermark, no logo, no border, no collage, no CGI, no illustration.","text, watermark, logo, caption, signature, border, frame, collage, multiple panels, cartoon, illustration, CGI, 3d render, low-poly, painting, anime, surreal, deformed, duplicate objects, extra limbs, blurry, out of focus, noise, oversaturated, posterized, artifacts, jpeg artifacts"
7592,horse,wild horse,standing,a quiet residential street,3/4 view,backlit rim light,clean,a finely detailed photo,"a finely detailed photo of a wild horse standing in a quiet residential street, 3/4 view, backlit rim light. single main subject, photorealistic color photo, natural colors, realistic texture, sharp focus on subject, no people, no text, no watermark, no logo, no border, no collage, no CGI, no illustration.","text, watermark, logo, caption, signature, border, frame, collage, multiple panels, cartoon, illustration, CGI, 3d render, low-poly, painting, anime, surreal, deformed, duplicate objects, extra limbs, blurry, out of focus, noise, oversaturated, posterized, artifacts, jpeg artifacts"
7823,horse,racehorse,running,a backyard,3/4 view,overcast daylight,hard,a photorealistic color photo,"a photorealistic color photo of a racehorse running in a backyard, 3/4 view, overcast daylight. in the distance. single main subject, photorealistic color photo, natural colors, realistic texture, sharp focus on subject, no people, no text, no watermark, no logo, no border, no collage, no CGI, no illustration.","text, watermark, logo, caption, signature, border, frame, collage, multiple panels, cartoon, illustration, CGI, 3d render, low-poly, painting, anime, surreal, deformed, duplicate objects, extra limbs, blurry, out of focus, noise, oversaturated, posterized, artifacts, jpeg artifacts"
7672,horse,white horse,grazing,an industrial yard,side profile,golden hour,clean,a high-quality image,"a high-quality image of a white horse grazing in an industrial yard, side profile, golden hour. single main subject, photorealistic color photo, natural colors, realistic texture, sharp focus on subject, no people, no text, no watermark, no logo, no border, no collage, no CGI, no illustration.","text, watermark, logo, caption, signature, border, frame, collage, multiple panels, cartoon, illustration, CGI, 3d render, low-poly, painting, anime, surreal, deformed, duplicate objects, extra limbs, blurry, out of focus, noise, oversaturated, posterized, artifacts, jpeg artifacts"
7254,horse,racehorse,standing,a city park,front view,indoor soft window light,clean,a detailed photograph,"a detailed photograph of a racehorse standing in a city park, front view, indoor soft window light. single main subject, photorealistic color photo, natural colors, realistic texture, sharp focus on subject, no people, no text, no watermark, no logo, no border, no collage, no CGI, no illustration.","text, watermark, logo, caption, signature, border, frame, collage, multiple panels, cartoon, illustration, CGI, 3d render, low-poly, painting, anime, surreal, deformed, duplicate objects, extra limbs, blurry, out of focus, noise, oversaturated, posterized, artifacts, jpeg artifacts"
7459,horse,brown horse,grazing,a suburban neighborhood,slightly off-center framing,indoor soft window light,clean,a finely detailed photo,"a finely detailed photo of a brown horse grazing in a suburban neighborhood, slightly off-center framing, indoor soft window light. single main subject, photorealistic color photo, natural colors, realistic texture, sharp focus on subject, no people, no text, no watermark, no logo, no border, no collage, no CGI, no illustration.","text, watermark, logo, caption, signature, border, frame, collage, multiple panels, cartoon, illustration, CGI, 3d render, low-poly, painting, anime, surreal, deformed, duplicate objects, extra limbs, blurry, out of focus, noise, oversaturated, posterized, artifacts, jpeg artifacts"
7072,horse,pony,grazing,a wet roadway after rain,low angle,nighttime under streetlights,clean,a photorealistic color photo,"a photorealistic color photo of a pony horse grazing in a wet roadway after rain, low angle, nighttime under streetlights. single main subject, photorealistic color photo, natural colors, realistic texture, sharp focus on subject, no people, no text, no watermark, no logo, no border, no collage, no CGI, no illustration.","text, watermark, logo, caption, signature, border, frame, collage, multiple panels, cartoon, illustration, CGI, 3d render, low-poly, painting, anime, surreal, deformed, duplicate objects, extra limbs, blurry, out of focus, noise, oversaturated, posterized, artifacts, jpeg artifacts"
7147,horse,pony,grazing,a countryside road,3/4 view,sunny afternoon,clean,a high-quality image,"a high-quality image of a pony horse grazing in a countryside road, 3/4 view, sunny afternoon. single main subject, photorealistic color photo, natural colors, realistic texture, sharp focus on subject, no people, no text, no watermark, no logo, no border, no collage, no CGI, no illustration.","text, watermark, logo, caption, signature, border, frame, collage, multiple panels, cartoon, illustration, CGI, 3d render, low-poly, painting, anime, surreal, deformed, duplicate objects, extra limbs, blurry, out of focus, noise, oversaturated, posterized, artifacts, jpeg artifacts"
7383,horse,draft horse,standing,an industrial yard,wide shot,rainy with wet reflections,clean,a detailed photograph,"a detailed photograph of a draft horse standing in an industrial yard, wide shot, rainy with wet reflections. single main subject, photorealistic color photo, natural colors, realistic texture, sharp focus on subject, no people, no text, no watermark, no logo, no border, no collage, no CGI, no illustration.","text, watermark, logo, caption, signature, border, frame, collage, multiple panels, cartoon, illustration, CGI, 3d render, low-poly, painting, anime, surreal, deformed, duplicate objects, extra limbs, blurry, out of focus, noise, oversaturated, posterized, artifacts, jpeg artifacts"
7395,horse,pony,grazing,a wet roadway after rain,side profile,indoor soft window light,clean,a photorealistic color photo,"a photorealistic color photo of a pony horse grazing in a wet roadway after rain, side profile, indoor soft window light. single main subject, photorealistic color photo, natural colors, realistic texture, sharp focus on subject, no people, no text, no watermark, no logo, no border, no collage, no CGI, no illustration.","text, watermark, logo, caption, signature, border, frame, collage, multiple panels, cartoon, illustration, CGI, 3d render, low-poly, painting, anime, surreal, deformed, duplicate objects, extra limbs, blurry, out of focus, noise, oversaturated, posterized, artifacts, jpeg artifacts"
7987,horse,draft horse,grazing,a sandy beach,close-up,indoor soft window light,hard,a photorealistic color photo,"a photorealistic color photo of a draft horse grazing in a sandy beach, close-up, indoor soft window light. cropped slightly. single main subject, photorealistic color photo, natural colors, realistic texture, sharp focus on subject, no people, no text, no watermark, no logo, no border, no collage, no CGI, no illustration.","text, watermark, logo, caption, signature, border, frame, collage, multiple panels, cartoon, illustration, CGI, 3d render, low-poly, painting, anime, surreal, deformed, duplicate objects, extra limbs, blurry, out of focus, noise, oversaturated, posterized, artifacts, jpeg artifacts"
7438,horse,pony,standing,a grassy field,low angle,nighttime under streetlights,clean,a photorealistic color photo,"a photorealistic color photo of a pony horse standing in a grassy field, low angle, nighttime under streetlights. single main subject, photorealistic color photo, natural colors, realistic texture, sharp focus on subject, no people, no text, no watermark, no logo, no border, no collage, no CGI, no illustration.","text, watermark, logo, caption, signature, border, frame, collage, multiple panels, cartoon, illustration, CGI, 3d render, low-poly, painting, anime, surreal, deformed, duplicate objects, extra limbs, blurry, out of focus, noise, oversaturated, posterized, artifacts, jpeg artifacts"
7855,horse,wild horse,walking,a backyard,distant subject in the background,sunny afternoon,hard,a detailed photograph,"a detailed photograph of a wild horse walking in a backyard, distant subject in the background, sunny afternoon. partially occluded by a foreground object. single main subject, photorealistic color photo, natural colors, realistic texture, sharp focus on subject, no people, no text, no watermark, no logo, no border, no collage, no CGI, no illustration.","text, watermark, logo, caption, signature, border, frame, collage, multiple panels, cartoon, illustration, CGI, 3d render, low-poly, painting, anime, surreal, deformed, duplicate objects, extra limbs, blurry, out of focus, noise, oversaturated, posterized, artifacts, jpeg artifacts"
7527,horse,wild horse,running,a parking lot,high angle,golden hour,clean,a professional photo,"a professional photo of a wild horse running in a parking lot, high angle, golden hour. single main subject, photorealistic color photo, natural colors, realistic texture, sharp focus on subject, no people, no text, no watermark, no logo, no border, no collage, no CGI, no illustration.","text, watermark, logo, caption, signature, border, frame, collage, multiple panels, cartoon, illustration, CGI, 3d render, low-poly, painting, anime, surreal, deformed, duplicate objects, extra limbs, blurry, out of focus, noise, oversaturated, posterized, artifacts, jpeg artifacts"
7037,horse,wild horse,standing,an industrial yard,high angle,backlit rim light,clean,a detailed photograph,"a detailed photograph of a wild horse standing in an industrial yard, high angle, backlit rim light. single main subject, photorealistic color photo, natural colors, realistic texture, sharp focus on subject, no people, no text, no watermark, no logo, no border, no collage, no CGI, no illustration.","text, watermark, logo, caption, signature, border, frame, collage, multiple panels, cartoon, illustration, CGI, 3d render, low-poly, painting, anime, surreal, deformed, duplicate objects, extra limbs, blurry, out of focus, noise, oversaturated, posterized, artifacts, jpeg artifacts"
7668,horse,draft horse,walking,a city park,high angle,rainy with wet reflections,clean,a detailed photograph,"a detailed photograph of a draft horse walking in a city park, high angle, rainy with wet reflections. single main subject, photorealistic color photo, natural colors, realistic texture, sharp focus on subject, no people, no text, no watermark, no logo, no border, no collage, no CGI, no illustration.","text, watermark, logo, caption, signature, border, frame, collage, multiple panels, cartoon, illustration, CGI, 3d render, low-poly, painting, anime, surreal, deformed, duplicate objects, extra limbs, blurry, out of focus, noise, oversaturated, posterized, artifacts, jpeg artifacts"
7172,horse,white horse,standing,a backyard,low angle,rainy with wet reflections,clean,a photorealistic color photo,"a photorealistic color photo of a white horse standing in a backyard, low angle, rainy with wet reflections. single main subject, photorealistic color photo, natural colors, realistic texture, sharp focus on subject, no people, no text, no watermark, no logo, no border, no collage, no CGI, no illustration.","text, watermark, logo, caption, signature, border, frame, collage, multiple panels, cartoon, illustration, CGI, 3d render, low-poly, painting, anime, surreal, deformed, duplicate objects, extra limbs, blurry, out of focus, noise, oversaturated, posterized, artifacts, jpeg artifacts"
7835,horse,draft horse,walking,a city park,close-up,foggy morning,hard,a finely detailed photo,"a finely detailed photo of a draft horse walking in a city park, close-up, foggy morning. slight motion blur. single main subject, photorealistic color photo, natural colors, realistic texture, sharp focus on subject, no people, no text, no watermark, no logo, no border, no collage, no CGI, no illustration.","text, watermark, logo, caption, signature, border, frame, collage, multiple panels, cartoon, illustration, CGI, 3d render, low-poly, painting, anime, surreal, deformed, duplicate objects, extra limbs, blurry, out of focus, noise, oversaturated, posterized, artifacts, jpeg artifacts"
7677,horse,draft horse,running,an industrial yard,low angle,overcast daylight,clean,an ultra-realistic rendering,"an ultra-realistic rendering of a draft horse running in an industrial yard, low angle, overcast daylight. single main subject, photorealistic color photo, natural colors, realistic texture, sharp focus on subject, no people, no text, no watermark, no logo, no border, no collage, no CGI, no illustration.","text, watermark, logo, caption, signature, border, frame, collage, multiple panels, cartoon, illustration, CGI, 3d render, low-poly, painting, anime, surreal, deformed, duplicate objects, extra limbs, blurry, out of focus, noise, oversaturated, posterized, artifacts, jpeg artifacts"
7969,horse,pony,standing,an industrial yard,wide shot,sunny afternoon,hard,a finely detailed photo,"a finely detailed photo of a pony horse standing in an industrial yard, wide shot, sunny afternoon. slight motion blur. single main subject, photorealistic color photo, natural colors, realistic texture, sharp focus on subject, no people, no text, no watermark, no logo, no border, no collage, no CGI, no illustration.","text, watermark, logo, caption, signature, border, frame, collage, multiple panels, cartoon, illustration, CGI, 3d render, low-poly, painting, anime, surreal, deformed, duplicate objects, extra limbs, blurry, out of focus, noise, oversaturated, posterized, artifacts, jpeg artifacts"
7218,horse,brown horse,standing,a parking lot,slightly off-center framing,backlit rim light,clean,a photorealistic color photo,"a photorealistic color photo of a brown horse standing in a parking lot, slightly off-center framing, backlit rim light. single main subject, photorealistic color photo, natural colors, realistic texture, sharp focus on subject, no people, no text, no watermark, no logo, no border, no collage, no CGI, no illustration.","text, watermark, logo, caption, signature, border, frame, collage, multiple panels, cartoon, illustration, CGI, 3d render, low-poly, painting, anime, surreal, deformed, duplicate objects, extra limbs, blurry, out of focus, noise, oversaturated, posterized, artifacts, jpeg artifacts"
7507,horse,pony,standing,a countryside road,wide shot,foggy morning,clean,an ultra-realistic rendering,"an ultra-realistic rendering of a pony horse standing in a countryside road, wide shot, foggy morning. single main subject, photorealistic color photo, natural colors, realistic texture, sharp focus on subject, no people, no text, no watermark, no logo, no border, no collage, no CGI, no illustration.","text, watermark, logo, caption, signature, border, frame, collage, multiple panels, cartoon, illustration, CGI, 3d render, low-poly, painting, anime, surreal, deformed, duplicate objects, extra limbs, blurry, out of focus, noise, oversaturated, posterized, artifacts, jpeg artifacts"
7831,horse,draft horse,walking,an urban street,3/4 view,overcast daylight,hard,a finely detailed photo,"a finely detailed photo of a draft horse walking in an urban street, 3/4 view, overcast daylight. in the distance. single main subject, photorealistic color photo, natural colors, realistic texture, sharp focus on subject, no people, no text, no watermark, no logo, no border, no collage, no CGI, no illustration.","text, watermark, logo, caption, signature, border, frame, collage, multiple panels, cartoon, illustration, CGI, 3d render, low-poly, painting, anime, surreal, deformed, duplicate objects, extra limbs, blurry, out of focus, noise, oversaturated, posterized, artifacts, jpeg artifacts"
7567,horse,pony,grazing,a backyard,low angle,golden hour,clean,a photorealistic color photo,"a photorealistic color photo of a pony horse grazing in a backyard, low angle, golden hour. single main subject, photorealistic color photo, natural colors, realistic texture, sharp focus on subject, no people, no text, no watermark, no logo, no border, no collage, no CGI, no illustration.","text, watermark, logo, caption, signature, border, frame, collage, multiple panels, cartoon, illustration, CGI, 3d render, low-poly, painting, anime, surreal, deformed, duplicate objects, extra limbs, blurry, out of focus, noise, oversaturated, posterized, artifacts, jpeg artifacts"
7826,horse,draft horse,grazing,an industrial yard,distant subject in the background,rainy with wet reflections,hard,a professional photo,"a professional photo of a draft horse grazing in an industrial yard, distant subject in the background, rainy with wet reflections. in the distance. single main subject, photorealistic color photo, natural colors, realistic texture, sharp focus on subject, no people, no text, no watermark, no logo, no border, no collage, no CGI, no illustration.","text, watermark, logo, caption, signature, border, frame, collage, multiple panels, cartoon, illustration, CGI, 3d render, low-poly, painting, anime, surreal, deformed, duplicate objects, extra limbs, blurry, out of focus, noise, oversaturated, posterized, artifacts, jpeg artifacts"
7074,horse,brown horse,standing,a wet roadway after rain,3/4 view,golden hour,clean,a professional photo,"a professional photo of a brown horse standing in a wet roadway after rain, 3/4 view, golden hour. single main subject, photorealistic color photo, natural colors, realistic texture, sharp focus on subject, no people, no text, no watermark, no logo, no border, no collage, no CGI, no illustration.","text, watermark, logo, caption, signature, border, frame, collage, multiple panels, cartoon, illustration, CGI, 3d render, low-poly, painting, anime, surreal, deformed, duplicate objects, extra limbs, blurry, out of focus, noise, oversaturated, posterized, artifacts, jpeg artifacts"
7991,horse,wild horse,grazing,a sandy beach,wide shot,rainy with wet reflections,hard,a detailed photograph,"a detailed photograph of a wild horse grazing in a sandy beach, wide shot, rainy with wet reflections. in the distance. single main subject, photorealistic color photo, natural colors, realistic texture, sharp focus on subject, no people, no text, no watermark, no logo, no border, no collage, no CGI, no illustration.","text, watermark, logo, caption, signature, border, frame, collage, multiple panels, cartoon, illustration, CGI, 3d render, low-poly, painting, anime, surreal, deformed, duplicate objects, extra limbs, blurry, out of focus, noise, oversaturated, posterized, artifacts, jpeg artifacts"
7146,horse,racehorse,walking,a quiet residential street,high angle,overcast daylight,clean,a detailed photograph,"a detailed photograph of a racehorse walking in a quiet residential street, high angle, overcast daylight. single main subject, photorealistic color photo, natural colors, realistic texture, sharp focus on subject, no people, no text, no watermark, no logo, no border, no collage, no CGI, no illustration.","text, watermark, logo, caption, signature, border, frame, collage, multiple panels, cartoon, illustration, CGI, 3d render, low-poly, painting, anime, surreal, deformed, duplicate objects, extra limbs, blurry, out of focus, noise, oversaturated, posterized, artifacts, jpeg artifacts"
7710,horse,racehorse,walking,an urban street,wide shot,indoor soft window light,clean,a detailed photograph,"a detailed photograph of a racehorse walking in an urban street, wide shot, indoor soft window light. single main subject, photorealistic color photo, natural colors, realistic texture, sharp focus on subject, no people, no text, no watermark, no logo, no border, no collage, no CGI, no illustration.","text, watermark, logo, caption, signature, border, frame, collage, multiple panels, cartoon, illustration, CGI, 3d render, low-poly, painting, anime, surreal, deformed, duplicate objects, extra limbs, blurry, out of focus, noise, oversaturated, posterized, artifacts, jpeg artifacts"
7821,horse,pony,walking,a lakeside shore,distant subject in the background,overcast daylight,hard,a detailed photograph,"a detailed photograph of a pony horse walking in a lakeside shore, distant subject in the background, overcast daylight. slight motion blur. single main subject, photorealistic color photo, natural colors, realistic texture, sharp focus on subject, no people, no text, no watermark, no logo, no border, no collage, no CGI, no illustration.","text, watermark, logo, caption, signature, border, frame, collage, multiple panels, cartoon, illustration, CGI, 3d render, low-poly, painting, anime, surreal, deformed, duplicate objects, extra limbs, blurry, out of focus, noise, oversaturated, posterized, artifacts, jpeg artifacts"
7403,horse,white horse,running,a suburban neighborhood,side profile,backlit rim light,clean,an ultra-realistic rendering,"an ultra-realistic rendering of a white horse running in a suburban neighborhood, side profile, backlit rim light. single main subject, photorealistic color photo, natural colors, realistic texture, sharp focus on subject, no people, no text, no watermark, no logo, no border, no collage, no CGI, no illustration.","text, watermark, logo, caption, signature, border, frame, collage, multiple panels, cartoon, illustration, CGI, 3d render, low-poly, painting, anime, surreal, deformed, duplicate objects, extra limbs, blurry, out of focus, noise, oversaturated, posterized, artifacts, jpeg artifacts"
7401,horse,racehorse,running,a forest clearing,wide shot,rainy with wet reflections,clean,a professional photo,"a professional photo of a racehorse running in a forest clearing, wide shot, rainy with wet reflections. single main subject, photorealistic color photo, natural colors, realistic texture, sharp focus on subject, no people, no text, no watermark, no logo, no border, no collage, no CGI, no illustration.","text, watermark, logo, caption, signature, border, frame, collage, multiple panels, cartoon, illustration, CGI, 3d render, low-poly, painting, anime, surreal, deformed, duplicate objects, extra limbs, blurry, out of focus, noise, oversaturated, posterized, artifacts, jpeg artifacts"
7199,horse,draft horse,running,a gravel lot,close-up,overcast daylight,clean,a finely detailed photo,"a finely detailed photo of a draft horse running in a gravel lot, close-up, overcast daylight. single main subject, photorealistic color photo, natural colors, realistic texture, sharp focus on subject, no people, no text, no watermark, no logo, no border, no collage, no CGI, no illustration.","text, watermark, logo, caption, signature, border, frame, collage, multiple panels, cartoon, illustration, CGI, 3d render, low-poly, painting, anime, surreal, deformed, duplicate objects, extra limbs, blurry, out of focus, noise, oversaturated, posterized, artifacts, jpeg artifacts"
7515,horse,white horse,grazing,a countryside road,side profile,foggy morning,clean,an ultra-realistic rendering,"an ultra-realistic rendering of a white horse grazing in a countryside road, side profile, foggy morning. single main subject, photorealistic color photo, natural colors, realistic texture, sharp focus on subject, no people, no text, no watermark, no logo, no border, no collage, no CGI, no illustration.","text, watermark, logo, caption, signature, border, frame, collage, multiple panels, cartoon, illustration, CGI, 3d render, low-poly, painting, anime, surreal, deformed, duplicate objects, extra limbs, blurry, out of focus, noise, oversaturated, posterized, artifacts, jpeg artifacts"
7280,horse,brown horse,standing,a suburban neighborhood,wide shot,indoor soft window light,clean,a finely detailed photo,"a finely detailed photo of a brown horse standing in a suburban neighborhood, wide shot, indoor soft window light. single main subject, photorealistic color photo, natural colors, realistic texture, sharp focus on subject, no people, no text, no watermark, no logo, no border, no collage, no CGI, no illustration.","text, watermark, logo, caption, signature, border, frame, collage, multiple panels, cartoon, illustration, CGI, 3d render, low-poly, painting, anime, surreal, deformed, duplicate objects, extra limbs, blurry, out of focus, noise, oversaturated, posterized, artifacts, jpeg artifacts"
7739,horse,wild horse,walking,an urban street,slightly off-center framing,foggy morning,clean,an ultra-realistic rendering,"an ultra-realistic rendering of a wild horse walking in an urban street, slightly off-center framing, foggy morning. single main subject, photorealistic color photo, natural colors, realistic texture, sharp focus on subject, no people, no text, no watermark, no logo, no border, no collage, no CGI, no illustration.","text, watermark, logo, caption, signature, border, frame, collage, multiple panels, cartoon, illustration, CGI, 3d render, low-poly, painting, anime, surreal, deformed, duplicate objects, extra limbs, blurry, out of focus, noise, oversaturated, posterized, artifacts, jpeg artifacts"
7747,horse,racehorse,grazing,a backyard,low angle,golden hour,clean,a high-quality image,"a high-quality image of a racehorse grazing in a backyard, low angle, golden hour. single main subject, photorealistic color photo, natural colors, realistic texture, sharp focus on subject, no people, no text, no watermark, no logo, no border, no collage, no CGI, no illustration.","text, watermark, logo, caption, signature, border, frame, collage, multiple panels, cartoon, illustration, CGI, 3d render, low-poly, painting, anime, surreal, deformed, duplicate objects, extra limbs, blurry, out of focus, noise, oversaturated, posterized, artifacts, jpeg artifacts"
7543,horse,racehorse,standing,a city park,low angle,indoor soft window light,clean,a detailed photograph,"a detailed photograph of a racehorse standing in a city park, low angle, indoor soft window light. single main subject, photorealistic color photo, natural colors, realistic texture, sharp focus on subject, no people, no text, no watermark, no logo, no border, no collage, no CGI, no illustration.","text, watermark, logo, caption, signature, border, frame, collage, multiple panels, cartoon, illustration, CGI, 3d render, low-poly, painting, anime, surreal, deformed, duplicate objects, extra limbs, blurry, out of focus, noise, oversaturated, posterized, artifacts, jpeg artifacts"
7924,horse,racehorse,walking,a quiet residential street,slightly off-center framing,overcast daylight,hard,a detailed photograph,"a detailed photograph of a racehorse walking in a quiet residential street, slightly off-center framing, overcast daylight. busy background but still one main subject. single main subject, photorealistic color photo, natural colors, realistic texture, sharp focus on subject, no people, no text, no watermark, no logo, no border, no collage, no CGI, no illustration.","text, watermark, logo, caption, signature, border, frame, collage, multiple panels, cartoon, illustration, CGI, 3d render, low-poly, painting, anime, surreal, deformed, duplicate objects, extra limbs, blurry, out of focus, noise, oversaturated, posterized, artifacts, jpeg artifacts"
7547,horse,draft horse,running,a sandy beach,low angle,golden hour,clean,a high-quality image,"a high-quality image of a draft horse running in a sandy beach, low angle, golden hour. single main subject, photorealistic color photo, natural colors, realistic texture, sharp focus on subject, no people, no text, no watermark, no logo, no border, no collage, no CGI, no illustration.","text, watermark, logo, caption, signature, border, frame, collage, multiple panels, cartoon, illustration, CGI, 3d render, low-poly, painting, anime, surreal, deformed, duplicate objects, extra limbs, blurry, out of focus, noise, oversaturated, posterized, artifacts, jpeg artifacts"
7917,horse,racehorse,grazing,a backyard,distant subject in the background,indoor soft window light,hard,a photorealistic color photo,"a photorealistic color photo of a racehorse grazing in a backyard, distant subject in the background, indoor soft window light. partially occluded by a foreground object. single main subject, photorealistic color photo, natural colors, realistic texture, sharp focus on subject, no people, no text, no watermark, no logo, no border, no collage, no CGI, no illustration.","text, watermark, logo, caption, signature, border, frame, collage, multiple panels, cartoon, illustration, CGI, 3d render, low-poly, painting, anime, surreal, deformed, duplicate objects, extra limbs, blurry, out of focus, noise, oversaturated, posterized, artifacts, jpeg artifacts"
7385,horse,pony,walking,a backyard,front view,indoor soft window light,clean,a high-quality image,"a high-quality image of a pony horse walking in a backyard, front view, indoor soft window light. single main subject, photorealistic color photo, natural colors, realistic texture, sharp focus on subject, no people, no text, no watermark, no logo, no border, no collage, no CGI, no illustration.","text, watermark, logo, caption, signature, border, frame, collage, multiple panels, cartoon, illustration, CGI, 3d render, low-poly, painting, anime, surreal, deformed, duplicate objects, extra limbs, blurry, out of focus, noise, oversaturated, posterized, artifacts, jpeg artifacts"
7585,horse,brown horse,walking,a grassy field,low angle,backlit rim light,clean,an ultra-realistic rendering,"an ultra-realistic rendering of a brown horse walking in a grassy field, low angle, backlit rim light. single main subject, photorealistic color photo, natural colors, realistic texture, sharp focus on subject, no people, no text, no watermark, no logo, no border, no collage, no CGI, no illustration.","text, watermark, logo, caption, signature, border, frame, collage, multiple panels, cartoon, illustration, CGI, 3d render, low-poly, painting, anime, surreal, deformed, duplicate objects, extra limbs, blurry, out of focus, noise, oversaturated, posterized, artifacts, jpeg artifacts"
7040,horse,racehorse,running,a wet roadway after rain,low angle,foggy morning,clean,a photorealistic color photo,"a photorealistic color photo of a racehorse running in a wet roadway after rain, low angle, foggy morning. single main subject, photorealistic color photo, natural colors, realistic texture, sharp focus on subject, no people, no text, no watermark, no logo, no border, no collage, no CGI, no illustration.","text, watermark, logo, caption, signature, border, frame, collage, multiple panels, cartoon, illustration, CGI, 3d render, low-poly, painting, anime, surreal, deformed, duplicate objects, extra limbs, blurry, out of focus, noise, oversaturated, posterized, artifacts, jpeg artifacts"
7556,horse,racehorse,running,a wet roadway after rain,low angle,backlit rim light,clean,a detailed photograph,"a detailed photograph of a racehorse running in a wet roadway after rain, low angle, backlit rim light. single main subject, photorealistic color photo, natural colors, realistic texture, sharp focus on subject, no people, no text, no watermark, no logo, no border, no collage, no CGI, no illustration.","text, watermark, logo, caption, signature, border, frame, collage, multiple panels, cartoon, illustration, CGI, 3d render, low-poly, painting, anime, surreal, deformed, duplicate objects, extra limbs, blurry, out of focus, noise, oversaturated, posterized, artifacts, jpeg artifacts"
7267,horse,white horse,grazing,a sandy beach,low angle,backlit rim light,clean,a professional photo,"a professional photo of a white horse grazing in a sandy beach, low angle, backlit rim light. single main subject, photorealistic color photo, natural colors, realistic texture, sharp focus on subject, no people, no text, no watermark, no logo, no border, no collage, no CGI, no illustration.","text, watermark, logo, caption, signature, border, frame, collage, multiple panels, cartoon, illustration, CGI, 3d render, low-poly, painting, anime, surreal, deformed, duplicate objects, extra limbs, blurry, out of focus, noise, oversaturated, posterized, artifacts, jpeg artifacts"
7171,horse,pony,walking,a lakeside shore,3/4 view,nighttime under streetlights,clean,a detailed photograph,"a detailed photograph of a pony horse walking in a lakeside shore, 3/4 view, nighttime under streetlights. single main subject, photorealistic color photo, natural colors, realistic texture, sharp focus on subject, no people, no text, no watermark, no logo, no border, no collage, no CGI, no illustration.","text, watermark, logo, caption, signature, border, frame, collage, multiple panels, cartoon, illustration, CGI, 3d render, low-poly, painting, anime, surreal, deformed, duplicate objects, extra limbs, blurry, out of focus, noise, oversaturated, posterized, artifacts, jpeg artifacts"
7247,horse,racehorse,walking,a lakeside shore,wide shot,sunny afternoon,clean,a detailed photograph,"a detailed photograph of a racehorse walking in a lakeside shore, wide shot, sunny afternoon. single main subject, photorealistic color photo, natural colors, realistic texture, sharp focus on subject, no people, no text, no watermark, no logo, no border, no collage, no CGI, no illustration.","text, watermark, logo, caption, signature, border, frame, collage, multiple panels, cartoon, illustration, CGI, 3d render, low-poly, painting, anime, surreal, deformed, duplicate objects, extra limbs, blurry, out of focus, noise, oversaturated, posterized, artifacts, jpeg artifacts"
7411,horse,brown horse,standing,a backyard,side profile,golden hour,clean,a photorealistic color photo,"a photorealistic color photo of a brown horse standing in a backyard, side profile, golden hour. single main subject, photorealistic color photo, natural colors, realistic texture, sharp focus on subject, no people, no text, no watermark, no logo, no border, no collage, no CGI, no illustration.","text, watermark, logo, caption, signature, border, frame, collage, multiple panels, cartoon, illustration, CGI, 3d render, low-poly, painting, anime, surreal, deformed, duplicate objects, extra limbs, blurry, out of focus, noise, oversaturated, posterized, artifacts, jpeg artifacts"
7138,horse,racehorse,walking,a grassy field,high angle,golden hour,clean,a detailed photograph,"a detailed photograph of a racehorse walking in a grassy field, high angle, golden hour. single main subject, photorealistic color photo, natural colors, realistic texture, sharp focus on subject, no people, no text, no watermark, no logo, no border, no collage, no CGI, no illustration.","text, watermark, logo, caption, signature, border, frame, collage, multiple panels, cartoon, illustration, CGI, 3d render, low-poly, painting, anime, surreal, deformed, duplicate objects, extra limbs, blurry, out of focus, noise, oversaturated, posterized, artifacts, jpeg artifacts"
7119,horse,brown horse,grazing,a gravel lot,wide shot,rainy with wet reflections,clean,a finely detailed photo,"a finely detailed photo of a brown horse grazing in a gravel lot, wide shot, rainy with wet reflections. single main subject, photorealistic color photo, natural colors, realistic texture, sharp focus on subject, no people, no text, no watermark, no logo, no border, no collage, no CGI, no illustration.","text, watermark, logo, caption, signature, border, frame, collage, multiple panels, cartoon, illustration, CGI, 3d render, low-poly, painting, anime, surreal, deformed, duplicate objects, extra limbs, blurry, out of focus, noise, oversaturated, posterized, artifacts, jpeg artifacts"
7271,horse,wild horse,walking,a lakeside shore,wide shot,sunny afternoon,clean,a finely detailed photo,"a finely detailed photo of a wild horse walking in a lakeside shore, wide shot, sunny afternoon. single main subject, photorealistic color photo, natural colors, realistic texture, sharp focus on subject, no people, no text, no watermark, no logo, no border, no collage, no CGI, no illustration.","text, watermark, logo, caption, signature, border, frame, collage, multiple panels, cartoon, illustration, CGI, 3d render, low-poly, painting, anime, surreal, deformed, duplicate objects, extra limbs, blurry, out of focus, noise, oversaturated, posterized, artifacts, jpeg artifacts"
7712,horse,white horse,standing,a backyard,wide shot,foggy morning,clean,a high-quality image,"a high-quality image of a white horse standing in a backyard, wide shot, foggy morning. single main subject, photorealistic color photo, natural colors, realistic texture, sharp focus on subject, no people, no text, no watermark, no logo, no border, no collage, no CGI, no illustration.","text, watermark, logo, caption, signature, border, frame, collage, multiple panels, cartoon, illustration, CGI, 3d render, low-poly, painting, anime, surreal, deformed, duplicate objects, extra limbs, blurry, out of focus, noise, oversaturated, posterized, artifacts, jpeg artifacts"
7630,horse,white horse,standing,a suburban neighborhood,side profile,overcast daylight,clean,a high-quality image,"a high-quality image of a white horse standing in a suburban neighborhood, side profile, overcast daylight. single main subject, photorealistic color photo, natural colors, realistic texture, sharp focus on subject, no people, no text, no watermark, no logo, no border, no collage, no CGI, no illustration.","text, watermark, logo, caption, signature, border, frame, collage, multiple panels, cartoon, illustration, CGI, 3d render, low-poly, painting, anime, surreal, deformed, duplicate objects, extra limbs, blurry, out of focus, noise, oversaturated, posterized, artifacts, jpeg artifacts"
7553,horse,brown horse,grazing,a gravel lot,3/4 view,nighttime under streetlights,clean,a detailed photograph,"a detailed photograph of a brown horse grazing in a gravel lot, 3/4 view, nighttime under streetlights. single main subject, photorealistic color photo, natural colors, realistic texture, sharp focus on subject, no people, no text, no watermark, no logo, no border, no collage, no CGI, no illustration.","text, watermark, logo, caption, signature, border, frame, collage, multiple panels, cartoon, illustration, CGI, 3d render, low-poly, painting, anime, surreal, deformed, duplicate objects, extra limbs, blurry, out of focus, noise, oversaturated, posterized, artifacts, jpeg artifacts"
7360,horse,brown horse,walking,a quiet residential street,close-up,backlit rim light,clean,a high-quality image,"a high-quality image of a brown horse walking in a quiet residential street, close-up, backlit rim light. single main subject, photorealistic color photo, natural colors, realistic texture, sharp focus on subject, no people, no text, no watermark, no logo, no border, no collage, no CGI, no illustration.","text, watermark, logo, caption, signature, border, frame, collage, multiple panels, cartoon, illustration, CGI, 3d render, low-poly, painting, anime, surreal, deformed, duplicate objects, extra limbs, blurry, out of focus, noise, oversaturated, posterized, artifacts, jpeg artifacts"
7528,horse,white horse,walking,a lakeside shore,front view,sunny afternoon,clean,a high-quality image,"a high-quality image of a white horse walking in a lakeside shore, front view, sunny afternoon. single main subject, photorealistic color photo, natural colors, realistic texture, sharp focus on subject, no people, no text, no watermark, no logo, no border, no collage, no CGI, no illustration.","text, watermark, logo, caption, signature, border, frame, collage, multiple panels, cartoon, illustration, CGI, 3d render, low-poly, painting, anime, surreal, deformed, duplicate objects, extra limbs, blurry, out of focus, noise, oversaturated, posterized, artifacts, jpeg artifacts"
7900,horse,pony,running,a quiet residential street,close-up,overcast daylight,hard,a finely detailed photo,"a finely detailed photo of a pony horse running in a quiet residential street, close-up, overcast daylight. cropped slightly. single main subject, photorealistic color photo, natural colors, realistic texture, sharp focus on subject, no people, no text, no watermark, no logo, no border, no collage, no CGI, no illustration.","text, watermark, logo, caption, signature, border, frame, collage, multiple panels, cartoon, illustration, CGI, 3d render, low-poly, painting, anime, surreal, deformed, duplicate objects, extra limbs, blurry, out of focus, noise, oversaturated, posterized, artifacts, jpeg artifacts"
7070,horse,brown horse,walking,a countryside road,wide shot,foggy morning,clean,a photorealistic color photo,"a photorealistic color photo of a brown horse walking in a countryside road, wide shot, foggy morning. single main subject, photorealistic color photo, natural colors, realistic texture, sharp focus on subject, no people, no text, no watermark, no logo, no border, no collage, no CGI, no illustration.","text, watermark, logo, caption, signature, border, frame, collage, multiple panels, cartoon, illustration, CGI, 3d render, low-poly, painting, anime, surreal, deformed, duplicate objects, extra limbs, blurry, out of focus, noise, oversaturated, posterized, artifacts, jpeg artifacts"
7444,horse,brown horse,grazing,a grassy field,close-up,rainy with wet reflections,clean,a photorealistic color photo,"a photorealistic color photo of a brown horse grazing in a grassy field, close-up, rainy with wet reflections. single main subject, photorealistic color photo, natural colors, realistic texture, sharp focus on subject, no people, no text, no watermark, no logo, no border, no collage, no CGI, no illustration.","text, watermark, logo, caption, signature, border, frame, collage, multiple panels, cartoon, illustration, CGI, 3d render, low-poly, painting, anime, surreal, deformed, duplicate objects, extra limbs, blurry, out of focus, noise, oversaturated, posterized, artifacts, jpeg artifacts"
7109,horse,draft horse,grazing,a suburban neighborhood,side profile,golden hour,clean,a detailed photograph,"a detailed photograph of a draft horse grazing in a suburban neighborhood, side profile, golden hour. single main subject, photorealistic color photo, natural colors, realistic texture, sharp focus on subject, no people, no text, no watermark, no logo, no border, no collage, no CGI, no illustration.","text, watermark, logo, caption, signature, border, frame, collage, multiple panels, cartoon, illustration, CGI, 3d render, low-poly, painting, anime, surreal, deformed, duplicate objects, extra limbs, blurry, out of focus, noise, oversaturated, posterized, artifacts, jpeg artifacts"
7472,horse,white horse,walking,a sandy beach,3/4 view,foggy morning,clean,a photorealistic color photo,"a photorealistic color photo of a white horse walking in a sandy beach, 3/4 view, foggy morning. single main subject, photorealistic color photo, natural colors, realistic texture, sharp focus on subject, no people, no text, no watermark, no logo, no border, no collage, no CGI, no illustration.","text, watermark, logo, caption, signature, border, frame, collage, multiple panels, cartoon, illustration, CGI, 3d render, low-poly, painting, anime, surreal, deformed, duplicate objects, extra limbs, blurry, out of focus, noise, oversaturated, posterized, artifacts, jpeg artifacts"
7607,horse,racehorse,walking,a countryside road,slightly off-center framing,indoor soft window light,clean,a detailed photograph,"a detailed photograph of a racehorse walking in a countryside road, slightly off-center framing, indoor soft window light. single main subject, photorealistic color photo, natural colors, realistic texture, sharp focus on subject, no people, no text, no watermark, no logo, no border, no collage, no CGI, no illustration.","text, watermark, logo, caption, signature, border, frame, collage, multiple panels, cartoon, illustration, CGI, 3d render, low-poly, painting, anime, surreal, deformed, duplicate objects, extra limbs, blurry, out of focus, noise, oversaturated, posterized, artifacts, jpeg artifacts"
7176,horse,draft horse,standing,an industrial yard,low angle,indoor soft window light,clean,a high-quality image,"a high-quality image of a draft horse standing in an industrial yard, low angle, indoor soft window light. single main subject, photorealistic color photo, natural colors, realistic texture, sharp focus on subject, no people, no text, no watermark, no logo, no border, no collage, no CGI, no illustration.","text, watermark, logo, caption, signature, border, frame, collage, multiple panels, cartoon, illustration, CGI, 3d render, low-poly, painting, anime, surreal, deformed, duplicate objects, extra limbs, blurry, out of focus, noise, oversaturated, posterized, artifacts, jpeg artifacts"
7626,horse,racehorse,grazing,a gravel lot,side profile,backlit rim light,clean,a detailed photograph,"a detailed photograph of a racehorse grazing in a gravel lot, side profile, backlit rim light. single main subject, photorealistic color photo, natural colors, realistic texture, sharp focus on subject, no people, no text, no watermark, no logo, no border, no collage, no CGI, no illustration.","text, watermark, logo, caption, signature, border, frame, collage, multiple panels, cartoon, illustration, CGI, 3d render, low-poly, painting, anime, surreal, deformed, duplicate objects, extra limbs, blurry, out of focus, noise, oversaturated, posterized, artifacts, jpeg artifacts"
7274,horse,pony,walking,a parking lot,front view,indoor soft window light,clean,a finely detailed photo,"a finely detailed photo of a pony horse walking in a parking lot, front view, indoor soft window light. single main subject, photorealistic color photo, natural colors, realistic texture, sharp focus on subject, no people, no text, no watermark, no logo, no border, no collage, no CGI, no illustration.","text, watermark, logo, caption, signature, border, frame, collage, multiple panels, cartoon, illustration, CGI, 3d render, low-poly, painting, anime, surreal, deformed, duplicate objects, extra limbs, blurry, out of focus, noise, oversaturated, posterized, artifacts, jpeg artifacts"
7226,horse,wild horse,running,a grassy field,slightly off-center framing,indoor soft window light,clean,a photorealistic color photo,"a photorealistic color photo of a wild horse running in a grassy field, slightly off-center framing, indoor soft window light. single main subject, photorealistic color photo, natural colors, realistic texture, sharp focus on subject, no people, no text, no watermark, no logo, no border, no collage, no CGI, no illustration.","text, watermark, logo, caption, signature, border, frame, collage, multiple panels, cartoon, illustration, CGI, 3d render, low-poly, painting, anime, surreal, deformed, duplicate objects, extra limbs, blurry, out of focus, noise, oversaturated, posterized, artifacts, jpeg artifacts"
7957,horse,pony,walking,a grassy field,high angle,nighttime under streetlights,hard,a high-quality image,"a high-quality image of a pony horse walking in a grassy field, high angle, nighttime under streetlights. cropped slightly. single main subject, photorealistic color photo, natural colors, realistic texture, sharp focus on subject, no people, no text, no watermark, no logo, no border, no collage, no CGI, no illustration.","text, watermark, logo, caption, signature, border, frame, collage, multiple panels, cartoon, illustration, CGI, 3d render, low-poly, painting, anime, surreal, deformed, duplicate objects, extra limbs, blurry, out of focus, noise, oversaturated, posterized, artifacts, jpeg artifacts"
7812,horse,racehorse,walking,a backyard,distant subject in the background,foggy morning,hard,a detailed photograph,"a detailed photograph of a racehorse walking in a backyard, distant subject in the background, foggy morning. slight motion blur. single main subject, photorealistic color photo, natural colors, realistic texture, sharp focus on subject, no people, no text, no watermark, no logo, no border, no collage, no CGI, no illustration.","text, watermark, logo, caption, signature, border, frame, collage, multiple panels, cartoon, illustration, CGI, 3d render, low-poly, painting, anime, surreal, deformed, duplicate objects, extra limbs, blurry, out of focus, noise, oversaturated, posterized, artifacts, jpeg artifacts"
7596,horse,wild horse,walking,a grassy field,slightly off-center framing,nighttime under streetlights,clean,a detailed photograph,"a detailed photograph of a wild horse walking in a grassy field, slightly off-center framing, nighttime under streetlights. single main subject, photorealistic color photo, natural colors, realistic texture, sharp focus on subject, no people, no text, no watermark, no logo, no border, no collage, no CGI, no illustration.","text, watermark, logo, caption, signature, border, frame, collage, multiple panels, cartoon, illustration, CGI, 3d render, low-poly, painting, anime, surreal, deformed, duplicate objects, extra limbs, blurry, out of focus, noise, oversaturated, posterized, artifacts, jpeg artifacts"
7536,horse,white horse,grazing,a forest clearing,front view,indoor soft window light,clean,a professional photo,"a professional photo of a white horse grazing in a forest clearing, front view, indoor soft window light. single main subject, photorealistic color photo, natural colors, realistic texture, sharp focus on subject, no people, no text, no watermark, no logo, no border, no collage, no CGI, no illustration.","text, watermark, logo, caption, signature, border, frame, collage, multiple panels, cartoon, illustration, CGI, 3d render, low-poly, painting, anime, surreal, deformed, duplicate objects, extra limbs, blurry, out of focus, noise, oversaturated, posterized, artifacts, jpeg artifacts"
7324,horse,racehorse,running,a quiet residential street,high angle,golden hour,clean,a high-quality image,"a high-quality image of a racehorse running in a quiet residential street, high angle, golden hour. single main subject, photorealistic color photo, natural colors, realistic texture, sharp focus on subject, no people, no text, no watermark, no logo, no border, no collage, no CGI, no illustration.","text, watermark, logo, caption, signature, border, frame, collage, multiple panels, cartoon, illustration, CGI, 3d render, low-poly, painting, anime, surreal, deformed, duplicate objects, extra limbs, blurry, out of focus, noise, oversaturated, posterized, artifacts, jpeg artifacts"
7066,horse,racehorse,grazing,a lakeside shore,slightly off-center framing,overcast daylight,clean,a finely detailed photo,"a finely detailed photo of a racehorse grazing in a lakeside shore, slightly off-center framing, overcast daylight. single main subject, photorealistic color photo, natural colors, realistic texture, sharp focus on subject, no people, no text, no watermark, no logo, no border, no collage, no CGI, no illustration.","text, watermark, logo, caption, signature, border, frame, collage, multiple panels, cartoon, illustration, CGI, 3d render, low-poly, painting, anime, surreal, deformed, duplicate objects, extra limbs, blurry, out of focus, noise, oversaturated, posterized, artifacts, jpeg artifacts"
7194,horse,draft horse,walking,a countryside road,low angle,overcast daylight,clean,an ultra-realistic rendering,"an ultra-realistic rendering of a draft horse walking in a countryside road, low angle, overcast daylight. single main subject, photorealistic color photo, natural colors, realistic texture, sharp focus on subject, no people, no text, no watermark, no logo, no border, no collage, no CGI, no illustration.","text, watermark, logo, caption, signature, border, frame, collage, multiple panels, cartoon, illustration, CGI, 3d render, low-poly, painting, anime, surreal, deformed, duplicate objects, extra limbs, blurry, out of focus, noise, oversaturated, posterized, artifacts, jpeg artifacts"
7615,horse,wild horse,running,a forest clearing,slightly off-center framing,rainy with wet reflections,clean,an ultra-realistic rendering,"an ultra-realistic rendering of a wild horse running in a forest clearing, slightly off-center framing, rainy with wet reflections. single main subject, photorealistic color photo, natural colors, realistic texture, sharp focus on subject, no people, no text, no watermark, no logo, no border, no collage, no CGI, no illustration.","text, watermark, logo, caption, signature, border, frame, collage, multiple panels, cartoon, illustration, CGI, 3d render, low-poly, painting, anime, surreal, deformed, duplicate objects, extra limbs, blurry, out of focus, noise, oversaturated, posterized, artifacts, jpeg artifacts"
7284,horse,racehorse,standing,a sandy beach,slightly off-center framing,golden hour,clean,a professional photo,"a professional photo of a racehorse standing in a sandy beach, slightly off-center framing, golden hour. single main subject, photorealistic color photo, natural colors, realistic texture, sharp focus on subject, no people, no text, no watermark, no logo, no border, no collage, no CGI, no illustration.","text, watermark, logo, caption, signature, border, frame, collage, multiple panels, cartoon, illustration, CGI, 3d render, low-poly, painting, anime, surreal, deformed, duplicate objects, extra limbs, blurry, out of focus, noise, oversaturated, posterized, artifacts, jpeg artifacts"
7833,horse,brown horse,walking,a quiet residential street,front view,overcast daylight,hard,an ultra-realistic rendering,"an ultra-realistic rendering of a brown horse walking in a quiet residential street, front view, overcast daylight. cropped slightly. single main subject, photorealistic color photo, natural colors, realistic texture, sharp focus on subject, no people, no text, no watermark, no logo, no border, no collage, no CGI, no illustration.","text, watermark, logo, caption, signature, border, frame, collage, multiple panels, cartoon, illustration, CGI, 3d render, low-poly, painting, anime, surreal, deformed, duplicate objects, extra limbs, blurry, out of focus, noise, oversaturated, posterized, artifacts, jpeg artifacts"
7780,horse,racehorse,grazing,an urban street,close-up,backlit rim light,clean,an ultra-realistic rendering,"an ultra-realistic rendering of a racehorse grazing in an urban street, close-up, backlit rim light. single main subject, photorealistic color photo, natural colors, realistic texture, sharp focus on subject, no people, no text, no watermark, no logo, no border, no collage, no CGI, no illustration.","text, watermark, logo, caption, signature, border, frame, collage, multiple panels, cartoon, illustration, CGI, 3d render, low-poly, painting, anime, surreal, deformed, duplicate objects, extra limbs, blurry, out of focus, noise, oversaturated, posterized, artifacts, jpeg artifacts"
7645,horse,pony,grazing,a suburban neighborhood,high angle,backlit rim light,clean,a photorealistic color photo,"a photorealistic color photo of a pony horse grazing in a suburban neighborhood, high angle, backlit rim light. single main subject, photorealistic color photo, natural colors, realistic texture, sharp focus on subject, no people, no text, no watermark, no logo, no border, no collage, no CGI, no illustration.","text, watermark, logo, caption, signature, border, frame, collage, multiple panels, cartoon, illustration, CGI, 3d render, low-poly, painting, anime, surreal, deformed, duplicate objects, extra limbs, blurry, out of focus, noise, oversaturated, posterized, artifacts, jpeg artifacts"
7003,horse,draft horse,standing,a lakeside shore,wide shot,rainy with wet reflections,clean,a professional photo,"a professional photo of a draft horse standing in a lakeside shore, wide shot, rainy with wet reflections. single main subject, photorealistic color photo, natural colors, realistic texture, sharp focus on subject, no people, no text, no watermark, no logo, no border, no collage, no CGI, no illustration.","text, watermark, logo, caption, signature, border, frame, collage, multiple panels, cartoon, illustration, CGI, 3d render, low-poly, painting, anime, surreal, deformed, duplicate objects, extra limbs, blurry, out of focus, noise, oversaturated, posterized, artifacts, jpeg artifacts"
7623,horse,racehorse,running,a backyard,slightly off-center framing,sunny afternoon,clean,a high-quality image,"a high-quality image of a racehorse running in a backyard, slightly off-center framing, sunny afternoon. single main subject, photorealistic color photo, natural colors, realistic texture, sharp focus on subject, no people, no text, no watermark, no logo, no border, no collage, no CGI, no illustration.","text, watermark, logo, caption, signature, border, frame, collage, multiple panels, cartoon, illustration, CGI, 3d render, low-poly, painting, anime, surreal, deformed, duplicate objects, extra limbs, blurry, out of focus, noise, oversaturated, posterized, artifacts, jpeg artifacts"
7453,horse,pony,running,a parking lot,slightly off-center framing,sunny afternoon,clean,a photorealistic color photo,"a photorealistic color photo of a pony horse running in a parking lot, slightly off-center framing, sunny afternoon. single main subject, photorealistic color photo, natural colors, realistic texture, sharp focus on subject, no people, no text, no watermark, no logo, no border, no collage, no CGI, no illustration.","text, watermark, logo, caption, signature, border, frame, collage, multiple panels, cartoon, illustration, CGI, 3d render, low-poly, painting, anime, surreal, deformed, duplicate objects, extra limbs, blurry, out of focus, noise, oversaturated, posterized, artifacts, jpeg artifacts"
7564,horse,white horse,running,a gravel lot,slightly off-center framing,foggy morning,clean,an ultra-realistic rendering,"an ultra-realistic rendering of a white horse running in a gravel lot, slightly off-center framing, foggy morning. single main subject, photorealistic color photo, natural colors, realistic texture, sharp focus on subject, no people, no text, no watermark, no logo, no border, no collage, no CGI, no illustration.","text, watermark, logo, caption, signature, border, frame, collage, multiple panels, cartoon, illustration, CGI, 3d render, low-poly, painting, anime, surreal, deformed, duplicate objects, extra limbs, blurry, out of focus, noise, oversaturated, posterized, artifacts, jpeg artifacts"
7252,horse,brown horse,running,a countryside road,high angle,rainy with wet reflections,clean,a high-quality image,"a high-quality image of a brown horse running in a countryside road, high angle, rainy with wet reflections. single main subject, photorealistic color photo, natural colors, realistic texture, sharp focus on subject, no people, no text, no watermark, no logo, no border, no collage, no CGI, no illustration.","text, watermark, logo, caption, signature, border, frame, collage, multiple panels, cartoon, illustration, CGI, 3d render, low-poly, painting, anime, surreal, deformed, duplicate objects, extra limbs, blurry, out of focus, noise, oversaturated, posterized, artifacts, jpeg artifacts"
7862,horse,brown horse,walking,a quiet residential street,low angle,nighttime under streetlights,hard,a high-quality image,"a high-quality image of a brown horse walking in a quiet residential street, low angle, nighttime under streetlights. cropped slightly. single main subject, photorealistic color photo, natural colors, realistic texture, sharp focus on subject, no people, no text, no watermark, no logo, no border, no collage, no CGI, no illustration.","text, watermark, logo, caption, signature, border, frame, collage, multiple panels, cartoon, illustration, CGI, 3d render, low-poly, painting, anime, surreal, deformed, duplicate objects, extra limbs, blurry, out of focus, noise, oversaturated, posterized, artifacts, jpeg artifacts"
7326,horse,wild horse,standing,a forest clearing,slightly off-center framing,backlit rim light,clean,a professional photo,"a professional photo of a wild horse standing in a forest clearing, slightly off-center framing, backlit rim light. single main subject, photorealistic color photo, natural colors, realistic texture, sharp focus on subject, no people, no text, no watermark, no logo, no border, no collage, no CGI, no illustration.","text, watermark, logo, caption, signature, border, frame, collage, multiple panels, cartoon, illustration, CGI, 3d render, low-poly, painting, anime, surreal, deformed, duplicate objects, extra limbs, blurry, out of focus, noise, oversaturated, posterized, artifacts, jpeg artifacts"
7651,horse,draft horse,grazing,a parking lot,3/4 view,backlit rim light,clean,a photorealistic color photo,"a photorealistic color photo of a draft horse grazing in a parking lot, 3/4 view, backlit rim light. single main subject, photorealistic color photo, natural colors, realistic texture, sharp focus on subject, no people, no text, no watermark, no logo, no border, no collage, no CGI, no illustration.","text, watermark, logo, caption, signature, border, frame, collage, multiple panels, cartoon, illustration, CGI, 3d render, low-poly, painting, anime, surreal, deformed, duplicate objects, extra limbs, blurry, out of focus, noise, oversaturated, posterized, artifacts, jpeg artifacts"
7733,horse,white horse,standing,a quiet residential street,front view,golden hour,clean,a professional photo,"a professional photo of a white horse standing in a quiet residential street, front view, golden hour. single main subject, photorealistic color photo, natural colors, realistic texture, sharp focus on subject, no people, no text, no watermark, no logo, no border, no collage, no CGI, no illustration.","text, watermark, logo, caption, signature, border, frame, collage, multiple panels, cartoon, illustration, CGI, 3d render, low-poly, painting, anime, surreal, deformed, duplicate objects, extra limbs, blurry, out of focus, noise, oversaturated, posterized, artifacts, jpeg artifacts"
7389,horse,wild horse,running,a backyard,slightly off-center framing,backlit rim light,clean,a finely detailed photo,"a finely detailed photo of a wild horse running in a backyard, slightly off-center framing, backlit rim light. single main subject, photorealistic color photo, natural colors, realistic texture, sharp focus on subject, no people, no text, no watermark, no logo, no border, no collage, no CGI, no illustration.","text, watermark, logo, caption, signature, border, frame, collage, multiple panels, cartoon, illustration, CGI, 3d render, low-poly, painting, anime, surreal, deformed, duplicate objects, extra limbs, blurry, out of focus, noise, oversaturated, posterized, artifacts, jpeg artifacts"
7914,horse,brown horse,standing,an urban street,low angle,backlit rim light,hard,a high-quality image,"a high-quality image of a brown horse standing in an urban street, low angle, backlit rim light. partially occluded by a foreground object. single main subject, photorealistic color photo, natural colors, realistic texture, sharp focus on subject, no people, no text, no watermark, no logo, no border, no collage, no CGI, no illustration.","text, watermark, logo, caption, signature, border, frame, collage, multiple panels, cartoon, illustration, CGI, 3d render, low-poly, painting, anime, surreal, deformed, duplicate objects, extra limbs, blurry, out of focus, noise, oversaturated, posterized, artifacts, jpeg artifacts"
7413,horse,pony,walking,a suburban neighborhood,low angle,nighttime under streetlights,clean,a high-quality image,"a high-quality image of a pony horse walking in a suburban neighborhood, low angle, nighttime under streetlights. single main subject, photorealistic color photo, natural colors, realistic texture, sharp focus on subject, no people, no text, no watermark, no logo, no border, no collage, no CGI, no illustration.","text, watermark, logo, caption, signature, border, frame, collage, multiple panels, cartoon, illustration, CGI, 3d render, low-poly, painting, anime, surreal, deformed, duplicate objects, extra limbs, blurry, out of focus, noise, oversaturated, posterized, artifacts, jpeg artifacts"
7200,horse,white horse,running,a countryside road,side profile,nighttime under streetlights,clean,a finely detailed photo,"a finely detailed photo of a white horse running in a countryside road, side profile, nighttime under streetlights. single main subject, photorealistic color photo, natural colors, realistic texture, sharp focus on subject, no people, no text, no watermark, no logo, no border, no collage, no CGI, no illustration.","text, watermark, logo, caption, signature, border, frame, collage, multiple panels, cartoon, illustration, CGI, 3d render, low-poly, painting, anime, surreal, deformed, duplicate objects, extra limbs, blurry, out of focus, noise, oversaturated, posterized, artifacts, jpeg artifacts"
7804,horse,racehorse,walking,a sandy beach,low angle,foggy morning,hard,a photorealistic color photo,"a photorealistic color photo of a racehorse walking in a sandy beach, low angle, foggy morning. in the distance. single main subject, photorealistic color photo, natural colors, realistic texture, sharp focus on subject, no people, no text, no watermark, no logo, no border, no collage, no CGI, no illustration.","text, watermark, logo, caption, signature, border, frame, collage, multiple panels, cartoon, illustration, CGI, 3d render, low-poly, painting, anime, surreal, deformed, duplicate objects, extra limbs, blurry, out of focus, noise, oversaturated, posterized, artifacts, jpeg artifacts"
7025,horse,wild horse,walking,a gravel lot,low angle,foggy morning,clean,a finely detailed photo,"a finely detailed photo of a wild horse walking in a gravel lot, low angle, foggy morning. single main subject, photorealistic color photo, natural colors, realistic texture, sharp focus on subject, no people, no text, no watermark, no logo, no border, no collage, no CGI, no illustration.","text, watermark, logo, caption, signature, border, frame, collage, multiple panels, cartoon, illustration, CGI, 3d render, low-poly, painting, anime, surreal, deformed, duplicate objects, extra limbs, blurry, out of focus, noise, oversaturated, posterized, artifacts, jpeg artifacts"
7112,horse,wild horse,standing,a backyard,front view,indoor soft window light,clean,a detailed photograph,"a detailed photograph of a wild horse standing in a backyard, front view, indoor soft window light. single main subject, photorealistic color photo, natural colors, realistic texture, sharp focus on subject, no people, no text, no watermark, no logo, no border, no collage, no CGI, no illustration.","text, watermark, logo, caption, signature, border, frame, collage, multiple panels, cartoon, illustration, CGI, 3d render, low-poly, painting, anime, surreal, deformed, duplicate objects, extra limbs, blurry, out of focus, noise, oversaturated, posterized, artifacts, jpeg artifacts"
7980,horse,pony,grazing,a wet roadway after rain,low angle,golden hour,hard,a photorealistic color photo,"a photorealistic color photo of a pony horse grazing in a wet roadway after rain, low angle, golden hour. cropped slightly. single main subject, photorealistic color photo, natural colors, realistic texture, sharp focus on subject, no people, no text, no watermark, no logo, no border, no collage, no CGI, no illustration.","text, watermark, logo, caption, signature, border, frame, collage, multiple panels, cartoon, illustration, CGI, 3d render, low-poly, painting, anime, surreal, deformed, duplicate objects, extra limbs, blurry, out of focus, noise, oversaturated, posterized, artifacts, jpeg artifacts"
7874,horse,racehorse,running,an industrial yard,distant subject in the background,foggy morning,hard,a finely detailed photo,"a finely detailed photo of a racehorse running in an industrial yard, distant subject in the background, foggy morning. busy background but still one main subject. single main subject, photorealistic color photo, natural colors, realistic texture, sharp focus on subject, no people, no text, no watermark, no logo, no border, no collage, no CGI, no illustration.","text, watermark, logo, caption, signature, border, frame, collage, multiple panels, cartoon, illustration, CGI, 3d render, low-poly, painting, anime, surreal, deformed, duplicate objects, extra limbs, blurry, out of focus, noise, oversaturated, posterized, artifacts, jpeg artifacts"
7405,horse,wild horse,grazing,a forest clearing,wide shot,overcast daylight,clean,a finely detailed photo,"a finely detailed photo of a wild horse grazing in a forest clearing, wide shot, overcast daylight. single main subject, photorealistic color photo, natural colors, realistic texture, sharp focus on subject, no people, no text, no watermark, no logo, no border, no collage, no CGI, no illustration.","text, watermark, logo, caption, signature, border, frame, collage, multiple panels, cartoon, illustration, CGI, 3d render, low-poly, painting, anime, surreal, deformed, duplicate objects, extra limbs, blurry, out of focus, noise, oversaturated, posterized, artifacts, jpeg artifacts"
7608,horse,white horse,running,an industrial yard,close-up,foggy morning,clean,a detailed photograph,"a detailed photograph of a white horse running in an industrial yard, close-up, foggy morning. single main subject, photorealistic color photo, natural colors, realistic texture, sharp focus on subject, no people, no text, no watermark, no logo, no border, no collage, no CGI, no illustration.","text, watermark, logo, caption, signature, border, frame, collage, multiple panels, cartoon, illustration, CGI, 3d render, low-poly, painting, anime, surreal, deformed, duplicate objects, extra limbs, blurry, out of focus, noise, oversaturated, posterized, artifacts, jpeg artifacts"
7469,horse,brown horse,grazing,a quiet residential street,3/4 view,golden hour,clean,a finely detailed photo,"a finely detailed photo of a brown horse grazing in a quiet residential street, 3/4 view, golden hour. single main subject, photorealistic color photo, natural colors, realistic texture, sharp focus on subject, no people, no text, no watermark, no logo, no border, no collage, no CGI, no illustration.","text, watermark, logo, caption, signature, border, frame, collage, multiple panels, cartoon, illustration, CGI, 3d render, low-poly, painting, anime, surreal, deformed, duplicate objects, extra limbs, blurry, out of focus, noise, oversaturated, posterized, artifacts, jpeg artifacts"
7532,horse,brown horse,running,a grassy field,wide shot,golden hour,clean,an ultra-realistic rendering,"an ultra-realistic rendering of a brown horse running in a grassy field, wide shot, golden hour. single main subject, photorealistic color photo, natural colors, realistic texture, sharp focus on subject, no people, no text, no watermark, no logo, no border, no collage, no CGI, no illustration.","text, watermark, logo, caption, signature, border, frame, collage, multiple panels, cartoon, illustration, CGI, 3d render, low-poly, painting, anime, surreal, deformed, duplicate objects, extra limbs, blurry, out of focus, noise, oversaturated, posterized, artifacts, jpeg artifacts"
7637,horse,racehorse,running,a forest clearing,front view,rainy with wet reflections,clean,a detailed photograph,"a detailed photograph of a racehorse running in a forest clearing, front view, rainy with wet reflections. single main subject, photorealistic color photo, natural colors, realistic texture, sharp focus on subject, no people, no text, no watermark, no logo, no border, no collage, no CGI, no illustration.","text, watermark, logo, caption, signature, border, frame, collage, multiple panels, cartoon, illustration, CGI, 3d render, low-poly, painting, anime, surreal, deformed, duplicate objects, extra limbs, blurry, out of focus, noise, oversaturated, posterized, artifacts, jpeg artifacts"
7600,horse,brown horse,walking,a suburban neighborhood,close-up,foggy morning,clean,an ultra-realistic rendering,"an ultra-realistic rendering of a brown horse walking in a suburban neighborhood, close-up, foggy morning. single main subject, photorealistic color photo, natural colors, realistic texture, sharp focus on subject, no people, no text, no watermark, no logo, no border, no collage, no CGI, no illustration.","text, watermark, logo, caption, signature, border, frame, collage, multiple panels, cartoon, illustration, CGI, 3d render, low-poly, painting, anime, surreal, deformed, duplicate objects, extra limbs, blurry, out of focus, noise, oversaturated, posterized, artifacts, jpeg artifacts"
7857,horse,racehorse,running,an urban street,high angle,overcast daylight,hard,an ultra-realistic rendering,"an ultra-realistic rendering of a racehorse running in an urban street, high angle, overcast daylight. slight motion blur. single main subject, photorealistic color photo, natural colors, realistic texture, sharp focus on subject, no people, no text, no watermark, no logo, no border, no collage, no CGI, no illustration.","text, watermark, logo, caption, signature, border, frame, collage, multiple panels, cartoon, illustration, CGI, 3d render, low-poly, painting, anime, surreal, deformed, duplicate objects, extra limbs, blurry, out of focus, noise, oversaturated, posterized, artifacts, jpeg artifacts"
7974,horse,racehorse,running,a wet roadway after rain,side profile,foggy morning,hard,a finely detailed photo,"a finely detailed photo of a racehorse running in a wet roadway after rain, side profile, foggy morning. slight motion blur. single main subject, photorealistic color photo, natural colors, realistic texture, sharp focus on subject, no people, no text, no watermark, no logo, no border, no collage, no CGI, no illustration.","text, watermark, logo, caption, signature, border, frame, collage, multiple panels, cartoon, illustration, CGI, 3d render, low-poly, painting, anime, surreal, deformed, duplicate objects, extra limbs, blurry, out of focus, noise, oversaturated, posterized, artifacts, jpeg artifacts"
7093,horse,wild horse,grazing,a forest clearing,slightly off-center framing,foggy morning,clean,a professional photo,"a professional photo of a wild horse grazing in a forest clearing, slightly off-center framing, foggy morning. single main subject, photorealistic color photo, natural colors, realistic texture, sharp focus on subject, no people, no text, no watermark, no logo, no border, no collage, no CGI, no illustration.","text, watermark, logo, caption, signature, border, frame, collage, multiple panels, cartoon, illustration, CGI, 3d render, low-poly, painting, anime, surreal, deformed, duplicate objects, extra limbs, blurry, out of focus, noise, oversaturated, posterized, artifacts, jpeg artifacts"
7810,horse,racehorse,walking,a backyard,high angle,foggy morning,hard,a high-quality image,"a high-quality image of a racehorse walking in a backyard, high angle, foggy morning. partially occluded by a foreground object. single main subject, photorealistic color photo, natural colors, realistic texture, sharp focus on subject, no people, no text, no watermark, no logo, no border, no collage, no CGI, no illustration.","text, watermark, logo, caption, signature, border, frame, collage, multiple panels, cartoon, illustration, CGI, 3d render, low-poly, painting, anime, surreal, deformed, duplicate objects, extra limbs, blurry, out of focus, noise, oversaturated, posterized, artifacts, jpeg artifacts"
7965,horse,white horse,running,a gravel lot,high angle,nighttime under streetlights,hard,a high-quality image,"a high-quality image of a white horse running in a gravel lot, high angle, nighttime under streetlights. cropped slightly. single main subject, photorealistic color photo, natural colors, realistic texture, sharp focus on subject, no people, no text, no watermark, no logo, no border, no collage, no CGI, no illustration.","text, watermark, logo, caption, signature, border, frame, collage, multiple panels, cartoon, illustration, CGI, 3d render, low-poly, painting, anime, surreal, deformed, duplicate objects, extra limbs, blurry, out of focus, noise, oversaturated, posterized, artifacts, jpeg artifacts"
7373,horse,racehorse,standing,a parking lot,slightly off-center framing,rainy with wet reflections,clean,a detailed photograph,"a detailed photograph of a racehorse standing in a parking lot, slightly off-center framing, rainy with wet reflections. single main subject, photorealistic color photo, natural colors, realistic texture, sharp focus on subject, no people, no text, no watermark, no logo, no border, no collage, no CGI, no illustration.","text, watermark, logo, caption, signature, border, frame, collage, multiple panels, cartoon, illustration, CGI, 3d render, low-poly, painting, anime, surreal, deformed, duplicate objects, extra limbs, blurry, out of focus, noise, oversaturated, posterized, artifacts, jpeg artifacts"
7160,horse,brown horse,grazing,a parking lot,close-up,nighttime under streetlights,clean,a detailed photograph,"a detailed photograph of a brown horse grazing in a parking lot, close-up, nighttime under streetlights. single main subject, photorealistic color photo, natural colors, realistic texture, sharp focus on subject, no people, no text, no watermark, no logo, no border, no collage, no CGI, no illustration.","text, watermark, logo, caption, signature, border, frame, collage, multiple panels, cartoon, illustration, CGI, 3d render, low-poly, painting, anime, surreal, deformed, duplicate objects, extra limbs, blurry, out of focus, noise, oversaturated, posterized, artifacts, jpeg artifacts"
7895,horse,racehorse,grazing,an industrial yard,3/4 view,indoor soft window light,hard,a finely detailed photo,"a finely detailed photo of a racehorse grazing in an industrial yard, 3/4 view, indoor soft window light. partially occluded by a foreground object. single main subject, photorealistic color photo, natural colors, realistic texture, sharp focus on subject, no people, no text, no watermark, no logo, no border, no collage, no CGI, no illustration.","text, watermark, logo, caption, signature, border, frame, collage, multiple panels, cartoon, illustration, CGI, 3d render, low-poly, painting, anime, surreal, deformed, duplicate objects, extra limbs, blurry, out of focus, noise, oversaturated, posterized, artifacts, jpeg artifacts"
7261,horse,white horse,grazing,a sandy beach,front view,backlit rim light,clean,a professional photo,"a professional photo of a white horse grazing in a sandy beach, front view, backlit rim light. single main subject, photorealistic color photo, natural colors, realistic texture, sharp focus on subject, no people, no text, no watermark, no logo, no border, no collage, no CGI, no illustration.","text, watermark, logo, caption, signature, border, frame, collage, multiple panels, cartoon, illustration, CGI, 3d render, low-poly, painting, anime, surreal, deformed, duplicate objects, extra limbs, blurry, out of focus, noise, oversaturated, posterized, artifacts, jpeg artifacts"
7018,horse,racehorse,grazing,a lakeside shore,slightly off-center framing,golden hour,clean,a detailed photograph,"a detailed photograph of a racehorse grazing in a lakeside shore, slightly off-center framing, golden hour. single main subject, photorealistic color photo, natural colors, realistic texture, sharp focus on subject, no people, no text, no watermark, no logo, no border, no collage, no CGI, no illustration.","text, watermark, logo, caption, signature, border, frame, collage, multiple panels, cartoon, illustration, CGI, 3d render, low-poly, painting, anime, surreal, deformed, duplicate objects, extra limbs, blurry, out of focus, noise, oversaturated, posterized, artifacts, jpeg artifacts"
7509,horse,wild horse,standing,a lakeside shore,side profile,golden hour,clean,a detailed photograph,"a detailed photograph of a wild horse standing in a lakeside shore, side profile, golden hour. single main subject, photorealistic color photo, natural colors, realistic texture, sharp focus on subject, no people, no text, no watermark, no logo, no border, no collage, no CGI, no illustration.","text, watermark, logo, caption, signature, border, frame, collage, multiple panels, cartoon, illustration, CGI, 3d render, low-poly, painting, anime, surreal, deformed, duplicate objects, extra limbs, blurry, out of focus, noise, oversaturated, posterized, artifacts, jpeg artifacts"
7959,horse,draft horse,running,a city park,wide shot,golden hour,hard,a professional photo,"a professional photo of a draft horse running in a city park, wide shot, golden hour. cropped slightly. single main subject, photorealistic color photo, natural colors, realistic texture, sharp focus on subject, no people, no text, no watermark, no logo, no border, no collage, no CGI, no illustration.","text, watermark, logo, caption, signature, border, frame, collage, multiple panels, cartoon, illustration, CGI, 3d render, low-poly, painting, anime, surreal, deformed, duplicate objects, extra limbs, blurry, out of focus, noise, oversaturated, posterized, artifacts, jpeg artifacts"
7232,horse,white horse,running,a sandy beach,3/4 view,indoor soft window light,clean,a high-quality image,"a high-quality image of a white horse running in a sandy beach, 3/4 view, indoor soft window light. single main subject, photorealistic color photo, natural colors, realistic texture, sharp focus on subject, no people, no text, no watermark, no logo, no border, no collage, no CGI, no illustration.","text, watermark, logo, caption, signature, border, frame, collage, multiple panels, cartoon, illustration, CGI, 3d render, low-poly, painting, anime, surreal, deformed, duplicate objects, extra limbs, blurry, out of focus, noise, oversaturated, posterized, artifacts, jpeg artifacts"
7920,horse,wild horse,walking,a backyard,side profile,foggy morning,hard,a detailed photograph,"a detailed photograph of a wild horse walking in a backyard, side profile, foggy morning. partially occluded by a foreground object. single main subject, photorealistic color photo, natural colors, realistic texture, sharp focus on subject, no people, no text, no watermark, no logo, no border, no collage, no CGI, no illustration.","text, watermark, logo, caption, signature, border, frame, collage, multiple panels, cartoon, illustration, CGI, 3d render, low-poly, painting, anime, surreal, deformed, duplicate objects, extra limbs, blurry, out of focus, noise, oversaturated, posterized, artifacts, jpeg artifacts"
7374,horse,brown horse,walking,an industrial yard,low angle,sunny afternoon,clean,a finely detailed photo,"a finely detailed photo of a brown horse walking in an industrial yard, low angle, sunny afternoon. single main subject, photorealistic color photo, natural colors, realistic texture, sharp focus on subject, no people, no text, no watermark, no logo, no border, no collage, no CGI, no illustration.","text, watermark, logo, caption, signature, border, frame, collage, multiple panels, cartoon, illustration, CGI, 3d render, low-poly, painting, anime, surreal, deformed, duplicate objects, extra limbs, blurry, out of focus, noise, oversaturated, posterized, artifacts, jpeg artifacts"
7723,horse,racehorse,running,a forest clearing,close-up,rainy with wet reflections,clean,an ultra-realistic rendering,"an ultra-realistic rendering of a racehorse running in a forest clearing, close-up, rainy with wet reflections. single main subject, photorealistic color photo, natural colors, realistic texture, sharp focus on subject, no people, no text, no watermark, no logo, no border, no collage, no CGI, no illustration.","text, watermark, logo, caption, signature, border, frame, collage, multiple panels, cartoon, illustration, CGI, 3d render, low-poly, painting, anime, surreal, deformed, duplicate objects, extra limbs, blurry, out of focus, noise, oversaturated, posterized, artifacts, jpeg artifacts"
7250,horse,wild horse,grazing,a wet roadway after rain,low angle,foggy morning,clean,a professional photo,"a professional photo of a wild horse grazing in a wet roadway after rain, low angle, foggy morning. single main subject, photorealistic color photo, natural colors, realistic texture, sharp focus on subject, no people, no text, no watermark, no logo, no border, no collage, no CGI, no illustration.","text, watermark, logo, caption, signature, border, frame, collage, multiple panels, cartoon, illustration, CGI, 3d render, low-poly, painting, anime, surreal, deformed, duplicate objects, extra limbs, blurry, out of focus, noise, oversaturated, posterized, artifacts, jpeg artifacts"
7662,horse,white horse,walking,a parking lot,close-up,foggy morning,clean,an ultra-realistic rendering,"an ultra-realistic rendering of a white horse walking in a parking lot, close-up, foggy morning. single main subject, photorealistic color photo, natural colors, realistic texture, sharp focus on subject, no people, no text, no watermark, no logo, no border, no collage, no CGI, no illustration.","text, watermark, logo, caption, signature, border, frame, collage, multiple panels, cartoon, illustration, CGI, 3d render, low-poly, painting, anime, surreal, deformed, duplicate objects, extra limbs, blurry, out of focus, noise, oversaturated, posterized, artifacts, jpeg artifacts"
7069,horse,wild horse,running,a sandy beach,slightly off-center framing,rainy with wet reflections,clean,a detailed photograph,"a detailed photograph of a wild horse running in a sandy beach, slightly off-center framing, rainy with wet reflections. single main subject, photorealistic color photo, natural colors, realistic texture, sharp focus on subject, no people, no text, no watermark, no logo, no border, no collage, no CGI, no illustration.","text, watermark, logo, caption, signature, border, frame, collage, multiple panels, cartoon, illustration, CGI, 3d render, low-poly, painting, anime, surreal, deformed, duplicate objects, extra limbs, blurry, out of focus, noise, oversaturated, posterized, artifacts, jpeg artifacts"
7011,horse,wild horse,running,a suburban neighborhood,low angle,foggy morning,clean,a finely detailed photo,"a finely detailed photo of a wild horse running in a suburban neighborhood, low angle, foggy morning. single main subject, photorealistic color photo, natural colors, realistic texture, sharp focus on subject, no people, no text, no watermark, no logo, no border, no collage, no CGI, no illustration.","text, watermark, logo, caption, signature, border, frame, collage, multiple panels, cartoon, illustration, CGI, 3d render, low-poly, painting, anime, surreal, deformed, duplicate objects, extra limbs, blurry, out of focus, noise, oversaturated, posterized, artifacts, jpeg artifacts"
7345,horse,white horse,standing,a lakeside shore,close-up,indoor soft window light,clean,a finely detailed photo,"a finely detailed photo of a white horse standing in a lakeside shore, close-up, indoor soft window light. single main subject, photorealistic color photo, natural colors, realistic texture, sharp focus on subject, no people, no text, no watermark, no logo, no border, no collage, no CGI, no illustration.","text, watermark, logo, caption, signature, border, frame, collage, multiple panels, cartoon, illustration, CGI, 3d render, low-poly, painting, anime, surreal, deformed, duplicate objects, extra limbs, blurry, out of focus, noise, oversaturated, posterized, artifacts, jpeg artifacts"
7357,horse,pony,standing,an industrial yard,side profile,sunny afternoon,clean,a high-quality image,"a high-quality image of a pony horse standing in an industrial yard, side profile, sunny afternoon. single main subject, photorealistic color photo, natural colors, realistic texture, sharp focus on subject, no people, no text, no watermark, no logo, no border, no collage, no CGI, no illustration.","text, watermark, logo, caption, signature, border, frame, collage, multiple panels, cartoon, illustration, CGI, 3d render, low-poly, painting, anime, surreal, deformed, duplicate objects, extra limbs, blurry, out of focus, noise, oversaturated, posterized, artifacts, jpeg artifacts"
7407,horse,brown horse,grazing,a countryside road,high angle,indoor soft window light,clean,a high-quality image,"a high-quality image of a brown horse grazing in a countryside road, high angle, indoor soft window light. single main subject, photorealistic color photo, natural colors, realistic texture, sharp focus on subject, no people, no text, no watermark, no logo, no border, no collage, no CGI, no illustration.","text, watermark, logo, caption, signature, border, frame, collage, multiple panels, cartoon, illustration, CGI, 3d render, low-poly, painting, anime, surreal, deformed, duplicate objects, extra limbs, blurry, out of focus, noise, oversaturated, posterized, artifacts, jpeg artifacts"
7047,horse,draft horse,walking,a suburban neighborhood,low angle,foggy morning,clean,a professional photo,"a professional photo of a draft horse walking in a suburban neighborhood, low angle, foggy morning. single main subject, photorealistic color photo, natural colors, realistic texture, sharp focus on subject, no people, no text, no watermark, no logo, no border, no collage, no CGI, no illustration.","text, watermark, logo, caption, signature, border, frame, collage, multiple panels, cartoon, illustration, CGI, 3d render, low-poly, painting, anime, surreal, deformed, duplicate objects, extra limbs, blurry, out of focus, noise, oversaturated, posterized, artifacts, jpeg artifacts"
7149,horse,wild horse,walking,a backyard,low angle,golden hour,clean,a professional photo,"a professional photo of a wild horse walking in a backyard, low angle, golden hour. single main subject, photorealistic color photo, natural colors, realistic texture, sharp focus on subject, no people, no text, no watermark, no logo, no border, no collage, no CGI, no illustration.","text, watermark, logo, caption, signature, border, frame, collage, multiple panels, cartoon, illustration, CGI, 3d render, low-poly, painting, anime, surreal, deformed, duplicate objects, extra limbs, blurry, out of focus, noise, oversaturated, posterized, artifacts, jpeg artifacts"
7451,horse,wild horse,grazing,a suburban neighborhood,3/4 view,rainy with wet reflections,clean,a detailed photograph,"a detailed photograph of a wild horse grazing in a suburban neighborhood, 3/4 view, rainy with wet reflections. single main subject, photorealistic color photo, natural colors, realistic texture, sharp focus on subject, no people, no text, no watermark, no logo, no border, no collage, no CGI, no illustration.","text, watermark, logo, caption, signature, border, frame, collage, multiple panels, cartoon, illustration, CGI, 3d render, low-poly, painting, anime, surreal, deformed, duplicate objects, extra limbs, blurry, out of focus, noise, oversaturated, posterized, artifacts, jpeg artifacts"
7155,horse,draft horse,walking,a suburban neighborhood,close-up,sunny afternoon,clean,an ultra-realistic rendering,"an ultra-realistic rendering of a draft horse walking in a suburban neighborhood, close-up, sunny afternoon. single main subject, photorealistic color photo, natural colors, realistic texture, sharp focus on subject, no people, no text, no watermark, no logo, no border, no collage, no CGI, no illustration.","text, watermark, logo, caption, signature, border, frame, collage, multiple panels, cartoon, illustration, CGI, 3d render, low-poly, painting, anime, surreal, deformed, duplicate objects, extra limbs, blurry, out of focus, noise, oversaturated, posterized, artifacts, jpeg artifacts"
7694,horse,racehorse,running,a quiet residential street,close-up,sunny afternoon,clean,a professional photo,"a professional photo of a racehorse running in a quiet residential street, close-up, sunny afternoon. single main subject, photorealistic color photo, natural colors, realistic texture, sharp focus on subject, no people, no text, no watermark, no logo, no border, no collage, no CGI, no illustration.","text, watermark, logo, caption, signature, border, frame, collage, multiple panels, cartoon, illustration, CGI, 3d render, low-poly, painting, anime, surreal, deformed, duplicate objects, extra limbs, blurry, out of focus, noise, oversaturated, posterized, artifacts, jpeg artifacts"
7060,horse,wild horse,grazing,a city park,wide shot,sunny afternoon,clean,a finely detailed photo,"a finely detailed photo of a wild horse grazing in a city park, wide shot, sunny afternoon. single main subject, photorealistic color photo, natural colors, realistic texture, sharp focus on subject, no people, no text, no watermark, no logo, no border, no collage, no CGI, no illustration.","text, watermark, logo, caption, signature, border, frame, collage, multiple panels, cartoon, illustration, CGI, 3d render, low-poly, painting, anime, surreal, deformed, duplicate objects, extra limbs, blurry, out of focus, noise, oversaturated, posterized, artifacts, jpeg artifacts"
7797,horse,pony,walking,a city park,wide shot,golden hour,clean,a professional photo,"a professional photo of a pony horse walking in a city park, wide shot, golden hour. single main subject, photorealistic color photo, natural colors, realistic texture, sharp focus on subject, no people, no text, no watermark, no logo, no border, no collage, no CGI, no illustration.","text, watermark, logo, caption, signature, border, frame, collage, multiple panels, cartoon, illustration, CGI, 3d render, low-poly, painting, anime, surreal, deformed, duplicate objects, extra limbs, blurry, out of focus, noise, oversaturated, posterized, artifacts, jpeg artifacts"
7876,horse,draft horse,standing,a wet roadway after rain,side profile,overcast daylight,hard,a professional photo,"a professional photo of a draft horse standing in a wet roadway after rain, side profile, overcast daylight. partially occluded by a foreground object. single main subject, photorealistic color photo, natural colors, realistic texture, sharp focus on subject, no people, no text, no watermark, no logo, no border, no collage, no CGI, no illustration.","text, watermark, logo, caption, signature, border, frame, collage, multiple panels, cartoon, illustration, CGI, 3d render, low-poly, painting, anime, surreal, deformed, duplicate objects, extra limbs, blurry, out of focus, noise, oversaturated, posterized, artifacts, jpeg artifacts"
7368,horse,white horse,running,a quiet residential street,side profile,nighttime under streetlights,clean,a finely detailed photo,"a finely detailed photo of a white horse running in a quiet residential street, side profile, nighttime under streetlights. single main subject, photorealistic color photo, natural colors, realistic texture, sharp focus on subject, no people, no text, no watermark, no logo, no border, no collage, no CGI, no illustration.","text, watermark, logo, caption, signature, border, frame, collage, multiple panels, cartoon, illustration, CGI, 3d render, low-poly, painting, anime, surreal, deformed, duplicate objects, extra limbs, blurry, out of focus, noise, oversaturated, posterized, artifacts, jpeg artifacts"
7159,horse,pony,running,a suburban neighborhood,front view,indoor soft window light,clean,a finely detailed photo,"a finely detailed photo of a pony horse running in a suburban neighborhood, front view, indoor soft window light. single main subject, photorealistic color photo, natural colors, realistic texture, sharp focus on subject, no people, no text, no watermark, no logo, no border, no collage, no CGI, no illustration.","text, watermark, logo, caption, signature, border, frame, collage, multiple panels, cartoon, illustration, CGI, 3d render, low-poly, painting, anime, surreal, deformed, duplicate objects, extra limbs, blurry, out of focus, noise, oversaturated, posterized, artifacts, jpeg artifacts"
7544,horse,wild horse,walking,a backyard,high angle,golden hour,clean,a professional photo,"a professional photo of a wild horse walking in a backyard, high angle, golden hour. single main subject, photorealistic color photo, natural colors, realistic texture, sharp focus on subject, no people, no text, no watermark, no logo, no border, no collage, no CGI, no illustration.","text, watermark, logo, caption, signature, border, frame, collage, multiple panels, cartoon, illustration, CGI, 3d render, low-poly, painting, anime, surreal, deformed, duplicate objects, extra limbs, blurry, out of focus, noise, oversaturated, posterized, artifacts, jpeg artifacts"
7503,horse,draft horse,grazing,a gravel lot,slightly off-center framing,overcast daylight,clean,a professional photo,"a professional photo of a draft horse grazing in a gravel lot, slightly off-center framing, overcast daylight. single main subject, photorealistic color photo, natural colors, realistic texture, sharp focus on subject, no people, no text, no watermark, no logo, no border, no collage, no CGI, no illustration.","text, watermark, logo, caption, signature, border, frame, collage, multiple panels, cartoon, illustration, CGI, 3d render, low-poly, painting, anime, surreal, deformed, duplicate objects, extra limbs, blurry, out of focus, noise, oversaturated, posterized, artifacts, jpeg artifacts"
7621,horse,white horse,grazing,an industrial yard,low angle,rainy with wet reflections,clean,a detailed photograph,"a detailed photograph of a white horse grazing in an industrial yard, low angle, rainy with wet reflections. single main subject, photorealistic color photo, natural colors, realistic texture, sharp focus on subject, no people, no text, no watermark, no logo, no border, no collage, no CGI, no illustration.","text, watermark, logo, caption, signature, border, frame, collage, multiple panels, cartoon, illustration, CGI, 3d render, low-poly, painting, anime, surreal, deformed, duplicate objects, extra limbs, blurry, out of focus, noise, oversaturated, posterized, artifacts, jpeg artifacts"
7136,horse,wild horse,walking,a city park,high angle,nighttime under streetlights,clean,an ultra-realistic rendering,"an ultra-realistic rendering of a wild horse walking in a city park, high angle, nighttime under streetlights. single main subject, photorealistic color photo, natural colors, realistic texture, sharp focus on subject, no people, no text, no watermark, no logo, no border, no collage, no CGI, no illustration.","text, watermark, logo, caption, signature, border, frame, collage, multiple panels, cartoon, illustration, CGI, 3d render, low-poly, painting, anime, surreal, deformed, duplicate objects, extra limbs, blurry, out of focus, noise, oversaturated, posterized, artifacts, jpeg artifacts"
7001,horse,racehorse,grazing,a backyard,wide shot,sunny afternoon,clean,a high-quality image,"a high-quality image of a racehorse grazing in a backyard, wide shot, sunny afternoon. single main subject, photorealistic color photo, natural colors, realistic texture, sharp focus on subject, no people, no text, no watermark, no logo, no border, no collage, no CGI, no illustration.","text, watermark, logo, caption, signature, border, frame, collage, multiple panels, cartoon, illustration, CGI, 3d render, low-poly, painting, anime, surreal, deformed, duplicate objects, extra limbs, blurry, out of focus, noise, oversaturated, posterized, artifacts, jpeg artifacts"
7152,horse,brown horse,grazing,a city park,side profile,sunny afternoon,clean,a professional photo,"a professional photo of a brown horse grazing in a city park, side profile, sunny afternoon. single main subject, photorealistic color photo, natural colors, realistic texture, sharp focus on subject, no people, no text, no watermark, no logo, no border, no collage, no CGI, no illustration.","text, watermark, logo, caption, signature, border, frame, collage, multiple panels, cartoon, illustration, CGI, 3d render, low-poly, painting, anime, surreal, deformed, duplicate objects, extra limbs, blurry, out of focus, noise, oversaturated, posterized, artifacts, jpeg artifacts"
7085,horse,white horse,walking,a sandy beach,high angle,nighttime under streetlights,clean,a professional photo,"a professional photo of a white horse walking in a sandy beach, high angle, nighttime under streetlights. single main subject, photorealistic color photo, natural colors, realistic texture, sharp focus on subject, no people, no text, no watermark, no logo, no border, no collage, no CGI, no illustration.","text, watermark, logo, caption, signature, border, frame, collage, multiple panels, cartoon, illustration, CGI, 3d render, low-poly, painting, anime, surreal, deformed, duplicate objects, extra limbs, blurry, out of focus, noise, oversaturated, posterized, artifacts, jpeg artifacts"
7156,horse,wild horse,running,a quiet residential street,front view,nighttime under streetlights,clean,a finely detailed photo,"a finely detailed photo of a wild horse running in a quiet residential street, front view, nighttime under streetlights. single main subject, photorealistic color photo, natural colors, realistic texture, sharp focus on subject, no people, no text, no watermark, no logo, no border, no collage, no CGI, no illustration.","text, watermark, logo, caption, signature, border, frame, collage, multiple panels, cartoon, illustration, CGI, 3d render, low-poly, painting, anime, surreal, deformed, duplicate objects, extra limbs, blurry, out of focus, noise, oversaturated, posterized, artifacts, jpeg artifacts"
7195,horse,brown horse,running,a sandy beach,wide shot,overcast daylight,clean,a professional photo,"a professional photo of a brown horse running in a sandy beach, wide shot, overcast daylight. single main subject, photorealistic color photo, natural colors, realistic texture, sharp focus on subject, no people, no text, no watermark, no logo, no border, no collage, no CGI, no illustration.","text, watermark, logo, caption, signature, border, frame, collage, multiple panels, cartoon, illustration, CGI, 3d render, low-poly, painting, anime, surreal, deformed, duplicate objects, extra limbs, blurry, out of focus, noise, oversaturated, posterized, artifacts, jpeg artifacts"
7236,horse,pony,running,a quiet residential street,slightly off-center framing,indoor soft window light,clean,an ultra-realistic rendering,"an ultra-realistic rendering of a pony horse running in a quiet residential street, slightly off-center framing, indoor soft window light. single main subject, photorealistic color photo, natural colors, realistic texture, sharp focus on subject, no people, no text, no watermark, no logo, no border, no collage, no CGI, no illustration.","text, watermark, logo, caption, signature, border, frame, collage, multiple panels, cartoon, illustration, CGI, 3d render, low-poly, painting, anime, surreal, deformed, duplicate objects, extra limbs, blurry, out of focus, noise, oversaturated, posterized, artifacts, jpeg artifacts"
7730,horse,brown horse,running,a wet roadway after rain,high angle,golden hour,clean,an ultra-realistic rendering,"an ultra-realistic rendering of a brown horse running in a wet roadway after rain, high angle, golden hour. single main subject, photorealistic color photo, natural colors, realistic texture, sharp focus on subject, no people, no text, no watermark, no logo, no border, no collage, no CGI, no illustration.","text, watermark, logo, caption, signature, border, frame, collage, multiple panels, cartoon, illustration, CGI, 3d render, low-poly, painting, anime, surreal, deformed, duplicate objects, extra limbs, blurry, out of focus, noise, oversaturated, posterized, artifacts, jpeg artifacts"
7126,horse,pony,running,a grassy field,front view,overcast daylight,clean,a finely detailed photo,"a finely detailed photo of a pony horse running in a grassy field, front view, overcast daylight. single main subject, photorealistic color photo, natural colors, realistic texture, sharp focus on subject, no people, no text, no watermark, no logo, no border, no collage, no CGI, no illustration.","text, watermark, logo, caption, signature, border, frame, collage, multiple panels, cartoon, illustration, CGI, 3d render, low-poly, painting, anime, surreal, deformed, duplicate objects, extra limbs, blurry, out of focus, noise, oversaturated, posterized, artifacts, jpeg artifacts"
7601,horse,racehorse,standing,a wet roadway after rain,low angle,rainy with wet reflections,clean,a high-quality image,"a high-quality image of a racehorse standing in a wet roadway after rain, low angle, rainy with wet reflections. single main subject, photorealistic color photo, natural colors, realistic texture, sharp focus on subject, no people, no text, no watermark, no logo, no border, no collage, no CGI, no illustration.","text, watermark, logo, caption, signature, border, frame, collage, multiple panels, cartoon, illustration, CGI, 3d render, low-poly, painting, anime, surreal, deformed, duplicate objects, extra limbs, blurry, out of focus, noise, oversaturated, posterized, artifacts, jpeg artifacts"
7751,horse,wild horse,running,a countryside road,high angle,rainy with wet reflections,clean,a professional photo,"a professional photo of a wild horse running in a countryside road, high angle, rainy with wet reflections. single main subject, photorealistic color photo, natural colors, realistic texture, sharp focus on subject, no people, no text, no watermark, no logo, no border, no collage, no CGI, no illustration.","text, watermark, logo, caption, signature, border, frame, collage, multiple panels, cartoon, illustration, CGI, 3d render, low-poly, painting, anime, surreal, deformed, duplicate objects, extra limbs, blurry, out of focus, noise, oversaturated, posterized, artifacts, jpeg artifacts"
7004,horse,pony,grazing,a grassy field,close-up,golden hour,clean,a high-quality image,"a high-quality image of a pony horse grazing in a grassy field, close-up, golden hour. single main subject, photorealistic color photo, natural colors, realistic texture, sharp focus on subject, no people, no text, no watermark, no logo, no border, no collage, no CGI, no illustration.","text, watermark, logo, caption, signature, border, frame, collage, multiple panels, cartoon, illustration, CGI, 3d render, low-poly, painting, anime, surreal, deformed, duplicate objects, extra limbs, blurry, out of focus, noise, oversaturated, posterized, artifacts, jpeg artifacts"
7319,horse,wild horse,running,a quiet residential street,front view,indoor soft window light,clean,a finely detailed photo,"a finely detailed photo of a wild horse running in a quiet residential street, front view, indoor soft window light. single main subject, photorealistic color photo, natural colors, realistic texture, sharp focus on subject, no people, no text, no watermark, no logo, no border, no collage, no CGI, no illustration.","text, watermark, logo, caption, signature, border, frame, collage, multiple panels, cartoon, illustration, CGI, 3d render, low-poly, painting, anime, surreal, deformed, duplicate objects, extra limbs, blurry, out of focus, noise, oversaturated, posterized, artifacts, jpeg artifacts"
7479,horse,brown horse,running,a backyard,side profile,golden hour,clean,a photorealistic color photo,"a photorealistic color photo of a brown horse running in a backyard, side profile, golden hour. single main subject, photorealistic color photo, natural colors, realistic texture, sharp focus on subject, no people, no text, no watermark, no logo, no border, no collage, no CGI, no illustration.","text, watermark, logo, caption, signature, border, frame, collage, multiple panels, cartoon, illustration, CGI, 3d render, low-poly, painting, anime, surreal, deformed, duplicate objects, extra limbs, blurry, out of focus, noise, oversaturated, posterized, artifacts, jpeg artifacts"
7555,horse,racehorse,standing,a gravel lot,low angle,rainy with wet reflections,clean,a high-quality image,"a high-quality image of a racehorse standing in a gravel lot, low angle, rainy with wet reflections. single main subject, photorealistic color photo, natural colors, realistic texture, sharp focus on subject, no people, no text, no watermark, no logo, no border, no collage, no CGI, no illustration.","text, watermark, logo, caption, signature, border, frame, collage, multiple panels, cartoon, illustration, CGI, 3d render, low-poly, painting, anime, surreal, deformed, duplicate objects, extra limbs, blurry, out of focus, noise, oversaturated, posterized, artifacts, jpeg artifacts"
7801,horse,racehorse,walking,a backyard,slightly off-center framing,golden hour,hard,a high-quality image,"a high-quality image of a racehorse walking in a backyard, slightly off-center framing, golden hour. in the distance. single main subject, photorealistic color photo, natural colors, realistic texture, sharp focus on subject, no people, no text, no watermark, no logo, no border, no collage, no CGI, no illustration.","text, watermark, logo, caption, signature, border, frame, collage, multiple panels, cartoon, illustration, CGI, 3d render, low-poly, painting, anime, surreal, deformed, duplicate objects, extra limbs, blurry, out of focus, noise, oversaturated, posterized, artifacts, jpeg artifacts"
7923,horse,pony,running,a city park,high angle,golden hour,hard,a high-quality image,"a high-quality image of a pony horse running in a city park, high angle, golden hour. cropped slightly. single main subject, photorealistic color photo, natural colors, realistic texture, sharp focus on subject, no people, no text, no watermark, no logo, no border, no collage, no CGI, no illustration.","text, watermark, logo, caption, signature, border, frame, collage, multiple panels, cartoon, illustration, CGI, 3d render, low-poly, painting, anime, surreal, deformed, duplicate objects, extra limbs, blurry, out of focus, noise, oversaturated, posterized, artifacts, jpeg artifacts"
7263,horse,draft horse,grazing,an industrial yard,slightly off-center framing,nighttime under streetlights,clean,a photorealistic color photo,"a photorealistic color photo of a draft horse grazing in an industrial yard, slightly off-center framing, nighttime under streetlights. single main subject, photorealistic color photo, natural colors, realistic texture, sharp focus on subject, no people, no text, no watermark, no logo, no border, no collage, no CGI, no illustration.","text, watermark, logo, caption, signature, border, frame, collage, multiple panels, cartoon, illustration, CGI, 3d render, low-poly, painting, anime, surreal, deformed, duplicate objects, extra limbs, blurry, out of focus, noise, oversaturated, posterized, artifacts, jpeg artifacts"
7686,horse,white horse,running,a forest clearing,slightly off-center framing,nighttime under streetlights,clean,a finely detailed photo,"a finely detailed photo of a white horse running in a forest clearing, slightly off-center framing, nighttime under streetlights. single main subject, photorealistic color photo, natural colors, realistic texture, sharp focus on subject, no people, no text, no watermark, no logo, no border, no collage, no CGI, no illustration.","text, watermark, logo, caption, signature, border, frame, collage, multiple panels, cartoon, illustration, CGI, 3d render, low-poly, painting, anime, surreal, deformed, duplicate objects, extra limbs, blurry, out of focus, noise, oversaturated, posterized, artifacts, jpeg artifacts"
7669,horse,wild horse,grazing,a grassy field,slightly off-center framing,nighttime under streetlights,clean,a photorealistic color photo,"a photorealistic color photo of a wild horse grazing in a grassy field, slightly off-center framing, nighttime under streetlights. single main subject, photorealistic color photo, natural colors, realistic texture, sharp focus on subject, no people, no text, no watermark, no logo, no border, no collage, no CGI, no illustration.","text, watermark, logo, caption, signature, border, frame, collage, multiple panels, cartoon, illustration, CGI, 3d render, low-poly, painting, anime, surreal, deformed, duplicate objects, extra limbs, blurry, out of focus, noise, oversaturated, posterized, artifacts, jpeg artifacts"
7163,horse,pony,running,a suburban neighborhood,3/4 view,backlit rim light,clean,a professional photo,"a professional photo of a pony horse running in a suburban neighborhood, 3/4 view, backlit rim light. single main subject, photorealistic color photo, natural colors, realistic texture, sharp focus on subject, no people, no text, no watermark, no logo, no border, no collage, no CGI, no illustration.","text, watermark, logo, caption, signature, border, frame, collage, multiple panels, cartoon, illustration, CGI, 3d render, low-poly, painting, anime, surreal, deformed, duplicate objects, extra limbs, blurry, out of focus, noise, oversaturated, posterized, artifacts, jpeg artifacts"
7237,horse,white horse,running,a lakeside shore,low angle,sunny afternoon,clean,a detailed photograph,"a detailed photograph of a white horse running in a lakeside shore, low angle, sunny afternoon. single main subject, photorealistic color photo, natural colors, realistic texture, sharp focus on subject, no people, no text, no watermark, no logo, no border, no collage, no CGI, no illustration.","text, watermark, logo, caption, signature, border, frame, collage, multiple panels, cartoon, illustration, CGI, 3d render, low-poly, painting, anime, surreal, deformed, duplicate objects, extra limbs, blurry, out of focus, noise, oversaturated, posterized, artifacts, jpeg artifacts"
7949,horse,pony,standing,a parking lot,slightly off-center framing,backlit rim light,hard,a finely detailed photo,"a finely detailed photo of a pony horse standing in a parking lot, slightly off-center framing, backlit rim light. slight motion blur. single main subject, photorealistic color photo, natural colors, realistic texture, sharp focus on subject, no people, no text, no watermark, no logo, no border, no collage, no CGI, no illustration.","text, watermark, logo, caption, signature, border, frame, collage, multiple panels, cartoon, illustration, CGI, 3d render, low-poly, painting, anime, surreal, deformed, duplicate objects, extra limbs, blurry, out of focus, noise, oversaturated, posterized, artifacts, jpeg artifacts"
7522,horse,draft horse,running,a backyard,high angle,foggy morning,clean,a photorealistic color photo,"a photorealistic color photo of a draft horse running in a backyard, high angle, foggy morning. single main subject, photorealistic color photo, natural colors, realistic texture, sharp focus on subject, no people, no text, no watermark, no logo, no border, no collage, no CGI, no illustration.","text, watermark, logo, caption, signature, border, frame, collage, multiple panels, cartoon, illustration, CGI, 3d render, low-poly, painting, anime, surreal, deformed, duplicate objects, extra limbs, blurry, out of focus, noise, oversaturated, posterized, artifacts, jpeg artifacts"
7418,horse,white horse,grazing,a sandy beach,low angle,sunny afternoon,clean,an ultra-realistic rendering,"an ultra-realistic rendering of a white horse grazing in a sandy beach, low angle, sunny afternoon. single main subject, photorealistic color photo, natural colors, realistic texture, sharp focus on subject, no people, no text, no watermark, no logo, no border, no collage, no CGI, no illustration.","text, watermark, logo, caption, signature, border, frame, collage, multiple panels, cartoon, illustration, CGI, 3d render, low-poly, painting, anime, surreal, deformed, duplicate objects, extra limbs, blurry, out of focus, noise, oversaturated, posterized, artifacts, jpeg artifacts"
7084,horse,brown horse,walking,a wet roadway after rain,close-up,indoor soft window light,clean,a professional photo,"a professional photo of a brown horse walking in a wet roadway after rain, close-up, indoor soft window light. single main subject, photorealistic color photo, natural colors, realistic texture, sharp focus on subject, no people, no text, no watermark, no logo, no border, no collage, no CGI, no illustration.","text, watermark, logo, caption, signature, border, frame, collage, multiple panels, cartoon, illustration, CGI, 3d render, low-poly, painting, anime, surreal, deformed, duplicate objects, extra limbs, blurry, out of focus, noise, oversaturated, posterized, artifacts, jpeg artifacts"
7848,horse,brown horse,running,a lakeside shore,slightly off-center framing,golden hour,hard,a professional photo,"a professional photo of a brown horse running in a lakeside shore, slightly off-center framing, golden hour. partially occluded by a foreground object. single main subject, photorealistic color photo, natural colors, realistic texture, sharp focus on subject, no people, no text, no watermark, no logo, no border, no collage, no CGI, no illustration.","text, watermark, logo, caption, signature, border, frame, collage, multiple panels, cartoon, illustration, CGI, 3d render, low-poly, painting, anime, surreal, deformed, duplicate objects, extra limbs, blurry, out of focus, noise, oversaturated, posterized, artifacts, jpeg artifacts"
7317,horse,pony,grazing,a city park,wide shot,golden hour,clean,a photorealistic color photo,"a photorealistic color photo of a pony horse grazing in a city park, wide shot, golden hour. single main subject, photorealistic color photo, natural colors, realistic texture, sharp focus on subject, no people, no text, no watermark, no logo, no border, no collage, no CGI, no illustration.","text, watermark, logo, caption, signature, border, frame, collage, multiple panels, cartoon, illustration, CGI, 3d render, low-poly, painting, anime, surreal, deformed, duplicate objects, extra limbs, blurry, out of focus, noise, oversaturated, posterized, artifacts, jpeg artifacts"
7649,horse,pony,running,a city park,high angle,rainy with wet reflections,clean,a high-quality image,"a high-quality image of a pony horse running in a city park, high angle, rainy with wet reflections. single main subject, photorealistic color photo, natural colors, realistic texture, sharp focus on subject, no people, no text, no watermark, no logo, no border, no collage, no CGI, no illustration.","text, watermark, logo, caption, signature, border, frame, collage, multiple panels, cartoon, illustration, CGI, 3d render, low-poly, painting, anime, surreal, deformed, duplicate objects, extra limbs, blurry, out of focus, noise, oversaturated, posterized, artifacts, jpeg artifacts"
7506,horse,racehorse,grazing,an industrial yard,close-up,indoor soft window light,clean,a detailed photograph,"a detailed photograph of a racehorse grazing in an industrial yard, close-up, indoor soft window light. single main subject, photorealistic color photo, natural colors, realistic texture, sharp focus on subject, no people, no text, no watermark, no logo, no border, no collage, no CGI, no illustration.","text, watermark, logo, caption, signature, border, frame, collage, multiple panels, cartoon, illustration, CGI, 3d render, low-poly, painting, anime, surreal, deformed, duplicate objects, extra limbs, blurry, out of focus, noise, oversaturated, posterized, artifacts, jpeg artifacts"
7041,horse,racehorse,grazing,a wet roadway after rain,close-up,backlit rim light,clean,an ultra-realistic rendering,"an ultra-realistic rendering of a racehorse grazing in a wet roadway after rain, close-up, backlit rim light. single main subject, photorealistic color photo, natural colors, realistic texture, sharp focus on subject, no people, no text, no watermark, no logo, no border, no collage, no CGI, no illustration.","text, watermark, logo, caption, signature, border, frame, collage, multiple panels, cartoon, illustration, CGI, 3d render, low-poly, painting, anime, surreal, deformed, duplicate objects, extra limbs, blurry, out of focus, noise, oversaturated, posterized, artifacts, jpeg artifacts"
7945,horse,racehorse,running,a backyard,wide shot,backlit rim light,hard,a high-quality image,"a high-quality image of a racehorse running in a backyard, wide shot, backlit rim light. slight motion blur. single main subject, photorealistic color photo, natural colors, realistic texture, sharp focus on subject, no people, no text, no watermark, no logo, no border, no collage, no CGI, no illustration.","text, watermark, logo, caption, signature, border, frame, collage, multiple panels, cartoon, illustration, CGI, 3d render, low-poly, painting, anime, surreal, deformed, duplicate objects, extra limbs, blurry, out of focus, noise, oversaturated, posterized, artifacts, jpeg artifacts"
7248,horse,white horse,running,a quiet residential street,front view,indoor soft window light,clean,an ultra-realistic rendering,"an ultra-realistic rendering of a white horse running in a quiet residential street, front view, indoor soft window light. single main subject, photorealistic color photo, natural colors, realistic texture, sharp focus on subject, no people, no text, no watermark, no logo, no border, no collage, no CGI, no illustration.","text, watermark, logo, caption, signature, border, frame, collage, multiple panels, cartoon, illustration, CGI, 3d render, low-poly, painting, anime, surreal, deformed, duplicate objects, extra limbs, blurry, out of focus, noise, oversaturated, posterized, artifacts, jpeg artifacts"
7894,horse,brown horse,standing,a wet roadway after rain,3/4 view,overcast daylight,hard,a professional photo,"a professional photo of a brown horse standing in a wet roadway after rain, 3/4 view, overcast daylight. cropped slightly. single main subject, photorealistic color photo, natural colors, realistic texture, sharp focus on subject, no people, no text, no watermark, no logo, no border, no collage, no CGI, no illustration.","text, watermark, logo, caption, signature, border, frame, collage, multiple panels, cartoon, illustration, CGI, 3d render, low-poly, painting, anime, surreal, deformed, duplicate objects, extra limbs, blurry, out of focus, noise, oversaturated, posterized, artifacts, jpeg artifacts"
7477,horse,draft horse,running,a sandy beach,low angle,foggy morning,clean,a photorealistic color photo,"a photorealistic color photo of a draft horse running in a sandy beach, low angle, foggy morning. single main subject, photorealistic color photo, natural colors, realistic texture, sharp focus on subject, no people, no text, no watermark, no logo, no border, no collage, no CGI, no illustration.","text, watermark, logo, caption, signature, border, frame, collage, multiple panels, cartoon, illustration, CGI, 3d render, low-poly, painting, anime, surreal, deformed, duplicate objects, extra limbs, blurry, out of focus, noise, oversaturated, posterized, artifacts, jpeg artifacts"
7361,horse,draft horse,running,a sandy beach,side profile,foggy morning,clean,a professional photo,"a professional photo of a draft horse running in a sandy beach, side profile, foggy morning. single main subject, photorealistic color photo, natural colors, realistic texture, sharp focus on subject, no people, no text, no watermark, no logo, no border, no collage, no CGI, no illustration.","text, watermark, logo, caption, signature, border, frame, collage, multiple panels, cartoon, illustration, CGI, 3d render, low-poly, painting, anime, surreal, deformed, duplicate objects, extra limbs, blurry, out of focus, noise, oversaturated, posterized, artifacts, jpeg artifacts"
7840,horse,racehorse,standing,a quiet residential street,distant subject in the background,overcast daylight,hard,a high-quality image,"a high-quality image of a racehorse standing in a quiet residential street, distant subject in the background, overcast daylight. partially occluded by a foreground object. single main subject, photorealistic color photo, natural colors, realistic texture, sharp focus on subject, no people, no text, no watermark, no logo, no border, no collage, no CGI, no illustration.","text, watermark, logo, caption, signature, border, frame, collage, multiple panels, cartoon, illustration, CGI, 3d render, low-poly, painting, anime, surreal, deformed, duplicate objects, extra limbs, blurry, out of focus, noise, oversaturated, posterized, artifacts, jpeg artifacts"
7997,horse,white horse,grazing,an urban street,high angle,nighttime under streetlights,hard,a finely detailed photo,"a finely detailed photo of a white horse grazing in an urban street, high angle, nighttime under streetlights. in the distance. single main subject, photorealistic color photo, natural colors, realistic texture, sharp focus on subject, no people, no text, no watermark, no logo, no border, no collage, no CGI, no illustration.","text, watermark, logo, caption, signature, border, frame, collage, multiple panels, cartoon, illustration, CGI, 3d render, low-poly, painting, anime, surreal, deformed, duplicate objects, extra limbs, blurry, out of focus, noise, oversaturated, posterized, artifacts, jpeg artifacts"
7554,horse,pony,grazing,a gravel lot,3/4 view,nighttime under streetlights,clean,an ultra-realistic rendering,"an ultra-realistic rendering of a pony horse grazing in a gravel lot, 3/4 view, nighttime under streetlights. single main subject, photorealistic color photo, natural colors, realistic texture, sharp focus on subject, no people, no text, no watermark, no logo, no border, no collage, no CGI, no illustration.","text, watermark, logo, caption, signature, border, frame, collage, multiple panels, cartoon, illustration, CGI, 3d render, low-poly, painting, anime, surreal, deformed, duplicate objects, extra limbs, blurry, out of focus, noise, oversaturated, posterized, artifacts, jpeg artifacts"
7013,horse,brown horse,walking,a parking lot,3/4 view,nighttime under streetlights,clean,a professional photo,"a professional photo of a brown horse walking in a parking lot, 3/4 view, nighttime under streetlights. single main subject, photorealistic color photo, natural colors, realistic texture, sharp focus on subject, no people, no text, no watermark, no logo, no border, no collage, no CGI, no illustration.","text, watermark, logo, caption, signature, border, frame, collage, multiple panels, cartoon, illustration, CGI, 3d render, low-poly, painting, anime, surreal, deformed, duplicate objects, extra limbs, blurry, out of focus, noise, oversaturated, posterized, artifacts, jpeg artifacts"
7310,horse,white horse,walking,an urban street,slightly off-center framing,nighttime under streetlights,clean,a finely detailed photo,"a finely detailed photo of a white horse walking in an urban street, slightly off-center framing, nighttime under streetlights. single main subject, photorealistic color photo, natural colors, realistic texture, sharp focus on subject, no people, no text, no watermark, no logo, no border, no collage, no CGI, no illustration.","text, watermark, logo, caption, signature, border, frame, collage, multiple panels, cartoon, illustration, CGI, 3d render, low-poly, painting, anime, surreal, deformed, duplicate objects, extra limbs, blurry, out of focus, noise, oversaturated, posterized, artifacts, jpeg artifacts"
7896,horse,white horse,running,a lakeside shore,3/4 view,overcast daylight,hard,a photorealistic color photo,"a photorealistic color photo of a white horse running in a lakeside shore, 3/4 view, overcast daylight. in the distance. single main subject, photorealistic color photo, natural colors, realistic texture, sharp focus on subject, no people, no text, no watermark, no logo, no border, no collage, no CGI, no illustration.","text, watermark, logo, caption, signature, border, frame, collage, multiple panels, cartoon, illustration, CGI, 3d render, low-poly, painting, anime, surreal, deformed, duplicate objects, extra limbs, blurry, out of focus, noise, oversaturated, posterized, artifacts, jpeg artifacts"
7179,horse,white horse,running,a grassy field,wide shot,golden hour,clean,a detailed photograph,"a detailed photograph of a white horse running in a grassy field, wide shot, golden hour. single main subject, photorealistic color photo, natural colors, realistic texture, sharp focus on subject, no people, no text, no watermark, no logo, no border, no collage, no CGI, no illustration.","text, watermark, logo, caption, signature, border, frame, collage, multiple panels, cartoon, illustration, CGI, 3d render, low-poly, painting, anime, surreal, deformed, duplicate objects, extra limbs, blurry, out of focus, noise, oversaturated, posterized, artifacts, jpeg artifacts"
7397,horse,draft horse,grazing,a wet roadway after rain,wide shot,nighttime under streetlights,clean,a photorealistic color photo,"a photorealistic color photo of a draft horse grazing in a wet roadway after rain, wide shot, nighttime under streetlights. single main subject, photorealistic color photo, natural colors, realistic texture, sharp focus on subject, no people, no text, no watermark, no logo, no border, no collage, no CGI, no illustration.","text, watermark, logo, caption, signature, border, frame, collage, multiple panels, cartoon, illustration, CGI, 3d render, low-poly, painting, anime, surreal, deformed, duplicate objects, extra limbs, blurry, out of focus, noise, oversaturated, posterized, artifacts, jpeg artifacts"
7715,horse,pony,walking,an urban street,low angle,sunny afternoon,clean,a photorealistic color photo,"a photorealistic color photo of a pony horse walking in an urban street, low angle, sunny afternoon. single main subject, photorealistic color photo, natural colors, realistic texture, sharp focus on subject, no people, no text, no watermark, no logo, no border, no collage, no CGI, no illustration.","text, watermark, logo, caption, signature, border, frame, collage, multiple panels, cartoon, illustration, CGI, 3d render, low-poly, painting, anime, surreal, deformed, duplicate objects, extra limbs, blurry, out of focus, noise, oversaturated, posterized, artifacts, jpeg artifacts"
7054,horse,racehorse,walking,a countryside road,side profile,backlit rim light,clean,a detailed photograph,"a detailed photograph of a racehorse walking in a countryside road, side profile, backlit rim light. single main subject, photorealistic color photo, natural colors, realistic texture, sharp focus on subject, no people, no text, no watermark, no logo, no border, no collage, no CGI, no illustration.","text, watermark, logo, caption, signature, border, frame, collage, multiple panels, cartoon, illustration, CGI, 3d render, low-poly, painting, anime, surreal, deformed, duplicate objects, extra limbs, blurry, out of focus, noise, oversaturated, posterized, artifacts, jpeg artifacts"
7785,horse,white horse,walking,a parking lot,3/4 view,nighttime under streetlights,clean,a detailed photograph,"a detailed photograph of a white horse walking in a parking lot, 3/4 view, nighttime under streetlights. single main subject, photorealistic color photo, natural colors, realistic texture, sharp focus on subject, no people, no text, no watermark, no logo, no border, no collage, no CGI, no illustration.","text, watermark, logo, caption, signature, border, frame, collage, multiple panels, cartoon, illustration, CGI, 3d render, low-poly, painting, anime, surreal, deformed, duplicate objects, extra limbs, blurry, out of focus, noise, oversaturated, posterized, artifacts, jpeg artifacts"
7364,horse,pony,standing,a grassy field,slightly off-center framing,overcast daylight,clean,a finely detailed photo,"a finely detailed photo of a pony horse standing in a grassy field, slightly off-center framing, overcast daylight. single main subject, photorealistic color photo, natural colors, realistic texture, sharp focus on subject, no people, no text, no watermark, no logo, no border, no collage, no CGI, no illustration.","text, watermark, logo, caption, signature, border, frame, collage, multiple panels, cartoon, illustration, CGI, 3d render, low-poly, painting, anime, surreal, deformed, duplicate objects, extra limbs, blurry, out of focus, noise, oversaturated, posterized, artifacts, jpeg artifacts"
7699,horse,pony,running,an urban street,low angle,sunny afternoon,clean,a photorealistic color photo,"a photorealistic color photo of a pony horse running in an urban street, low angle, sunny afternoon. single main subject, photorealistic color photo, natural colors, realistic texture, sharp focus on subject, no people, no text, no watermark, no logo, no border, no collage, no CGI, no illustration.","text, watermark, logo, caption, signature, border, frame, collage, multiple panels, cartoon, illustration, CGI, 3d render, low-poly, painting, anime, surreal, deformed, duplicate objects, extra limbs, blurry, out of focus, noise, oversaturated, posterized, artifacts, jpeg artifacts"
7981,horse,draft horse,walking,a countryside road,3/4 view,overcast daylight,hard,a photorealistic color photo,"a photorealistic color photo of a draft horse walking in a countryside road, 3/4 view, overcast daylight. partially occluded by a foreground object. single main subject, photorealistic color photo, natural colors, realistic texture, sharp focus on subject, no people, no text, no watermark, no logo, no border, no collage, no CGI, no illustration.","text, watermark, logo, caption, signature, border, frame, collage, multiple panels, cartoon, illustration, CGI, 3d render, low-poly, painting, anime, surreal, deformed, duplicate objects, extra limbs, blurry, out of focus, noise, oversaturated, posterized, artifacts, jpeg artifacts"
7075,horse,brown horse,running,a grassy field,wide shot,nighttime under streetlights,clean,a professional photo,"a professional photo of a brown horse running in a grassy field, wide shot, nighttime under streetlights. single main subject, photorealistic color photo, natural colors, realistic texture, sharp focus on subject, no people, no text, no watermark, no logo, no border, no collage, no CGI, no illustration.","text, watermark, logo, caption, signature, border, frame, collage, multiple panels, cartoon, illustration, CGI, 3d render, low-poly, painting, anime, surreal, deformed, duplicate objects, extra limbs, blurry, out of focus, noise, oversaturated, posterized, artifacts, jpeg artifacts"
7227,horse,brown horse,walking,a lakeside shore,high angle,golden hour,clean,a detailed photograph,"a detailed photograph of a brown horse walking in a lakeside shore, high angle, golden hour. single main subject, photorealistic color photo, natural colors, realistic texture, sharp focus on subject, no people, no text, no watermark, no logo, no border, no collage, no CGI, no illustration.","text, watermark, logo, caption, signature, border, frame, collage, multiple panels, cartoon, illustration, CGI, 3d render, low-poly, painting, anime, surreal, deformed, duplicate objects, extra limbs, blurry, out of focus, noise, oversaturated, posterized, artifacts, jpeg artifacts"
7781,horse,pony,running,a parking lot,side profile,overcast daylight,clean,a finely detailed photo,"a finely detailed photo of a pony horse running in a parking lot, side profile, overcast daylight. single main subject, photorealistic color photo, natural colors, realistic texture, sharp focus on subject, no people, no text, no watermark, no logo, no border, no collage, no CGI, no illustration.","text, watermark, logo, caption, signature, border, frame, collage, multiple panels, cartoon, illustration, CGI, 3d render, low-poly, painting, anime, surreal, deformed, duplicate objects, extra limbs, blurry, out of focus, noise, oversaturated, posterized, artifacts, jpeg artifacts"
7629,horse,racehorse,grazing,a wet roadway after rain,3/4 view,backlit rim light,clean,a professional photo,"a professional photo of a racehorse grazing in a wet roadway after rain, 3/4 view, backlit rim light. single main subject, photorealistic color photo, natural colors, realistic texture, sharp focus on subject, no people, no text, no watermark, no logo, no border, no collage, no CGI, no illustration.","text, watermark, logo, caption, signature, border, frame, collage, multiple panels, cartoon, illustration, CGI, 3d render, low-poly, painting, anime, surreal, deformed, duplicate objects, extra limbs, blurry, out of focus, noise, oversaturated, posterized, artifacts, jpeg artifacts"
7196,horse,draft horse,running,a suburban neighborhood,low angle,indoor soft window light,clean,a professional photo,"a professional photo of a draft horse running in a suburban neighborhood, low angle, indoor soft window light. single main subject, photorealistic color photo, natural colors, realistic texture, sharp focus on subject, no people, no text, no watermark, no logo, no border, no collage, no CGI, no illustration.","text, watermark, logo, caption, signature, border, frame, collage, multiple panels, cartoon, illustration, CGI, 3d render, low-poly, painting, anime, surreal, deformed, duplicate objects, extra limbs, blurry, out of focus, noise, oversaturated, posterized, artifacts, jpeg artifacts"
7197,horse,white horse,grazing,a suburban neighborhood,slightly off-center framing,rainy with wet reflections,clean,a finely detailed photo,"a finely detailed photo of a white horse grazing in a suburban neighborhood, slightly off-center framing, rainy with wet reflections. single main subject, photorealistic color photo, natural colors, realistic texture, sharp focus on subject, no people, no text, no watermark, no logo, no border, no collage, no CGI, no illustration.","text, watermark, logo, caption, signature, border, frame, collage, multiple panels, cartoon, illustration, CGI, 3d render, low-poly, painting, anime, surreal, deformed, duplicate objects, extra limbs, blurry, out of focus, noise, oversaturated, posterized, artifacts, jpeg artifacts"
7714,horse,racehorse,walking,a lakeside shore,low angle,golden hour,clean,a detailed photograph,"a detailed photograph of a racehorse walking in a lakeside shore, low angle, golden hour. single main subject, photorealistic color photo, natural colors, realistic texture, sharp focus on subject, no people, no text, no watermark, no logo, no border, no collage, no CGI, no illustration.","text, watermark, logo, caption, signature, border, frame, collage, multiple panels, cartoon, illustration, CGI, 3d render, low-poly, painting, anime, surreal, deformed, duplicate objects, extra limbs, blurry, out of focus, noise, oversaturated, posterized, artifacts, jpeg artifacts"
7922,horse,draft horse,grazing,a suburban neighborhood,wide shot,indoor soft window light,hard,a professional photo,"a professional photo of a draft horse grazing in a suburban neighborhood, wide shot, indoor soft window light. slight motion blur. single main subject, photorealistic color photo, natural colors, realistic texture, sharp focus on subject, no people, no text, no watermark, no logo, no border, no collage, no CGI, no illustration.","text, watermark, logo, caption, signature, border, frame, collage, multiple panels, cartoon, illustration, CGI, 3d render, low-poly, painting, anime, surreal, deformed, duplicate objects, extra limbs, blurry, out of focus, noise, oversaturated, posterized, artifacts, jpeg artifacts"
7243,horse,brown horse,grazing,a lakeside shore,low angle,backlit rim light,clean,an ultra-realistic rendering,"an ultra-realistic rendering of a brown horse grazing in a lakeside shore, low angle, backlit rim light. single main subject, photorealistic color photo, natural colors, realistic texture, sharp focus on subject, no people, no text, no watermark, no logo, no border, no collage, no CGI, no illustration.","text, watermark, logo, caption, signature, border, frame, collage, multiple panels, cartoon, illustration, CGI, 3d render, low-poly, painting, anime, surreal, deformed, duplicate objects, extra limbs, blurry, out of focus, noise, oversaturated, posterized, artifacts, jpeg artifacts"
7913,horse,racehorse,walking,an urban street,3/4 view,indoor soft window light,hard,a finely detailed photo,"a finely detailed photo of a racehorse walking in an urban street, 3/4 view, indoor soft window light. cropped slightly. single main subject, photorealistic color photo, natural colors, realistic texture, sharp focus on subject, no people, no text, no watermark, no logo, no border, no collage, no CGI, no illustration.","text, watermark, logo, caption, signature, border, frame, collage, multiple panels, cartoon, illustration, CGI, 3d render, low-poly, painting, anime, surreal, deformed, duplicate objects, extra limbs, blurry, out of focus, noise, oversaturated, posterized, artifacts, jpeg artifacts"
7117,horse,brown horse,running,an urban street,front view,nighttime under streetlights,clean,a high-quality image,"a high-quality image of a brown horse running in an urban street, front view, nighttime under streetlights. single main subject, photorealistic color photo, natural colors, realistic texture, sharp focus on subject, no people, no text, no watermark, no logo, no border, no collage, no CGI, no illustration.","text, watermark, logo, caption, signature, border, frame, collage, multiple panels, cartoon, illustration, CGI, 3d render, low-poly, painting, anime, surreal, deformed, duplicate objects, extra limbs, blurry, out of focus, noise, oversaturated, posterized, artifacts, jpeg artifacts"
7735,horse,wild horse,standing,a city park,wide shot,foggy morning,clean,a finely detailed photo,"a finely detailed photo of a wild horse standing in a city park, wide shot, foggy morning. single main subject, photorealistic color photo, natural colors, realistic texture, sharp focus on subject, no people, no text, no watermark, no logo, no border, no collage, no CGI, no illustration.","text, watermark, logo, caption, signature, border, frame, collage, multiple panels, cartoon, illustration, CGI, 3d render, low-poly, painting, anime, surreal, deformed, duplicate objects, extra limbs, blurry, out of focus, noise, oversaturated, posterized, artifacts, jpeg artifacts"
7929,horse,white horse,walking,a parking lot,cropped at the edge of the frame,foggy morning,hard,a high-quality image,"a high-quality image of a white horse walking in a parking lot, cropped at the edge of the frame, foggy morning. slight motion blur. single main subject, photorealistic color photo, natural colors, realistic texture, sharp focus on subject, no people, no text, no watermark, no logo, no border, no collage, no CGI, no illustration.","text, watermark, logo, caption, signature, border, frame, collage, multiple panels, cartoon, illustration, CGI, 3d render, low-poly, painting, anime, surreal, deformed, duplicate objects, extra limbs, blurry, out of focus, noise, oversaturated, posterized, artifacts, jpeg artifacts"
7363,horse,draft horse,standing,a countryside road,wide shot,golden hour,clean,an ultra-realistic rendering,"an ultra-realistic rendering of a draft horse standing in a countryside road, wide shot, golden hour. single main subject, photorealistic color photo, natural colors, realistic texture, sharp focus on subject, no people, no text, no watermark, no logo, no border, no collage, no CGI, no illustration.","text, watermark, logo, caption, signature, border, frame, collage, multiple panels, cartoon, illustration, CGI, 3d render, low-poly, painting, anime, surreal, deformed, duplicate objects, extra limbs, blurry, out of focus, noise, oversaturated, posterized, artifacts, jpeg artifacts"
7843,horse,draft horse,standing,a grassy field,high angle,golden hour,hard,an ultra-realistic rendering,"an ultra-realistic rendering of a draft horse standing in a grassy field, high angle, golden hour. in the distance. single main subject, photorealistic color photo, natural colors, realistic texture, sharp focus on subject, no people, no text, no watermark, no logo, no border, no collage, no CGI, no illustration.","text, watermark, logo, caption, signature, border, frame, collage, multiple panels, cartoon, illustration, CGI, 3d render, low-poly, painting, anime, surreal, deformed, duplicate objects, extra limbs, blurry, out of focus, noise, oversaturated, posterized, artifacts, jpeg artifacts"
7473,horse,wild horse,grazing,a lakeside shore,side profile,golden hour,clean,a detailed photograph,"a detailed photograph of a wild horse grazing in a lakeside shore, side profile, golden hour. single main subject, photorealistic color photo, natural colors, realistic texture, sharp focus on subject, no people, no text, no watermark, no logo, no border, no collage, no CGI, no illustration.","text, watermark, logo, caption, signature, border, frame, collage, multiple panels, cartoon, illustration, CGI, 3d render, low-poly, painting, anime, surreal, deformed, duplicate objects, extra limbs, blurry, out of focus, noise, oversaturated, posterized, artifacts, jpeg artifacts"
7994,horse,wild horse,walking,a lakeside shore,close-up,rainy with wet reflections,hard,a photorealistic color photo,"a photorealistic color photo of a wild horse walking in a lakeside shore, close-up, rainy with wet reflections. partially occluded by a foreground object. single main subject, photorealistic color photo, natural colors, realistic texture, sharp focus on subject, no people, no text, no watermark, no logo, no border, no collage, no CGI, no illustration.","text, watermark, logo, caption, signature, border, frame, collage, multiple panels, cartoon, illustration, CGI, 3d render, low-poly, painting, anime, surreal, deformed, duplicate objects, extra limbs, blurry, out of focus, noise, oversaturated, posterized, artifacts, jpeg artifacts"
7474,horse,wild horse,walking,a forest clearing,3/4 view,foggy morning,clean,a detailed photograph,"a detailed photograph of a wild horse walking in a forest clearing, 3/4 view, foggy morning. single main subject, photorealistic color photo, natural colors, realistic texture, sharp focus on subject, no people, no text, no watermark, no logo, no border, no collage, no CGI, no illustration.","text, watermark, logo, caption, signature, border, frame, collage, multiple panels, cartoon, illustration, CGI, 3d render, low-poly, painting, anime, surreal, deformed, duplicate objects, extra limbs, blurry, out of focus, noise, oversaturated, posterized, artifacts, jpeg artifacts"
7770,horse,white horse,walking,a lakeside shore,low angle,foggy morning,clean,a professional photo,"a professional photo of a white horse walking in a lakeside shore, low angle, foggy morning. single main subject, photorealistic color photo, natural colors, realistic texture, sharp focus on subject, no people, no text, no watermark, no logo, no border, no collage, no CGI, no illustration.","text, watermark, logo, caption, signature, border, frame, collage, multiple panels, cartoon, illustration, CGI, 3d render, low-poly, painting, anime, surreal, deformed, duplicate objects, extra limbs, blurry, out of focus, noise, oversaturated, posterized, artifacts, jpeg artifacts"
7604,horse,white horse,standing,a gravel lot,low angle,rainy with wet reflections,clean,an ultra-realistic rendering,"an ultra-realistic rendering of a white horse standing in a gravel lot, low angle, rainy with wet reflections. single main subject, photorealistic color photo, natural colors, realistic texture, sharp focus on subject, no people, no text, no watermark, no logo, no border, no collage, no CGI, no illustration.","text, watermark, logo, caption, signature, border, frame, collage, multiple panels, cartoon, illustration, CGI, 3d render, low-poly, painting, anime, surreal, deformed, duplicate objects, extra limbs, blurry, out of focus, noise, oversaturated, posterized, artifacts, jpeg artifacts"
7396,horse,draft horse,grazing,a wet roadway after rain,front view,indoor soft window light,clean,an ultra-realistic rendering,"an ultra-realistic rendering of a draft horse grazing in a wet roadway after rain, front view, indoor soft window light. single main subject, photorealistic color photo, natural colors, realistic texture, sharp focus on subject, no people, no text, no watermark, no logo, no border, no collage, no CGI, no illustration.","text, watermark, logo, caption, signature, border, frame, collage, multiple panels, cartoon, illustration, CGI, 3d render, low-poly, painting, anime, surreal, deformed, duplicate objects, extra limbs, blurry, out of focus, noise, oversaturated, posterized, artifacts, jpeg artifacts"
7380,horse,brown horse,grazing,a parking lot,side profile,overcast daylight,clean,a detailed photograph,"a detailed photograph of a brown horse grazing in a parking lot, side profile, overcast daylight. single main subject, photorealistic color photo, natural colors, realistic texture, sharp focus on subject, no people, no text, no watermark, no logo, no border, no collage, no CGI, no illustration.","text, watermark, logo, caption, signature, border, frame, collage, multiple panels, cartoon, illustration, CGI, 3d render, low-poly, painting, anime, surreal, deformed, duplicate objects, extra limbs, blurry, out of focus, noise, oversaturated, posterized, artifacts, jpeg artifacts"
7351,horse,brown horse,walking,a gravel lot,close-up,nighttime under streetlights,clean,a high-quality image,"a high-quality image of a brown horse walking in a gravel lot, close-up, nighttime under streetlights. single main subject, photorealistic color photo, natural colors, realistic texture, sharp focus on subject, no people, no text, no watermark, no logo, no border, no collage, no CGI, no illustration.","text, watermark, logo, caption, signature, border, frame, collage, multiple panels, cartoon, illustration, CGI, 3d render, low-poly, painting, anime, surreal, deformed, duplicate objects, extra limbs, blurry, out of focus, noise, oversaturated, posterized, artifacts, jpeg artifacts"
7241,horse,brown horse,running,a parking lot,low angle,sunny afternoon,clean,a photorealistic color photo,"a photorealistic color photo of a brown horse running in a parking lot, low angle, sunny afternoon. single main subject, photorealistic color photo, natural colors, realistic texture, sharp focus on subject, no people, no text, no watermark, no logo, no border, no collage, no CGI, no illustration.","text, watermark, logo, caption, signature, border, frame, collage, multiple panels, cartoon, illustration, CGI, 3d render, low-poly, painting, anime, surreal, deformed, duplicate objects, extra limbs, blurry, out of focus, noise, oversaturated, posterized, artifacts, jpeg artifacts"
7154,horse,pony,grazing,a quiet residential street,close-up,rainy with wet reflections,clean,a finely detailed photo,"a finely detailed photo of a pony horse grazing in a quiet residential street, close-up, rainy with wet reflections. single main subject, photorealistic color photo, natural colors, realistic texture, sharp focus on subject, no people, no text, no watermark, no logo, no border, no collage, no CGI, no illustration.","text, watermark, logo, caption, signature, border, frame, collage, multiple panels, cartoon, illustration, CGI, 3d render, low-poly, painting, anime, surreal, deformed, duplicate objects, extra limbs, blurry, out of focus, noise, oversaturated, posterized, artifacts, jpeg artifacts"
7659,horse,white horse,grazing,a gravel lot,low angle,backlit rim light,clean,a professional photo,"a professional photo of a white horse grazing in a gravel lot, low angle, backlit rim light. single main subject, photorealistic color photo, natural colors, realistic texture, sharp focus on subject, no people, no text, no watermark, no logo, no border, no collage, no CGI, no illustration.","text, watermark, logo, caption, signature, border, frame, collage, multiple panels, cartoon, illustration, CGI, 3d render, low-poly, painting, anime, surreal, deformed, duplicate objects, extra limbs, blurry, out of focus, noise, oversaturated, posterized, artifacts, jpeg artifacts"
7073,horse,racehorse,walking,a countryside road,high angle,rainy with wet reflections,clean,a photorealistic color photo,"a photorealistic color photo of a racehorse walking in a countryside road, high angle, rainy with wet reflections. single main subject, photorealistic color photo, natural colors, realistic texture, sharp focus on subject, no people, no text, no watermark, no logo, no border, no collage, no CGI, no illustration.","text, watermark, logo, caption, signature, border, frame, collage, multiple panels, cartoon, illustration, CGI, 3d render, low-poly, painting, anime, surreal, deformed, duplicate objects, extra limbs, blurry, out of focus, noise, oversaturated, posterized, artifacts, jpeg artifacts"
7755,horse,white horse,standing,a wet roadway after rain,wide shot,indoor soft window light,clean,an ultra-realistic rendering,"an ultra-realistic rendering of a white horse standing in a wet roadway after rain, wide shot, indoor soft window light. single main subject, photorealistic color photo, natural colors, realistic texture, sharp focus on subject, no people, no text, no watermark, no logo, no border, no collage, no CGI, no illustration.","text, watermark, logo, caption, signature, border, frame, collage, multiple panels, cartoon, illustration, CGI, 3d render, low-poly, painting, anime, surreal, deformed, duplicate objects, extra limbs, blurry, out of focus, noise, oversaturated, posterized, artifacts, jpeg artifacts"
7446,horse,wild horse,standing,a city park,front view,rainy with wet reflections,clean,a professional photo,"a professional photo of a wild horse standing in a city park, front view, rainy with wet reflections. single main subject, photorealistic color photo, natural colors, realistic texture, sharp focus on subject, no people, no text, no watermark, no logo, no border, no collage, no CGI, no illustration.","text, watermark, logo, caption, signature, border, frame, collage, multiple panels, cartoon, illustration, CGI, 3d render, low-poly, painting, anime, surreal, deformed, duplicate objects, extra limbs, blurry, out of focus, noise, oversaturated, posterized, artifacts, jpeg artifacts"
7433,horse,white horse,standing,a sandy beach,low angle,foggy morning,clean,an ultra-realistic rendering,"an ultra-realistic rendering of a white horse standing in a sandy beach, low angle, foggy morning. single main subject, photorealistic color photo, natural colors, realistic texture, sharp focus on subject, no people, no text, no watermark, no logo, no border, no collage, no CGI, no illustration.","text, watermark, logo, caption, signature, border, frame, collage, multiple panels, cartoon, illustration, CGI, 3d render, low-poly, painting, anime, surreal, deformed, duplicate objects, extra limbs, blurry, out of focus, noise, oversaturated, posterized, artifacts, jpeg artifacts"
7148,horse,wild horse,running,a backyard,low angle,overcast daylight,clean,a high-quality image,"a high-quality image of a wild horse running in a backyard, low angle, overcast daylight. single main subject, photorealistic color photo, natural colors, realistic texture, sharp focus on subject, no people, no text, no watermark, no logo, no border, no collage, no CGI, no illustration.","text, watermark, logo, caption, signature, border, frame, collage, multiple panels, cartoon, illustration, CGI, 3d render, low-poly, painting, anime, surreal, deformed, duplicate objects, extra limbs, blurry, out of focus, noise, oversaturated, posterized, artifacts, jpeg artifacts"
7417,horse,racehorse,walking,a lakeside shore,close-up,sunny afternoon,clean,a photorealistic color photo,"a photorealistic color photo of a racehorse walking in a lakeside shore, close-up, sunny afternoon. single main subject, photorealistic color photo, natural colors, realistic texture, sharp focus on subject, no people, no text, no watermark, no logo, no border, no collage, no CGI, no illustration.","text, watermark, logo, caption, signature, border, frame, collage, multiple panels, cartoon, illustration, CGI, 3d render, low-poly, painting, anime, surreal, deformed, duplicate objects, extra limbs, blurry, out of focus, noise, oversaturated, posterized, artifacts, jpeg artifacts"
7817,horse,racehorse,running,an urban street,cropped at the edge of the frame,rainy with wet reflections,hard,a finely detailed photo,"a finely detailed photo of a racehorse running in an urban street, cropped at the edge of the frame, rainy with wet reflections. in the distance. single main subject, photorealistic color photo, natural colors, realistic texture, sharp focus on subject, no people, no text, no watermark, no logo, no border, no collage, no CGI, no illustration.","text, watermark, logo, caption, signature, border, frame, collage, multiple panels, cartoon, illustration, CGI, 3d render, low-poly, painting, anime, surreal, deformed, duplicate objects, extra limbs, blurry, out of focus, noise, oversaturated, posterized, artifacts, jpeg artifacts"
7915,horse,wild horse,running,a wet roadway after rain,low angle,indoor soft window light,hard,a professional photo,"a professional photo of a wild horse running in a wet roadway after rain, low angle, indoor soft window light. in the distance. single main subject, photorealistic color photo, natural colors, realistic texture, sharp focus on subject, no people, no text, no watermark, no logo, no border, no collage, no CGI, no illustration.","text, watermark, logo, caption, signature, border, frame, collage, multiple panels, cartoon, illustration, CGI, 3d render, low-poly, painting, anime, surreal, deformed, duplicate objects, extra limbs, blurry, out of focus, noise, oversaturated, posterized, artifacts, jpeg artifacts"
7014,horse,brown horse,grazing,a gravel lot,slightly off-center framing,sunny afternoon,clean,an ultra-realistic rendering,"an ultra-realistic rendering of a brown horse grazing in a gravel lot, slightly off-center framing, sunny afternoon. single main subject, photorealistic color photo, natural colors, realistic texture, sharp focus on subject, no people, no text, no watermark, no logo, no border, no collage, no CGI, no illustration.","text, watermark, logo, caption, signature, border, frame, collage, multiple panels, cartoon, illustration, CGI, 3d render, low-poly, painting, anime, surreal, deformed, duplicate objects, extra limbs, blurry, out of focus, noise, oversaturated, posterized, artifacts, jpeg artifacts"
7513,horse,racehorse,grazing,a lakeside shore,low angle,backlit rim light,clean,a photorealistic color photo,"a photorealistic color photo of a racehorse grazing in a lakeside shore, low angle, backlit rim light. single main subject, photorealistic color photo, natural colors, realistic texture, sharp focus on subject, no people, no text, no watermark, no logo, no border, no collage, no CGI, no illustration.","text, watermark, logo, caption, signature, border, frame, collage, multiple panels, cartoon, illustration, CGI, 3d render, low-poly, painting, anime, surreal, deformed, duplicate objects, extra limbs, blurry, out of focus, noise, oversaturated, posterized, artifacts, jpeg artifacts"
7803,horse,racehorse,grazing,a backyard,3/4 view,nighttime under streetlights,hard,a high-quality image,"a high-quality image of a racehorse grazing in a backyard, 3/4 view, nighttime under streetlights. busy background but still one main subject. single main subject, photorealistic color photo, natural colors, realistic texture, sharp focus on subject, no people, no text, no watermark, no logo, no border, no collage, no CGI, no illustration.","text, watermark, logo, caption, signature, border, frame, collage, multiple panels, cartoon, illustration, CGI, 3d render, low-poly, painting, anime, surreal, deformed, duplicate objects, extra limbs, blurry, out of focus, noise, oversaturated, posterized, artifacts, jpeg artifacts"
7573,horse,draft horse,standing,a wet roadway after rain,front view,indoor soft window light,clean,a finely detailed photo,"a finely detailed photo of a draft horse standing in a wet roadway after rain, front view, indoor soft window light. single main subject, photorealistic color photo, natural colors, realistic texture, sharp focus on subject, no people, no text, no watermark, no logo, no border, no collage, no CGI, no illustration.","text, watermark, logo, caption, signature, border, frame, collage, multiple panels, cartoon, illustration, CGI, 3d render, low-poly, painting, anime, surreal, deformed, duplicate objects, extra limbs, blurry, out of focus, noise, oversaturated, posterized, artifacts, jpeg artifacts"
7577,horse,racehorse,walking,a quiet residential street,slightly off-center framing,backlit rim light,clean,an ultra-realistic rendering,"an ultra-realistic rendering of a racehorse walking in a quiet residential street, slightly off-center framing, backlit rim light. single main subject, photorealistic color photo, natural colors, realistic texture, sharp focus on subject, no people, no text, no watermark, no logo, no border, no collage, no CGI, no illustration.","text, watermark, logo, caption, signature, border, frame, collage, multiple panels, cartoon, illustration, CGI, 3d render, low-poly, painting, anime, surreal, deformed, duplicate objects, extra limbs, blurry, out of focus, noise, oversaturated, posterized, artifacts, jpeg artifacts"
7107,horse,racehorse,running,a lakeside shore,close-up,backlit rim light,clean,a finely detailed photo,"a finely detailed photo of a racehorse running in a lakeside shore, close-up, backlit rim light. single main subject, photorealistic color photo, natural colors, realistic texture, sharp focus on subject, no people, no text, no watermark, no logo, no border, no collage, no CGI, no illustration.","text, watermark, logo, caption, signature, border, frame, collage, multiple panels, cartoon, illustration, CGI, 3d render, low-poly, painting, anime, surreal, deformed, duplicate objects, extra limbs, blurry, out of focus, noise, oversaturated, posterized, artifacts, jpeg artifacts"
7238,horse,pony,running,a forest clearing,high angle,sunny afternoon,clean,a photorealistic color photo,"a photorealistic color photo of a pony horse running in a forest clearing, high angle, sunny afternoon. single main subject, photorealistic color photo, natural colors, realistic texture, sharp focus on subject, no people, no text, no watermark, no logo, no border, no collage, no CGI, no illustration.","text, watermark, logo, caption, signature, border, frame, collage, multiple panels, cartoon, illustration, CGI, 3d render, low-poly, painting, anime, surreal, deformed, duplicate objects, extra limbs, blurry, out of focus, noise, oversaturated, posterized, artifacts, jpeg artifacts"
7911,horse,racehorse,walking,a gravel lot,cropped at the edge of the frame,backlit rim light,hard,a finely detailed photo,"a finely detailed photo of a racehorse walking in a gravel lot, cropped at the edge of the frame, backlit rim light. slight motion blur. single main subject, photorealistic color photo, natural colors, realistic texture, sharp focus on subject, no people, no text, no watermark, no logo, no border, no collage, no CGI, no illustration.","text, watermark, logo, caption, signature, border, frame, collage, multiple panels, cartoon, illustration, CGI, 3d render, low-poly, painting, anime, surreal, deformed, duplicate objects, extra limbs, blurry, out of focus, noise, oversaturated, posterized, artifacts, jpeg artifacts"
7367,horse,white horse,running,a wet roadway after rain,high angle,foggy morning,clean,a photorealistic color photo,"a photorealistic color photo of a white horse running in a wet roadway after rain, high angle, foggy morning. single main subject, photorealistic color photo, natural colors, realistic texture, sharp focus on subject, no people, no text, no watermark, no logo, no border, no collage, no CGI, no illustration.","text, watermark, logo, caption, signature, border, frame, collage, multiple panels, cartoon, illustration, CGI, 3d render, low-poly, painting, anime, surreal, deformed, duplicate objects, extra limbs, blurry, out of focus, noise, oversaturated, posterized, artifacts, jpeg artifacts"
7378,horse,pony,walking,a city park,side profile,sunny afternoon,clean,a finely detailed photo,"a finely detailed photo of a pony horse walking in a city park, side profile, sunny afternoon. single main subject, photorealistic color photo, natural colors, realistic texture, sharp focus on subject, no people, no text, no watermark, no logo, no border, no collage, no CGI, no illustration.","text, watermark, logo, caption, signature, border, frame, collage, multiple panels, cartoon, illustration, CGI, 3d render, low-poly, painting, anime, surreal, deformed, duplicate objects, extra limbs, blurry, out of focus, noise, oversaturated, posterized, artifacts, jpeg artifacts"
7960,horse,racehorse,standing,a suburban neighborhood,slightly off-center framing,foggy morning,hard,a professional photo,"a professional photo of a racehorse standing in a suburban neighborhood, slightly off-center framing, foggy morning. in the distance. single main subject, photorealistic color photo, natural colors, realistic texture, sharp focus on subject, no people, no text, no watermark, no logo, no border, no collage, no CGI, no illustration.","text, watermark, logo, caption, signature, border, frame, collage, multiple panels, cartoon, illustration, CGI, 3d render, low-poly, painting, anime, surreal, deformed, duplicate objects, extra limbs, blurry, out of focus, noise, oversaturated, posterized, artifacts, jpeg artifacts"
7372,horse,pony,running,a city park,3/4 view,overcast daylight,clean,a finely detailed photo,"a finely detailed photo of a pony horse running in a city park, 3/4 view, overcast daylight. single main subject, photorealistic color photo, natural colors, realistic texture, sharp focus on subject, no people, no text, no watermark, no logo, no border, no collage, no CGI, no illustration.","text, watermark, logo, caption, signature, border, frame, collage, multiple panels, cartoon, illustration, CGI, 3d render, low-poly, painting, anime, surreal, deformed, duplicate objects, extra limbs, blurry, out of focus, noise, oversaturated, posterized, artifacts, jpeg artifacts"
7269,horse,white horse,running,a gravel lot,side profile,foggy morning,clean,an ultra-realistic rendering,"an ultra-realistic rendering of a white horse running in a gravel lot, side profile, foggy morning. single main subject, photorealistic color photo, natural colors, realistic texture, sharp focus on subject, no people, no text, no watermark, no logo, no border, no collage, no CGI, no illustration.","text, watermark, logo, caption, signature, border, frame, collage, multiple panels, cartoon, illustration, CGI, 3d render, low-poly, painting, anime, surreal, deformed, duplicate objects, extra limbs, blurry, out of focus, noise, oversaturated, posterized, artifacts, jpeg artifacts"
7282,horse,pony,walking,a backyard,high angle,backlit rim light,clean,a detailed photograph,"a detailed photograph of a pony horse walking in a backyard, high angle, backlit rim light. single main subject, photorealistic color photo, natural colors, realistic texture, sharp focus on subject, no people, no text, no watermark, no logo, no border, no collage, no CGI, no illustration.","text, watermark, logo, caption, signature, border, frame, collage, multiple panels, cartoon, illustration, CGI, 3d render, low-poly, painting, anime, surreal, deformed, duplicate objects, extra limbs, blurry, out of focus, noise, oversaturated, posterized, artifacts, jpeg artifacts"
7707,horse,racehorse,grazing,a quiet residential street,close-up,nighttime under streetlights,clean,a detailed photograph,"a detailed photograph of a racehorse grazing in a quiet residential street, close-up, nighttime under streetlights. single main subject, photorealistic color photo, natural colors, realistic texture, sharp focus on subject, no people, no text, no watermark, no logo, no border, no collage, no CGI, no illustration.","text, watermark, logo, caption, signature, border, frame, collage, multiple panels, cartoon, illustration, CGI, 3d render, low-poly, painting, anime, surreal, deformed, duplicate objects, extra limbs, blurry, out of focus, noise, oversaturated, posterized, artifacts, jpeg artifacts"
7293,horse,racehorse,running,a suburban neighborhood,low angle,rainy with wet reflections,clean,an ultra-realistic rendering,"an ultra-realistic rendering of a racehorse running in a suburban neighborhood, low angle, rainy with wet reflections. single main subject, photorealistic color photo, natural colors, realistic texture, sharp focus on subject, no people, no text, no watermark, no logo, no border, no collage, no CGI, no illustration.","text, watermark, logo, caption, signature, border, frame, collage, multiple panels, cartoon, illustration, CGI, 3d render, low-poly, painting, anime, surreal, deformed, duplicate objects, extra limbs, blurry, out of focus, noise, oversaturated, posterized, artifacts, jpeg artifacts"
7283,horse,pony,walking,a parking lot,close-up,indoor soft window light,clean,a professional photo,"a professional photo of a pony horse walking in a parking lot, close-up, indoor soft window light. single main subject, photorealistic color photo, natural colors, realistic texture, sharp focus on subject, no people, no text, no watermark, no logo, no border, no collage, no CGI, no illustration.","text, watermark, logo, caption, signature, border, frame, collage, multiple panels, cartoon, illustration, CGI, 3d render, low-poly, painting, anime, surreal, deformed, duplicate objects, extra limbs, blurry, out of focus, noise, oversaturated, posterized, artifacts, jpeg artifacts"
7774,horse,draft horse,grazing,a parking lot,side profile,overcast daylight,clean,a photorealistic color photo,"a photorealistic color photo of a draft horse grazing in a parking lot, side profile, overcast daylight. single main subject, photorealistic color photo, natural colors, realistic texture, sharp focus on subject, no people, no text, no watermark, no logo, no border, no collage, no CGI, no illustration.","text, watermark, logo, caption, signature, border, frame, collage, multiple panels, cartoon, illustration, CGI, 3d render, low-poly, painting, anime, surreal, deformed, duplicate objects, extra limbs, blurry, out of focus, noise, oversaturated, posterized, artifacts, jpeg artifacts"
7366,horse,draft horse,grazing,a countryside road,slightly off-center framing,backlit rim light,clean,a high-quality image,"a high-quality image of a draft horse grazing in a countryside road, slightly off-center framing, backlit rim light. single main subject, photorealistic color photo, natural colors, realistic texture, sharp focus on subject, no people, no text, no watermark, no logo, no border, no collage, no CGI, no illustration.","text, watermark, logo, caption, signature, border, frame, collage, multiple panels, cartoon, illustration, CGI, 3d render, low-poly, painting, anime, surreal, deformed, duplicate objects, extra limbs, blurry, out of focus, noise, oversaturated, posterized, artifacts, jpeg artifacts"
7240,horse,brown horse,standing,a gravel lot,3/4 view,backlit rim light,clean,a high-quality image,"a high-quality image of a brown horse standing in a gravel lot, 3/4 view, backlit rim light. single main subject, photorealistic color photo, natural colors, realistic texture, sharp focus on subject, no people, no text, no watermark, no logo, no border, no collage, no CGI, no illustration.","text, watermark, logo, caption, signature, border, frame, collage, multiple panels, cartoon, illustration, CGI, 3d render, low-poly, painting, anime, surreal, deformed, duplicate objects, extra limbs, blurry, out of focus, noise, oversaturated, posterized, artifacts, jpeg artifacts"
7042,horse,brown horse,standing,a backyard,side profile,backlit rim light,clean,a finely detailed photo,"a finely detailed photo of a brown horse standing in a backyard, side profile, backlit rim light. single main subject, photorealistic color photo, natural colors, realistic texture, sharp focus on subject, no people, no text, no watermark, no logo, no border, no collage, no CGI, no illustration.","text, watermark, logo, caption, signature, border, frame, collage, multiple panels, cartoon, illustration, CGI, 3d render, low-poly, painting, anime, surreal, deformed, duplicate objects, extra limbs, blurry, out of focus, noise, oversaturated, posterized, artifacts, jpeg artifacts"
7794,horse,racehorse,standing,a countryside road,slightly off-center framing,rainy with wet reflections,clean,a high-quality image,"a high-quality image of a racehorse standing in a countryside road, slightly off-center framing, rainy with wet reflections. single main subject, photorealistic color photo, natural colors, realistic texture, sharp focus on subject, no people, no text, no watermark, no logo, no border, no collage, no CGI, no illustration.","text, watermark, logo, caption, signature, border, frame, collage, multiple panels, cartoon, illustration, CGI, 3d render, low-poly, painting, anime, surreal, deformed, duplicate objects, extra limbs, blurry, out of focus, noise, oversaturated, posterized, artifacts, jpeg artifacts"
7080,horse,pony,standing,a sandy beach,3/4 view,indoor soft window light,clean,a finely detailed photo,"a finely detailed photo of a pony horse standing in a sandy beach, 3/4 view, indoor soft window light. single main subject, photorealistic color photo, natural colors, realistic texture, sharp focus on subject, no people, no text, no watermark, no logo, no border, no collage, no CGI, no illustration.","text, watermark, logo, caption, signature, border, frame, collage, multiple panels, cartoon, illustration, CGI, 3d render, low-poly, painting, anime, surreal, deformed, duplicate objects, extra limbs, blurry, out of focus, noise, oversaturated, posterized, artifacts, jpeg artifacts"
7391,horse,pony,grazing,a grassy field,3/4 view,golden hour,clean,a detailed photograph,"a detailed photograph of a pony horse grazing in a grassy field, 3/4 view, golden hour. single main subject, photorealistic color photo, natural colors, realistic texture, sharp focus on subject, no people, no text, no watermark, no logo, no border, no collage, no CGI, no illustration.","text, watermark, logo, caption, signature, border, frame, collage, multiple panels, cartoon, illustration, CGI, 3d render, low-poly, painting, anime, surreal, deformed, duplicate objects, extra limbs, blurry, out of focus, noise, oversaturated, posterized, artifacts, jpeg artifacts"
7494,horse,wild horse,walking,an industrial yard,close-up,foggy morning,clean,a detailed photograph,"a detailed photograph of a wild horse walking in an industrial yard, close-up, foggy morning. single main subject, photorealistic color photo, natural colors, realistic texture, sharp focus on subject, no people, no text, no watermark, no logo, no border, no collage, no CGI, no illustration.","text, watermark, logo, caption, signature, border, frame, collage, multiple panels, cartoon, illustration, CGI, 3d render, low-poly, painting, anime, surreal, deformed, duplicate objects, extra limbs, blurry, out of focus, noise, oversaturated, posterized, artifacts, jpeg artifacts"
7795,horse,racehorse,walking,a forest clearing,front view,rainy with wet reflections,clean,a professional photo,"a professional photo of a racehorse walking in a forest clearing, front view, rainy with wet reflections. single main subject, photorealistic color photo, natural colors, realistic texture, sharp focus on subject, no people, no text, no watermark, no logo, no border, no collage, no CGI, no illustration.","text, watermark, logo, caption, signature, border, frame, collage, multiple panels, cartoon, illustration, CGI, 3d render, low-poly, painting, anime, surreal, deformed, duplicate objects, extra limbs, blurry, out of focus, noise, oversaturated, posterized, artifacts, jpeg artifacts"
7493,horse,draft horse,grazing,a grassy field,side profile,foggy morning,clean,a finely detailed photo,"a finely detailed photo of a draft horse grazing in a grassy field, side profile, foggy morning. single main subject, photorealistic color photo, natural colors, realistic texture, sharp focus on subject, no people, no text, no watermark, no logo, no border, no collage, no CGI, no illustration.","text, watermark, logo, caption, signature, border, frame, collage, multiple panels, cartoon, illustration, CGI, 3d render, low-poly, painting, anime, surreal, deformed, duplicate objects, extra limbs, blurry, out of focus, noise, oversaturated, posterized, artifacts, jpeg artifacts"
7334,horse,wild horse,running,a city park,close-up,golden hour,clean,a detailed photograph,"a detailed photograph of a wild horse running in a city park, close-up, golden hour. single main subject, photorealistic color photo, natural colors, realistic texture, sharp focus on subject, no people, no text, no watermark, no logo, no border, no collage, no CGI, no illustration.","text, watermark, logo, caption, signature, border, frame, collage, multiple panels, cartoon, illustration, CGI, 3d render, low-poly, painting, anime, surreal, deformed, duplicate objects, extra limbs, blurry, out of focus, noise, oversaturated, posterized, artifacts, jpeg artifacts"
7971,horse,brown horse,walking,a countryside road,side profile,overcast daylight,hard,a photorealistic color photo,"a photorealistic color photo of a brown horse walking in a countryside road, side profile, overcast daylight. in the distance. single main subject, photorealistic color photo, natural colors, realistic texture, sharp focus on subject, no people, no text, no watermark, no logo, no border, no collage, no CGI, no illustration.","text, watermark, logo, caption, signature, border, frame, collage, multiple panels, cartoon, illustration, CGI, 3d render, low-poly, painting, anime, surreal, deformed, duplicate objects, extra limbs, blurry, out of focus, noise, oversaturated, posterized, artifacts, jpeg artifacts"
7579,horse,white horse,standing,a grassy field,side profile,sunny afternoon,clean,an ultra-realistic rendering,"an ultra-realistic rendering of a white horse standing in a grassy field, side profile, sunny afternoon. single main subject, photorealistic color photo, natural colors, realistic texture, sharp focus on subject, no people, no text, no watermark, no logo, no border, no collage, no CGI, no illustration.","text, watermark, logo, caption, signature, border, frame, collage, multiple panels, cartoon, illustration, CGI, 3d render, low-poly, painting, anime, surreal, deformed, duplicate objects, extra limbs, blurry, out of focus, noise, oversaturated, posterized, artifacts, jpeg artifacts"
7273,horse,draft horse,walking,a quiet residential street,slightly off-center framing,overcast daylight,clean,a detailed photograph,"a detailed photograph of a draft horse walking in a quiet residential street, slightly off-center framing, overcast daylight. single main subject, photorealistic color photo, natural colors, realistic texture, sharp focus on subject, no people, no text, no watermark, no logo, no border, no collage, no CGI, no illustration.","text, watermark, logo, caption, signature, border, frame, collage, multiple panels, cartoon, illustration, CGI, 3d render, low-poly, painting, anime, surreal, deformed, duplicate objects, extra limbs, blurry, out of focus, noise, oversaturated, posterized, artifacts, jpeg artifacts"
7228,horse,racehorse,grazing,a countryside road,front view,foggy morning,clean,an ultra-realistic rendering,"an ultra-realistic rendering of a racehorse grazing in a countryside road, front view, foggy morning. single main subject, photorealistic color photo, natural colors, realistic texture, sharp focus on subject, no people, no text, no watermark, no logo, no border, no collage, no CGI, no illustration.","text, watermark, logo, caption, signature, border, frame, collage, multiple panels, cartoon, illustration, CGI, 3d render, low-poly, painting, anime, surreal, deformed, duplicate objects, extra limbs, blurry, out of focus, noise, oversaturated, posterized, artifacts, jpeg artifacts"
7674,horse,brown horse,running,an urban street,low angle,rainy with wet reflections,clean,a professional photo,"a professional photo of a brown horse running in an urban street, low angle, rainy with wet reflections. single main subject, photorealistic color photo, natural colors, realistic texture, sharp focus on subject, no people, no text, no watermark, no logo, no border, no collage, no CGI, no illustration.","text, watermark, logo, caption, signature, border, frame, collage, multiple panels, cartoon, illustration, CGI, 3d render, low-poly, painting, anime, surreal, deformed, duplicate objects, extra limbs, blurry, out of focus, noise, oversaturated, posterized, artifacts, jpeg artifacts"
7998,horse,wild horse,running,an urban street,slightly off-center framing,rainy with wet reflections,hard,a professional photo,"a professional photo of a wild horse running in an urban street, slightly off-center framing, rainy with wet reflections. partially occluded by a foreground object. single main subject, photorealistic color photo, natural colors, realistic texture, sharp focus on subject, no people, no text, no watermark, no logo, no border, no collage, no CGI, no illustration.","text, watermark, logo, caption, signature, border, frame, collage, multiple panels, cartoon, illustration, CGI, 3d render, low-poly, painting, anime, surreal, deformed, duplicate objects, extra limbs, blurry, out of focus, noise, oversaturated, posterized, artifacts, jpeg artifacts"
7482,horse,white horse,running,a lakeside shore,high angle,nighttime under streetlights,clean,a detailed photograph,"a detailed photograph of a white horse running in a lakeside shore, high angle, nighttime under streetlights. single main subject, photorealistic color photo, natural colors, realistic texture, sharp focus on subject, no people, no text, no watermark, no logo, no border, no collage, no CGI, no illustration.","text, watermark, logo, caption, signature, border, frame, collage, multiple panels, cartoon, illustration, CGI, 3d render, low-poly, painting, anime, surreal, deformed, duplicate objects, extra limbs, blurry, out of focus, noise, oversaturated, posterized, artifacts, jpeg artifacts"
7919,horse,draft horse,running,a backyard,low angle,foggy morning,hard,an ultra-realistic rendering,"an ultra-realistic rendering of a draft horse running in a backyard, low angle, foggy morning. in the distance. single main subject, photorealistic color photo, natural colors, realistic texture, sharp focus on subject, no people, no text, no watermark, no logo, no border, no collage, no CGI, no illustration.","text, watermark, logo, caption, signature, border, frame, collage, multiple panels, cartoon, illustration, CGI, 3d render, low-poly, painting, anime, surreal, deformed, duplicate objects, extra limbs, blurry, out of focus, noise, oversaturated, posterized, artifacts, jpeg artifacts"
7392,horse,draft horse,grazing,a gravel lot,high angle,overcast daylight,clean,a photorealistic color photo,"a photorealistic color photo of a draft horse grazing in a gravel lot, high angle, overcast daylight. single main subject, photorealistic color photo, natural colors, realistic texture, sharp focus on subject, no people, no text, no watermark, no logo, no border, no collage, no CGI, no illustration.","text, watermark, logo, caption, signature, border, frame, collage, multiple panels, cartoon, illustration, CGI, 3d render, low-poly, painting, anime, surreal, deformed, duplicate objects, extra limbs, blurry, out of focus, noise, oversaturated, posterized, artifacts, jpeg artifacts"
7533,horse,draft horse,standing,a parking lot,close-up,rainy with wet reflections,clean,a high-quality image,"a high-quality image of a draft horse standing in a parking lot, close-up, rainy with wet reflections. single main subject, photorealistic color photo, natural colors, realistic texture, sharp focus on subject, no people, no text, no watermark, no logo, no border, no collage, no CGI, no illustration.","text, watermark, logo, caption, signature, border, frame, collage, multiple panels, cartoon, illustration, CGI, 3d render, low-poly, painting, anime, surreal, deformed, duplicate objects, extra limbs, blurry, out of focus, noise, oversaturated, posterized, artifacts, jpeg artifacts"
7253,horse,racehorse,walking,an industrial yard,wide shot,indoor soft window light,clean,a high-quality image,"a high-quality image of a racehorse walking in an industrial yard, wide shot, indoor soft window light. single main subject, photorealistic color photo, natural colors, realistic texture, sharp focus on subject, no people, no text, no watermark, no logo, no border, no collage, no CGI, no illustration.","text, watermark, logo, caption, signature, border, frame, collage, multiple panels, cartoon, illustration, CGI, 3d render, low-poly, painting, anime, surreal, deformed, duplicate objects, extra limbs, blurry, out of focus, noise, oversaturated, posterized, artifacts, jpeg artifacts"
7165,horse,racehorse,walking,a parking lot,side profile,golden hour,clean,a high-quality image,"a high-quality image of a racehorse walking in a parking lot, side profile, golden hour. single main subject, photorealistic color photo, natural colors, realistic texture, sharp focus on subject, no people, no text, no watermark, no logo, no border, no collage, no CGI, no illustration.","text, watermark, logo, caption, signature, border, frame, collage, multiple panels, cartoon, illustration, CGI, 3d render, low-poly, painting, anime, surreal, deformed, duplicate objects, extra limbs, blurry, out of focus, noise, oversaturated, posterized, artifacts, jpeg artifacts"
7390,horse,draft horse,grazing,a grassy field,low angle,foggy morning,clean,a photorealistic color photo,"a photorealistic color photo of a draft horse grazing in a grassy field, low angle, foggy morning. single main subject, photorealistic color photo, natural colors, realistic texture, sharp focus on subject, no people, no text, no watermark, no logo, no border, no collage, no CGI, no illustration.","text, watermark, logo, caption, signature, border, frame, collage, multiple panels, cartoon, illustration, CGI, 3d render, low-poly, painting, anime, surreal, deformed, duplicate objects, extra limbs, blurry, out of focus, noise, oversaturated, posterized, artifacts, jpeg artifacts"
7145,horse,draft horse,grazing,a wet roadway after rain,slightly off-center framing,sunny afternoon,clean,an ultra-realistic rendering,"an ultra-realistic rendering of a draft horse grazing in a wet roadway after rain, slightly off-center framing, sunny afternoon. single main subject, photorealistic color photo, natural colors, realistic texture, sharp focus on subject, no people, no text, no watermark, no logo, no border, no collage, no CGI, no illustration.","text, watermark, logo, caption, signature, border, frame, collage, multiple panels, cartoon, illustration, CGI, 3d render, low-poly, painting, anime, surreal, deformed, duplicate objects, extra limbs, blurry, out of focus, noise, oversaturated, posterized, artifacts, jpeg artifacts"
7726,horse,draft horse,walking,a suburban neighborhood,wide shot,rainy with wet reflections,clean,a detailed photograph,"a detailed photograph of a draft horse walking in a suburban neighborhood, wide shot, rainy with wet reflections. single main subject, photorealistic color photo, natural colors, realistic texture, sharp focus on subject, no people, no text, no watermark, no logo, no border, no collage, no CGI, no illustration.","text, watermark, logo, caption, signature, border, frame, collage, multiple panels, cartoon, illustration, CGI, 3d render, low-poly, painting, anime, surreal, deformed, duplicate objects, extra limbs, blurry, out of focus, noise, oversaturated, posterized, artifacts, jpeg artifacts"
7749,horse,draft horse,running,a countryside road,low angle,overcast daylight,clean,a professional photo,"a professional photo of a draft horse running in a countryside road, low angle, overcast daylight. single main subject, photorealistic color photo, natural colors, realistic texture, sharp focus on subject, no people, no text, no watermark, no logo, no border, no collage, no CGI, no illustration.","text, watermark, logo, caption, signature, border, frame, collage, multiple panels, cartoon, illustration, CGI, 3d render, low-poly, painting, anime, surreal, deformed, duplicate objects, extra limbs, blurry, out of focus, noise, oversaturated, posterized, artifacts, jpeg artifacts"
7114,horse,white horse,standing,a wet roadway after rain,side profile,rainy with wet reflections,clean,a high-quality image,"a high-quality image of a white horse standing in a wet roadway after rain, side profile, rainy with wet reflections. single main subject, photorealistic color photo, natural colors, realistic texture, sharp focus on subject, no people, no text, no watermark, no logo, no border, no collage, no CGI, no illustration.","text, watermark, logo, caption, signature, border, frame, collage, multiple panels, cartoon, illustration, CGI, 3d render, low-poly, painting, anime, surreal, deformed, duplicate objects, extra limbs, blurry, out of focus, noise, oversaturated, posterized, artifacts, jpeg artifacts"
7648,horse,white horse,walking,a backyard,high angle,backlit rim light,clean,a detailed photograph,"a detailed photograph of a white horse walking in a backyard, high angle, backlit rim light. single main subject, photorealistic color photo, natural colors, realistic texture, sharp focus on subject, no people, no text, no watermark, no logo, no border, no collage, no CGI, no illustration.","text, watermark, logo, caption, signature, border, frame, collage, multiple panels, cartoon, illustration, CGI, 3d render, low-poly, painting, anime, surreal, deformed, duplicate objects, extra limbs, blurry, out of focus, noise, oversaturated, posterized, artifacts, jpeg artifacts"
7475,horse,draft horse,grazing,an industrial yard,low angle,foggy morning,clean,a finely detailed photo,"a finely detailed photo of a draft horse grazing in an industrial yard, low angle, foggy morning. single main subject, photorealistic color photo, natural colors, realistic texture, sharp focus on subject, no people, no text, no watermark, no logo, no border, no collage, no CGI, no illustration.","text, watermark, logo, caption, signature, border, frame, collage, multiple panels, cartoon, illustration, CGI, 3d render, low-poly, painting, anime, surreal, deformed, duplicate objects, extra limbs, blurry, out of focus, noise, oversaturated, posterized, artifacts, jpeg artifacts"
7767,horse,white horse,grazing,a sandy beach,3/4 view,golden hour,clean,a professional photo,"a professional photo of a white horse grazing in a sandy beach, 3/4 view, golden hour. single main subject, photorealistic color photo, natural colors, realistic texture, sharp focus on subject, no people, no text, no watermark, no logo, no border, no collage, no CGI, no illustration.","text, watermark, logo, caption, signature, border, frame, collage, multiple panels, cartoon, illustration, CGI, 3d render, low-poly, painting, anime, surreal, deformed, duplicate objects, extra limbs, blurry, out of focus, noise, oversaturated, posterized, artifacts, jpeg artifacts"
7170,horse,white horse,walking,a city park,3/4 view,rainy with wet reflections,clean,a high-quality image,"a high-quality image of a white horse walking in a city park, 3/4 view, rainy with wet reflections. single main subject, photorealistic color photo, natural colors, realistic texture, sharp focus on subject, no people, no text, no watermark, no logo, no border, no collage, no CGI, no illustration.","text, watermark, logo, caption, signature, border, frame, collage, multiple panels, cartoon, illustration, CGI, 3d render, low-poly, painting, anime, surreal, deformed, duplicate objects, extra limbs, blurry, out of focus, noise, oversaturated, posterized, artifacts, jpeg artifacts"
7221,horse,racehorse,running,a sandy beach,close-up,golden hour,clean,an ultra-realistic rendering,"an ultra-realistic rendering of a racehorse running in a sandy beach, close-up, golden hour. single main subject, photorealistic color photo, natural colors, realistic texture, sharp focus on subject, no people, no text, no watermark, no logo, no border, no collage, no CGI, no illustration.","text, watermark, logo, caption, signature, border, frame, collage, multiple panels, cartoon, illustration, CGI, 3d render, low-poly, painting, anime, surreal, deformed, duplicate objects, extra limbs, blurry, out of focus, noise, oversaturated, posterized, artifacts, jpeg artifacts"
7722,horse,racehorse,running,a gravel lot,low angle,foggy morning,clean,a finely detailed photo,"a finely detailed photo of a racehorse running in a gravel lot, low angle, foggy morning. single main subject, photorealistic color photo, natural colors, realistic texture, sharp focus on subject, no people, no text, no watermark, no logo, no border, no collage, no CGI, no illustration.","text, watermark, logo, caption, signature, border, frame, collage, multiple panels, cartoon, illustration, CGI, 3d render, low-poly, painting, anime, surreal, deformed, duplicate objects, extra limbs, blurry, out of focus, noise, oversaturated, posterized, artifacts, jpeg artifacts"
7571,horse,pony,grazing,a forest clearing,side profile,sunny afternoon,clean,a photorealistic color photo,"a photorealistic color photo of a pony horse grazing in a forest clearing, side profile, sunny afternoon. single main subject, photorealistic color photo, natural colors, realistic texture, sharp focus on subject, no people, no text, no watermark, no logo, no border, no collage, no CGI, no illustration.","text, watermark, logo, caption, signature, border, frame, collage, multiple panels, cartoon, illustration, CGI, 3d render, low-poly, painting, anime, surreal, deformed, duplicate objects, extra limbs, blurry, out of focus, noise, oversaturated, posterized, artifacts, jpeg artifacts"
7435,horse,white horse,running,a parking lot,wide shot,golden hour,clean,a detailed photograph,"a detailed photograph of a white horse running in a parking lot, wide shot, golden hour. single main subject, photorealistic color photo, natural colors, realistic texture, sharp focus on subject, no people, no text, no watermark, no logo, no border, no collage, no CGI, no illustration.","text, watermark, logo, caption, signature, border, frame, collage, multiple panels, cartoon, illustration, CGI, 3d render, low-poly, painting, anime, surreal, deformed, duplicate objects, extra limbs, blurry, out of focus, noise, oversaturated, posterized, artifacts, jpeg artifacts"
7666,horse,white horse,standing,a forest clearing,close-up,overcast daylight,clean,a finely detailed photo,"a finely detailed photo of a white horse standing in a forest clearing, close-up, overcast daylight. single main subject, photorealistic color photo, natural colors, realistic texture, sharp focus on subject, no people, no text, no watermark, no logo, no border, no collage, no CGI, no illustration.","text, watermark, logo, caption, signature, border, frame, collage, multiple panels, cartoon, illustration, CGI, 3d render, low-poly, painting, anime, surreal, deformed, duplicate objects, extra limbs, blurry, out of focus, noise, oversaturated, posterized, artifacts, jpeg artifacts"
7448,horse,racehorse,walking,a wet roadway after rain,front view,foggy morning,clean,an ultra-realistic rendering,"an ultra-realistic rendering of a racehorse walking in a wet roadway after rain, front view, foggy morning. single main subject, photorealistic color photo, natural colors, realistic texture, sharp focus on subject, no people, no text, no watermark, no logo, no border, no collage, no CGI, no illustration.","text, watermark, logo, caption, signature, border, frame, collage, multiple panels, cartoon, illustration, CGI, 3d render, low-poly, painting, anime, surreal, deformed, duplicate objects, extra limbs, blurry, out of focus, noise, oversaturated, posterized, artifacts, jpeg artifacts"
7151,horse,wild horse,standing,a grassy field,high angle,golden hour,clean,a finely detailed photo,"a finely detailed photo of a wild horse standing in a grassy field, high angle, golden hour. single main subject, photorealistic color photo, natural colors, realistic texture, sharp focus on subject, no people, no text, no watermark, no logo, no border, no collage, no CGI, no illustration.","text, watermark, logo, caption, signature, border, frame, collage, multiple panels, cartoon, illustration, CGI, 3d render, low-poly, painting, anime, surreal, deformed, duplicate objects, extra limbs, blurry, out of focus, noise, oversaturated, posterized, artifacts, jpeg artifacts"
7309,horse,brown horse,grazing,a lakeside shore,close-up,backlit rim light,clean,a professional photo,"a professional photo of a brown horse grazing in a lakeside shore, close-up, backlit rim light. single main subject, photorealistic color photo, natural colors, realistic texture, sharp focus on subject, no people, no text, no watermark, no logo, no border, no collage, no CGI, no illustration.","text, watermark, logo, caption, signature, border, frame, collage, multiple panels, cartoon, illustration, CGI, 3d render, low-poly, painting, anime, surreal, deformed, duplicate objects, extra limbs, blurry, out of focus, noise, oversaturated, posterized, artifacts, jpeg artifacts"
7428,horse,brown horse,grazing,a forest clearing,slightly off-center framing,rainy with wet reflections,clean,an ultra-realistic rendering,"an ultra-realistic rendering of a brown horse grazing in a forest clearing, slightly off-center framing, rainy with wet reflections. single main subject, photorealistic color photo, natural colors, realistic texture, sharp focus on subject, no people, no text, no watermark, no logo, no border, no collage, no CGI, no illustration.","text, watermark, logo, caption, signature, border, frame, collage, multiple panels, cartoon, illustration, CGI, 3d render, low-poly, painting, anime, surreal, deformed, duplicate objects, extra limbs, blurry, out of focus, noise, oversaturated, posterized, artifacts, jpeg artifacts"
7964,horse,racehorse,standing,a countryside road,distant subject in the background,rainy with wet reflections,hard,a detailed photograph,"a detailed photograph of a racehorse standing in a countryside road, distant subject in the background, rainy with wet reflections. busy background but still one main subject. single main subject, photorealistic color photo, natural colors, realistic texture, sharp focus on subject, no people, no text, no watermark, no logo, no border, no collage, no CGI, no illustration.","text, watermark, logo, caption, signature, border, frame, collage, multiple panels, cartoon, illustration, CGI, 3d render, low-poly, painting, anime, surreal, deformed, duplicate objects, extra limbs, blurry, out of focus, noise, oversaturated, posterized, artifacts, jpeg artifacts"
7161,horse,white horse,grazing,a quiet residential street,low angle,rainy with wet reflections,clean,a photorealistic color photo,"a photorealistic color photo of a white horse grazing in a quiet residential street, low angle, rainy with wet reflections. single main subject, photorealistic color photo, natural colors, realistic texture, sharp focus on subject, no people, no text, no watermark, no logo, no border, no collage, no CGI, no illustration.","text, watermark, logo, caption, signature, border, frame, collage, multiple panels, cartoon, illustration, CGI, 3d render, low-poly, painting, anime, surreal, deformed, duplicate objects, extra limbs, blurry, out of focus, noise, oversaturated, posterized, artifacts, jpeg artifacts"
7044,horse,brown horse,grazing,a wet roadway after rain,3/4 view,sunny afternoon,clean,a finely detailed photo,"a finely detailed photo of a brown horse grazing in a wet roadway after rain, 3/4 view, sunny afternoon. single main subject, photorealistic color photo, natural colors, realistic texture, sharp focus on subject, no people, no text, no watermark, no logo, no border, no collage, no CGI, no illustration.","text, watermark, logo, caption, signature, border, frame, collage, multiple panels, cartoon, illustration, CGI, 3d render, low-poly, painting, anime, surreal, deformed, duplicate objects, extra limbs, blurry, out of focus, noise, oversaturated, posterized, artifacts, jpeg artifacts"
7814,horse,brown horse,walking,a gravel lot,slightly off-center framing,golden hour,hard,a professional photo,"a professional photo of a brown horse walking in a gravel lot, slightly off-center framing, golden hour. slight motion blur. single main subject, photorealistic color photo, natural colors, realistic texture, sharp focus on subject, no people, no text, no watermark, no logo, no border, no collage, no CGI, no illustration.","text, watermark, logo, caption, signature, border, frame, collage, multiple panels, cartoon, illustration, CGI, 3d render, low-poly, painting, anime, surreal, deformed, duplicate objects, extra limbs, blurry, out of focus, noise, oversaturated, posterized, artifacts, jpeg artifacts"
7834,horse,wild horse,grazing,a quiet residential street,side profile,nighttime under streetlights,hard,a professional photo,"a professional photo of a wild horse grazing in a quiet residential street, side profile, nighttime under streetlights. cropped slightly. single main subject, photorealistic color photo, natural colors, realistic texture, sharp focus on subject, no people, no text, no watermark, no logo, no border, no collage, no CGI, no illustration.","text, watermark, logo, caption, signature, border, frame, collage, multiple panels, cartoon, illustration, CGI, 3d render, low-poly, painting, anime, surreal, deformed, duplicate objects, extra limbs, blurry, out of focus, noise, oversaturated, posterized, artifacts, jpeg artifacts"
7638,horse,racehorse,walking,a suburban neighborhood,low angle,rainy with wet reflections,clean,a professional photo,"a professional photo of a racehorse walking in a suburban neighborhood, low angle, rainy with wet reflections. single main subject, photorealistic color photo, natural colors, realistic texture, sharp focus on subject, no people, no text, no watermark, no logo, no border, no collage, no CGI, no illustration.","text, watermark, logo, caption, signature, border, frame, collage, multiple panels, cartoon, illustration, CGI, 3d render, low-poly, painting, anime, surreal, deformed, duplicate objects, extra limbs, blurry, out of focus, noise, oversaturated, posterized, artifacts, jpeg artifacts"
7016,horse,brown horse,standing,a wet roadway after rain,close-up,nighttime under streetlights,clean,a detailed photograph,"a detailed photograph of a brown horse standing in a wet roadway after rain, close-up, nighttime under streetlights. single main subject, photorealistic color photo, natural colors, realistic texture, sharp focus on subject, no people, no text, no watermark, no logo, no border, no collage, no CGI, no illustration.","text, watermark, logo, caption, signature, border, frame, collage, multiple panels, cartoon, illustration, CGI, 3d render, low-poly, painting, anime, surreal, deformed, duplicate objects, extra limbs, blurry, out of focus, noise, oversaturated, posterized, artifacts, jpeg artifacts"
7220,horse,wild horse,walking,an urban street,wide shot,sunny afternoon,clean,a detailed photograph,"a detailed photograph of a wild horse walking in an urban street, wide shot, sunny afternoon. single main subject, photorealistic color photo, natural colors, realistic texture, sharp focus on subject, no people, no text, no watermark, no logo, no border, no collage, no CGI, no illustration.","text, watermark, logo, caption, signature, border, frame, collage, multiple panels, cartoon, illustration, CGI, 3d render, low-poly, painting, anime, surreal, deformed, duplicate objects, extra limbs, blurry, out of focus, noise, oversaturated, posterized, artifacts, jpeg artifacts"
7268,horse,racehorse,running,a quiet residential street,front view,foggy morning,clean,a finely detailed photo,"a finely detailed photo of a racehorse running in a quiet residential street, front view, foggy morning. single main subject, photorealistic color photo, natural colors, realistic texture, sharp focus on subject, no people, no text, no watermark, no logo, no border, no collage, no CGI, no illustration.","text, watermark, logo, caption, signature, border, frame, collage, multiple panels, cartoon, illustration, CGI, 3d render, low-poly, painting, anime, surreal, deformed, duplicate objects, extra limbs, blurry, out of focus, noise, oversaturated, posterized, artifacts, jpeg artifacts"
7439,horse,draft horse,walking,a wet roadway after rain,side profile,foggy morning,clean,a finely detailed photo,"a finely detailed photo of a draft horse walking in a wet roadway after rain, side profile, foggy morning. single main subject, photorealistic color photo, natural colors, realistic texture, sharp focus on subject, no people, no text, no watermark, no logo, no border, no collage, no CGI, no illustration.","text, watermark, logo, caption, signature, border, frame, collage, multiple panels, cartoon, illustration, CGI, 3d render, low-poly, painting, anime, surreal, deformed, duplicate objects, extra limbs, blurry, out of focus, noise, oversaturated, posterized, artifacts, jpeg artifacts"
7400,horse,racehorse,grazing,a gravel lot,slightly off-center framing,overcast daylight,clean,a finely detailed photo,"a finely detailed photo of a racehorse grazing in a gravel lot, slightly off-center framing, overcast daylight. single main subject, photorealistic color photo, natural colors, realistic texture, sharp focus on subject, no people, no text, no watermark, no logo, no border, no collage, no CGI, no illustration.","text, watermark, logo, caption, signature, border, frame, collage, multiple panels, cartoon, illustration, CGI, 3d render, low-poly, painting, anime, surreal, deformed, duplicate objects, extra limbs, blurry, out of focus, noise, oversaturated, posterized, artifacts, jpeg artifacts"
7164,horse,white horse,standing,a gravel lot,3/4 view,golden hour,clean,an ultra-realistic rendering,"an ultra-realistic rendering of a white horse standing in a gravel lot, 3/4 view, golden hour. single main subject, photorealistic color photo, natural colors, realistic texture, sharp focus on subject, no people, no text, no watermark, no logo, no border, no collage, no CGI, no illustration.","text, watermark, logo, caption, signature, border, frame, collage, multiple panels, cartoon, illustration, CGI, 3d render, low-poly, painting, anime, surreal, deformed, duplicate objects, extra limbs, blurry, out of focus, noise, oversaturated, posterized, artifacts, jpeg artifacts"
7335,horse,white horse,walking,a sandy beach,close-up,sunny afternoon,clean,a detailed photograph,"a detailed photograph of a white horse walking in a sandy beach, close-up, sunny afternoon. single main subject, photorealistic color photo, natural colors, realistic texture, sharp focus on subject, no people, no text, no watermark, no logo, no border, no collage, no CGI, no illustration.","text, watermark, logo, caption, signature, border, frame, collage, multiple panels, cartoon, illustration, CGI, 3d render, low-poly, painting, anime, surreal, deformed, duplicate objects, extra limbs, blurry, out of focus, noise, oversaturated, posterized, artifacts, jpeg artifacts"
7946,horse,draft horse,grazing,a city park,close-up,nighttime under streetlights,hard,a finely detailed photo,"a finely detailed photo of a draft horse grazing in a city park, close-up, nighttime under streetlights. cropped slightly. single main subject, photorealistic color photo, natural colors, realistic texture, sharp focus on subject, no people, no text, no watermark, no logo, no border, no collage, no CGI, no illustration.","text, watermark, logo, caption, signature, border, frame, collage, multiple panels, cartoon, illustration, CGI, 3d render, low-poly, painting, anime, surreal, deformed, duplicate objects, extra limbs, blurry, out of focus, noise, oversaturated, posterized, artifacts, jpeg artifacts"
7421,horse,pony,grazing,a countryside road,high angle,backlit rim light,clean,a photorealistic color photo,"a photorealistic color photo of a pony horse grazing in a countryside road, high angle, backlit rim light. single main subject, photorealistic color photo, natural colors, realistic texture, sharp focus on subject, no people, no text, no watermark, no logo, no border, no collage, no CGI, no illustration.","text, watermark, logo, caption, signature, border, frame, collage, multiple panels, cartoon, illustration, CGI, 3d render, low-poly, painting, anime, surreal, deformed, duplicate objects, extra limbs, blurry, out of focus, noise, oversaturated, posterized, artifacts, jpeg artifacts"
7763,horse,white horse,standing,a gravel lot,side profile,foggy morning,clean,an ultra-realistic rendering,"an ultra-realistic rendering of a white horse standing in a gravel lot, side profile, foggy morning. single main subject, photorealistic color photo, natural colors, realistic texture, sharp focus on subject, no people, no text, no watermark, no logo, no border, no collage, no CGI, no illustration.","text, watermark, logo, caption, signature, border, frame, collage, multiple panels, cartoon, illustration, CGI, 3d render, low-poly, painting, anime, surreal, deformed, duplicate objects, extra limbs, blurry, out of focus, noise, oversaturated, posterized, artifacts, jpeg artifacts"
7683,horse,draft horse,walking,a grassy field,slightly off-center framing,backlit rim light,clean,a detailed photograph,"a detailed photograph of a draft horse walking in a grassy field, slightly off-center framing, backlit rim light. single main subject, photorealistic color photo, natural colors, realistic texture, sharp focus on subject, no people, no text, no watermark, no logo, no border, no collage, no CGI, no illustration.","text, watermark, logo, caption, signature, border, frame, collage, multiple panels, cartoon, illustration, CGI, 3d render, low-poly, painting, anime, surreal, deformed, duplicate objects, extra limbs, blurry, out of focus, noise, oversaturated, posterized, artifacts, jpeg artifacts"
7375,horse,white horse,walking,a gravel lot,close-up,nighttime under streetlights,clean,a professional photo,"a professional photo of a white horse walking in a gravel lot, close-up, nighttime under streetlights. single main subject, photorealistic color photo, natural colors, realistic texture, sharp focus on subject, no people, no text, no watermark, no logo, no border, no collage, no CGI, no illustration.","text, watermark, logo, caption, signature, border, frame, collage, multiple panels, cartoon, illustration, CGI, 3d render, low-poly, painting, anime, surreal, deformed, duplicate objects, extra limbs, blurry, out of focus, noise, oversaturated, posterized, artifacts, jpeg artifacts"
7893,horse,racehorse,walking,a city park,wide shot,foggy morning,hard,a high-quality image,"a high-quality image of a racehorse walking in a city park, wide shot, foggy morning. in the distance. single main subject, photorealistic color photo, natural colors, realistic texture, sharp focus on subject, no people, no text, no watermark, no logo, no border, no collage, no CGI, no illustration.","text, watermark, logo, caption, signature, border, frame, collage, multiple panels, cartoon, illustration, CGI, 3d render, low-poly, painting, anime, surreal, deformed, duplicate objects, extra limbs, blurry, out of focus, noise, oversaturated, posterized, artifacts, jpeg artifacts"
7465,horse,brown horse,running,an urban street,front view,overcast daylight,clean,a finely detailed photo,"a finely detailed photo of a brown horse running in an urban street, front view, overcast daylight. single main subject, photorealistic color photo, natural colors, realistic texture, sharp focus on subject, no people, no text, no watermark, no logo, no border, no collage, no CGI, no illustration.","text, watermark, logo, caption, signature, border, frame, collage, multiple panels, cartoon, illustration, CGI, 3d render, low-poly, painting, anime, surreal, deformed, duplicate objects, extra limbs, blurry, out of focus, noise, oversaturated, posterized, artifacts, jpeg artifacts"
7926,horse,brown horse,walking,an urban street,side profile,overcast daylight,hard,an ultra-realistic rendering,"an ultra-realistic rendering of a brown horse walking in an urban street, side profile, overcast daylight. busy background but still one main subject. single main subject, photorealistic color photo, natural colors, realistic texture, sharp focus on subject, no people, no text, no watermark, no logo, no border, no collage, no CGI, no illustration.","text, watermark, logo, caption, signature, border, frame, collage, multiple panels, cartoon, illustration, CGI, 3d render, low-poly, painting, anime, surreal, deformed, duplicate objects, extra limbs, blurry, out of focus, noise, oversaturated, posterized, artifacts, jpeg artifacts"
7133,horse,pony,standing,a sandy beach,slightly off-center framing,golden hour,clean,a high-quality image,"a high-quality image of a pony horse standing in a sandy beach, slightly off-center framing, golden hour. single main subject, photorealistic color photo, natural colors, realistic texture, sharp focus on subject, no people, no text, no watermark, no logo, no border, no collage, no CGI, no illustration.","text, watermark, logo, caption, signature, border, frame, collage, multiple panels, cartoon, illustration, CGI, 3d render, low-poly, painting, anime, surreal, deformed, duplicate objects, extra limbs, blurry, out of focus, noise, oversaturated, posterized, artifacts, jpeg artifacts"
7883,horse,draft horse,walking,a gravel lot,distant subject in the background,indoor soft window light,hard,a professional photo,"a professional photo of a draft horse walking in a gravel lot, distant subject in the background, indoor soft window light. busy background but still one main subject. single main subject, photorealistic color photo, natural colors, realistic texture, sharp focus on subject, no people, no text, no watermark, no logo, no border, no collage, no CGI, no illustration.","text, watermark, logo, caption, signature, border, frame, collage, multiple panels, cartoon, illustration, CGI, 3d render, low-poly, painting, anime, surreal, deformed, duplicate objects, extra limbs, blurry, out of focus, noise, oversaturated, posterized, artifacts, jpeg artifacts"
7046,horse,draft horse,grazing,a grassy field,3/4 view,foggy morning,clean,a high-quality image,"a high-quality image of a draft horse grazing in a grassy field, 3/4 view, foggy morning. single main subject, photorealistic color photo, natural colors, realistic texture, sharp focus on subject, no people, no text, no watermark, no logo, no border, no collage, no CGI, no illustration.","text, watermark, logo, caption, signature, border, frame, collage, multiple panels, cartoon, illustration, CGI, 3d render, low-poly, painting, anime, surreal, deformed, duplicate objects, extra limbs, blurry, out of focus, noise, oversaturated, posterized, artifacts, jpeg artifacts"
7598,horse,white horse,running,a wet roadway after rain,low angle,overcast daylight,clean,an ultra-realistic rendering,"an ultra-realistic rendering of a white horse running in a wet roadway after rain, low angle, overcast daylight. single main subject, photorealistic color photo, natural colors, realistic texture, sharp focus on subject, no people, no text, no watermark, no logo, no border, no collage, no CGI, no illustration.","text, watermark, logo, caption, signature, border, frame, collage, multiple panels, cartoon, illustration, CGI, 3d render, low-poly, painting, anime, surreal, deformed, duplicate objects, extra limbs, blurry, out of focus, noise, oversaturated, posterized, artifacts, jpeg artifacts"
7740,horse,racehorse,running,a city park,high angle,golden hour,clean,a professional photo,"a professional photo of a racehorse running in a city park, high angle, golden hour. single main subject, photorealistic color photo, natural colors, realistic texture, sharp focus on subject, no people, no text, no watermark, no logo, no border, no collage, no CGI, no illustration.","text, watermark, logo, caption, signature, border, frame, collage, multiple panels, cartoon, illustration, CGI, 3d render, low-poly, painting, anime, surreal, deformed, duplicate objects, extra limbs, blurry, out of focus, noise, oversaturated, posterized, artifacts, jpeg artifacts"
7789,horse,racehorse,grazing,a suburban neighborhood,close-up,foggy morning,clean,a photorealistic color photo,"a photorealistic color photo of a racehorse grazing in a suburban neighborhood, close-up, foggy morning. single main subject, photorealistic color photo, natural colors, realistic texture, sharp focus on subject, no people, no text, no watermark, no logo, no border, no collage, no CGI, no illustration.","text, watermark, logo, caption, signature, border, frame, collage, multiple panels, cartoon, illustration, CGI, 3d render, low-poly, painting, anime, surreal, deformed, duplicate objects, extra limbs, blurry, out of focus, noise, oversaturated, posterized, artifacts, jpeg artifacts"
7761,horse,racehorse,walking,a wet roadway after rain,low angle,rainy with wet reflections,clean,a detailed photograph,"a detailed photograph of a racehorse walking in a wet roadway after rain, low angle, rainy with wet reflections. single main subject, photorealistic color photo, natural colors, realistic texture, sharp focus on subject, no people, no text, no watermark, no logo, no border, no collage, no CGI, no illustration.","text, watermark, logo, caption, signature, border, frame, collage, multiple panels, cartoon, illustration, CGI, 3d render, low-poly, painting, anime, surreal, deformed, duplicate objects, extra limbs, blurry, out of focus, noise, oversaturated, posterized, artifacts, jpeg artifacts"
7256,horse,brown horse,running,a gravel lot,front view,sunny afternoon,clean,a photorealistic color photo,"a photorealistic color photo of a brown horse running in a gravel lot, front view, sunny afternoon. single main subject, photorealistic color photo, natural colors, realistic texture, sharp focus on subject, no people, no text, no watermark, no logo, no border, no collage, no CGI, no illustration.","text, watermark, logo, caption, signature, border, frame, collage, multiple panels, cartoon, illustration, CGI, 3d render, low-poly, painting, anime, surreal, deformed, duplicate objects, extra limbs, blurry, out of focus, noise, oversaturated, posterized, artifacts, jpeg artifacts"
7811,horse,racehorse,standing,a countryside road,high angle,foggy morning,hard,a photorealistic color photo,"a photorealistic color photo of a racehorse standing in a countryside road, high angle, foggy morning. busy background but still one main subject. single main subject, photorealistic color photo, natural colors, realistic texture, sharp focus on subject, no people, no text, no watermark, no logo, no border, no collage, no CGI, no illustration.","text, watermark, logo, caption, signature, border, frame, collage, multiple panels, cartoon, illustration, CGI, 3d render, low-poly, painting, anime, surreal, deformed, duplicate objects, extra limbs, blurry, out of focus, noise, oversaturated, posterized, artifacts, jpeg artifacts"
7376,horse,brown horse,walking,a suburban neighborhood,slightly off-center framing,indoor soft window light,clean,a finely detailed photo,"a finely detailed photo of a brown horse walking in a suburban neighborhood, slightly off-center framing, indoor soft window light. single main subject, photorealistic color photo, natural colors, realistic texture, sharp focus on subject, no people, no text, no watermark, no logo, no border, no collage, no CGI, no illustration.","text, watermark, logo, caption, signature, border, frame, collage, multiple panels, cartoon, illustration, CGI, 3d render, low-poly, painting, anime, surreal, deformed, duplicate objects, extra limbs, blurry, out of focus, noise, oversaturated, posterized, artifacts, jpeg artifacts"
7208,horse,pony,grazing,a parking lot,side profile,sunny afternoon,clean,a photorealistic color photo,"a photorealistic color photo of a pony horse grazing in a parking lot, side profile, sunny afternoon. single main subject, photorealistic color photo, natural colors, realistic texture, sharp focus on subject, no people, no text, no watermark, no logo, no border, no collage, no CGI, no illustration.","text, watermark, logo, caption, signature, border, frame, collage, multiple panels, cartoon, illustration, CGI, 3d render, low-poly, painting, anime, surreal, deformed, duplicate objects, extra limbs, blurry, out of focus, noise, oversaturated, posterized, artifacts, jpeg artifacts"
7262,horse,brown horse,grazing,a lakeside shore,low angle,rainy with wet reflections,clean,a professional photo,"a professional photo of a brown horse grazing in a lakeside shore, low angle, rainy with wet reflections. single main subject, photorealistic color photo, natural colors, realistic texture, sharp focus on subject, no people, no text, no watermark, no logo, no border, no collage, no CGI, no illustration.","text, watermark, logo, caption, signature, border, frame, collage, multiple panels, cartoon, illustration, CGI, 3d render, low-poly, painting, anime, surreal, deformed, duplicate objects, extra limbs, blurry, out of focus, noise, oversaturated, posterized, artifacts, jpeg artifacts"
7829,horse,pony,walking,a city park,front view,rainy with wet reflections,hard,a photorealistic color photo,"a photorealistic color photo of a pony horse walking in a city park, front view, rainy with wet reflections. partially occluded by a foreground object. single main subject, photorealistic color photo, natural colors, realistic texture, sharp focus on subject, no people, no text, no watermark, no logo, no border, no collage, no CGI, no illustration.","text, watermark, logo, caption, signature, border, frame, collage, multiple panels, cartoon, illustration, CGI, 3d render, low-poly, painting, anime, surreal, deformed, duplicate objects, extra limbs, blurry, out of focus, noise, oversaturated, posterized, artifacts, jpeg artifacts"
7300,horse,racehorse,walking,a parking lot,wide shot,backlit rim light,clean,a photorealistic color photo,"a photorealistic color photo of a racehorse walking in a parking lot, wide shot, backlit rim light. single main subject, photorealistic color photo, natural colors, realistic texture, sharp focus on subject, no people, no text, no watermark, no logo, no border, no collage, no CGI, no illustration.","text, watermark, logo, caption, signature, border, frame, collage, multiple panels, cartoon, illustration, CGI, 3d render, low-poly, painting, anime, surreal, deformed, duplicate objects, extra limbs, blurry, out of focus, noise, oversaturated, posterized, artifacts, jpeg artifacts"
7341,horse,pony,grazing,a city park,front view,rainy with wet reflections,clean,a detailed photograph,"a detailed photograph of a pony horse grazing in a city park, front view, rainy with wet reflections. single main subject, photorealistic color photo, natural colors, realistic texture, sharp focus on subject, no people, no text, no watermark, no logo, no border, no collage, no CGI, no illustration.","text, watermark, logo, caption, signature, border, frame, collage, multiple panels, cartoon, illustration, CGI, 3d render, low-poly, painting, anime, surreal, deformed, duplicate objects, extra limbs, blurry, out of focus, noise, oversaturated, posterized, artifacts, jpeg artifacts"
7061,horse,draft horse,running,a parking lot,side profile,sunny afternoon,clean,a photorealistic color photo,"a photorealistic color photo of a draft horse running in a parking lot, side profile, sunny afternoon. single main subject, photorealistic color photo, natural colors, realistic texture, sharp focus on subject, no people, no text, no watermark, no logo, no border, no collage, no CGI, no illustration.","text, watermark, logo, caption, signature, border, frame, collage, multiple panels, cartoon, illustration, CGI, 3d render, low-poly, painting, anime, surreal, deformed, duplicate objects, extra limbs, blurry, out of focus, noise, oversaturated, posterized, artifacts, jpeg artifacts"
7932,horse,wild horse,running,a lakeside shore,side profile,overcast daylight,hard,a high-quality image,"a high-quality image of a wild horse running in a lakeside shore, side profile, overcast daylight. in the distance. single main subject, photorealistic color photo, natural colors, realistic texture, sharp focus on subject, no people, no text, no watermark, no logo, no border, no collage, no CGI, no illustration.","text, watermark, logo, caption, signature, border, frame, collage, multiple panels, cartoon, illustration, CGI, 3d render, low-poly, painting, anime, surreal, deformed, duplicate objects, extra limbs, blurry, out of focus, noise, oversaturated, posterized, artifacts, jpeg artifacts"
7327,horse,brown horse,walking,a suburban neighborhood,low angle,nighttime under streetlights,clean,a photorealistic color photo,"a photorealistic color photo of a brown horse walking in a suburban neighborhood, low angle, nighttime under streetlights. single main subject, photorealistic color photo, natural colors, realistic texture, sharp focus on subject, no people, no text, no watermark, no logo, no border, no collage, no CGI, no illustration.","text, watermark, logo, caption, signature, border, frame, collage, multiple panels, cartoon, illustration, CGI, 3d render, low-poly, painting, anime, surreal, deformed, duplicate objects, extra limbs, blurry, out of focus, noise, oversaturated, posterized, artifacts, jpeg artifacts"
7437,horse,brown horse,walking,a lakeside shore,close-up,backlit rim light,clean,an ultra-realistic rendering,"an ultra-realistic rendering of a brown horse walking in a lakeside shore, close-up, backlit rim light. single main subject, photorealistic color photo, natural colors, realistic texture, sharp focus on subject, no people, no text, no watermark, no logo, no border, no collage, no CGI, no illustration.","text, watermark, logo, caption, signature, border, frame, collage, multiple panels, cartoon, illustration, CGI, 3d render, low-poly, painting, anime, surreal, deformed, duplicate objects, extra limbs, blurry, out of focus, noise, oversaturated, posterized, artifacts, jpeg artifacts"
7323,horse,draft horse,grazing,a wet roadway after rain,wide shot,backlit rim light,clean,a detailed photograph,"a detailed photograph of a draft horse grazing in a wet roadway after rain, wide shot, backlit rim light. single main subject, photorealistic color photo, natural colors, realistic texture, sharp focus on subject, no people, no text, no watermark, no logo, no border, no collage, no CGI, no illustration.","text, watermark, logo, caption, signature, border, frame, collage, multiple panels, cartoon, illustration, CGI, 3d render, low-poly, painting, anime, surreal, deformed, duplicate objects, extra limbs, blurry, out of focus, noise, oversaturated, posterized, artifacts, jpeg artifacts"
7879,horse,brown horse,walking,a countryside road,low angle,overcast daylight,hard,a finely detailed photo,"a finely detailed photo of a brown horse walking in a countryside road, low angle, overcast daylight. partially occluded by a foreground object. single main subject, photorealistic color photo, natural colors, realistic texture, sharp focus on subject, no people, no text, no watermark, no logo, no border, no collage, no CGI, no illustration.","text, watermark, logo, caption, signature, border, frame, collage, multiple panels, cartoon, illustration, CGI, 3d render, low-poly, painting, anime, surreal, deformed, duplicate objects, extra limbs, blurry, out of focus, noise, oversaturated, posterized, artifacts, jpeg artifacts"
7288,horse,racehorse,running,a lakeside shore,side profile,nighttime under streetlights,clean,a finely detailed photo,"a finely detailed photo of a racehorse running in a lakeside shore, side profile, nighttime under streetlights. single main subject, photorealistic color photo, natural colors, realistic texture, sharp focus on subject, no people, no text, no watermark, no logo, no border, no collage, no CGI, no illustration.","text, watermark, logo, caption, signature, border, frame, collage, multiple panels, cartoon, illustration, CGI, 3d render, low-poly, painting, anime, surreal, deformed, duplicate objects, extra limbs, blurry, out of focus, noise, oversaturated, posterized, artifacts, jpeg artifacts"
7346,horse,wild horse,running,a forest clearing,front view,indoor soft window light,clean,an ultra-realistic rendering,"an ultra-realistic rendering of a wild horse running in a forest clearing, front view, indoor soft window light. single main subject, photorealistic color photo, natural colors, realistic texture, sharp focus on subject, no people, no text, no watermark, no logo, no border, no collage, no CGI, no illustration.","text, watermark, logo, caption, signature, border, frame, collage, multiple panels, cartoon, illustration, CGI, 3d render, low-poly, painting, anime, surreal, deformed, duplicate objects, extra limbs, blurry, out of focus, noise, oversaturated, posterized, artifacts, jpeg artifacts"
7356,horse,draft horse,grazing,a gravel lot,side profile,rainy with wet reflections,clean,a high-quality image,"a high-quality image of a draft horse grazing in a gravel lot, side profile, rainy with wet reflections. single main subject, photorealistic color photo, natural colors, realistic texture, sharp focus on subject, no people, no text, no watermark, no logo, no border, no collage, no CGI, no illustration.","text, watermark, logo, caption, signature, border, frame, collage, multiple panels, cartoon, illustration, CGI, 3d render, low-poly, painting, anime, surreal, deformed, duplicate objects, extra limbs, blurry, out of focus, noise, oversaturated, posterized, artifacts, jpeg artifacts"
7641,horse,white horse,running,a lakeside shore,wide shot,golden hour,clean,a finely detailed photo,"a finely detailed photo of a white horse running in a lakeside shore, wide shot, golden hour. single main subject, photorealistic color photo, natural colors, realistic texture, sharp focus on subject, no people, no text, no watermark, no logo, no border, no collage, no CGI, no illustration.","text, watermark, logo, caption, signature, border, frame, collage, multiple panels, cartoon, illustration, CGI, 3d render, low-poly, painting, anime, surreal, deformed, duplicate objects, extra limbs, blurry, out of focus, noise, oversaturated, posterized, artifacts, jpeg artifacts"
7635,horse,draft horse,grazing,a gravel lot,wide shot,nighttime under streetlights,clean,a photorealistic color photo,"a photorealistic color photo of a draft horse grazing in a gravel lot, wide shot, nighttime under streetlights. single main subject, photorealistic color photo, natural colors, realistic texture, sharp focus on subject, no people, no text, no watermark, no logo, no border, no collage, no CGI, no illustration.","text, watermark, logo, caption, signature, border, frame, collage, multiple panels, cartoon, illustration, CGI, 3d render, low-poly, painting, anime, surreal, deformed, duplicate objects, extra limbs, blurry, out of focus, noise, oversaturated, posterized, artifacts, jpeg artifacts"
7933,horse,pony,grazing,an urban street,close-up,overcast daylight,hard,a photorealistic color photo,"a photorealistic color photo of a pony horse grazing in an urban street, close-up, overcast daylight. in the distance. single main subject, photorealistic color photo, natural colors, realistic texture, sharp focus on subject, no people, no text, no watermark, no logo, no border, no collage, no CGI, no illustration.","text, watermark, logo, caption, signature, border, frame, collage, multiple panels, cartoon, illustration, CGI, 3d render, low-poly, painting, anime, surreal, deformed, duplicate objects, extra limbs, blurry, out of focus, noise, oversaturated, posterized, artifacts, jpeg artifacts"
7967,horse,brown horse,grazing,a quiet residential street,slightly off-center framing,indoor soft window light,hard,a high-quality image,"a high-quality image of a brown horse grazing in a quiet residential street, slightly off-center framing, indoor soft window light. in the distance. single main subject, photorealistic color photo, natural colors, realistic texture, sharp focus on subject, no people, no text, no watermark, no logo, no border, no collage, no CGI, no illustration.","text, watermark, logo, caption, signature, border, frame, collage, multiple panels, cartoon, illustration, CGI, 3d render, low-poly, painting, anime, surreal, deformed, duplicate objects, extra limbs, blurry, out of focus, noise, oversaturated, posterized, artifacts, jpeg artifacts"
7415,horse,white horse,running,a suburban neighborhood,wide shot,rainy with wet reflections,clean,a professional photo,"a professional photo of a white horse running in a suburban neighborhood, wide shot, rainy with wet reflections. single main subject, photorealistic color photo, natural colors, realistic texture, sharp focus on subject, no people, no text, no watermark, no logo, no border, no collage, no CGI, no illustration.","text, watermark, logo, caption, signature, border, frame, collage, multiple panels, cartoon, illustration, CGI, 3d render, low-poly, painting, anime, surreal, deformed, duplicate objects, extra limbs, blurry, out of focus, noise, oversaturated, posterized, artifacts, jpeg artifacts"
7036,horse,white horse,standing,a wet roadway after rain,high angle,foggy morning,clean,a detailed photograph,"a detailed photograph of a white horse standing in a wet roadway after rain, high angle, foggy morning. single main subject, photorealistic color photo, natural colors, realistic texture, sharp focus on subject, no people, no text, no watermark, no logo, no border, no collage, no CGI, no illustration.","text, watermark, logo, caption, signature, border, frame, collage, multiple panels, cartoon, illustration, CGI, 3d render, low-poly, painting, anime, surreal, deformed, duplicate objects, extra limbs, blurry, out of focus, noise, oversaturated, posterized, artifacts, jpeg artifacts"
7791,horse,brown horse,running,a grassy field,slightly off-center framing,indoor soft window light,clean,a detailed photograph,"a detailed photograph of a brown horse running in a grassy field, slightly off-center framing, indoor soft window light. single main subject, photorealistic color photo, natural colors, realistic texture, sharp focus on subject, no people, no text, no watermark, no logo, no border, no collage, no CGI, no illustration.","text, watermark, logo, caption, signature, border, frame, collage, multiple panels, cartoon, illustration, CGI, 3d render, low-poly, painting, anime, surreal, deformed, duplicate objects, extra limbs, blurry, out of focus, noise, oversaturated, posterized, artifacts, jpeg artifacts"
7867,horse,racehorse,running,an urban street,side profile,overcast daylight,hard,an ultra-realistic rendering,"an ultra-realistic rendering of a racehorse running in an urban street, side profile, overcast daylight. busy background but still one main subject. single main subject, photorealistic color photo, natural colors, realistic texture, sharp focus on subject, no people, no text, no watermark, no logo, no border, no collage, no CGI, no illustration.","text, watermark, logo, caption, signature, border, frame, collage, multiple panels, cartoon, illustration, CGI, 3d render, low-poly, painting, anime, surreal, deformed, duplicate objects, extra limbs, blurry, out of focus, noise, oversaturated, posterized, artifacts, jpeg artifacts"
7064,horse,draft horse,standing,a suburban neighborhood,side profile,rainy with wet reflections,clean,a photorealistic color photo,"a photorealistic color photo of a draft horse standing in a suburban neighborhood, side profile, rainy with wet reflections. single main subject, photorealistic color photo, natural colors, realistic texture, sharp focus on subject, no people, no text, no watermark, no logo, no border, no collage, no CGI, no illustration.","text, watermark, logo, caption, signature, border, frame, collage, multiple panels, cartoon, illustration, CGI, 3d render, low-poly, painting, anime, surreal, deformed, duplicate objects, extra limbs, blurry, out of focus, noise, oversaturated, posterized, artifacts, jpeg artifacts"
7452,horse,wild horse,grazing,a grassy field,side profile,golden hour,clean,a detailed photograph,"a detailed photograph of a wild horse grazing in a grassy field, side profile, golden hour. single main subject, photorealistic color photo, natural colors, realistic texture, sharp focus on subject, no people, no text, no watermark, no logo, no border, no collage, no CGI, no illustration.","text, watermark, logo, caption, signature, border, frame, collage, multiple panels, cartoon, illustration, CGI, 3d render, low-poly, painting, anime, surreal, deformed, duplicate objects, extra limbs, blurry, out of focus, noise, oversaturated, posterized, artifacts, jpeg artifacts"
7090,horse,racehorse,grazing,a parking lot,side profile,sunny afternoon,clean,a photorealistic color photo,"a photorealistic color photo of a racehorse grazing in a parking lot, side profile, sunny afternoon. single main subject, photorealistic color photo, natural colors, realistic texture, sharp focus on subject, no people, no text, no watermark, no logo, no border, no collage, no CGI, no illustration.","text, watermark, logo, caption, signature, border, frame, collage, multiple panels, cartoon, illustration, CGI, 3d render, low-poly, painting, anime, surreal, deformed, duplicate objects, extra limbs, blurry, out of focus, noise, oversaturated, posterized, artifacts, jpeg artifacts"
7006,horse,draft horse,grazing,a lakeside shore,wide shot,backlit rim light,clean,a photorealistic color photo,"a photorealistic color photo of a draft horse grazing in a lakeside shore, wide shot, backlit rim light. single main subject, photorealistic color photo, natural colors, realistic texture, sharp focus on subject, no people, no text, no watermark, no logo, no border, no collage, no CGI, no illustration.","text, watermark, logo, caption, signature, border, frame, collage, multiple panels, cartoon, illustration, CGI, 3d render, low-poly, painting, anime, surreal, deformed, duplicate objects, extra limbs, blurry, out of focus, noise, oversaturated, posterized, artifacts, jpeg artifacts"
7841,horse,racehorse,grazing,an urban street,side profile,rainy with wet reflections,hard,an ultra-realistic rendering,"an ultra-realistic rendering of a racehorse grazing in an urban street, side profile, rainy with wet reflections. partially occluded by a foreground object. single main subject, photorealistic color photo, natural colors, realistic texture, sharp focus on subject, no people, no text, no watermark, no logo, no border, no collage, no CGI, no illustration.","text, watermark, logo, caption, signature, border, frame, collage, multiple panels, cartoon, illustration, CGI, 3d render, low-poly, painting, anime, surreal, deformed, duplicate objects, extra limbs, blurry, out of focus, noise, oversaturated, posterized, artifacts, jpeg artifacts"
7065,horse,brown horse,standing,a sandy beach,front view,golden hour,clean,a detailed photograph,"a detailed photograph of a brown horse standing in a sandy beach, front view, golden hour. single main subject, photorealistic color photo, natural colors, realistic texture, sharp focus on subject, no people, no text, no watermark, no logo, no border, no collage, no CGI, no illustration.","text, watermark, logo, caption, signature, border, frame, collage, multiple panels, cartoon, illustration, CGI, 3d render, low-poly, painting, anime, surreal, deformed, duplicate objects, extra limbs, blurry, out of focus, noise, oversaturated, posterized, artifacts, jpeg artifacts"
7799,horse,racehorse,walking,a sandy beach,front view,overcast daylight,clean,a professional photo,"a professional photo of a racehorse walking in a sandy beach, front view, overcast daylight. single main subject, photorealistic color photo, natural colors, realistic texture, sharp focus on subject, no people, no text, no watermark, no logo, no border, no collage, no CGI, no illustration.","text, watermark, logo, caption, signature, border, frame, collage, multiple panels, cartoon, illustration, CGI, 3d render, low-poly, painting, anime, surreal, deformed, duplicate objects, extra limbs, blurry, out of focus, noise, oversaturated, posterized, artifacts, jpeg artifacts"
7691,horse,white horse,walking,a forest clearing,side profile,backlit rim light,clean,a finely detailed photo,"a finely detailed photo of a white horse walking in a forest clearing, side profile, backlit rim light. single main subject, photorealistic color photo, natural colors, realistic texture, sharp focus on subject, no people, no text, no watermark, no logo, no border, no collage, no CGI, no illustration.","text, watermark, logo, caption, signature, border, frame, collage, multiple panels, cartoon, illustration, CGI, 3d render, low-poly, painting, anime, surreal, deformed, duplicate objects, extra limbs, blurry, out of focus, noise, oversaturated, posterized, artifacts, jpeg artifacts"
7754,horse,white horse,standing,a wet roadway after rain,3/4 view,rainy with wet reflections,clean,an ultra-realistic rendering,"an ultra-realistic rendering of a white horse standing in a wet roadway after rain, 3/4 view, rainy with wet reflections. single main subject, photorealistic color photo, natural colors, realistic texture, sharp focus on subject, no people, no text, no watermark, no logo, no border, no collage, no CGI, no illustration.","text, watermark, logo, caption, signature, border, frame, collage, multiple panels, cartoon, illustration, CGI, 3d render, low-poly, painting, anime, surreal, deformed, duplicate objects, extra limbs, blurry, out of focus, noise, oversaturated, posterized, artifacts, jpeg artifacts"
7999,horse,draft horse,walking,a forest clearing,slightly off-center framing,indoor soft window light,hard,a finely detailed photo,"a finely detailed photo of a draft horse walking in a forest clearing, slightly off-center framing, indoor soft window light. slight motion blur. single main subject, photorealistic color photo, natural colors, realistic texture, sharp focus on subject, no people, no text, no watermark, no logo, no border, no collage, no CGI, no illustration.","text, watermark, logo, caption, signature, border, frame, collage, multiple panels, cartoon, illustration, CGI, 3d render, low-poly, painting, anime, surreal, deformed, duplicate objects, extra limbs, blurry, out of focus, noise, oversaturated, posterized, artifacts, jpeg artifacts"
7487,horse,pony,standing,a wet roadway after rain,side profile,sunny afternoon,clean,a finely detailed photo,"a finely detailed photo of a pony horse standing in a wet roadway after rain, side profile, sunny afternoon. single main subject, photorealistic color photo, natural colors, realistic texture, sharp focus on subject, no people, no text, no watermark, no logo, no border, no collage, no CGI, no illustration.","text, watermark, logo, caption, signature, border, frame, collage, multiple panels, cartoon, illustration, CGI, 3d render, low-poly, painting, anime, surreal, deformed, duplicate objects, extra limbs, blurry, out of focus, noise, oversaturated, posterized, artifacts, jpeg artifacts"
7517,horse,white horse,standing,a forest clearing,low angle,nighttime under streetlights,clean,an ultra-realistic rendering,"an ultra-realistic rendering of a white horse standing in a forest clearing, low angle, nighttime under streetlights. single main subject, photorealistic color photo, natural colors, realistic texture, sharp focus on subject, no people, no text, no watermark, no logo, no border, no collage, no CGI, no illustration.","text, watermark, logo, caption, signature, border, frame, collage, multiple panels, cartoon, illustration, CGI, 3d render, low-poly, painting, anime, surreal, deformed, duplicate objects, extra limbs, blurry, out of focus, noise, oversaturated, posterized, artifacts, jpeg artifacts"
7936,horse,brown horse,standing,a forest clearing,side profile,foggy morning,hard,a finely detailed photo,"a finely detailed photo of a brown horse standing in a forest clearing, side profile, foggy morning. cropped slightly. single main subject, photorealistic color photo, natural colors, realistic texture, sharp focus on subject, no people, no text, no watermark, no logo, no border, no collage, no CGI, no illustration.","text, watermark, logo, caption, signature, border, frame, collage, multiple panels, cartoon, illustration, CGI, 3d render, low-poly, painting, anime, surreal, deformed, duplicate objects, extra limbs, blurry, out of focus, noise, oversaturated, posterized, artifacts, jpeg artifacts"
7676,horse,wild horse,running,a backyard,front view,sunny afternoon,clean,a photorealistic color photo,"a photorealistic color photo of a wild horse running in a backyard, front view, sunny afternoon. single main subject, photorealistic color photo, natural colors, realistic texture, sharp focus on subject, no people, no text, no watermark, no logo, no border, no collage, no CGI, no illustration.","text, watermark, logo, caption, signature, border, frame, collage, multiple panels, cartoon, illustration, CGI, 3d render, low-poly, painting, anime, surreal, deformed, duplicate objects, extra limbs, blurry, out of focus, noise, oversaturated, posterized, artifacts, jpeg artifacts"
7470,horse,white horse,grazing,a parking lot,close-up,indoor soft window light,clean,a finely detailed photo,"a finely detailed photo of a white horse grazing in a parking lot, close-up, indoor soft window light. single main subject, photorealistic color photo, natural colors, realistic texture, sharp focus on subject, no people, no text, no watermark, no logo, no border, no collage, no CGI, no illustration.","text, watermark, logo, caption, signature, border, frame, collage, multiple panels, cartoon, illustration, CGI, 3d render, low-poly, painting, anime, surreal, deformed, duplicate objects, extra limbs, blurry, out of focus, noise, oversaturated, posterized, artifacts, jpeg artifacts"
7541,horse,racehorse,walking,a lakeside shore,close-up,overcast daylight,clean,a detailed photograph,"a detailed photograph of a racehorse walking in a lakeside shore, close-up, overcast daylight. single main subject, photorealistic color photo, natural colors, realistic texture, sharp focus on subject, no people, no text, no watermark, no logo, no border, no collage, no CGI, no illustration.","text, watermark, logo, caption, signature, border, frame, collage, multiple panels, cartoon, illustration, CGI, 3d render, low-poly, painting, anime, surreal, deformed, duplicate objects, extra limbs, blurry, out of focus, noise, oversaturated, posterized, artifacts, jpeg artifacts"
7490,horse,pony,walking,a lakeside shore,3/4 view,indoor soft window light,clean,a professional photo,"a professional photo of a pony horse walking in a lakeside shore, 3/4 view, indoor soft window light. single main subject, photorealistic color photo, natural colors, realistic texture, sharp focus on subject, no people, no text, no watermark, no logo, no border, no collage, no CGI, no illustration.","text, watermark, logo, caption, signature, border, frame, collage, multiple panels, cartoon, illustration, CGI, 3d render, low-poly, painting, anime, surreal, deformed, duplicate objects, extra limbs, blurry, out of focus, noise, oversaturated, posterized, artifacts, jpeg artifacts"
7068,horse,pony,grazing,a city park,side profile,overcast daylight,clean,a professional photo,"a professional photo of a pony horse grazing in a city park, side profile, overcast daylight. single main subject, photorealistic color photo, natural colors, realistic texture, sharp focus on subject, no people, no text, no watermark, no logo, no border, no collage, no CGI, no illustration.","text, watermark, logo, caption, signature, border, frame, collage, multiple panels, cartoon, illustration, CGI, 3d render, low-poly, painting, anime, surreal, deformed, duplicate objects, extra limbs, blurry, out of focus, noise, oversaturated, posterized, artifacts, jpeg artifacts"
7566,horse,white horse,running,a quiet residential street,high angle,overcast daylight,clean,a finely detailed photo,"a finely detailed photo of a white horse running in a quiet residential street, high angle, overcast daylight. single main subject, photorealistic color photo, natural colors, realistic texture, sharp focus on subject, no people, no text, no watermark, no logo, no border, no collage, no CGI, no illustration.","text, watermark, logo, caption, signature, border, frame, collage, multiple panels, cartoon, illustration, CGI, 3d render, low-poly, painting, anime, surreal, deformed, duplicate objects, extra limbs, blurry, out of focus, noise, oversaturated, posterized, artifacts, jpeg artifacts"
7779,horse,brown horse,running,a suburban neighborhood,wide shot,nighttime under streetlights,clean,a detailed photograph,"a detailed photograph of a brown horse running in a suburban neighborhood, wide shot, nighttime under streetlights. single main subject, photorealistic color photo, natural colors, realistic texture, sharp focus on subject, no people, no text, no watermark, no logo, no border, no collage, no CGI, no illustration.","text, watermark, logo, caption, signature, border, frame, collage, multiple panels, cartoon, illustration, CGI, 3d render, low-poly, painting, anime, surreal, deformed, duplicate objects, extra limbs, blurry, out of focus, noise, oversaturated, posterized, artifacts, jpeg artifacts"
7486,horse,wild horse,standing,a countryside road,3/4 view,sunny afternoon,clean,an ultra-realistic rendering,"an ultra-realistic rendering of a wild horse standing in a countryside road, 3/4 view, sunny afternoon. single main subject, photorealistic color photo, natural colors, realistic texture, sharp focus on subject, no people, no text, no watermark, no logo, no border, no collage, no CGI, no illustration.","text, watermark, logo, caption, signature, border, frame, collage, multiple panels, cartoon, illustration, CGI, 3d render, low-poly, painting, anime, surreal, deformed, duplicate objects, extra limbs, blurry, out of focus, noise, oversaturated, posterized, artifacts, jpeg artifacts"
7008,horse,racehorse,running,a grassy field,close-up,indoor soft window light,clean,a detailed photograph,"a detailed photograph of a racehorse running in a grassy field, close-up, indoor soft window light. single main subject, photorealistic color photo, natural colors, realistic texture, sharp focus on subject, no people, no text, no watermark, no logo, no border, no collage, no CGI, no illustration.","text, watermark, logo, caption, signature, border, frame, collage, multiple panels, cartoon, illustration, CGI, 3d render, low-poly, painting, anime, surreal, deformed, duplicate objects, extra limbs, blurry, out of focus, noise, oversaturated, posterized, artifacts, jpeg artifacts"
7408,horse,pony,grazing,a sandy beach,wide shot,foggy morning,clean,a high-quality image,"a high-quality image of a pony horse grazing in a sandy beach, wide shot, foggy morning. single main subject, photorealistic color photo, natural colors, realistic texture, sharp focus on subject, no people, no text, no watermark, no logo, no border, no collage, no CGI, no illustration.","text, watermark, logo, caption, signature, border, frame, collage, multiple panels, cartoon, illustration, CGI, 3d render, low-poly, painting, anime, surreal, deformed, duplicate objects, extra limbs, blurry, out of focus, noise, oversaturated, posterized, artifacts, jpeg artifacts"
7756,horse,draft horse,grazing,a city park,3/4 view,rainy with wet reflections,clean,an ultra-realistic rendering,"an ultra-realistic rendering of a draft horse grazing in a city park, 3/4 view, rainy with wet reflections. single main subject, photorealistic color photo, natural colors, realistic texture, sharp focus on subject, no people, no text, no watermark, no logo, no border, no collage, no CGI, no illustration.","text, watermark, logo, caption, signature, border, frame, collage, multiple panels, cartoon, illustration, CGI, 3d render, low-poly, painting, anime, surreal, deformed, duplicate objects, extra limbs, blurry, out of focus, noise, oversaturated, posterized, artifacts, jpeg artifacts"
7808,horse,racehorse,running,a sandy beach,close-up,sunny afternoon,hard,a detailed photograph,"a detailed photograph of a racehorse running in a sandy beach, close-up, sunny afternoon. cropped slightly. single main subject, photorealistic color photo, natural colors, realistic texture, sharp focus on subject, no people, no text, no watermark, no logo, no border, no collage, no CGI, no illustration.","text, watermark, logo, caption, signature, border, frame, collage, multiple panels, cartoon, illustration, CGI, 3d render, low-poly, painting, anime, surreal, deformed, duplicate objects, extra limbs, blurry, out of focus, noise, oversaturated, posterized, artifacts, jpeg artifacts"
7768,horse,white horse,walking,a parking lot,high angle,overcast daylight,clean,a detailed photograph,"a detailed photograph of a white horse walking in a parking lot, high angle, overcast daylight. single main subject, photorealistic color photo, natural colors, realistic texture, sharp focus on subject, no people, no text, no watermark, no logo, no border, no collage, no CGI, no illustration.","text, watermark, logo, caption, signature, border, frame, collage, multiple panels, cartoon, illustration, CGI, 3d render, low-poly, painting, anime, surreal, deformed, duplicate objects, extra limbs, blurry, out of focus, noise, oversaturated, posterized, artifacts, jpeg artifacts"
7717,horse,racehorse,standing,a gravel lot,slightly off-center framing,foggy morning,clean,a professional photo,"a professional photo of a racehorse standing in a gravel lot, slightly off-center framing, foggy morning. single main subject, photorealistic color photo, natural colors, realistic texture, sharp focus on subject, no people, no text, no watermark, no logo, no border, no collage, no CGI, no illustration.","text, watermark, logo, caption, signature, border, frame, collage, multiple panels, cartoon, illustration, CGI, 3d render, low-poly, painting, anime, surreal, deformed, duplicate objects, extra limbs, blurry, out of focus, noise, oversaturated, posterized, artifacts, jpeg artifacts"
7562,horse,white horse,grazing,an industrial yard,front view,nighttime under streetlights,clean,a finely detailed photo,"a finely detailed photo of a white horse grazing in an industrial yard, front view, nighttime under streetlights. single main subject, photorealistic color photo, natural colors, realistic texture, sharp focus on subject, no people, no text, no watermark, no logo, no border, no collage, no CGI, no illustration.","text, watermark, logo, caption, signature, border, frame, collage, multiple panels, cartoon, illustration, CGI, 3d render, low-poly, painting, anime, surreal, deformed, duplicate objects, extra limbs, blurry, out of focus, noise, oversaturated, posterized, artifacts, jpeg artifacts"
7338,horse,brown horse,grazing,a backyard,3/4 view,foggy morning,clean,a professional photo,"a professional photo of a brown horse grazing in a backyard, 3/4 view, foggy morning. single main subject, photorealistic color photo, natural colors, realistic texture, sharp focus on subject, no people, no text, no watermark, no logo, no border, no collage, no CGI, no illustration.","text, watermark, logo, caption, signature, border, frame, collage, multiple panels, cartoon, illustration, CGI, 3d render, low-poly, painting, anime, surreal, deformed, duplicate objects, extra limbs, blurry, out of focus, noise, oversaturated, posterized, artifacts, jpeg artifacts"
7830,horse,wild horse,walking,a city park,high angle,overcast daylight,hard,a detailed photograph,"a detailed photograph of a wild horse walking in a city park, high angle, overcast daylight. in the distance. single main subject, photorealistic color photo, natural colors, realistic texture, sharp focus on subject, no people, no text, no watermark, no logo, no border, no collage, no CGI, no illustration.","text, watermark, logo, caption, signature, border, frame, collage, multiple panels, cartoon, illustration, CGI, 3d render, low-poly, painting, anime, surreal, deformed, duplicate objects, extra limbs, blurry, out of focus, noise, oversaturated, posterized, artifacts, jpeg artifacts"
7935,horse,white horse,standing,a city park,front view,sunny afternoon,hard,a professional photo,"a professional photo of a white horse standing in a city park, front view, sunny afternoon. partially occluded by a foreground object. single main subject, photorealistic color photo, natural colors, realistic texture, sharp focus on subject, no people, no text, no watermark, no logo, no border, no collage, no CGI, no illustration.","text, watermark, logo, caption, signature, border, frame, collage, multiple panels, cartoon, illustration, CGI, 3d render, low-poly, painting, anime, surreal, deformed, duplicate objects, extra limbs, blurry, out of focus, noise, oversaturated, posterized, artifacts, jpeg artifacts"
7954,horse,racehorse,walking,a city park,low angle,rainy with wet reflections,hard,a high-quality image,"a high-quality image of a racehorse walking in a city park, low angle, rainy with wet reflections. in the distance. single main subject, photorealistic color photo, natural colors, realistic texture, sharp focus on subject, no people, no text, no watermark, no logo, no border, no collage, no CGI, no illustration.","text, watermark, logo, caption, signature, border, frame, collage, multiple panels, cartoon, illustration, CGI, 3d render, low-poly, painting, anime, surreal, deformed, duplicate objects, extra limbs, blurry, out of focus, noise, oversaturated, posterized, artifacts, jpeg artifacts"
7412,horse,draft horse,grazing,an industrial yard,low angle,rainy with wet reflections,clean,a high-quality image,"a high-quality image of a draft horse grazing in an industrial yard, low angle, rainy with wet reflections. single main subject, photorealistic color photo, natural colors, realistic texture, sharp focus on subject, no people, no text, no watermark, no logo, no border, no collage, no CGI, no illustration.","text, watermark, logo, caption, signature, border, frame, collage, multiple panels, cartoon, illustration, CGI, 3d render, low-poly, painting, anime, surreal, deformed, duplicate objects, extra limbs, blurry, out of focus, noise, oversaturated, posterized, artifacts, jpeg artifacts"
7603,horse,racehorse,walking,a suburban neighborhood,3/4 view,backlit rim light,clean,an ultra-realistic rendering,"an ultra-realistic rendering of a racehorse walking in a suburban neighborhood, 3/4 view, backlit rim light. single main subject, photorealistic color photo, natural colors, realistic texture, sharp focus on subject, no people, no text, no watermark, no logo, no border, no collage, no CGI, no illustration.","text, watermark, logo, caption, signature, border, frame, collage, multiple panels, cartoon, illustration, CGI, 3d render, low-poly, painting, anime, surreal, deformed, duplicate objects, extra limbs, blurry, out of focus, noise, oversaturated, posterized, artifacts, jpeg artifacts"
7880,horse,brown horse,running,a parking lot,cropped at the edge of the frame,rainy with wet reflections,hard,a finely detailed photo,"a finely detailed photo of a brown horse running in a parking lot, cropped at the edge of the frame, rainy with wet reflections. slight motion blur. single main subject, photorealistic color photo, natural colors, realistic texture, sharp focus on subject, no people, no text, no watermark, no logo, no border, no collage, no CGI, no illustration.","text, watermark, logo, caption, signature, border, frame, collage, multiple panels, cartoon, illustration, CGI, 3d render, low-poly, painting, anime, surreal, deformed, duplicate objects, extra limbs, blurry, out of focus, noise, oversaturated, posterized, artifacts, jpeg artifacts"
7504,horse,draft horse,grazing,an industrial yard,low angle,backlit rim light,clean,a finely detailed photo,"a finely detailed photo of a draft horse grazing in an industrial yard, low angle, backlit rim light. single main subject, photorealistic color photo, natural colors, realistic texture, sharp focus on subject, no people, no text, no watermark, no logo, no border, no collage, no CGI, no illustration.","text, watermark, logo, caption, signature, border, frame, collage, multiple panels, cartoon, illustration, CGI, 3d render, low-poly, painting, anime, surreal, deformed, duplicate objects, extra limbs, blurry, out of focus, noise, oversaturated, posterized, artifacts, jpeg artifacts"
7328,horse,racehorse,running,a sandy beach,side profile,rainy with wet reflections,clean,a finely detailed photo,"a finely detailed photo of a racehorse running in a sandy beach, side profile, rainy with wet reflections. single main subject, photorealistic color photo, natural colors, realistic texture, sharp focus on subject, no people, no text, no watermark, no logo, no border, no collage, no CGI, no illustration.","text, watermark, logo, caption, signature, border, frame, collage, multiple panels, cartoon, illustration, CGI, 3d render, low-poly, painting, anime, surreal, deformed, duplicate objects, extra limbs, blurry, out of focus, noise, oversaturated, posterized, artifacts, jpeg artifacts"
7137,horse,brown horse,grazing,a city park,wide shot,indoor soft window light,clean,a photorealistic color photo,"a photorealistic color photo of a brown horse grazing in a city park, wide shot, indoor soft window light. single main subject, photorealistic color photo, natural colors, realistic texture, sharp focus on subject, no people, no text, no watermark, no logo, no border, no collage, no CGI, no illustration.","text, watermark, logo, caption, signature, border, frame, collage, multiple panels, cartoon, illustration, CGI, 3d render, low-poly, painting, anime, surreal, deformed, duplicate objects, extra limbs, blurry, out of focus, noise, oversaturated, posterized, artifacts, jpeg artifacts"
7632,horse,white horse,walking,a forest clearing,front view,overcast daylight,clean,an ultra-realistic rendering,"an ultra-realistic rendering of a white horse walking in a forest clearing, front view, overcast daylight. single main subject, photorealistic color photo, natural colors, realistic texture, sharp focus on subject, no people, no text, no watermark, no logo, no border, no collage, no CGI, no illustration.","text, watermark, logo, caption, signature, border, frame, collage, multiple panels, cartoon, illustration, CGI, 3d render, low-poly, painting, anime, surreal, deformed, duplicate objects, extra limbs, blurry, out of focus, noise, oversaturated, posterized, artifacts, jpeg artifacts"
7624,horse,pony,running,a forest clearing,low angle,golden hour,clean,an ultra-realistic rendering,"an ultra-realistic rendering of a pony horse running in a forest clearing, low angle, golden hour. single main subject, photorealistic color photo, natural colors, realistic texture, sharp focus on subject, no people, no text, no watermark, no logo, no border, no collage, no CGI, no illustration.","text, watermark, logo, caption, signature, border, frame, collage, multiple panels, cartoon, illustration, CGI, 3d render, low-poly, painting, anime, surreal, deformed, duplicate objects, extra limbs, blurry, out of focus, noise, oversaturated, posterized, artifacts, jpeg artifacts"
7545,horse,racehorse,running,a parking lot,wide shot,backlit rim light,clean,a professional photo,"a professional photo of a racehorse running in a parking lot, wide shot, backlit rim light. single main subject, photorealistic color photo, natural colors, realistic texture, sharp focus on subject, no people, no text, no watermark, no logo, no border, no collage, no CGI, no illustration.","text, watermark, logo, caption, signature, border, frame, collage, multiple panels, cartoon, illustration, CGI, 3d render, low-poly, painting, anime, surreal, deformed, duplicate objects, extra limbs, blurry, out of focus, noise, oversaturated, posterized, artifacts, jpeg artifacts"
7568,horse,pony,running,a countryside road,3/4 view,nighttime under streetlights,clean,a detailed photograph,"a detailed photograph of a pony horse running in a countryside road, 3/4 view, nighttime under streetlights. single main subject, photorealistic color photo, natural colors, realistic texture, sharp focus on subject, no people, no text, no watermark, no logo, no border, no collage, no CGI, no illustration.","text, watermark, logo, caption, signature, border, frame, collage, multiple panels, cartoon, illustration, CGI, 3d render, low-poly, painting, anime, surreal, deformed, duplicate objects, extra limbs, blurry, out of focus, noise, oversaturated, posterized, artifacts, jpeg artifacts"
7746,horse,pony,walking,a lakeside shore,close-up,rainy with wet reflections,clean,an ultra-realistic rendering,"an ultra-realistic rendering of a pony horse walking in a lakeside shore, close-up, rainy with wet reflections. single main subject, photorealistic color photo, natural colors, realistic texture, sharp focus on subject, no people, no text, no watermark, no logo, no border, no collage, no CGI, no illustration.","text, watermark, logo, caption, signature, border, frame, collage, multiple panels, cartoon, illustration, CGI, 3d render, low-poly, painting, anime, surreal, deformed, duplicate objects, extra limbs, blurry, out of focus, noise, oversaturated, posterized, artifacts, jpeg artifacts"
7130,horse,wild horse,running,a quiet residential street,low angle,overcast daylight,clean,a detailed photograph,"a detailed photograph of a wild horse running in a quiet residential street, low angle, overcast daylight. single main subject, photorealistic color photo, natural colors, realistic texture, sharp focus on subject, no people, no text, no watermark, no logo, no border, no collage, no CGI, no illustration.","text, watermark, logo, caption, signature, border, frame, collage, multiple panels, cartoon, illustration, CGI, 3d render, low-poly, painting, anime, surreal, deformed, duplicate objects, extra limbs, blurry, out of focus, noise, oversaturated, posterized, artifacts, jpeg artifacts"
7381,horse,wild horse,standing,a countryside road,wide shot,indoor soft window light,clean,a high-quality image,"a high-quality image of a wild horse standing in a countryside road, wide shot, indoor soft window light. single main subject, photorealistic color photo, natural colors, realistic texture, sharp focus on subject, no people, no text, no watermark, no logo, no border, no collage, no CGI, no illustration.","text, watermark, logo, caption, signature, border, frame, collage, multiple panels, cartoon, illustration, CGI, 3d render, low-poly, painting, anime, surreal, deformed, duplicate objects, extra limbs, blurry, out of focus, noise, oversaturated, posterized, artifacts, jpeg artifacts"
7079,horse,pony,running,a city park,low angle,backlit rim light,clean,a finely detailed photo,"a finely detailed photo of a pony horse running in a city park, low angle, backlit rim light. single main subject, photorealistic color photo, natural colors, realistic texture, sharp focus on subject, no people, no text, no watermark, no logo, no border, no collage, no CGI, no illustration.","text, watermark, logo, caption, signature, border, frame, collage, multiple panels, cartoon, illustration, CGI, 3d render, low-poly, painting, anime, surreal, deformed, duplicate objects, extra limbs, blurry, out of focus, noise, oversaturated, posterized, artifacts, jpeg artifacts"
7242,horse,white horse,running,a forest clearing,high angle,golden hour,clean,a photorealistic color photo,"a photorealistic color photo of a white horse running in a forest clearing, high angle, golden hour. single main subject, photorealistic color photo, natural colors, realistic texture, sharp focus on subject, no people, no text, no watermark, no logo, no border, no collage, no CGI, no illustration.","text, watermark, logo, caption, signature, border, frame, collage, multiple panels, cartoon, illustration, CGI, 3d render, low-poly, painting, anime, surreal, deformed, duplicate objects, extra limbs, blurry, out of focus, noise, oversaturated, posterized, artifacts, jpeg artifacts"
7684,horse,white horse,walking,a parking lot,close-up,backlit rim light,clean,a photorealistic color photo,"a photorealistic color photo of a white horse walking in a parking lot, close-up, backlit rim light. single main subject, photorealistic color photo, natural colors, realistic texture, sharp focus on subject, no people, no text, no watermark, no logo, no border, no collage, no CGI, no illustration.","text, watermark, logo, caption, signature, border, frame, collage, multiple panels, cartoon, illustration, CGI, 3d render, low-poly, painting, anime, surreal, deformed, duplicate objects, extra limbs, blurry, out of focus, noise, oversaturated, posterized, artifacts, jpeg artifacts"
7661,horse,draft horse,standing,a wet roadway after rain,3/4 view,nighttime under streetlights,clean,a detailed photograph,"a detailed photograph of a draft horse standing in a wet roadway after rain, 3/4 view, nighttime under streetlights. single main subject, photorealistic color photo, natural colors, realistic texture, sharp focus on subject, no people, no text, no watermark, no logo, no border, no collage, no CGI, no illustration.","text, watermark, logo, caption, signature, border, frame, collage, multiple panels, cartoon, illustration, CGI, 3d render, low-poly, painting, anime, surreal, deformed, duplicate objects, extra limbs, blurry, out of focus, noise, oversaturated, posterized, artifacts, jpeg artifacts"
7724,horse,pony,walking,a backyard,front view,overcast daylight,clean,a high-quality image,"a high-quality image of a pony horse walking in a backyard, front view, overcast daylight. single main subject, photorealistic color photo, natural colors, realistic texture, sharp focus on subject, no people, no text, no watermark, no logo, no border, no collage, no CGI, no illustration.","text, watermark, logo, caption, signature, border, frame, collage, multiple panels, cartoon, illustration, CGI, 3d render, low-poly, painting, anime, surreal, deformed, duplicate objects, extra limbs, blurry, out of focus, noise, oversaturated, posterized, artifacts, jpeg artifacts"
7198,horse,racehorse,standing,a city park,high angle,indoor soft window light,clean,a finely detailed photo,"a finely detailed photo of a racehorse standing in a city park, high angle, indoor soft window light. single main subject, photorealistic color photo, natural colors, realistic texture, sharp focus on subject, no people, no text, no watermark, no logo, no border, no collage, no CGI, no illustration.","text, watermark, logo, caption, signature, border, frame, collage, multiple panels, cartoon, illustration, CGI, 3d render, low-poly, painting, anime, surreal, deformed, duplicate objects, extra limbs, blurry, out of focus, noise, oversaturated, posterized, artifacts, jpeg artifacts"
7634,horse,pony,walking,an urban street,slightly off-center framing,backlit rim light,clean,an ultra-realistic rendering,"an ultra-realistic rendering of a pony horse walking in an urban street, slightly off-center framing, backlit rim light. single main subject, photorealistic color photo, natural colors, realistic texture, sharp focus on subject, no people, no text, no watermark, no logo, no border, no collage, no CGI, no illustration.","text, watermark, logo, caption, signature, border, frame, collage, multiple panels, cartoon, illustration, CGI, 3d render, low-poly, painting, anime, surreal, deformed, duplicate objects, extra limbs, blurry, out of focus, noise, oversaturated, posterized, artifacts, jpeg artifacts"
7168,horse,wild horse,running,a sandy beach,close-up,backlit rim light,clean,a high-quality image,"a high-quality image of a wild horse running in a sandy beach, close-up, backlit rim light. single main subject, photorealistic color photo, natural colors, realistic texture, sharp focus on subject, no people, no text, no watermark, no logo, no border, no collage, no CGI, no illustration.","text, watermark, logo, caption, signature, border, frame, collage, multiple panels, cartoon, illustration, CGI, 3d render, low-poly, painting, anime, surreal, deformed, duplicate objects, extra limbs, blurry, out of focus, noise, oversaturated, posterized, artifacts, jpeg artifacts"
7802,horse,draft horse,walking,a suburban neighborhood,cropped at the edge of the frame,overcast daylight,hard,a detailed photograph,"a detailed photograph of a draft horse walking in a suburban neighborhood, cropped at the edge of the frame, overcast daylight. in the distance. single main subject, photorealistic color photo, natural colors, realistic texture, sharp focus on subject, no people, no text, no watermark, no logo, no border, no collage, no CGI, no illustration.","text, watermark, logo, caption, signature, border, frame, collage, multiple panels, cartoon, illustration, CGI, 3d render, low-poly, painting, anime, surreal, deformed, duplicate objects, extra limbs, blurry, out of focus, noise, oversaturated, posterized, artifacts, jpeg artifacts"
7658,horse,draft horse,grazing,a gravel lot,low angle,nighttime under streetlights,clean,a detailed photograph,"a detailed photograph of a draft horse grazing in a gravel lot, low angle, nighttime under streetlights. single main subject, photorealistic color photo, natural colors, realistic texture, sharp focus on subject, no people, no text, no watermark, no logo, no border, no collage, no CGI, no illustration.","text, watermark, logo, caption, signature, border, frame, collage, multiple panels, cartoon, illustration, CGI, 3d render, low-poly, painting, anime, surreal, deformed, duplicate objects, extra limbs, blurry, out of focus, noise, oversaturated, posterized, artifacts, jpeg artifacts"
7966,horse,racehorse,grazing,an industrial yard,side profile,foggy morning,hard,a finely detailed photo,"a finely detailed photo of a racehorse grazing in an industrial yard, side profile, foggy morning. cropped slightly. single main subject, photorealistic color photo, natural colors, realistic texture, sharp focus on subject, no people, no text, no watermark, no logo, no border, no collage, no CGI, no illustration.","text, watermark, logo, caption, signature, border, frame, collage, multiple panels, cartoon, illustration, CGI, 3d render, low-poly, painting, anime, surreal, deformed, duplicate objects, extra limbs, blurry, out of focus, noise, oversaturated, posterized, artifacts, jpeg artifacts"
7820,horse,racehorse,walking,a suburban neighborhood,front view,rainy with wet reflections,hard,a finely detailed photo,"a finely detailed photo of a racehorse walking in a suburban neighborhood, front view, rainy with wet reflections. in the distance. single main subject, photorealistic color photo, natural colors, realistic texture, sharp focus on subject, no people, no text, no watermark, no logo, no border, no collage, no CGI, no illustration.","text, watermark, logo, caption, signature, border, frame, collage, multiple panels, cartoon, illustration, CGI, 3d render, low-poly, painting, anime, surreal, deformed, duplicate objects, extra limbs, blurry, out of focus, noise, oversaturated, posterized, artifacts, jpeg artifacts"
7106,horse,brown horse,running,a quiet residential street,wide shot,rainy with wet reflections,clean,a professional photo,"a professional photo of a brown horse running in a quiet residential street, wide shot, rainy with wet reflections. single main subject, photorealistic color photo, natural colors, realistic texture, sharp focus on subject, no people, no text, no watermark, no logo, no border, no collage, no CGI, no illustration.","text, watermark, logo, caption, signature, border, frame, collage, multiple panels, cartoon, illustration, CGI, 3d render, low-poly, painting, anime, surreal, deformed, duplicate objects, extra limbs, blurry, out of focus, noise, oversaturated, posterized, artifacts, jpeg artifacts"
7329,horse,wild horse,standing,a sandy beach,wide shot,golden hour,clean,a detailed photograph,"a detailed photograph of a wild horse standing in a sandy beach, wide shot, golden hour. single main subject, photorealistic color photo, natural colors, realistic texture, sharp focus on subject, no people, no text, no watermark, no logo, no border, no collage, no CGI, no illustration.","text, watermark, logo, caption, signature, border, frame, collage, multiple panels, cartoon, illustration, CGI, 3d render, low-poly, painting, anime, surreal, deformed, duplicate objects, extra limbs, blurry, out of focus, noise, oversaturated, posterized, artifacts, jpeg artifacts"
7582,horse,pony,standing,a gravel lot,low angle,overcast daylight,clean,an ultra-realistic rendering,"an ultra-realistic rendering of a pony horse standing in a gravel lot, low angle, overcast daylight. single main subject, photorealistic color photo, natural colors, realistic texture, sharp focus on subject, no people, no text, no watermark, no logo, no border, no collage, no CGI, no illustration.","text, watermark, logo, caption, signature, border, frame, collage, multiple panels, cartoon, illustration, CGI, 3d render, low-poly, painting, anime, surreal, deformed, duplicate objects, extra limbs, blurry, out of focus, noise, oversaturated, posterized, artifacts, jpeg artifacts"
7443,horse,brown horse,running,a quiet residential street,front view,indoor soft window light,clean,a professional photo,"a professional photo of a brown horse running in a quiet residential street, front view, indoor soft window light. single main subject, photorealistic color photo, natural colors, realistic texture, sharp focus on subject, no people, no text, no watermark, no logo, no border, no collage, no CGI, no illustration.","text, watermark, logo, caption, signature, border, frame, collage, multiple panels, cartoon, illustration, CGI, 3d render, low-poly, painting, anime, surreal, deformed, duplicate objects, extra limbs, blurry, out of focus, noise, oversaturated, posterized, artifacts, jpeg artifacts"
7616,horse,pony,walking,a wet roadway after rain,3/4 view,indoor soft window light,clean,a high-quality image,"a high-quality image of a pony horse walking in a wet roadway after rain, 3/4 view, indoor soft window light. single main subject, photorealistic color photo, natural colors, realistic texture, sharp focus on subject, no people, no text, no watermark, no logo, no border, no collage, no CGI, no illustration.","text, watermark, logo, caption, signature, border, frame, collage, multiple panels, cartoon, illustration, CGI, 3d render, low-poly, painting, anime, surreal, deformed, duplicate objects, extra limbs, blurry, out of focus, noise, oversaturated, posterized, artifacts, jpeg artifacts"
7215,horse,brown horse,standing,a city park,low angle,indoor soft window light,clean,a professional photo,"a professional photo of a brown horse standing in a city park, low angle, indoor soft window light. single main subject, photorealistic color photo, natural colors, realistic texture, sharp focus on subject, no people, no text, no watermark, no logo, no border, no collage, no CGI, no illustration.","text, watermark, logo, caption, signature, border, frame, collage, multiple panels, cartoon, illustration, CGI, 3d render, low-poly, painting, anime, surreal, deformed, duplicate objects, extra limbs, blurry, out of focus, noise, oversaturated, posterized, artifacts, jpeg artifacts"
7793,horse,white horse,running,a grassy field,close-up,overcast daylight,clean,a high-quality image,"a high-quality image of a white horse running in a grassy field, close-up, overcast daylight. single main subject, photorealistic color photo, natural colors, realistic texture, sharp focus on subject, no people, no text, no watermark, no logo, no border, no collage, no CGI, no illustration.","text, watermark, logo, caption, signature, border, frame, collage, multiple panels, cartoon, illustration, CGI, 3d render, low-poly, painting, anime, surreal, deformed, duplicate objects, extra limbs, blurry, out of focus, noise, oversaturated, posterized, artifacts, jpeg artifacts"
7297,horse,white horse,walking,a suburban neighborhood,slightly off-center framing,golden hour,clean,a photorealistic color photo,"a photorealistic color photo of a white horse walking in a suburban neighborhood, slightly off-center framing, golden hour. single main subject, photorealistic color photo, natural colors, realistic texture, sharp focus on subject, no people, no text, no watermark, no logo, no border, no collage, no CGI, no illustration.","text, watermark, logo, caption, signature, border, frame, collage, multiple panels, cartoon, illustration, CGI, 3d render, low-poly, painting, anime, surreal, deformed, duplicate objects, extra limbs, blurry, out of focus, noise, oversaturated, posterized, artifacts, jpeg artifacts"
7330,horse,wild horse,running,a grassy field,3/4 view,rainy with wet reflections,clean,a professional photo,"a professional photo of a wild horse running in a grassy field, 3/4 view, rainy with wet reflections. single main subject, photorealistic color photo, natural colors, realistic texture, sharp focus on subject, no people, no text, no watermark, no logo, no border, no collage, no CGI, no illustration.","text, watermark, logo, caption, signature, border, frame, collage, multiple panels, cartoon, illustration, CGI, 3d render, low-poly, painting, anime, surreal, deformed, duplicate objects, extra limbs, blurry, out of focus, noise, oversaturated, posterized, artifacts, jpeg artifacts"
7842,horse,wild horse,walking,a countryside road,cropped at the edge of the frame,indoor soft window light,hard,a high-quality image,"a high-quality image of a wild horse walking in a countryside road, cropped at the edge of the frame, indoor soft window light. slight motion blur. single main subject, photorealistic color photo, natural colors, realistic texture, sharp focus on subject, no people, no text, no watermark, no logo, no border, no collage, no CGI, no illustration.","text, watermark, logo, caption, signature, border, frame, collage, multiple panels, cartoon, illustration, CGI, 3d render, low-poly, painting, anime, surreal, deformed, duplicate objects, extra limbs, blurry, out of focus, noise, oversaturated, posterized, artifacts, jpeg artifacts"
7216,horse,pony,walking,a forest clearing,front view,rainy with wet reflections,clean,a finely detailed photo,"a finely detailed photo of a pony horse walking in a forest clearing, front view, rainy with wet reflections. single main subject, photorealistic color photo, natural colors, realistic texture, sharp focus on subject, no people, no text, no watermark, no logo, no border, no collage, no CGI, no illustration.","text, watermark, logo, caption, signature, border, frame, collage, multiple panels, cartoon, illustration, CGI, 3d render, low-poly, painting, anime, surreal, deformed, duplicate objects, extra limbs, blurry, out of focus, noise, oversaturated, posterized, artifacts, jpeg artifacts"
7713,horse,racehorse,standing,a city park,slightly off-center framing,overcast daylight,clean,a professional photo,"a professional photo of a racehorse standing in a city park, slightly off-center framing, overcast daylight. single main subject, photorealistic color photo, natural colors, realistic texture, sharp focus on subject, no people, no text, no watermark, no logo, no border, no collage, no CGI, no illustration.","text, watermark, logo, caption, signature, border, frame, collage, multiple panels, cartoon, illustration, CGI, 3d render, low-poly, painting, anime, surreal, deformed, duplicate objects, extra limbs, blurry, out of focus, noise, oversaturated, posterized, artifacts, jpeg artifacts"
7135,horse,pony,standing,a parking lot,3/4 view,overcast daylight,clean,a detailed photograph,"a detailed photograph of a pony horse standing in a parking lot, 3/4 view, overcast daylight. single main subject, photorealistic color photo, natural colors, realistic texture, sharp focus on subject, no people, no text, no watermark, no logo, no border, no collage, no CGI, no illustration.","text, watermark, logo, caption, signature, border, frame, collage, multiple panels, cartoon, illustration, CGI, 3d render, low-poly, painting, anime, surreal, deformed, duplicate objects, extra limbs, blurry, out of focus, noise, oversaturated, posterized, artifacts, jpeg artifacts"
7441,horse,racehorse,standing,a city park,low angle,nighttime under streetlights,clean,a detailed photograph,"a detailed photograph of a racehorse standing in a city park, low angle, nighttime under streetlights. single main subject, photorealistic color photo, natural colors, realistic texture, sharp focus on subject, no people, no text, no watermark, no logo, no border, no collage, no CGI, no illustration.","text, watermark, logo, caption, signature, border, frame, collage, multiple panels, cartoon, illustration, CGI, 3d render, low-poly, painting, anime, surreal, deformed, duplicate objects, extra limbs, blurry, out of focus, noise, oversaturated, posterized, artifacts, jpeg artifacts"
7704,horse,brown horse,grazing,a grassy field,wide shot,nighttime under streetlights,clean,a detailed photograph,"a detailed photograph of a brown horse grazing in a grassy field, wide shot, nighttime under streetlights. single main subject, photorealistic color photo, natural colors, realistic texture, sharp focus on subject, no people, no text, no watermark, no logo, no border, no collage, no CGI, no illustration.","text, watermark, logo, caption, signature, border, frame, collage, multiple panels, cartoon, illustration, CGI, 3d render, low-poly, painting, anime, surreal, deformed, duplicate objects, extra limbs, blurry, out of focus, noise, oversaturated, posterized, artifacts, jpeg artifacts"
7993,horse,pony,running,a grassy field,low angle,golden hour,hard,a detailed photograph,"a detailed photograph of a pony horse running in a grassy field, low angle, golden hour. partially occluded by a foreground object. single main subject, photorealistic color photo, natural colors, realistic texture, sharp focus on subject, no people, no text, no watermark, no logo, no border, no collage, no CGI, no illustration.","text, watermark, logo, caption, signature, border, frame, collage, multiple panels, cartoon, illustration, CGI, 3d render, low-poly, painting, anime, surreal, deformed, duplicate objects, extra limbs, blurry, out of focus, noise, oversaturated, posterized, artifacts, jpeg artifacts"
7989,horse,white horse,walking,an industrial yard,slightly off-center framing,indoor soft window light,hard,a finely detailed photo,"a finely detailed photo of a white horse walking in an industrial yard, slightly off-center framing, indoor soft window light. slight motion blur. single main subject, photorealistic color photo, natural colors, realistic texture, sharp focus on subject, no people, no text, no watermark, no logo, no border, no collage, no CGI, no illustration.","text, watermark, logo, caption, signature, border, frame, collage, multiple panels, cartoon, illustration, CGI, 3d render, low-poly, painting, anime, surreal, deformed, duplicate objects, extra limbs, blurry, out of focus, noise, oversaturated, posterized, artifacts, jpeg artifacts"
7030,horse,brown horse,running,a city park,wide shot,indoor soft window light,clean,a high-quality image,"a high-quality image of a brown horse running in a city park, wide shot, indoor soft window light. single main subject, photorealistic color photo, natural colors, realistic texture, sharp focus on subject, no people, no text, no watermark, no logo, no border, no collage, no CGI, no illustration.","text, watermark, logo, caption, signature, border, frame, collage, multiple panels, cartoon, illustration, CGI, 3d render, low-poly, painting, anime, surreal, deformed, duplicate objects, extra limbs, blurry, out of focus, noise, oversaturated, posterized, artifacts, jpeg artifacts"
7399,horse,pony,grazing,a gravel lot,slightly off-center framing,overcast daylight,clean,a photorealistic color photo,"a photorealistic color photo of a pony horse grazing in a gravel lot, slightly off-center framing, overcast daylight. single main subject, photorealistic color photo, natural colors, realistic texture, sharp focus on subject, no people, no text, no watermark, no logo, no border, no collage, no CGI, no illustration.","text, watermark, logo, caption, signature, border, frame, collage, multiple panels, cartoon, illustration, CGI, 3d render, low-poly, painting, anime, surreal, deformed, duplicate objects, extra limbs, blurry, out of focus, noise, oversaturated, posterized, artifacts, jpeg artifacts"
7177,horse,wild horse,grazing,a city park,3/4 view,sunny afternoon,clean,a photorealistic color photo,"a photorealistic color photo of a wild horse grazing in a city park, 3/4 view, sunny afternoon. single main subject, photorealistic color photo, natural colors, realistic texture, sharp focus on subject, no people, no text, no watermark, no logo, no border, no collage, no CGI, no illustration.","text, watermark, logo, caption, signature, border, frame, collage, multiple panels, cartoon, illustration, CGI, 3d render, low-poly, painting, anime, surreal, deformed, duplicate objects, extra limbs, blurry, out of focus, noise, oversaturated, posterized, artifacts, jpeg artifacts"
7787,horse,brown horse,walking,a countryside road,close-up,nighttime under streetlights,clean,a finely detailed photo,"a finely detailed photo of a brown horse walking in a countryside road, close-up, nighttime under streetlights. single main subject, photorealistic color photo, natural colors, realistic texture, sharp focus on subject, no people, no text, no watermark, no logo, no border, no collage, no CGI, no illustration.","text, watermark, logo, caption, signature, border, frame, collage, multiple panels, cartoon, illustration, CGI, 3d render, low-poly, painting, anime, surreal, deformed, duplicate objects, extra limbs, blurry, out of focus, noise, oversaturated, posterized, artifacts, jpeg artifacts"
7865,horse,draft horse,running,an urban street,wide shot,nighttime under streetlights,hard,an ultra-realistic rendering,"an ultra-realistic rendering of a draft horse running in an urban street, wide shot, nighttime under streetlights. partially occluded by a foreground object. single main subject, photorealistic color photo, natural colors, realistic texture, sharp focus on subject, no people, no text, no watermark, no logo, no border, no collage, no CGI, no illustration.","text, watermark, logo, caption, signature, border, frame, collage, multiple panels, cartoon, illustration, CGI, 3d render, low-poly, painting, anime, surreal, deformed, duplicate objects, extra limbs, blurry, out of focus, noise, oversaturated, posterized, artifacts, jpeg artifacts"
7650,horse,white horse,grazing,a backyard,wide shot,backlit rim light,clean,a high-quality image,"a high-quality image of a white horse grazing in a backyard, wide shot, backlit rim light. single main subject, photorealistic color photo, natural colors, realistic texture, sharp focus on subject, no people, no text, no watermark, no logo, no border, no collage, no CGI, no illustration.","text, watermark, logo, caption, signature, border, frame, collage, multiple panels, cartoon, illustration, CGI, 3d render, low-poly, painting, anime, surreal, deformed, duplicate objects, extra limbs, blurry, out of focus, noise, oversaturated, posterized, artifacts, jpeg artifacts"
7436,horse,racehorse,standing,a quiet residential street,low angle,overcast daylight,clean,a high-quality image,"a high-quality image of a racehorse standing in a quiet residential street, low angle, overcast daylight. single main subject, photorealistic color photo, natural colors, realistic texture, sharp focus on subject, no people, no text, no watermark, no logo, no border, no collage, no CGI, no illustration.","text, watermark, logo, caption, signature, border, frame, collage, multiple panels, cartoon, illustration, CGI, 3d render, low-poly, painting, anime, surreal, deformed, duplicate objects, extra limbs, blurry, out of focus, noise, oversaturated, posterized, artifacts, jpeg artifacts"
7033,horse,brown horse,walking,a parking lot,low angle,foggy morning,clean,a high-quality image,"a high-quality image of a brown horse walking in a parking lot, low angle, foggy morning. single main subject, photorealistic color photo, natural colors, realistic texture, sharp focus on subject, no people, no text, no watermark, no logo, no border, no collage, no CGI, no illustration.","text, watermark, logo, caption, signature, border, frame, collage, multiple panels, cartoon, illustration, CGI, 3d render, low-poly, painting, anime, surreal, deformed, duplicate objects, extra limbs, blurry, out of focus, noise, oversaturated, posterized, artifacts, jpeg artifacts"
7140,horse,racehorse,running,a grassy field,high angle,overcast daylight,clean,a finely detailed photo,"a finely detailed photo of a racehorse running in a grassy field, high angle, overcast daylight. single main subject, photorealistic color photo, natural colors, realistic texture, sharp focus on subject, no people, no text, no watermark, no logo, no border, no collage, no CGI, no illustration.","text, watermark, logo, caption, signature, border, frame, collage, multiple panels, cartoon, illustration, CGI, 3d render, low-poly, painting, anime, surreal, deformed, duplicate objects, extra limbs, blurry, out of focus, noise, oversaturated, posterized, artifacts, jpeg artifacts"
7693,horse,pony,standing,a parking lot,low angle,sunny afternoon,clean,a detailed photograph,"a detailed photograph of a pony horse standing in a parking lot, low angle, sunny afternoon. single main subject, photorealistic color photo, natural colors, realistic texture, sharp focus on subject, no people, no text, no watermark, no logo, no border, no collage, no CGI, no illustration.","text, watermark, logo, caption, signature, border, frame, collage, multiple panels, cartoon, illustration, CGI, 3d render, low-poly, painting, anime, surreal, deformed, duplicate objects, extra limbs, blurry, out of focus, noise, oversaturated, posterized, artifacts, jpeg artifacts"
7750,horse,draft horse,grazing,an urban street,close-up,indoor soft window light,clean,a finely detailed photo,"a finely detailed photo of a draft horse grazing in an urban street, close-up, indoor soft window light. single main subject, photorealistic color photo, natural colors, realistic texture, sharp focus on subject, no people, no text, no watermark, no logo, no border, no collage, no CGI, no illustration.","text, watermark, logo, caption, signature, border, frame, collage, multiple panels, cartoon, illustration, CGI, 3d render, low-poly, painting, anime, surreal, deformed, duplicate objects, extra limbs, blurry, out of focus, noise, oversaturated, posterized, artifacts, jpeg artifacts"
7230,horse,racehorse,running,a quiet residential street,high angle,backlit rim light,clean,a finely detailed photo,"a finely detailed photo of a racehorse running in a quiet residential street, high angle, backlit rim light. single main subject, photorealistic color photo, natural colors, realistic texture, sharp focus on subject, no people, no text, no watermark, no logo, no border, no collage, no CGI, no illustration.","text, watermark, logo, caption, signature, border, frame, collage, multiple panels, cartoon, illustration, CGI, 3d render, low-poly, painting, anime, surreal, deformed, duplicate objects, extra limbs, blurry, out of focus, noise, oversaturated, posterized, artifacts, jpeg artifacts"
7548,horse,racehorse,grazing,a suburban neighborhood,side profile,rainy with wet reflections,clean,a finely detailed photo,"a finely detailed photo of a racehorse grazing in a suburban neighborhood, side profile, rainy with wet reflections. single main subject, photorealistic color photo, natural colors, realistic texture, sharp focus on subject, no people, no text, no watermark, no logo, no border, no collage, no CGI, no illustration.","text, watermark, logo, caption, signature, border, frame, collage, multiple panels, cartoon, illustration, CGI, 3d render, low-poly, painting, anime, surreal, deformed, duplicate objects, extra limbs, blurry, out of focus, noise, oversaturated, posterized, artifacts, jpeg artifacts"
7977,horse,brown horse,standing,an urban street,wide shot,sunny afternoon,hard,a high-quality image,"a high-quality image of a brown horse standing in an urban street, wide shot, sunny afternoon. slight motion blur. single main subject, photorealistic color photo, natural colors, realistic texture, sharp focus on subject, no people, no text, no watermark, no logo, no border, no collage, no CGI, no illustration.","text, watermark, logo, caption, signature, border, frame, collage, multiple panels, cartoon, illustration, CGI, 3d render, low-poly, painting, anime, surreal, deformed, duplicate objects, extra limbs, blurry, out of focus, noise, oversaturated, posterized, artifacts, jpeg artifacts"
7847,horse,pony,walking,an urban street,cropped at the edge of the frame,foggy morning,hard,a professional photo,"a professional photo of a pony horse walking in an urban street, cropped at the edge of the frame, foggy morning. in the distance. single main subject, photorealistic color photo, natural colors, realistic texture, sharp focus on subject, no people, no text, no watermark, no logo, no border, no collage, no CGI, no illustration.","text, watermark, logo, caption, signature, border, frame, collage, multiple panels, cartoon, illustration, CGI, 3d render, low-poly, painting, anime, surreal, deformed, duplicate objects, extra limbs, blurry, out of focus, noise, oversaturated, posterized, artifacts, jpeg artifacts"
7471,horse,wild horse,standing,a backyard,wide shot,rainy with wet reflections,clean,a professional photo,"a professional photo of a wild horse standing in a backyard, wide shot, rainy with wet reflections. single main subject, photorealistic color photo, natural colors, realistic texture, sharp focus on subject, no people, no text, no watermark, no logo, no border, no collage, no CGI, no illustration.","text, watermark, logo, caption, signature, border, frame, collage, multiple panels, cartoon, illustration, CGI, 3d render, low-poly, painting, anime, surreal, deformed, duplicate objects, extra limbs, blurry, out of focus, noise, oversaturated, posterized, artifacts, jpeg artifacts"
7115,horse,brown horse,standing,a lakeside shore,3/4 view,rainy with wet reflections,clean,a professional photo,"a professional photo of a brown horse standing in a lakeside shore, 3/4 view, rainy with wet reflections. single main subject, photorealistic color photo, natural colors, realistic texture, sharp focus on subject, no people, no text, no watermark, no logo, no border, no collage, no CGI, no illustration.","text, watermark, logo, caption, signature, border, frame, collage, multiple panels, cartoon, illustration, CGI, 3d render, low-poly, painting, anime, surreal, deformed, duplicate objects, extra limbs, blurry, out of focus, noise, oversaturated, posterized, artifacts, jpeg artifacts"
7580,horse,brown horse,standing,a wet roadway after rain,3/4 view,overcast daylight,clean,a finely detailed photo,"a finely detailed photo of a brown horse standing in a wet roadway after rain, 3/4 view, overcast daylight. single main subject, photorealistic color photo, natural colors, realistic texture, sharp focus on subject, no people, no text, no watermark, no logo, no border, no collage, no CGI, no illustration.","text, watermark, logo, caption, signature, border, frame, collage, multiple panels, cartoon, illustration, CGI, 3d render, low-poly, painting, anime, surreal, deformed, duplicate objects, extra limbs, blurry, out of focus, noise, oversaturated, posterized, artifacts, jpeg artifacts"
7426,horse,wild horse,running,an urban street,side profile,indoor soft window light,clean,a photorealistic color photo,"a photorealistic color photo of a wild horse running in an urban street, side profile, indoor soft window light. single main subject, photorealistic color photo, natural colors, realistic texture, sharp focus on subject, no people, no text, no watermark, no logo, no border, no collage, no CGI, no illustration.","text, watermark, logo, caption, signature, border, frame, collage, multiple panels, cartoon, illustration, CGI, 3d render, low-poly, painting, anime, surreal, deformed, duplicate objects, extra limbs, blurry, out of focus, noise, oversaturated, posterized, artifacts, jpeg artifacts"
7321,horse,draft horse,walking,a sandy beach,low angle,backlit rim light,clean,a professional photo,"a professional photo of a draft horse walking in a sandy beach, low angle, backlit rim light. single main subject, photorealistic color photo, natural colors, realistic texture, sharp focus on subject, no people, no text, no watermark, no logo, no border, no collage, no CGI, no illustration.","text, watermark, logo, caption, signature, border, frame, collage, multiple panels, cartoon, illustration, CGI, 3d render, low-poly, painting, anime, surreal, deformed, duplicate objects, extra limbs, blurry, out of focus, noise, oversaturated, posterized, artifacts, jpeg artifacts"
7518,horse,racehorse,running,a suburban neighborhood,front view,sunny afternoon,clean,an ultra-realistic rendering,"an ultra-realistic rendering of a racehorse running in a suburban neighborhood, front view, sunny afternoon. single main subject, photorealistic color photo, natural colors, realistic texture, sharp focus on subject, no people, no text, no watermark, no logo, no border, no collage, no CGI, no illustration.","text, watermark, logo, caption, signature, border, frame, collage, multiple panels, cartoon, illustration, CGI, 3d render, low-poly, painting, anime, surreal, deformed, duplicate objects, extra limbs, blurry, out of focus, noise, oversaturated, posterized, artifacts, jpeg artifacts"
7201,horse,wild horse,standing,a forest clearing,slightly off-center framing,golden hour,clean,a finely detailed photo,"a finely detailed photo of a wild horse standing in a forest clearing, slightly off-center framing, golden hour. single main subject, photorealistic color photo, natural colors, realistic texture, sharp focus on subject, no people, no text, no watermark, no logo, no border, no collage, no CGI, no illustration.","text, watermark, logo, caption, signature, border, frame, collage, multiple panels, cartoon, illustration, CGI, 3d render, low-poly, painting, anime, surreal, deformed, duplicate objects, extra limbs, blurry, out of focus, noise, oversaturated, posterized, artifacts, jpeg artifacts"
7909,horse,draft horse,running,a suburban neighborhood,close-up,nighttime under streetlights,hard,a finely detailed photo,"a finely detailed photo of a draft horse running in a suburban neighborhood, close-up, nighttime under streetlights. slight motion blur. single main subject, photorealistic color photo, natural colors, realistic texture, sharp focus on subject, no people, no text, no watermark, no logo, no border, no collage, no CGI, no illustration.","text, watermark, logo, caption, signature, border, frame, collage, multiple panels, cartoon, illustration, CGI, 3d render, low-poly, painting, anime, surreal, deformed, duplicate objects, extra limbs, blurry, out of focus, noise, oversaturated, posterized, artifacts, jpeg artifacts"
7925,horse,pony,standing,a quiet residential street,side profile,indoor soft window light,hard,a photorealistic color photo,"a photorealistic color photo of a pony horse standing in a quiet residential street, side profile, indoor soft window light. cropped slightly. single main subject, photorealistic color photo, natural colors, realistic texture, sharp focus on subject, no people, no text, no watermark, no logo, no border, no collage, no CGI, no illustration.","text, watermark, logo, caption, signature, border, frame, collage, multiple panels, cartoon, illustration, CGI, 3d render, low-poly, painting, anime, surreal, deformed, duplicate objects, extra limbs, blurry, out of focus, noise, oversaturated, posterized, artifacts, jpeg artifacts"
7111,horse,pony,walking,an urban street,slightly off-center framing,indoor soft window light,clean,a finely detailed photo,"a finely detailed photo of a pony horse walking in an urban street, slightly off-center framing, indoor soft window light. single main subject, photorealistic color photo, natural colors, realistic texture, sharp focus on subject, no people, no text, no watermark, no logo, no border, no collage, no CGI, no illustration.","text, watermark, logo, caption, signature, border, frame, collage, multiple panels, cartoon, illustration, CGI, 3d render, low-poly, painting, anime, surreal, deformed, duplicate objects, extra limbs, blurry, out of focus, noise, oversaturated, posterized, artifacts, jpeg artifacts"
7512,horse,brown horse,grazing,a parking lot,3/4 view,overcast daylight,clean,a professional photo,"a professional photo of a brown horse grazing in a parking lot, 3/4 view, overcast daylight. single main subject, photorealistic color photo, natural colors, realistic texture, sharp focus on subject, no people, no text, no watermark, no logo, no border, no collage, no CGI, no illustration.","text, watermark, logo, caption, signature, border, frame, collage, multiple panels, cartoon, illustration, CGI, 3d render, low-poly, painting, anime, surreal, deformed, duplicate objects, extra limbs, blurry, out of focus, noise, oversaturated, posterized, artifacts, jpeg artifacts"
7031,horse,draft horse,grazing,an industrial yard,close-up,nighttime under streetlights,clean,a finely detailed photo,"a finely detailed photo of a draft horse grazing in an industrial yard, close-up, nighttime under streetlights. single main subject, photorealistic color photo, natural colors, realistic texture, sharp focus on subject, no people, no text, no watermark, no logo, no border, no collage, no CGI, no illustration.","text, watermark, logo, caption, signature, border, frame, collage, multiple panels, cartoon, illustration, CGI, 3d render, low-poly, painting, anime, surreal, deformed, duplicate objects, extra limbs, blurry, out of focus, noise, oversaturated, posterized, artifacts, jpeg artifacts"
7007,horse,wild horse,walking,a parking lot,3/4 view,foggy morning,clean,a finely detailed photo,"a finely detailed photo of a wild horse walking in a parking lot, 3/4 view, foggy morning. single main subject, photorealistic color photo, natural colors, realistic texture, sharp focus on subject, no people, no text, no watermark, no logo, no border, no collage, no CGI, no illustration.","text, watermark, logo, caption, signature, border, frame, collage, multiple panels, cartoon, illustration, CGI, 3d render, low-poly, painting, anime, surreal, deformed, duplicate objects, extra limbs, blurry, out of focus, noise, oversaturated, posterized, artifacts, jpeg artifacts"
7979,horse,white horse,walking,a suburban neighborhood,slightly off-center framing,golden hour,hard,a photorealistic color photo,"a photorealistic color photo of a white horse walking in a suburban neighborhood, slightly off-center framing, golden hour. busy background but still one main subject. single main subject, photorealistic color photo, natural colors, realistic texture, sharp focus on subject, no people, no text, no watermark, no logo, no border, no collage, no CGI, no illustration.","text, watermark, logo, caption, signature, border, frame, collage, multiple panels, cartoon, illustration, CGI, 3d render, low-poly, painting, anime, surreal, deformed, duplicate objects, extra limbs, blurry, out of focus, noise, oversaturated, posterized, artifacts, jpeg artifacts"
7483,horse,racehorse,standing,a forest clearing,wide shot,sunny afternoon,clean,a finely detailed photo,"a finely detailed photo of a racehorse standing in a forest clearing, wide shot, sunny afternoon. single main subject, photorealistic color photo, natural colors, realistic texture, sharp focus on subject, no people, no text, no watermark, no logo, no border, no collage, no CGI, no illustration.","text, watermark, logo, caption, signature, border, frame, collage, multiple panels, cartoon, illustration, CGI, 3d render, low-poly, painting, anime, surreal, deformed, duplicate objects, extra limbs, blurry, out of focus, noise, oversaturated, posterized, artifacts, jpeg artifacts"
7333,horse,racehorse,running,a grassy field,slightly off-center framing,backlit rim light,clean,a finely detailed photo,"a finely detailed photo of a racehorse running in a grassy field, slightly off-center framing, backlit rim light. single main subject, photorealistic color photo, natural colors, realistic texture, sharp focus on subject, no people, no text, no watermark, no logo, no border, no collage, no CGI, no illustration.","text, watermark, logo, caption, signature, border, frame, collage, multiple panels, cartoon, illustration, CGI, 3d render, low-poly, painting, anime, surreal, deformed, duplicate objects, extra limbs, blurry, out of focus, noise, oversaturated, posterized, artifacts, jpeg artifacts"
7450,horse,white horse,standing,a backyard,low angle,overcast daylight,clean,a finely detailed photo,"a finely detailed photo of a white horse standing in a backyard, low angle, overcast daylight. single main subject, photorealistic color photo, natural colors, realistic texture, sharp focus on subject, no people, no text, no watermark, no logo, no border, no collage, no CGI, no illustration.","text, watermark, logo, caption, signature, border, frame, collage, multiple panels, cartoon, illustration, CGI, 3d render, low-poly, painting, anime, surreal, deformed, duplicate objects, extra limbs, blurry, out of focus, noise, oversaturated, posterized, artifacts, jpeg artifacts"
7144,horse,wild horse,standing,a city park,wide shot,rainy with wet reflections,clean,a high-quality image,"a high-quality image of a wild horse standing in a city park, wide shot, rainy with wet reflections. single main subject, photorealistic color photo, natural colors, realistic texture, sharp focus on subject, no people, no text, no watermark, no logo, no border, no collage, no CGI, no illustration.","text, watermark, logo, caption, signature, border, frame, collage, multiple panels, cartoon, illustration, CGI, 3d render, low-poly, painting, anime, surreal, deformed, duplicate objects, extra limbs, blurry, out of focus, noise, oversaturated, posterized, artifacts, jpeg artifacts"
7420,horse,draft horse,running,a backyard,3/4 view,overcast daylight,clean,a high-quality image,"a high-quality image of a draft horse running in a backyard, 3/4 view, overcast daylight. single main subject, photorealistic color photo, natural colors, realistic texture, sharp focus on subject, no people, no text, no watermark, no logo, no border, no collage, no CGI, no illustration.","text, watermark, logo, caption, signature, border, frame, collage, multiple panels, cartoon, illustration, CGI, 3d render, low-poly, painting, anime, surreal, deformed, duplicate objects, extra limbs, blurry, out of focus, noise, oversaturated, posterized, artifacts, jpeg artifacts"
7711,horse,white horse,walking,a countryside road,close-up,backlit rim light,clean,an ultra-realistic rendering,"an ultra-realistic rendering of a white horse walking in a countryside road, close-up, backlit rim light. single main subject, photorealistic color photo, natural colors, realistic texture, sharp focus on subject, no people, no text, no watermark, no logo, no border, no collage, no CGI, no illustration.","text, watermark, logo, caption, signature, border, frame, collage, multiple panels, cartoon, illustration, CGI, 3d render, low-poly, painting, anime, surreal, deformed, duplicate objects, extra limbs, blurry, out of focus, noise, oversaturated, posterized, artifacts, jpeg artifacts"
7422,horse,pony,walking,a forest clearing,side profile,overcast daylight,clean,an ultra-realistic rendering,"an ultra-realistic rendering of a pony horse walking in a forest clearing, side profile, overcast daylight. single main subject, photorealistic color photo, natural colors, realistic texture, sharp focus on subject, no people, no text, no watermark, no logo, no border, no collage, no CGI, no illustration.","text, watermark, logo, caption, signature, border, frame, collage, multiple panels, cartoon, illustration, CGI, 3d render, low-poly, painting, anime, surreal, deformed, duplicate objects, extra limbs, blurry, out of focus, noise, oversaturated, posterized, artifacts, jpeg artifacts"
7906,horse,brown horse,grazing,a wet roadway after rain,low angle,overcast daylight,hard,a detailed photograph,"a detailed photograph of a brown horse grazing in a wet roadway after rain, low angle, overcast daylight. partially occluded by a foreground object. single main subject, photorealistic color photo, natural colors, realistic texture, sharp focus on subject, no people, no text, no watermark, no logo, no border, no collage, no CGI, no illustration.","text, watermark, logo, caption, signature, border, frame, collage, multiple panels, cartoon, illustration, CGI, 3d render, low-poly, painting, anime, surreal, deformed, duplicate objects, extra limbs, blurry, out of focus, noise, oversaturated, posterized, artifacts, jpeg artifacts"
7918,horse,pony,standing,a forest clearing,distant subject in the background,rainy with wet reflections,hard,an ultra-realistic rendering,"an ultra-realistic rendering of a pony horse standing in a forest clearing, distant subject in the background, rainy with wet reflections. slight motion blur. single main subject, photorealistic color photo, natural colors, realistic texture, sharp focus on subject, no people, no text, no watermark, no logo, no border, no collage, no CGI, no illustration.","text, watermark, logo, caption, signature, border, frame, collage, multiple panels, cartoon, illustration, CGI, 3d render, low-poly, painting, anime, surreal, deformed, duplicate objects, extra limbs, blurry, out of focus, noise, oversaturated, posterized, artifacts, jpeg artifacts"
7972,horse,white horse,standing,a wet roadway after rain,high angle,indoor soft window light,hard,a professional photo,"a professional photo of a white horse standing in a wet roadway after rain, high angle, indoor soft window light. busy background but still one main subject. single main subject, photorealistic color photo, natural colors, realistic texture, sharp focus on subject, no people, no text, no watermark, no logo, no border, no collage, no CGI, no illustration.","text, watermark, logo, caption, signature, border, frame, collage, multiple panels, cartoon, illustration, CGI, 3d render, low-poly, painting, anime, surreal, deformed, duplicate objects, extra limbs, blurry, out of focus, noise, oversaturated, posterized, artifacts, jpeg artifacts"
7081,horse,racehorse,walking,a gravel lot,close-up,indoor soft window light,clean,a photorealistic color photo,"a photorealistic color photo of a racehorse walking in a gravel lot, close-up, indoor soft window light. single main subject, photorealistic color photo, natural colors, realistic texture, sharp focus on subject, no people, no text, no watermark, no logo, no border, no collage, no CGI, no illustration.","text, watermark, logo, caption, signature, border, frame, collage, multiple panels, cartoon, illustration, CGI, 3d render, low-poly, painting, anime, surreal, deformed, duplicate objects, extra limbs, blurry, out of focus, noise, oversaturated, posterized, artifacts, jpeg artifacts"
7728,horse,brown horse,walking,a gravel lot,front view,rainy with wet reflections,clean,a high-quality image,"a high-quality image of a brown horse walking in a gravel lot, front view, rainy with wet reflections. single main subject, photorealistic color photo, natural colors, realistic texture, sharp focus on subject, no people, no text, no watermark, no logo, no border, no collage, no CGI, no illustration.","text, watermark, logo, caption, signature, border, frame, collage, multiple panels, cartoon, illustration, CGI, 3d render, low-poly, painting, anime, surreal, deformed, duplicate objects, extra limbs, blurry, out of focus, noise, oversaturated, posterized, artifacts, jpeg artifacts"
7524,horse,brown horse,grazing,a countryside road,close-up,nighttime under streetlights,clean,a high-quality image,"a high-quality image of a brown horse grazing in a countryside road, close-up, nighttime under streetlights. single main subject, photorealistic color photo, natural colors, realistic texture, sharp focus on subject, no people, no text, no watermark, no logo, no border, no collage, no CGI, no illustration.","text, watermark, logo, caption, signature, border, frame, collage, multiple panels, cartoon, illustration, CGI, 3d render, low-poly, painting, anime, surreal, deformed, duplicate objects, extra limbs, blurry, out of focus, noise, oversaturated, posterized, artifacts, jpeg artifacts"
7414,horse,pony,standing,an industrial yard,3/4 view,foggy morning,clean,a detailed photograph,"a detailed photograph of a pony horse standing in an industrial yard, 3/4 view, foggy morning. single main subject, photorealistic color photo, natural colors, realistic texture, sharp focus on subject, no people, no text, no watermark, no logo, no border, no collage, no CGI, no illustration.","text, watermark, logo, caption, signature, border, frame, collage, multiple panels, cartoon, illustration, CGI, 3d render, low-poly, painting, anime, surreal, deformed, duplicate objects, extra limbs, blurry, out of focus, noise, oversaturated, posterized, artifacts, jpeg artifacts"
7970,horse,racehorse,standing,a sandy beach,cropped at the edge of the frame,nighttime under streetlights,hard,a finely detailed photo,"a finely detailed photo of a racehorse standing in a sandy beach, cropped at the edge of the frame, nighttime under streetlights. partially occluded by a foreground object. single main subject, photorealistic color photo, natural colors, realistic texture, sharp focus on subject, no people, no text, no watermark, no logo, no border, no collage, no CGI, no illustration.","text, watermark, logo, caption, signature, border, frame, collage, multiple panels, cartoon, illustration, CGI, 3d render, low-poly, painting, anime, surreal, deformed, duplicate objects, extra limbs, blurry, out of focus, noise, oversaturated, posterized, artifacts, jpeg artifacts"
7531,horse,racehorse,walking,a grassy field,wide shot,sunny afternoon,clean,a detailed photograph,"a detailed photograph of a racehorse walking in a grassy field, wide shot, sunny afternoon. single main subject, photorealistic color photo, natural colors, realistic texture, sharp focus on subject, no people, no text, no watermark, no logo, no border, no collage, no CGI, no illustration.","text, watermark, logo, caption, signature, border, frame, collage, multiple panels, cartoon, illustration, CGI, 3d render, low-poly, painting, anime, surreal, deformed, duplicate objects, extra limbs, blurry, out of focus, noise, oversaturated, posterized, artifacts, jpeg artifacts"
7766,horse,racehorse,walking,a lakeside shore,low angle,overcast daylight,clean,an ultra-realistic rendering,"an ultra-realistic rendering of a racehorse walking in a lakeside shore, low angle, overcast daylight. single main subject, photorealistic color photo, natural colors, realistic texture, sharp focus on subject, no people, no text, no watermark, no logo, no border, no collage, no CGI, no illustration.","text, watermark, logo, caption, signature, border, frame, collage, multiple panels, cartoon, illustration, CGI, 3d render, low-poly, painting, anime, surreal, deformed, duplicate objects, extra limbs, blurry, out of focus, noise, oversaturated, posterized, artifacts, jpeg artifacts"
7205,horse,white horse,grazing,an urban street,front view,indoor soft window light,clean,a photorealistic color photo,"a photorealistic color photo of a white horse grazing in an urban street, front view, indoor soft window light. single main subject, photorealistic color photo, natural colors, realistic texture, sharp focus on subject, no people, no text, no watermark, no logo, no border, no collage, no CGI, no illustration.","text, watermark, logo, caption, signature, border, frame, collage, multiple panels, cartoon, illustration, CGI, 3d render, low-poly, painting, anime, surreal, deformed, duplicate objects, extra limbs, blurry, out of focus, noise, oversaturated, posterized, artifacts, jpeg artifacts"
7837,horse,draft horse,standing,a backyard,front view,sunny afternoon,hard,a high-quality image,"a high-quality image of a draft horse standing in a backyard, front view, sunny afternoon. slight motion blur. single main subject, photorealistic color photo, natural colors, realistic texture, sharp focus on subject, no people, no text, no watermark, no logo, no border, no collage, no CGI, no illustration.","text, watermark, logo, caption, signature, border, frame, collage, multiple panels, cartoon, illustration, CGI, 3d render, low-poly, painting, anime, surreal, deformed, duplicate objects, extra limbs, blurry, out of focus, noise, oversaturated, posterized, artifacts, jpeg artifacts"
7606,horse,draft horse,grazing,a gravel lot,high angle,backlit rim light,clean,an ultra-realistic rendering,"an ultra-realistic rendering of a draft horse grazing in a gravel lot, high angle, backlit rim light. single main subject, photorealistic color photo, natural colors, realistic texture, sharp focus on subject, no people, no text, no watermark, no logo, no border, no collage, no CGI, no illustration.","text, watermark, logo, caption, signature, border, frame, collage, multiple panels, cartoon, illustration, CGI, 3d render, low-poly, painting, anime, surreal, deformed, duplicate objects, extra limbs, blurry, out of focus, noise, oversaturated, posterized, artifacts, jpeg artifacts"
7186,horse,pony,walking,a backyard,front view,foggy morning,clean,a professional photo,"a professional photo of a pony horse walking in a backyard, front view, foggy morning. single main subject, photorealistic color photo, natural colors, realistic texture, sharp focus on subject, no people, no text, no watermark, no logo, no border, no collage, no CGI, no illustration.","text, watermark, logo, caption, signature, border, frame, collage, multiple panels, cartoon, illustration, CGI, 3d render, low-poly, painting, anime, surreal, deformed, duplicate objects, extra limbs, blurry, out of focus, noise, oversaturated, posterized, artifacts, jpeg artifacts"
7285,horse,racehorse,running,a parking lot,slightly off-center framing,foggy morning,clean,a photorealistic color photo,"a photorealistic color photo of a racehorse running in a parking lot, slightly off-center framing, foggy morning. single main subject, photorealistic color photo, natural colors, realistic texture, sharp focus on subject, no people, no text, no watermark, no logo, no border, no collage, no CGI, no illustration.","text, watermark, logo, caption, signature, border, frame, collage, multiple panels, cartoon, illustration, CGI, 3d render, low-poly, painting, anime, surreal, deformed, duplicate objects, extra limbs, blurry, out of focus, noise, oversaturated, posterized, artifacts, jpeg artifacts"
7912,horse,wild horse,walking,a countryside road,high angle,overcast daylight,hard,a finely detailed photo,"a finely detailed photo of a wild horse walking in a countryside road, high angle, overcast daylight. busy background but still one main subject. single main subject, photorealistic color photo, natural colors, realistic texture, sharp focus on subject, no people, no text, no watermark, no logo, no border, no collage, no CGI, no illustration.","text, watermark, logo, caption, signature, border, frame, collage, multiple panels, cartoon, illustration, CGI, 3d render, low-poly, painting, anime, surreal, deformed, duplicate objects, extra limbs, blurry, out of focus, noise, oversaturated, posterized, artifacts, jpeg artifacts"
7982,horse,white horse,grazing,a quiet residential street,3/4 view,nighttime under streetlights,hard,a high-quality image,"a high-quality image of a white horse grazing in a quiet residential street, 3/4 view, nighttime under streetlights. cropped slightly. single main subject, photorealistic color photo, natural colors, realistic texture, sharp focus on subject, no people, no text, no watermark, no logo, no border, no collage, no CGI, no illustration.","text, watermark, logo, caption, signature, border, frame, collage, multiple panels, cartoon, illustration, CGI, 3d render, low-poly, painting, anime, surreal, deformed, duplicate objects, extra limbs, blurry, out of focus, noise, oversaturated, posterized, artifacts, jpeg artifacts"
7771,horse,wild horse,standing,a city park,front view,indoor soft window light,clean,a high-quality image,"a high-quality image of a wild horse standing in a city park, front view, indoor soft window light. single main subject, photorealistic color photo, natural colors, realistic texture, sharp focus on subject, no people, no text, no watermark, no logo, no border, no collage, no CGI, no illustration.","text, watermark, logo, caption, signature, border, frame, collage, multiple panels, cartoon, illustration, CGI, 3d render, low-poly, painting, anime, surreal, deformed, duplicate objects, extra limbs, blurry, out of focus, noise, oversaturated, posterized, artifacts, jpeg artifacts"
7059,horse,pony,grazing,a lakeside shore,low angle,overcast daylight,clean,a professional photo,"a professional photo of a pony horse grazing in a lakeside shore, low angle, overcast daylight. single main subject, photorealistic color photo, natural colors, realistic texture, sharp focus on subject, no people, no text, no watermark, no logo, no border, no collage, no CGI, no illustration.","text, watermark, logo, caption, signature, border, frame, collage, multiple panels, cartoon, illustration, CGI, 3d render, low-poly, painting, anime, surreal, deformed, duplicate objects, extra limbs, blurry, out of focus, noise, oversaturated, posterized, artifacts, jpeg artifacts"
7157,horse,white horse,standing,a quiet residential street,high angle,indoor soft window light,clean,a finely detailed photo,"a finely detailed photo of a white horse standing in a quiet residential street, high angle, indoor soft window light. single main subject, photorealistic color photo, natural colors, realistic texture, sharp focus on subject, no people, no text, no watermark, no logo, no border, no collage, no CGI, no illustration.","text, watermark, logo, caption, signature, border, frame, collage, multiple panels, cartoon, illustration, CGI, 3d render, low-poly, painting, anime, surreal, deformed, duplicate objects, extra limbs, blurry, out of focus, noise, oversaturated, posterized, artifacts, jpeg artifacts"
7550,horse,brown horse,grazing,a grassy field,3/4 view,foggy morning,clean,a finely detailed photo,"a finely detailed photo of a brown horse grazing in a grassy field, 3/4 view, foggy morning. single main subject, photorealistic color photo, natural colors, realistic texture, sharp focus on subject, no people, no text, no watermark, no logo, no border, no collage, no CGI, no illustration.","text, watermark, logo, caption, signature, border, frame, collage, multiple panels, cartoon, illustration, CGI, 3d render, low-poly, painting, anime, surreal, deformed, duplicate objects, extra limbs, blurry, out of focus, noise, oversaturated, posterized, artifacts, jpeg artifacts"
7856,horse,brown horse,walking,an industrial yard,3/4 view,indoor soft window light,hard,a finely detailed photo,"a finely detailed photo of a brown horse walking in an industrial yard, 3/4 view, indoor soft window light. partially occluded by a foreground object. single main subject, photorealistic color photo, natural colors, realistic texture, sharp focus on subject, no people, no text, no watermark, no logo, no border, no collage, no CGI, no illustration.","text, watermark, logo, caption, signature, border, frame, collage, multiple panels, cartoon, illustration, CGI, 3d render, low-poly, painting, anime, surreal, deformed, duplicate objects, extra limbs, blurry, out of focus, noise, oversaturated, posterized, artifacts, jpeg artifacts"
7907,horse,pony,walking,an urban street,wide shot,rainy with wet reflections,hard,a finely detailed photo,"a finely detailed photo of a pony horse walking in an urban street, wide shot, rainy with wet reflections. slight motion blur. single main subject, photorealistic color photo, natural colors, realistic texture, sharp focus on subject, no people, no text, no watermark, no logo, no border, no collage, no CGI, no illustration.","text, watermark, logo, caption, signature, border, frame, collage, multiple panels, cartoon, illustration, CGI, 3d render, low-poly, painting, anime, surreal, deformed, duplicate objects, extra limbs, blurry, out of focus, noise, oversaturated, posterized, artifacts, jpeg artifacts"
7595,horse,draft horse,walking,a sandy beach,front view,golden hour,clean,a detailed photograph,"a detailed photograph of a draft horse walking in a sandy beach, front view, golden hour. single main subject, photorealistic color photo, natural colors, realistic texture, sharp focus on subject, no people, no text, no watermark, no logo, no border, no collage, no CGI, no illustration.","text, watermark, logo, caption, signature, border, frame, collage, multiple panels, cartoon, illustration, CGI, 3d render, low-poly, painting, anime, surreal, deformed, duplicate objects, extra limbs, blurry, out of focus, noise, oversaturated, posterized, artifacts, jpeg artifacts"
7089,horse,white horse,running,a wet roadway after rain,close-up,indoor soft window light,clean,a finely detailed photo,"a finely detailed photo of a white horse running in a wet roadway after rain, close-up, indoor soft window light. single main subject, photorealistic color photo, natural colors, realistic texture, sharp focus on subject, no people, no text, no watermark, no logo, no border, no collage, no CGI, no illustration.","text, watermark, logo, caption, signature, border, frame, collage, multiple panels, cartoon, illustration, CGI, 3d render, low-poly, painting, anime, surreal, deformed, duplicate objects, extra limbs, blurry, out of focus, noise, oversaturated, posterized, artifacts, jpeg artifacts"
7807,horse,white horse,walking,a quiet residential street,slightly off-center framing,nighttime under streetlights,hard,a finely detailed photo,"a finely detailed photo of a white horse walking in a quiet residential street, slightly off-center framing, nighttime under streetlights. cropped slightly. single main subject, photorealistic color photo, natural colors, realistic texture, sharp focus on subject, no people, no text, no watermark, no logo, no border, no collage, no CGI, no illustration.","text, watermark, logo, caption, signature, border, frame, collage, multiple panels, cartoon, illustration, CGI, 3d render, low-poly, painting, anime, surreal, deformed, duplicate objects, extra limbs, blurry, out of focus, noise, oversaturated, posterized, artifacts, jpeg artifacts"
7748,horse,pony,standing,an industrial yard,slightly off-center framing,sunny afternoon,clean,a photorealistic color photo,"a photorealistic color photo of a pony horse standing in an industrial yard, slightly off-center framing, sunny afternoon. single main subject, photorealistic color photo, natural colors, realistic texture, sharp focus on subject, no people, no text, no watermark, no logo, no border, no collage, no CGI, no illustration.","text, watermark, logo, caption, signature, border, frame, collage, multiple panels, cartoon, illustration, CGI, 3d render, low-poly, painting, anime, surreal, deformed, duplicate objects, extra limbs, blurry, out of focus, noise, oversaturated, posterized, artifacts, jpeg artifacts"
7709,horse,draft horse,grazing,a wet roadway after rain,front view,backlit rim light,clean,a professional photo,"a professional photo of a draft horse grazing in a wet roadway after rain, front view, backlit rim light. single main subject, photorealistic color photo, natural colors, realistic texture, sharp focus on subject, no people, no text, no watermark, no logo, no border, no collage, no CGI, no illustration.","text, watermark, logo, caption, signature, border, frame, collage, multiple panels, cartoon, illustration, CGI, 3d render, low-poly, painting, anime, surreal, deformed, duplicate objects, extra limbs, blurry, out of focus, noise, oversaturated, posterized, artifacts, jpeg artifacts"
7860,horse,brown horse,walking,a countryside road,low angle,indoor soft window light,hard,a detailed photograph,"a detailed photograph of a brown horse walking in a countryside road, low angle, indoor soft window light. partially occluded by a foreground object. single main subject, photorealistic color photo, natural colors, realistic texture, sharp focus on subject, no people, no text, no watermark, no logo, no border, no collage, no CGI, no illustration.","text, watermark, logo, caption, signature, border, frame, collage, multiple panels, cartoon, illustration, CGI, 3d render, low-poly, painting, anime, surreal, deformed, duplicate objects, extra limbs, blurry, out of focus, noise, oversaturated, posterized, artifacts, jpeg artifacts"
7432,horse,brown horse,walking,a forest clearing,side profile,backlit rim light,clean,an ultra-realistic rendering,"an ultra-realistic rendering of a brown horse walking in a forest clearing, side profile, backlit rim light. single main subject, photorealistic color photo, natural colors, realistic texture, sharp focus on subject, no people, no text, no watermark, no logo, no border, no collage, no CGI, no illustration.","text, watermark, logo, caption, signature, border, frame, collage, multiple panels, cartoon, illustration, CGI, 3d render, low-poly, painting, anime, surreal, deformed, duplicate objects, extra limbs, blurry, out of focus, noise, oversaturated, posterized, artifacts, jpeg artifacts"
7307,horse,white horse,grazing,a countryside road,high angle,rainy with wet reflections,clean,an ultra-realistic rendering,"an ultra-realistic rendering of a white horse grazing in a countryside road, high angle, rainy with wet reflections. single main subject, photorealistic color photo, natural colors, realistic texture, sharp focus on subject, no people, no text, no watermark, no logo, no border, no collage, no CGI, no illustration.","text, watermark, logo, caption, signature, border, frame, collage, multiple panels, cartoon, illustration, CGI, 3d render, low-poly, painting, anime, surreal, deformed, duplicate objects, extra limbs, blurry, out of focus, noise, oversaturated, posterized, artifacts, jpeg artifacts"
7783,horse,racehorse,grazing,a countryside road,high angle,overcast daylight,clean,a professional photo,"a professional photo of a racehorse grazing in a countryside road, high angle, overcast daylight. single main subject, photorealistic color photo, natural colors, realistic texture, sharp focus on subject, no people, no text, no watermark, no logo, no border, no collage, no CGI, no illustration.","text, watermark, logo, caption, signature, border, frame, collage, multiple panels, cartoon, illustration, CGI, 3d render, low-poly, painting, anime, surreal, deformed, duplicate objects, extra limbs, blurry, out of focus, noise, oversaturated, posterized, artifacts, jpeg artifacts"
7542,horse,pony,standing,a grassy field,front view,sunny afternoon,clean,a photorealistic color photo,"a photorealistic color photo of a pony horse standing in a grassy field, front view, sunny afternoon. single main subject, photorealistic color photo, natural colors, realistic texture, sharp focus on subject, no people, no text, no watermark, no logo, no border, no collage, no CGI, no illustration.","text, watermark, logo, caption, signature, border, frame, collage, multiple panels, cartoon, illustration, CGI, 3d render, low-poly, painting, anime, surreal, deformed, duplicate objects, extra limbs, blurry, out of focus, noise, oversaturated, posterized, artifacts, jpeg artifacts"
7891,horse,pony,running,a sandy beach,front view,rainy with wet reflections,hard,a professional photo,"a professional photo of a pony horse running in a sandy beach, front view, rainy with wet reflections. busy background but still one main subject. single main subject, photorealistic color photo, natural colors, realistic texture, sharp focus on subject, no people, no text, no watermark, no logo, no border, no collage, no CGI, no illustration.","text, watermark, logo, caption, signature, border, frame, collage, multiple panels, cartoon, illustration, CGI, 3d render, low-poly, painting, anime, surreal, deformed, duplicate objects, extra limbs, blurry, out of focus, noise, oversaturated, posterized, artifacts, jpeg artifacts"
7275,horse,wild horse,walking,a countryside road,high angle,sunny afternoon,clean,a finely detailed photo,"a finely detailed photo of a wild horse walking in a countryside road, high angle, sunny afternoon. single main subject, photorealistic color photo, natural colors, realistic texture, sharp focus on subject, no people, no text, no watermark, no logo, no border, no collage, no CGI, no illustration.","text, watermark, logo, caption, signature, border, frame, collage, multiple panels, cartoon, illustration, CGI, 3d render, low-poly, painting, anime, surreal, deformed, duplicate objects, extra limbs, blurry, out of focus, noise, oversaturated, posterized, artifacts, jpeg artifacts"
7599,horse,draft horse,walking,a city park,side profile,sunny afternoon,clean,a detailed photograph,"a detailed photograph of a draft horse walking in a city park, side profile, sunny afternoon. single main subject, photorealistic color photo, natural colors, realistic texture, sharp focus on subject, no people, no text, no watermark, no logo, no border, no collage, no CGI, no illustration.","text, watermark, logo, caption, signature, border, frame, collage, multiple panels, cartoon, illustration, CGI, 3d render, low-poly, painting, anime, surreal, deformed, duplicate objects, extra limbs, blurry, out of focus, noise, oversaturated, posterized, artifacts, jpeg artifacts"
7996,horse,wild horse,standing,a gravel lot,close-up,foggy morning,hard,a photorealistic color photo,"a photorealistic color photo of a wild horse standing in a gravel lot, close-up, foggy morning. in the distance. single main subject, photorealistic color photo, natural colors, realistic texture, sharp focus on subject, no people, no text, no watermark, no logo, no border, no collage, no CGI, no illustration.","text, watermark, logo, caption, signature, border, frame, collage, multiple panels, cartoon, illustration, CGI, 3d render, low-poly, painting, anime, surreal, deformed, duplicate objects, extra limbs, blurry, out of focus, noise, oversaturated, posterized, artifacts, jpeg artifacts"
7129,horse,draft horse,standing,an industrial yard,wide shot,indoor soft window light,clean,a photorealistic color photo,"a photorealistic color photo of a draft horse standing in an industrial yard, wide shot, indoor soft window light. single main subject, photorealistic color photo, natural colors, realistic texture, sharp focus on subject, no people, no text, no watermark, no logo, no border, no collage, no CGI, no illustration.","text, watermark, logo, caption, signature, border, frame, collage, multiple panels, cartoon, illustration, CGI, 3d render, low-poly, painting, anime, surreal, deformed, duplicate objects, extra limbs, blurry, out of focus, noise, oversaturated, posterized, artifacts, jpeg artifacts"
7048,horse,white horse,walking,a suburban neighborhood,low angle,sunny afternoon,clean,a detailed photograph,"a detailed photograph of a white horse walking in a suburban neighborhood, low angle, sunny afternoon. single main subject, photorealistic color photo, natural colors, realistic texture, sharp focus on subject, no people, no text, no watermark, no logo, no border, no collage, no CGI, no illustration.","text, watermark, logo, caption, signature, border, frame, collage, multiple panels, cartoon, illustration, CGI, 3d render, low-poly, painting, anime, surreal, deformed, duplicate objects, extra limbs, blurry, out of focus, noise, oversaturated, posterized, artifacts, jpeg artifacts"
7798,horse,white horse,grazing,a countryside road,3/4 view,backlit rim light,clean,a professional photo,"a professional photo of a white horse grazing in a countryside road, 3/4 view, backlit rim light. single main subject, photorealistic color photo, natural colors, realistic texture, sharp focus on subject, no people, no text, no watermark, no logo, no border, no collage, no CGI, no illustration.","text, watermark, logo, caption, signature, border, frame, collage, multiple panels, cartoon, illustration, CGI, 3d render, low-poly, painting, anime, surreal, deformed, duplicate objects, extra limbs, blurry, out of focus, noise, oversaturated, posterized, artifacts, jpeg artifacts"
7251,horse,brown horse,running,a lakeside shore,slightly off-center framing,foggy morning,clean,a photorealistic color photo,"a photorealistic color photo of a brown horse running in a lakeside shore, slightly off-center framing, foggy morning. single main subject, photorealistic color photo, natural colors, realistic texture, sharp focus on subject, no people, no text, no watermark, no logo, no border, no collage, no CGI, no illustration.","text, watermark, logo, caption, signature, border, frame, collage, multiple panels, cartoon, illustration, CGI, 3d render, low-poly, painting, anime, surreal, deformed, duplicate objects, extra limbs, blurry, out of focus, noise, oversaturated, posterized, artifacts, jpeg artifacts"
7627,horse,racehorse,grazing,a grassy field,high angle,golden hour,clean,a detailed photograph,"a detailed photograph of a racehorse grazing in a grassy field, high angle, golden hour. single main subject, photorealistic color photo, natural colors, realistic texture, sharp focus on subject, no people, no text, no watermark, no logo, no border, no collage, no CGI, no illustration.","text, watermark, logo, caption, signature, border, frame, collage, multiple panels, cartoon, illustration, CGI, 3d render, low-poly, painting, anime, surreal, deformed, duplicate objects, extra limbs, blurry, out of focus, noise, oversaturated, posterized, artifacts, jpeg artifacts"
7953,horse,racehorse,walking,a sandy beach,wide shot,rainy with wet reflections,hard,a high-quality image,"a high-quality image of a racehorse walking in a sandy beach, wide shot, rainy with wet reflections. slight motion blur. single main subject, photorealistic color photo, natural colors, realistic texture, sharp focus on subject, no people, no text, no watermark, no logo, no border, no collage, no CGI, no illustration.","text, watermark, logo, caption, signature, border, frame, collage, multiple panels, cartoon, illustration, CGI, 3d render, low-poly, painting, anime, surreal, deformed, duplicate objects, extra limbs, blurry, out of focus, noise, oversaturated, posterized, artifacts, jpeg artifacts"
7538,horse,draft horse,running,a suburban neighborhood,wide shot,foggy morning,clean,an ultra-realistic rendering,"an ultra-realistic rendering of a draft horse running in a suburban neighborhood, wide shot, foggy morning. single main subject, photorealistic color photo, natural colors, realistic texture, sharp focus on subject, no people, no text, no watermark, no logo, no border, no collage, no CGI, no illustration.","text, watermark, logo, caption, signature, border, frame, collage, multiple panels, cartoon, illustration, CGI, 3d render, low-poly, painting, anime, surreal, deformed, duplicate objects, extra limbs, blurry, out of focus, noise, oversaturated, posterized, artifacts, jpeg artifacts"
7371,horse,white horse,walking,a parking lot,low angle,overcast daylight,clean,an ultra-realistic rendering,"an ultra-realistic rendering of a white horse walking in a parking lot, low angle, overcast daylight. single main subject, photorealistic color photo, natural colors, realistic texture, sharp focus on subject, no people, no text, no watermark, no logo, no border, no collage, no CGI, no illustration.","text, watermark, logo, caption, signature, border, frame, collage, multiple panels, cartoon, illustration, CGI, 3d render, low-poly, painting, anime, surreal, deformed, duplicate objects, extra limbs, blurry, out of focus, noise, oversaturated, posterized, artifacts, jpeg artifacts"
7404,horse,racehorse,grazing,a quiet residential street,wide shot,indoor soft window light,clean,a professional photo,"a professional photo of a racehorse grazing in a quiet residential street, wide shot, indoor soft window light. single main subject, photorealistic color photo, natural colors, realistic texture, sharp focus on subject, no people, no text, no watermark, no logo, no border, no collage, no CGI, no illustration.","text, watermark, logo, caption, signature, border, frame, collage, multiple panels, cartoon, illustration, CGI, 3d render, low-poly, painting, anime, surreal, deformed, duplicate objects, extra limbs, blurry, out of focus, noise, oversaturated, posterized, artifacts, jpeg artifacts"
7665,horse,draft horse,grazing,a suburban neighborhood,slightly off-center framing,nighttime under streetlights,clean,an ultra-realistic rendering,"an ultra-realistic rendering of a draft horse grazing in a suburban neighborhood, slightly off-center framing, nighttime under streetlights. single main subject, photorealistic color photo, natural colors, realistic texture, sharp focus on subject, no people, no text, no watermark, no logo, no border, no collage, no CGI, no illustration.","text, watermark, logo, caption, signature, border, frame, collage, multiple panels, cartoon, illustration, CGI, 3d render, low-poly, painting, anime, surreal, deformed, duplicate objects, extra limbs, blurry, out of focus, noise, oversaturated, posterized, artifacts, jpeg artifacts"
7937,horse,brown horse,walking,a backyard,slightly off-center framing,rainy with wet reflections,hard,a finely detailed photo,"a finely detailed photo of a brown horse walking in a backyard, slightly off-center framing, rainy with wet reflections. cropped slightly. single main subject, photorealistic color photo, natural colors, realistic texture, sharp focus on subject, no people, no text, no watermark, no logo, no border, no collage, no CGI, no illustration.","text, watermark, logo, caption, signature, border, frame, collage, multiple panels, cartoon, illustration, CGI, 3d render, low-poly, painting, anime, surreal, deformed, duplicate objects, extra limbs, blurry, out of focus, noise, oversaturated, posterized, artifacts, jpeg artifacts"
7017,horse,pony,standing,a backyard,low angle,nighttime under streetlights,clean,a professional photo,"a professional photo of a pony horse standing in a backyard, low angle, nighttime under streetlights. single main subject, photorealistic color photo, natural colors, realistic texture, sharp focus on subject, no people, no text, no watermark, no logo, no border, no collage, no CGI, no illustration.","text, watermark, logo, caption, signature, border, frame, collage, multiple panels, cartoon, illustration, CGI, 3d render, low-poly, painting, anime, surreal, deformed, duplicate objects, extra limbs, blurry, out of focus, noise, oversaturated, posterized, artifacts, jpeg artifacts"
7294,horse,brown horse,grazing,a countryside road,side profile,nighttime under streetlights,clean,a photorealistic color photo,"a photorealistic color photo of a brown horse grazing in a countryside road, side profile, nighttime under streetlights. single main subject, photorealistic color photo, natural colors, realistic texture, sharp focus on subject, no people, no text, no watermark, no logo, no border, no collage, no CGI, no illustration.","text, watermark, logo, caption, signature, border, frame, collage, multiple panels, cartoon, illustration, CGI, 3d render, low-poly, painting, anime, surreal, deformed, duplicate objects, extra limbs, blurry, out of focus, noise, oversaturated, posterized, artifacts, jpeg artifacts"
7484,horse,pony,grazing,an urban street,low angle,backlit rim light,clean,a photorealistic color photo,"a photorealistic color photo of a pony horse grazing in an urban street, low angle, backlit rim light. single main subject, photorealistic color photo, natural colors, realistic texture, sharp focus on subject, no people, no text, no watermark, no logo, no border, no collage, no CGI, no illustration.","text, watermark, logo, caption, signature, border, frame, collage, multiple panels, cartoon, illustration, CGI, 3d render, low-poly, painting, anime, surreal, deformed, duplicate objects, extra limbs, blurry, out of focus, noise, oversaturated, posterized, artifacts, jpeg artifacts"
7990,horse,draft horse,running,a city park,front view,sunny afternoon,hard,a detailed photograph,"a detailed photograph of a draft horse running in a city park, front view, sunny afternoon. partially occluded by a foreground object. single main subject, photorealistic color photo, natural colors, realistic texture, sharp focus on subject, no people, no text, no watermark, no logo, no border, no collage, no CGI, no illustration.","text, watermark, logo, caption, signature, border, frame, collage, multiple panels, cartoon, illustration, CGI, 3d render, low-poly, painting, anime, surreal, deformed, duplicate objects, extra limbs, blurry, out of focus, noise, oversaturated, posterized, artifacts, jpeg artifacts"
7122,horse,wild horse,running,a city park,3/4 view,foggy morning,clean,a photorealistic color photo,"a photorealistic color photo of a wild horse running in a city park, 3/4 view, foggy morning. single main subject, photorealistic color photo, natural colors, realistic texture, sharp focus on subject, no people, no text, no watermark, no logo, no border, no collage, no CGI, no illustration.","text, watermark, logo, caption, signature, border, frame, collage, multiple panels, cartoon, illustration, CGI, 3d render, low-poly, painting, anime, surreal, deformed, duplicate objects, extra limbs, blurry, out of focus, noise, oversaturated, posterized, artifacts, jpeg artifacts"
7053,horse,pony,walking,a city park,low angle,rainy with wet reflections,clean,a detailed photograph,"a detailed photograph of a pony horse walking in a city park, low angle, rainy with wet reflections. single main subject, photorealistic color photo, natural colors, realistic texture, sharp focus on subject, no people, no text, no watermark, no logo, no border, no collage, no CGI, no illustration.","text, watermark, logo, caption, signature, border, frame, collage, multiple panels, cartoon, illustration, CGI, 3d render, low-poly, painting, anime, surreal, deformed, duplicate objects, extra limbs, blurry, out of focus, noise, oversaturated, posterized, artifacts, jpeg artifacts"
7318,horse,wild horse,standing,a lakeside shore,3/4 view,indoor soft window light,clean,a detailed photograph,"a detailed photograph of a wild horse standing in a lakeside shore, 3/4 view, indoor soft window light. single main subject, photorealistic color photo, natural colors, realistic texture, sharp focus on subject, no people, no text, no watermark, no logo, no border, no collage, no CGI, no illustration.","text, watermark, logo, caption, signature, border, frame, collage, multiple panels, cartoon, illustration, CGI, 3d render, low-poly, painting, anime, surreal, deformed, duplicate objects, extra limbs, blurry, out of focus, noise, oversaturated, posterized, artifacts, jpeg artifacts"
7675,horse,racehorse,walking,a gravel lot,close-up,foggy morning,clean,a photorealistic color photo,"a photorealistic color photo of a racehorse walking in a gravel lot, close-up, foggy morning. single main subject, photorealistic color photo, natural colors, realistic texture, sharp focus on subject, no people, no text, no watermark, no logo, no border, no collage, no CGI, no illustration.","text, watermark, logo, caption, signature, border, frame, collage, multiple panels, cartoon, illustration, CGI, 3d render, low-poly, painting, anime, surreal, deformed, duplicate objects, extra limbs, blurry, out of focus, noise, oversaturated, posterized, artifacts, jpeg artifacts"
7863,horse,pony,grazing,a parking lot,front view,rainy with wet reflections,hard,an ultra-realistic rendering,"an ultra-realistic rendering of a pony horse grazing in a parking lot, front view, rainy with wet reflections. slight motion blur. single main subject, photorealistic color photo, natural colors, realistic texture, sharp focus on subject, no people, no text, no watermark, no logo, no border, no collage, no CGI, no illustration.","text, watermark, logo, caption, signature, border, frame, collage, multiple panels, cartoon, illustration, CGI, 3d render, low-poly, painting, anime, surreal, deformed, duplicate objects, extra limbs, blurry, out of focus, noise, oversaturated, posterized, artifacts, jpeg artifacts"
7102,horse,draft horse,standing,a lakeside shore,high angle,foggy morning,clean,a finely detailed photo,"a finely detailed photo of a draft horse standing in a lakeside shore, high angle, foggy morning. single main subject, photorealistic color photo, natural colors, realistic texture, sharp focus on subject, no people, no text, no watermark, no logo, no border, no collage, no CGI, no illustration.","text, watermark, logo, caption, signature, border, frame, collage, multiple panels, cartoon, illustration, CGI, 3d render, low-poly, painting, anime, surreal, deformed, duplicate objects, extra limbs, blurry, out of focus, noise, oversaturated, posterized, artifacts, jpeg artifacts"
7941,horse,draft horse,grazing,a sandy beach,front view,foggy morning,hard,an ultra-realistic rendering,"an ultra-realistic rendering of a draft horse grazing in a sandy beach, front view, foggy morning. busy background but still one main subject. single main subject, photorealistic color photo, natural colors, realistic texture, sharp focus on subject, no people, no text, no watermark, no logo, no border, no collage, no CGI, no illustration.","text, watermark, logo, caption, signature, border, frame, collage, multiple panels, cartoon, illustration, CGI, 3d render, low-poly, painting, anime, surreal, deformed, duplicate objects, extra limbs, blurry, out of focus, noise, oversaturated, posterized, artifacts, jpeg artifacts"
7358,horse,white horse,running,a forest clearing,front view,sunny afternoon,clean,an ultra-realistic rendering,"an ultra-realistic rendering of a white horse running in a forest clearing, front view, sunny afternoon. single main subject, photorealistic color photo, natural colors, realistic texture, sharp focus on subject, no people, no text, no watermark, no logo, no border, no collage, no CGI, no illustration.","text, watermark, logo, caption, signature, border, frame, collage, multiple panels, cartoon, illustration, CGI, 3d render, low-poly, painting, anime, surreal, deformed, duplicate objects, extra limbs, blurry, out of focus, noise, oversaturated, posterized, artifacts, jpeg artifacts"
7306,horse,draft horse,walking,an urban street,front view,overcast daylight,clean,a detailed photograph,"a detailed photograph of a draft horse walking in an urban street, front view, overcast daylight. single main subject, photorealistic color photo, natural colors, realistic texture, sharp focus on subject, no people, no text, no watermark, no logo, no border, no collage, no CGI, no illustration.","text, watermark, logo, caption, signature, border, frame, collage, multiple panels, cartoon, illustration, CGI, 3d render, low-poly, painting, anime, surreal, deformed, duplicate objects, extra limbs, blurry, out of focus, noise, oversaturated, posterized, artifacts, jpeg artifacts"
7642,horse,racehorse,grazing,a quiet residential street,high angle,backlit rim light,clean,an ultra-realistic rendering,"an ultra-realistic rendering of a racehorse grazing in a quiet residential street, high angle, backlit rim light. single main subject, photorealistic color photo, natural colors, realistic texture, sharp focus on subject, no people, no text, no watermark, no logo, no border, no collage, no CGI, no illustration.","text, watermark, logo, caption, signature, border, frame, collage, multiple panels, cartoon, illustration, CGI, 3d render, low-poly, painting, anime, surreal, deformed, duplicate objects, extra limbs, blurry, out of focus, noise, oversaturated, posterized, artifacts, jpeg artifacts"
7551,horse,racehorse,grazing,a wet roadway after rain,wide shot,rainy with wet reflections,clean,a detailed photograph,"a detailed photograph of a racehorse grazing in a wet roadway after rain, wide shot, rainy with wet reflections. single main subject, photorealistic color photo, natural colors, realistic texture, sharp focus on subject, no people, no text, no watermark, no logo, no border, no collage, no CGI, no illustration.","text, watermark, logo, caption, signature, border, frame, collage, multiple panels, cartoon, illustration, CGI, 3d render, low-poly, painting, anime, surreal, deformed, duplicate objects, extra limbs, blurry, out of focus, noise, oversaturated, posterized, artifacts, jpeg artifacts"
7143,horse,white horse,grazing,an urban street,3/4 view,sunny afternoon,clean,a high-quality image,"a high-quality image of a white horse grazing in an urban street, 3/4 view, sunny afternoon. single main subject, photorealistic color photo, natural colors, realistic texture, sharp focus on subject, no people, no text, no watermark, no logo, no border, no collage, no CGI, no illustration.","text, watermark, logo, caption, signature, border, frame, collage, multiple panels, cartoon, illustration, CGI, 3d render, low-poly, painting, anime, surreal, deformed, duplicate objects, extra limbs, blurry, out of focus, noise, oversaturated, posterized, artifacts, jpeg artifacts"
7259,horse,brown horse,running,an urban street,slightly off-center framing,sunny afternoon,clean,a detailed photograph,"a detailed photograph of a brown horse running in an urban street, slightly off-center framing, sunny afternoon. single main subject, photorealistic color photo, natural colors, realistic texture, sharp focus on subject, no people, no text, no watermark, no logo, no border, no collage, no CGI, no illustration.","text, watermark, logo, caption, signature, border, frame, collage, multiple panels, cartoon, illustration, CGI, 3d render, low-poly, painting, anime, surreal, deformed, duplicate objects, extra limbs, blurry, out of focus, noise, oversaturated, posterized, artifacts, jpeg artifacts"
7619,horse,brown horse,standing,a parking lot,side profile,golden hour,clean,a finely detailed photo,"a finely detailed photo of a brown horse standing in a parking lot, side profile, golden hour. single main subject, photorealistic color photo, natural colors, realistic texture, sharp focus on subject, no people, no text, no watermark, no logo, no border, no collage, no CGI, no illustration.","text, watermark, logo, caption, signature, border, frame, collage, multiple panels, cartoon, illustration, CGI, 3d render, low-poly, painting, anime, surreal, deformed, duplicate objects, extra limbs, blurry, out of focus, noise, oversaturated, posterized, artifacts, jpeg artifacts"
7887,horse,racehorse,grazing,a forest clearing,low angle,indoor soft window light,hard,a professional photo,"a professional photo of a racehorse grazing in a forest clearing, low angle, indoor soft window light. cropped slightly. single main subject, photorealistic color photo, natural colors, realistic texture, sharp focus on subject, no people, no text, no watermark, no logo, no border, no collage, no CGI, no illustration.","text, watermark, logo, caption, signature, border, frame, collage, multiple panels, cartoon, illustration, CGI, 3d render, low-poly, painting, anime, surreal, deformed, duplicate objects, extra limbs, blurry, out of focus, noise, oversaturated, posterized, artifacts, jpeg artifacts"
7690,horse,white horse,running,a parking lot,side profile,indoor soft window light,clean,a finely detailed photo,"a finely detailed photo of a white horse running in a parking lot, side profile, indoor soft window light. single main subject, photorealistic color photo, natural colors, realistic texture, sharp focus on subject, no people, no text, no watermark, no logo, no border, no collage, no CGI, no illustration.","text, watermark, logo, caption, signature, border, frame, collage, multiple panels, cartoon, illustration, CGI, 3d render, low-poly, painting, anime, surreal, deformed, duplicate objects, extra limbs, blurry, out of focus, noise, oversaturated, posterized, artifacts, jpeg artifacts"
7257,horse,white horse,walking,a parking lot,front view,nighttime under streetlights,clean,an ultra-realistic rendering,"an ultra-realistic rendering of a white horse walking in a parking lot, front view, nighttime under streetlights. single main subject, photorealistic color photo, natural colors, realistic texture, sharp focus on subject, no people, no text, no watermark, no logo, no border, no collage, no CGI, no illustration.","text, watermark, logo, caption, signature, border, frame, collage, multiple panels, cartoon, illustration, CGI, 3d render, low-poly, painting, anime, surreal, deformed, duplicate objects, extra limbs, blurry, out of focus, noise, oversaturated, posterized, artifacts, jpeg artifacts"
7076,horse,brown horse,running,a city park,wide shot,foggy morning,clean,an ultra-realistic rendering,"an ultra-realistic rendering of a brown horse running in a city park, wide shot, foggy morning. single main subject, photorealistic color photo, natural colors, realistic texture, sharp focus on subject, no people, no text, no watermark, no logo, no border, no collage, no CGI, no illustration.","text, watermark, logo, caption, signature, border, frame, collage, multiple panels, cartoon, illustration, CGI, 3d render, low-poly, painting, anime, surreal, deformed, duplicate objects, extra limbs, blurry, out of focus, noise, oversaturated, posterized, artifacts, jpeg artifacts"
7765,horse,pony,standing,a quiet residential street,close-up,nighttime under streetlights,clean,an ultra-realistic rendering,"an ultra-realistic rendering of a pony horse standing in a quiet residential street, close-up, nighttime under streetlights. single main subject, photorealistic color photo, natural colors, realistic texture, sharp focus on subject, no people, no text, no watermark, no logo, no border, no collage, no CGI, no illustration.","text, watermark, logo, caption, signature, border, frame, collage, multiple panels, cartoon, illustration, CGI, 3d render, low-poly, painting, anime, surreal, deformed, duplicate objects, extra limbs, blurry, out of focus, noise, oversaturated, posterized, artifacts, jpeg artifacts"
7056,horse,draft horse,running,a city park,high angle,golden hour,clean,a photorealistic color photo,"a photorealistic color photo of a draft horse running in a city park, high angle, golden hour. single main subject, photorealistic color photo, natural colors, realistic texture, sharp focus on subject, no people, no text, no watermark, no logo, no border, no collage, no CGI, no illustration.","text, watermark, logo, caption, signature, border, frame, collage, multiple panels, cartoon, illustration, CGI, 3d render, low-poly, painting, anime, surreal, deformed, duplicate objects, extra limbs, blurry, out of focus, noise, oversaturated, posterized, artifacts, jpeg artifacts"
7394,horse,brown horse,standing,an industrial yard,front view,golden hour,clean,a photorealistic color photo,"a photorealistic color photo of a brown horse standing in an industrial yard, front view, golden hour. single main subject, photorealistic color photo, natural colors, realistic texture, sharp focus on subject, no people, no text, no watermark, no logo, no border, no collage, no CGI, no illustration.","text, watermark, logo, caption, signature, border, frame, collage, multiple panels, cartoon, illustration, CGI, 3d render, low-poly, painting, anime, surreal, deformed, duplicate objects, extra limbs, blurry, out of focus, noise, oversaturated, posterized, artifacts, jpeg artifacts"
7458,horse,brown horse,standing,a lakeside shore,front view,golden hour,clean,a photorealistic color photo,"a photorealistic color photo of a brown horse standing in a lakeside shore, front view, golden hour. single main subject, photorealistic color photo, natural colors, realistic texture, sharp focus on subject, no people, no text, no watermark, no logo, no border, no collage, no CGI, no illustration.","text, watermark, logo, caption, signature, border, frame, collage, multiple panels, cartoon, illustration, CGI, 3d render, low-poly, painting, anime, surreal, deformed, duplicate objects, extra limbs, blurry, out of focus, noise, oversaturated, posterized, artifacts, jpeg artifacts"
7944,horse,racehorse,standing,a wet roadway after rain,slightly off-center framing,indoor soft window light,hard,a high-quality image,"a high-quality image of a racehorse standing in a wet roadway after rain, slightly off-center framing, indoor soft window light. in the distance. single main subject, photorealistic color photo, natural colors, realistic texture, sharp focus on subject, no people, no text, no watermark, no logo, no border, no collage, no CGI, no illustration.","text, watermark, logo, caption, signature, border, frame, collage, multiple panels, cartoon, illustration, CGI, 3d render, low-poly, painting, anime, surreal, deformed, duplicate objects, extra limbs, blurry, out of focus, noise, oversaturated, posterized, artifacts, jpeg artifacts"
7118,horse,white horse,walking,a sandy beach,front view,backlit rim light,clean,a detailed photograph,"a detailed photograph of a white horse walking in a sandy beach, front view, backlit rim light. single main subject, photorealistic color photo, natural colors, realistic texture, sharp focus on subject, no people, no text, no watermark, no logo, no border, no collage, no CGI, no illustration.","text, watermark, logo, caption, signature, border, frame, collage, multiple panels, cartoon, illustration, CGI, 3d render, low-poly, painting, anime, surreal, deformed, duplicate objects, extra limbs, blurry, out of focus, noise, oversaturated, posterized, artifacts, jpeg artifacts"
7457,horse,wild horse,grazing,a countryside road,close-up,backlit rim light,clean,a professional photo,"a professional photo of a wild horse grazing in a countryside road, close-up, backlit rim light. single main subject, photorealistic color photo, natural colors, realistic texture, sharp focus on subject, no people, no text, no watermark, no logo, no border, no collage, no CGI, no illustration.","text, watermark, logo, caption, signature, border, frame, collage, multiple panels, cartoon, illustration, CGI, 3d render, low-poly, painting, anime, surreal, deformed, duplicate objects, extra limbs, blurry, out of focus, noise, oversaturated, posterized, artifacts, jpeg artifacts"
7193,horse,white horse,walking,a gravel lot,front view,golden hour,clean,a high-quality image,"a high-quality image of a white horse walking in a gravel lot, front view, golden hour. single main subject, photorealistic color photo, natural colors, realistic texture, sharp focus on subject, no people, no text, no watermark, no logo, no border, no collage, no CGI, no illustration.","text, watermark, logo, caption, signature, border, frame, collage, multiple panels, cartoon, illustration, CGI, 3d render, low-poly, painting, anime, surreal, deformed, duplicate objects, extra limbs, blurry, out of focus, noise, oversaturated, posterized, artifacts, jpeg artifacts"
7348,horse,wild horse,walking,a backyard,front view,golden hour,clean,a photorealistic color photo,"a photorealistic color photo of a wild horse walking in a backyard, front view, golden hour. single main subject, photorealistic color photo, natural colors, realistic texture, sharp focus on subject, no people, no text, no watermark, no logo, no border, no collage, no CGI, no illustration.","text, watermark, logo, caption, signature, border, frame, collage, multiple panels, cartoon, illustration, CGI, 3d render, low-poly, painting, anime, surreal, deformed, duplicate objects, extra limbs, blurry, out of focus, noise, oversaturated, posterized, artifacts, jpeg artifacts"
7423,horse,wild horse,standing,a wet roadway after rain,3/4 view,indoor soft window light,clean,an ultra-realistic rendering,"an ultra-realistic rendering of a wild horse standing in a wet roadway after rain, 3/4 view, indoor soft window light. single main subject, photorealistic color photo, natural colors, realistic texture, sharp focus on subject, no people, no text, no watermark, no logo, no border, no collage, no CGI, no illustration.","text, watermark, logo, caption, signature, border, frame, collage, multiple panels, cartoon, illustration, CGI, 3d render, low-poly, painting, anime, surreal, deformed, duplicate objects, extra limbs, blurry, out of focus, noise, oversaturated, posterized, artifacts, jpeg artifacts"
7000,horse,racehorse,grazing,a grassy field,high angle,foggy morning,clean,a detailed photograph,"a detailed photograph of a racehorse grazing in a grassy field, high angle, foggy morning. single main subject, photorealistic color photo, natural colors, realistic texture, sharp focus on subject, no people, no text, no watermark, no logo, no border, no collage, no CGI, no illustration.","text, watermark, logo, caption, signature, border, frame, collage, multiple panels, cartoon, illustration, CGI, 3d render, low-poly, painting, anime, surreal, deformed, duplicate objects, extra limbs, blurry, out of focus, noise, oversaturated, posterized, artifacts, jpeg artifacts"
7185,horse,racehorse,standing,an industrial yard,slightly off-center framing,rainy with wet reflections,clean,a photorealistic color photo,"a photorealistic color photo of a racehorse standing in an industrial yard, slightly off-center framing, rainy with wet reflections. single main subject, photorealistic color photo, natural colors, realistic texture, sharp focus on subject, no people, no text, no watermark, no logo, no border, no collage, no CGI, no illustration.","text, watermark, logo, caption, signature, border, frame, collage, multiple panels, cartoon, illustration, CGI, 3d render, low-poly, painting, anime, surreal, deformed, duplicate objects, extra limbs, blurry, out of focus, noise, oversaturated, posterized, artifacts, jpeg artifacts"
7035,horse,brown horse,grazing,a wet roadway after rain,high angle,backlit rim light,clean,an ultra-realistic rendering,"an ultra-realistic rendering of a brown horse grazing in a wet roadway after rain, high angle, backlit rim light. single main subject, photorealistic color photo, natural colors, realistic texture, sharp focus on subject, no people, no text, no watermark, no logo, no border, no collage, no CGI, no illustration.","text, watermark, logo, caption, signature, border, frame, collage, multiple panels, cartoon, illustration, CGI, 3d render, low-poly, painting, anime, surreal, deformed, duplicate objects, extra limbs, blurry, out of focus, noise, oversaturated, posterized, artifacts, jpeg artifacts"
7359,horse,draft horse,grazing,a city park,side profile,nighttime under streetlights,clean,a finely detailed photo,"a finely detailed photo of a draft horse grazing in a city park, side profile, nighttime under streetlights. single main subject, photorealistic color photo, natural colors, realistic texture, sharp focus on subject, no people, no text, no watermark, no logo, no border, no collage, no CGI, no illustration.","text, watermark, logo, caption, signature, border, frame, collage, multiple panels, cartoon, illustration, CGI, 3d render, low-poly, painting, anime, surreal, deformed, duplicate objects, extra limbs, blurry, out of focus, noise, oversaturated, posterized, artifacts, jpeg artifacts"
7685,horse,brown horse,running,a grassy field,side profile,golden hour,clean,a photorealistic color photo,"a photorealistic color photo of a brown horse running in a grassy field, side profile, golden hour. single main subject, photorealistic color photo, natural colors, realistic texture, sharp focus on subject, no people, no text, no watermark, no logo, no border, no collage, no CGI, no illustration.","text, watermark, logo, caption, signature, border, frame, collage, multiple panels, cartoon, illustration, CGI, 3d render, low-poly, painting, anime, surreal, deformed, duplicate objects, extra limbs, blurry, out of focus, noise, oversaturated, posterized, artifacts, jpeg artifacts"
7264,horse,brown horse,grazing,a countryside road,low angle,backlit rim light,clean,a high-quality image,"a high-quality image of a brown horse grazing in a countryside road, low angle, backlit rim light. single main subject, photorealistic color photo, natural colors, realistic texture, sharp focus on subject, no people, no text, no watermark, no logo, no border, no collage, no CGI, no illustration.","text, watermark, logo, caption, signature, border, frame, collage, multiple panels, cartoon, illustration, CGI, 3d render, low-poly, painting, anime, surreal, deformed, duplicate objects, extra limbs, blurry, out of focus, noise, oversaturated, posterized, artifacts, jpeg artifacts"
7625,horse,brown horse,standing,a city park,side profile,nighttime under streetlights,clean,an ultra-realistic rendering,"an ultra-realistic rendering of a brown horse standing in a city park, side profile, nighttime under streetlights. single main subject, photorealistic color photo, natural colors, realistic texture, sharp focus on subject, no people, no text, no watermark, no logo, no border, no collage, no CGI, no illustration.","text, watermark, logo, caption, signature, border, frame, collage, multiple panels, cartoon, illustration, CGI, 3d render, low-poly, painting, anime, surreal, deformed, duplicate objects, extra limbs, blurry, out of focus, noise, oversaturated, posterized, artifacts, jpeg artifacts"
7245,horse,wild horse,running,an urban street,wide shot,foggy morning,clean,a photorealistic color photo,"a photorealistic color photo of a wild horse running in an urban street, wide shot, foggy morning. single main subject, photorealistic color photo, natural colors, realistic texture, sharp focus on subject, no people, no text, no watermark, no logo, no border, no collage, no CGI, no illustration.","text, watermark, logo, caption, signature, border, frame, collage, multiple panels, cartoon, illustration, CGI, 3d render, low-poly, painting, anime, surreal, deformed, duplicate objects, extra limbs, blurry, out of focus, noise, oversaturated, posterized, artifacts, jpeg artifacts"
7788,horse,pony,grazing,an urban street,front view,nighttime under streetlights,clean,a professional photo,"a professional photo of a pony horse grazing in an urban street, front view, nighttime under streetlights. single main subject, photorealistic color photo, natural colors, realistic texture, sharp focus on subject, no people, no text, no watermark, no logo, no border, no collage, no CGI, no illustration.","text, watermark, logo, caption, signature, border, frame, collage, multiple panels, cartoon, illustration, CGI, 3d render, low-poly, painting, anime, surreal, deformed, duplicate objects, extra limbs, blurry, out of focus, noise, oversaturated, posterized, artifacts, jpeg artifacts"
7467,horse,wild horse,standing,a forest clearing,close-up,nighttime under streetlights,clean,a professional photo,"a professional photo of a wild horse standing in a forest clearing, close-up, nighttime under streetlights. single main subject, photorealistic color photo, natural colors, realistic texture, sharp focus on subject, no people, no text, no watermark, no logo, no border, no collage, no CGI, no illustration.","text, watermark, logo, caption, signature, border, frame, collage, multiple panels, cartoon, illustration, CGI, 3d render, low-poly, painting, anime, surreal, deformed, duplicate objects, extra limbs, blurry, out of focus, noise, oversaturated, posterized, artifacts, jpeg artifacts"
7718,horse,wild horse,walking,a forest clearing,high angle,overcast daylight,clean,a photorealistic color photo,"a photorealistic color photo of a wild horse walking in a forest clearing, high angle, overcast daylight. single main subject, photorealistic color photo, natural colors, realistic texture, sharp focus on subject, no people, no text, no watermark, no logo, no border, no collage, no CGI, no illustration.","text, watermark, logo, caption, signature, border, frame, collage, multiple panels, cartoon, illustration, CGI, 3d render, low-poly, painting, anime, surreal, deformed, duplicate objects, extra limbs, blurry, out of focus, noise, oversaturated, posterized, artifacts, jpeg artifacts"
7377,horse,racehorse,running,an urban street,low angle,sunny afternoon,clean,a high-quality image,"a high-quality image of a racehorse running in an urban street, low angle, sunny afternoon. single main subject, photorealistic color photo, natural colors, realistic texture, sharp focus on subject, no people, no text, no watermark, no logo, no border, no collage, no CGI, no illustration.","text, watermark, logo, caption, signature, border, frame, collage, multiple panels, cartoon, illustration, CGI, 3d render, low-poly, painting, anime, surreal, deformed, duplicate objects, extra limbs, blurry, out of focus, noise, oversaturated, posterized, artifacts, jpeg artifacts"
7721,horse,white horse,standing,an urban street,high angle,nighttime under streetlights,clean,a high-quality image,"a high-quality image of a white horse standing in an urban street, high angle, nighttime under streetlights. single main subject, photorealistic color photo, natural colors, realistic texture, sharp focus on subject, no people, no text, no watermark, no logo, no border, no collage, no CGI, no illustration.","text, watermark, logo, caption, signature, border, frame, collage, multiple panels, cartoon, illustration, CGI, 3d render, low-poly, painting, anime, surreal, deformed, duplicate objects, extra limbs, blurry, out of focus, noise, oversaturated, posterized, artifacts, jpeg artifacts"
7716,horse,pony,grazing,an industrial yard,low angle,rainy with wet reflections,clean,a high-quality image,"a high-quality image of a pony horse grazing in an industrial yard, low angle, rainy with wet reflections. single main subject, photorealistic color photo, natural colors, realistic texture, sharp focus on subject, no people, no text, no watermark, no logo, no border, no collage, no CGI, no illustration.","text, watermark, logo, caption, signature, border, frame, collage, multiple panels, cartoon, illustration, CGI, 3d render, low-poly, painting, anime, surreal, deformed, duplicate objects, extra limbs, blurry, out of focus, noise, oversaturated, posterized, artifacts, jpeg artifacts"
7434,horse,pony,running,a countryside road,wide shot,golden hour,clean,an ultra-realistic rendering,"an ultra-realistic rendering of a pony horse running in a countryside road, wide shot, golden hour. single main subject, photorealistic color photo, natural colors, realistic texture, sharp focus on subject, no people, no text, no watermark, no logo, no border, no collage, no CGI, no illustration.","text, watermark, logo, caption, signature, border, frame, collage, multiple panels, cartoon, illustration, CGI, 3d render, low-poly, painting, anime, surreal, deformed, duplicate objects, extra limbs, blurry, out of focus, noise, oversaturated, posterized, artifacts, jpeg artifacts"
7737,horse,wild horse,walking,an industrial yard,high angle,nighttime under streetlights,clean,a detailed photograph,"a detailed photograph of a wild horse walking in an industrial yard, high angle, nighttime under streetlights. single main subject, photorealistic color photo, natural colors, realistic texture, sharp focus on subject, no people, no text, no watermark, no logo, no border, no collage, no CGI, no illustration.","text, watermark, logo, caption, signature, border, frame, collage, multiple panels, cartoon, illustration, CGI, 3d render, low-poly, painting, anime, surreal, deformed, duplicate objects, extra limbs, blurry, out of focus, noise, oversaturated, posterized, artifacts, jpeg artifacts"
7617,horse,white horse,standing,a parking lot,front view,overcast daylight,clean,a high-quality image,"a high-quality image of a white horse standing in a parking lot, front view, overcast daylight. single main subject, photorealistic color photo, natural colors, realistic texture, sharp focus on subject, no people, no text, no watermark, no logo, no border, no collage, no CGI, no illustration.","text, watermark, logo, caption, signature, border, frame, collage, multiple panels, cartoon, illustration, CGI, 3d render, low-poly, painting, anime, surreal, deformed, duplicate objects, extra limbs, blurry, out of focus, noise, oversaturated, posterized, artifacts, jpeg artifacts"
7495,horse,white horse,grazing,a backyard,front view,sunny afternoon,clean,a finely detailed photo,"a finely detailed photo of a white horse grazing in a backyard, front view, sunny afternoon. single main subject, photorealistic color photo, natural colors, realistic texture, sharp focus on subject, no people, no text, no watermark, no logo, no border, no collage, no CGI, no illustration.","text, watermark, logo, caption, signature, border, frame, collage, multiple panels, cartoon, illustration, CGI, 3d render, low-poly, painting, anime, surreal, deformed, duplicate objects, extra limbs, blurry, out of focus, noise, oversaturated, posterized, artifacts, jpeg artifacts"
7764,horse,pony,grazing,a backyard,slightly off-center framing,golden hour,clean,a professional photo,"a professional photo of a pony horse grazing in a backyard, slightly off-center framing, golden hour. single main subject, photorealistic color photo, natural colors, realistic texture, sharp focus on subject, no people, no text, no watermark, no logo, no border, no collage, no CGI, no illustration.","text, watermark, logo, caption, signature, border, frame, collage, multiple panels, cartoon, illustration, CGI, 3d render, low-poly, painting, anime, surreal, deformed, duplicate objects, extra limbs, blurry, out of focus, noise, oversaturated, posterized, artifacts, jpeg artifacts"
7703,horse,brown horse,walking,a parking lot,slightly off-center framing,sunny afternoon,clean,an ultra-realistic rendering,"an ultra-realistic rendering of a brown horse walking in a parking lot, slightly off-center framing, sunny afternoon. single main subject, photorealistic color photo, natural colors, realistic texture, sharp focus on subject, no people, no text, no watermark, no logo, no border, no collage, no CGI, no illustration.","text, watermark, logo, caption, signature, border, frame, collage, multiple panels, cartoon, illustration, CGI, 3d render, low-poly, painting, anime, surreal, deformed, duplicate objects, extra limbs, blurry, out of focus, noise, oversaturated, posterized, artifacts, jpeg artifacts"
7304,horse,racehorse,running,a quiet residential street,side profile,nighttime under streetlights,clean,a high-quality image,"a high-quality image of a racehorse running in a quiet residential street, side profile, nighttime under streetlights. single main subject, photorealistic color photo, natural colors, realistic texture, sharp focus on subject, no people, no text, no watermark, no logo, no border, no collage, no CGI, no illustration.","text, watermark, logo, caption, signature, border, frame, collage, multiple panels, cartoon, illustration, CGI, 3d render, low-poly, painting, anime, surreal, deformed, duplicate objects, extra limbs, blurry, out of focus, noise, oversaturated, posterized, artifacts, jpeg artifacts"
7350,horse,white horse,grazing,an industrial yard,close-up,golden hour,clean,a photorealistic color photo,"a photorealistic color photo of a white horse grazing in an industrial yard, close-up, golden hour. single main subject, photorealistic color photo, natural colors, realistic texture, sharp focus on subject, no people, no text, no watermark, no logo, no border, no collage, no CGI, no illustration.","text, watermark, logo, caption, signature, border, frame, collage, multiple panels, cartoon, illustration, CGI, 3d render, low-poly, painting, anime, surreal, deformed, duplicate objects, extra limbs, blurry, out of focus, noise, oversaturated, posterized, artifacts, jpeg artifacts"
7207,horse,white horse,grazing,a suburban neighborhood,low angle,overcast daylight,clean,a detailed photograph,"a detailed photograph of a white horse grazing in a suburban neighborhood, low angle, overcast daylight. single main subject, photorealistic color photo, natural colors, realistic texture, sharp focus on subject, no people, no text, no watermark, no logo, no border, no collage, no CGI, no illustration.","text, watermark, logo, caption, signature, border, frame, collage, multiple panels, cartoon, illustration, CGI, 3d render, low-poly, painting, anime, surreal, deformed, duplicate objects, extra limbs, blurry, out of focus, noise, oversaturated, posterized, artifacts, jpeg artifacts"
7640,horse,white horse,standing,a city park,3/4 view,backlit rim light,clean,a finely detailed photo,"a finely detailed photo of a white horse standing in a city park, 3/4 view, backlit rim light. single main subject, photorealistic color photo, natural colors, realistic texture, sharp focus on subject, no people, no text, no watermark, no logo, no border, no collage, no CGI, no illustration.","text, watermark, logo, caption, signature, border, frame, collage, multiple panels, cartoon, illustration, CGI, 3d render, low-poly, painting, anime, surreal, deformed, duplicate objects, extra limbs, blurry, out of focus, noise, oversaturated, posterized, artifacts, jpeg artifacts"
7209,horse,draft horse,running,a backyard,3/4 view,indoor soft window light,clean,a professional photo,"a professional photo of a draft horse running in a backyard, 3/4 view, indoor soft window light. single main subject, photorealistic color photo, natural colors, realistic texture, sharp focus on subject, no people, no text, no watermark, no logo, no border, no collage, no CGI, no illustration.","text, watermark, logo, caption, signature, border, frame, collage, multiple panels, cartoon, illustration, CGI, 3d render, low-poly, painting, anime, surreal, deformed, duplicate objects, extra limbs, blurry, out of focus, noise, oversaturated, posterized, artifacts, jpeg artifacts"
7087,horse,racehorse,running,a suburban neighborhood,low angle,sunny afternoon,clean,a professional photo,"a professional photo of a racehorse running in a suburban neighborhood, low angle, sunny afternoon. single main subject, photorealistic color photo, natural colors, realistic texture, sharp focus on subject, no people, no text, no watermark, no logo, no border, no collage, no CGI, no illustration.","text, watermark, logo, caption, signature, border, frame, collage, multiple panels, cartoon, illustration, CGI, 3d render, low-poly, painting, anime, surreal, deformed, duplicate objects, extra limbs, blurry, out of focus, noise, oversaturated, posterized, artifacts, jpeg artifacts"
7777,horse,draft horse,running,a parking lot,slightly off-center framing,golden hour,clean,a high-quality image,"a high-quality image of a draft horse running in a parking lot, slightly off-center framing, golden hour. single main subject, photorealistic color photo, natural colors, realistic texture, sharp focus on subject, no people, no text, no watermark, no logo, no border, no collage, no CGI, no illustration.","text, watermark, logo, caption, signature, border, frame, collage, multiple panels, cartoon, illustration, CGI, 3d render, low-poly, painting, anime, surreal, deformed, duplicate objects, extra limbs, blurry, out of focus, noise, oversaturated, posterized, artifacts, jpeg artifacts"
7505,horse,pony,running,a sandy beach,low angle,nighttime under streetlights,clean,a finely detailed photo,"a finely detailed photo of a pony horse running in a sandy beach, low angle, nighttime under streetlights. single main subject, photorealistic color photo, natural colors, realistic texture, sharp focus on subject, no people, no text, no watermark, no logo, no border, no collage, no CGI, no illustration.","text, watermark, logo, caption, signature, border, frame, collage, multiple panels, cartoon, illustration, CGI, 3d render, low-poly, painting, anime, surreal, deformed, duplicate objects, extra limbs, blurry, out of focus, noise, oversaturated, posterized, artifacts, jpeg artifacts"
7071,horse,brown horse,grazing,a sandy beach,high angle,sunny afternoon,clean,an ultra-realistic rendering,"an ultra-realistic rendering of a brown horse grazing in a sandy beach, high angle, sunny afternoon. single main subject, photorealistic color photo, natural colors, realistic texture, sharp focus on subject, no people, no text, no watermark, no logo, no border, no collage, no CGI, no illustration.","text, watermark, logo, caption, signature, border, frame, collage, multiple panels, cartoon, illustration, CGI, 3d render, low-poly, painting, anime, surreal, deformed, duplicate objects, extra limbs, blurry, out of focus, noise, oversaturated, posterized, artifacts, jpeg artifacts"
7302,horse,white horse,running,a backyard,side profile,overcast daylight,clean,a finely detailed photo,"a finely detailed photo of a white horse running in a backyard, side profile, overcast daylight. single main subject, photorealistic color photo, natural colors, realistic texture, sharp focus on subject, no people, no text, no watermark, no logo, no border, no collage, no CGI, no illustration.","text, watermark, logo, caption, signature, border, frame, collage, multiple panels, cartoon, illustration, CGI, 3d render, low-poly, painting, anime, surreal, deformed, duplicate objects, extra limbs, blurry, out of focus, noise, oversaturated, posterized, artifacts, jpeg artifacts"
7305,horse,white horse,grazing,a forest clearing,wide shot,indoor soft window light,clean,a high-quality image,"a high-quality image of a white horse grazing in a forest clearing, wide shot, indoor soft window light. single main subject, photorealistic color photo, natural colors, realistic texture, sharp focus on subject, no people, no text, no watermark, no logo, no border, no collage, no CGI, no illustration.","text, watermark, logo, caption, signature, border, frame, collage, multiple panels, cartoon, illustration, CGI, 3d render, low-poly, painting, anime, surreal, deformed, duplicate objects, extra limbs, blurry, out of focus, noise, oversaturated, posterized, artifacts, jpeg artifacts"
7456,horse,brown horse,running,a sandy beach,front view,indoor soft window light,clean,a detailed photograph,"a detailed photograph of a brown horse running in a sandy beach, front view, indoor soft window light. single main subject, photorealistic color photo, natural colors, realistic texture, sharp focus on subject, no people, no text, no watermark, no logo, no border, no collage, no CGI, no illustration.","text, watermark, logo, caption, signature, border, frame, collage, multiple panels, cartoon, illustration, CGI, 3d render, low-poly, painting, anime, surreal, deformed, duplicate objects, extra limbs, blurry, out of focus, noise, oversaturated, posterized, artifacts, jpeg artifacts"
7191,horse,brown horse,grazing,a quiet residential street,close-up,overcast daylight,clean,a finely detailed photo,"a finely detailed photo of a brown horse grazing in a quiet residential street, close-up, overcast daylight. single main subject, photorealistic color photo, natural colors, realistic texture, sharp focus on subject, no people, no text, no watermark, no logo, no border, no collage, no CGI, no illustration.","text, watermark, logo, caption, signature, border, frame, collage, multiple panels, cartoon, illustration, CGI, 3d render, low-poly, painting, anime, surreal, deformed, duplicate objects, extra limbs, blurry, out of focus, noise, oversaturated, posterized, artifacts, jpeg artifacts"
7124,horse,brown horse,standing,an industrial yard,3/4 view,foggy morning,clean,a detailed photograph,"a detailed photograph of a brown horse standing in an industrial yard, 3/4 view, foggy morning. single main subject, photorealistic color photo, natural colors, realistic texture, sharp focus on subject, no people, no text, no watermark, no logo, no border, no collage, no CGI, no illustration.","text, watermark, logo, caption, signature, border, frame, collage, multiple panels, cartoon, illustration, CGI, 3d render, low-poly, painting, anime, surreal, deformed, duplicate objects, extra limbs, blurry, out of focus, noise, oversaturated, posterized, artifacts, jpeg artifacts"
7758,horse,brown horse,standing,a quiet residential street,close-up,sunny afternoon,clean,a photorealistic color photo,"a photorealistic color photo of a brown horse standing in a quiet residential street, close-up, sunny afternoon. single main subject, photorealistic color photo, natural colors, realistic texture, sharp focus on subject, no people, no text, no watermark, no logo, no border, no collage, no CGI, no illustration.","text, watermark, logo, caption, signature, border, frame, collage, multiple panels, cartoon, illustration, CGI, 3d render, low-poly, painting, anime, surreal, deformed, duplicate objects, extra limbs, blurry, out of focus, noise, oversaturated, posterized, artifacts, jpeg artifacts"
7347,horse,wild horse,walking,a sandy beach,side profile,golden hour,clean,a high-quality image,"a high-quality image of a wild horse walking in a sandy beach, side profile, golden hour. single main subject, photorealistic color photo, natural colors, realistic texture, sharp focus on subject, no people, no text, no watermark, no logo, no border, no collage, no CGI, no illustration.","text, watermark, logo, caption, signature, border, frame, collage, multiple panels, cartoon, illustration, CGI, 3d render, low-poly, painting, anime, surreal, deformed, duplicate objects, extra limbs, blurry, out of focus, noise, oversaturated, posterized, artifacts, jpeg artifacts"
7464,horse,racehorse,walking,an urban street,wide shot,overcast daylight,clean,a finely detailed photo,"a finely detailed photo of a racehorse walking in an urban street, wide shot, overcast daylight. single main subject, photorealistic color photo, natural colors, realistic texture, sharp focus on subject, no people, no text, no watermark, no logo, no border, no collage, no CGI, no illustration.","text, watermark, logo, caption, signature, border, frame, collage, multiple panels, cartoon, illustration, CGI, 3d render, low-poly, painting, anime, surreal, deformed, duplicate objects, extra limbs, blurry, out of focus, noise, oversaturated, posterized, artifacts, jpeg artifacts"
7689,horse,brown horse,standing,a forest clearing,wide shot,overcast daylight,clean,a detailed photograph,"a detailed photograph of a brown horse standing in a forest clearing, wide shot, overcast daylight. single main subject, photorealistic color photo, natural colors, realistic texture, sharp focus on subject, no people, no text, no watermark, no logo, no border, no collage, no CGI, no illustration.","text, watermark, logo, caption, signature, border, frame, collage, multiple panels, cartoon, illustration, CGI, 3d render, low-poly, painting, anime, surreal, deformed, duplicate objects, extra limbs, blurry, out of focus, noise, oversaturated, posterized, artifacts, jpeg artifacts"
7816,horse,racehorse,standing,a gravel lot,high angle,backlit rim light,hard,a professional photo,"a professional photo of a racehorse standing in a gravel lot, high angle, backlit rim light. partially occluded by a foreground object. single main subject, photorealistic color photo, natural colors, realistic texture, sharp focus on subject, no people, no text, no watermark, no logo, no border, no collage, no CGI, no illustration.","text, watermark, logo, caption, signature, border, frame, collage, multiple panels, cartoon, illustration, CGI, 3d render, low-poly, painting, anime, surreal, deformed, duplicate objects, extra limbs, blurry, out of focus, noise, oversaturated, posterized, artifacts, jpeg artifacts"
7219,horse,pony,grazing,a forest clearing,slightly off-center framing,indoor soft window light,clean,a finely detailed photo,"a finely detailed photo of a pony horse grazing in a forest clearing, slightly off-center framing, indoor soft window light. single main subject, photorealistic color photo, natural colors, realistic texture, sharp focus on subject, no people, no text, no watermark, no logo, no border, no collage, no CGI, no illustration.","text, watermark, logo, caption, signature, border, frame, collage, multiple panels, cartoon, illustration, CGI, 3d render, low-poly, painting, anime, surreal, deformed, duplicate objects, extra limbs, blurry, out of focus, noise, oversaturated, posterized, artifacts, jpeg artifacts"
7365,horse,racehorse,grazing,a parking lot,low angle,golden hour,clean,a finely detailed photo,"a finely detailed photo of a racehorse grazing in a parking lot, low angle, golden hour. single main subject, photorealistic color photo, natural colors, realistic texture, sharp focus on subject, no people, no text, no watermark, no logo, no border, no collage, no CGI, no illustration.","text, watermark, logo, caption, signature, border, frame, collage, multiple panels, cartoon, illustration, CGI, 3d render, low-poly, painting, anime, surreal, deformed, duplicate objects, extra limbs, blurry, out of focus, noise, oversaturated, posterized, artifacts, jpeg artifacts"
7340,horse,wild horse,walking,a sandy beach,low angle,rainy with wet reflections,clean,a finely detailed photo,"a finely detailed photo of a wild horse walking in a sandy beach, low angle, rainy with wet reflections. single main subject, photorealistic color photo, natural colors, realistic texture, sharp focus on subject, no people, no text, no watermark, no logo, no border, no collage, no CGI, no illustration.","text, watermark, logo, caption, signature, border, frame, collage, multiple panels, cartoon, illustration, CGI, 3d render, low-poly, painting, anime, surreal, deformed, duplicate objects, extra limbs, blurry, out of focus, noise, oversaturated, posterized, artifacts, jpeg artifacts"
7166,horse,draft horse,grazing,a wet roadway after rain,high angle,backlit rim light,clean,a detailed photograph,"a detailed photograph of a draft horse grazing in a wet roadway after rain, high angle, backlit rim light. single main subject, photorealistic color photo, natural colors, realistic texture, sharp focus on subject, no people, no text, no watermark, no logo, no border, no collage, no CGI, no illustration.","text, watermark, logo, caption, signature, border, frame, collage, multiple panels, cartoon, illustration, CGI, 3d render, low-poly, painting, anime, surreal, deformed, duplicate objects, extra limbs, blurry, out of focus, noise, oversaturated, posterized, artifacts, jpeg artifacts"
7731,horse,brown horse,running,a backyard,wide shot,overcast daylight,clean,a professional photo,"a professional photo of a brown horse running in a backyard, wide shot, overcast daylight. single main subject, photorealistic color photo, natural colors, realistic texture, sharp focus on subject, no people, no text, no watermark, no logo, no border, no collage, no CGI, no illustration.","text, watermark, logo, caption, signature, border, frame, collage, multiple panels, cartoon, illustration, CGI, 3d render, low-poly, painting, anime, surreal, deformed, duplicate objects, extra limbs, blurry, out of focus, noise, oversaturated, posterized, artifacts, jpeg artifacts"
7620,horse,racehorse,standing,a backyard,slightly off-center framing,golden hour,clean,a photorealistic color photo,"a photorealistic color photo of a racehorse standing in a backyard, slightly off-center framing, golden hour. single main subject, photorealistic color photo, natural colors, realistic texture, sharp focus on subject, no people, no text, no watermark, no logo, no border, no collage, no CGI, no illustration.","text, watermark, logo, caption, signature, border, frame, collage, multiple panels, cartoon, illustration, CGI, 3d render, low-poly, painting, anime, surreal, deformed, duplicate objects, extra limbs, blurry, out of focus, noise, oversaturated, posterized, artifacts, jpeg artifacts"
7594,horse,draft horse,grazing,a city park,front view,overcast daylight,clean,a detailed photograph,"a detailed photograph of a draft horse grazing in a city park, front view, overcast daylight. single main subject, photorealistic color photo, natural colors, realistic texture, sharp focus on subject, no people, no text, no watermark, no logo, no border, no collage, no CGI, no illustration.","text, watermark, logo, caption, signature, border, frame, collage, multiple panels, cartoon, illustration, CGI, 3d render, low-poly, painting, anime, surreal, deformed, duplicate objects, extra limbs, blurry, out of focus, noise, oversaturated, posterized, artifacts, jpeg artifacts"
7410,horse,wild horse,grazing,an industrial yard,3/4 view,backlit rim light,clean,a detailed photograph,"a detailed photograph of a wild horse grazing in an industrial yard, 3/4 view, backlit rim light. single main subject, photorealistic color photo, natural colors, realistic texture, sharp focus on subject, no people, no text, no watermark, no logo, no border, no collage, no CGI, no illustration.","text, watermark, logo, caption, signature, border, frame, collage, multiple panels, cartoon, illustration, CGI, 3d render, low-poly, painting, anime, surreal, deformed, duplicate objects, extra limbs, blurry, out of focus, noise, oversaturated, posterized, artifacts, jpeg artifacts"
7369,horse,racehorse,standing,a backyard,low angle,indoor soft window light,clean,a finely detailed photo,"a finely detailed photo of a racehorse standing in a backyard, low angle, indoor soft window light. single main subject, photorealistic color photo, natural colors, realistic texture, sharp focus on subject, no people, no text, no watermark, no logo, no border, no collage, no CGI, no illustration.","text, watermark, logo, caption, signature, border, frame, collage, multiple panels, cartoon, illustration, CGI, 3d render, low-poly, painting, anime, surreal, deformed, duplicate objects, extra limbs, blurry, out of focus, noise, oversaturated, posterized, artifacts, jpeg artifacts"
7552,horse,racehorse,running,a forest clearing,high angle,sunny afternoon,clean,a high-quality image,"a high-quality image of a racehorse running in a forest clearing, high angle, sunny afternoon. single main subject, photorealistic color photo, natural colors, realistic texture, sharp focus on subject, no people, no text, no watermark, no logo, no border, no collage, no CGI, no illustration.","text, watermark, logo, caption, signature, border, frame, collage, multiple panels, cartoon, illustration, CGI, 3d render, low-poly, painting, anime, surreal, deformed, duplicate objects, extra limbs, blurry, out of focus, noise, oversaturated, posterized, artifacts, jpeg artifacts"
7818,horse,draft horse,standing,a lakeside shore,high angle,golden hour,hard,a photorealistic color photo,"a photorealistic color photo of a draft horse standing in a lakeside shore, high angle, golden hour. slight motion blur. single main subject, photorealistic color photo, natural colors, realistic texture, sharp focus on subject, no people, no text, no watermark, no logo, no border, no collage, no CGI, no illustration.","text, watermark, logo, caption, signature, border, frame, collage, multiple panels, cartoon, illustration, CGI, 3d render, low-poly, painting, anime, surreal, deformed, duplicate objects, extra limbs, blurry, out of focus, noise, oversaturated, posterized, artifacts, jpeg artifacts"
7002,horse,brown horse,standing,an industrial yard,low angle,sunny afternoon,clean,a photorealistic color photo,"a photorealistic color photo of a brown horse standing in an industrial yard, low angle, sunny afternoon. single main subject, photorealistic color photo, natural colors, realistic texture, sharp focus on subject, no people, no text, no watermark, no logo, no border, no collage, no CGI, no illustration.","text, watermark, logo, caption, signature, border, frame, collage, multiple panels, cartoon, illustration, CGI, 3d render, low-poly, painting, anime, surreal, deformed, duplicate objects, extra limbs, blurry, out of focus, noise, oversaturated, posterized, artifacts, jpeg artifacts"
7491,horse,pony,walking,a sandy beach,slightly off-center framing,nighttime under streetlights,clean,a detailed photograph,"a detailed photograph of a pony horse walking in a sandy beach, slightly off-center framing, nighttime under streetlights. single main subject, photorealistic color photo, natural colors, realistic texture, sharp focus on subject, no people, no text, no watermark, no logo, no border, no collage, no CGI, no illustration.","text, watermark, logo, caption, signature, border, frame, collage, multiple panels, cartoon, illustration, CGI, 3d render, low-poly, painting, anime, surreal, deformed, duplicate objects, extra limbs, blurry, out of focus, noise, oversaturated, posterized, artifacts, jpeg artifacts"
7836,horse,pony,standing,an industrial yard,slightly off-center framing,backlit rim light,hard,a finely detailed photo,"a finely detailed photo of a pony horse standing in an industrial yard, slightly off-center framing, backlit rim light. partially occluded by a foreground object. single main subject, photorealistic color photo, natural colors, realistic texture, sharp focus on subject, no people, no text, no watermark, no logo, no border, no collage, no CGI, no illustration.","text, watermark, logo, caption, signature, border, frame, collage, multiple panels, cartoon, illustration, CGI, 3d render, low-poly, painting, anime, surreal, deformed, duplicate objects, extra limbs, blurry, out of focus, noise, oversaturated, posterized, artifacts, jpeg artifacts"
7732,horse,brown horse,running,a sandy beach,side profile,overcast daylight,clean,a finely detailed photo,"a finely detailed photo of a brown horse running in a sandy beach, side profile, overcast daylight. single main subject, photorealistic color photo, natural colors, realistic texture, sharp focus on subject, no people, no text, no watermark, no logo, no border, no collage, no CGI, no illustration.","text, watermark, logo, caption, signature, border, frame, collage, multiple panels, cartoon, illustration, CGI, 3d render, low-poly, painting, anime, surreal, deformed, duplicate objects, extra limbs, blurry, out of focus, noise, oversaturated, posterized, artifacts, jpeg artifacts"
7899,horse,wild horse,walking,an urban street,3/4 view,indoor soft window light,hard,a detailed photograph,"a detailed photograph of a wild horse walking in an urban street, 3/4 view, indoor soft window light. busy background but still one main subject. single main subject, photorealistic color photo, natural colors, realistic texture, sharp focus on subject, no people, no text, no watermark, no logo, no border, no collage, no CGI, no illustration.","text, watermark, logo, caption, signature, border, frame, collage, multiple panels, cartoon, illustration, CGI, 3d render, low-poly, painting, anime, surreal, deformed, duplicate objects, extra limbs, blurry, out of focus, noise, oversaturated, posterized, artifacts, jpeg artifacts"
7985,horse,white horse,walking,a countryside road,cropped at the edge of the frame,nighttime under streetlights,hard,a photorealistic color photo,"a photorealistic color photo of a white horse walking in a countryside road, cropped at the edge of the frame, nighttime under streetlights. slight motion blur. single main subject, photorealistic color photo, natural colors, realistic texture, sharp focus on subject, no people, no text, no watermark, no logo, no border, no collage, no CGI, no illustration.","text, watermark, logo, caption, signature, border, frame, collage, multiple panels, cartoon, illustration, CGI, 3d render, low-poly, painting, anime, surreal, deformed, duplicate objects, extra limbs, blurry, out of focus, noise, oversaturated, posterized, artifacts, jpeg artifacts"
7233,horse,brown horse,standing,a sandy beach,low angle,indoor soft window light,clean,a finely detailed photo,"a finely detailed photo of a brown horse standing in a sandy beach, low angle, indoor soft window light. single main subject, photorealistic color photo, natural colors, realistic texture, sharp focus on subject, no people, no text, no watermark, no logo, no border, no collage, no CGI, no illustration.","text, watermark, logo, caption, signature, border, frame, collage, multiple panels, cartoon, illustration, CGI, 3d render, low-poly, painting, anime, surreal, deformed, duplicate objects, extra limbs, blurry, out of focus, noise, oversaturated, posterized, artifacts, jpeg artifacts"
7516,horse,wild horse,grazing,a sandy beach,slightly off-center framing,nighttime under streetlights,clean,a finely detailed photo,"a finely detailed photo of a wild horse grazing in a sandy beach, slightly off-center framing, nighttime under streetlights. single main subject, photorealistic color photo, natural colors, realistic texture, sharp focus on subject, no people, no text, no watermark, no logo, no border, no collage, no CGI, no illustration.","text, watermark, logo, caption, signature, border, frame, collage, multiple panels, cartoon, illustration, CGI, 3d render, low-poly, painting, anime, surreal, deformed, duplicate objects, extra limbs, blurry, out of focus, noise, oversaturated, posterized, artifacts, jpeg artifacts"
7565,horse,draft horse,grazing,a countryside road,side profile,rainy with wet reflections,clean,an ultra-realistic rendering,"an ultra-realistic rendering of a draft horse grazing in a countryside road, side profile, rainy with wet reflections. single main subject, photorealistic color photo, natural colors, realistic texture, sharp focus on subject, no people, no text, no watermark, no logo, no border, no collage, no CGI, no illustration.","text, watermark, logo, caption, signature, border, frame, collage, multiple panels, cartoon, illustration, CGI, 3d render, low-poly, painting, anime, surreal, deformed, duplicate objects, extra limbs, blurry, out of focus, noise, oversaturated, posterized, artifacts, jpeg artifacts"
7757,horse,racehorse,standing,an urban street,side profile,indoor soft window light,clean,an ultra-realistic rendering,"an ultra-realistic rendering of a racehorse standing in an urban street, side profile, indoor soft window light. single main subject, photorealistic color photo, natural colors, realistic texture, sharp focus on subject, no people, no text, no watermark, no logo, no border, no collage, no CGI, no illustration.","text, watermark, logo, caption, signature, border, frame, collage, multiple panels, cartoon, illustration, CGI, 3d render, low-poly, painting, anime, surreal, deformed, duplicate objects, extra limbs, blurry, out of focus, noise, oversaturated, posterized, artifacts, jpeg artifacts"
7657,horse,racehorse,running,a parking lot,front view,overcast daylight,clean,a detailed photograph,"a detailed photograph of a racehorse running in a parking lot, front view, overcast daylight. single main subject, photorealistic color photo, natural colors, realistic texture, sharp focus on subject, no people, no text, no watermark, no logo, no border, no collage, no CGI, no illustration.","text, watermark, logo, caption, signature, border, frame, collage, multiple panels, cartoon, illustration, CGI, 3d render, low-poly, painting, anime, surreal, deformed, duplicate objects, extra limbs, blurry, out of focus, noise, oversaturated, posterized, artifacts, jpeg artifacts"
7670,horse,racehorse,standing,a lakeside shore,high angle,golden hour,clean,a photorealistic color photo,"a photorealistic color photo of a racehorse standing in a lakeside shore, high angle, golden hour. single main subject, photorealistic color photo, natural colors, realistic texture, sharp focus on subject, no people, no text, no watermark, no logo, no border, no collage, no CGI, no illustration.","text, watermark, logo, caption, signature, border, frame, collage, multiple panels, cartoon, illustration, CGI, 3d render, low-poly, painting, anime, surreal, deformed, duplicate objects, extra limbs, blurry, out of focus, noise, oversaturated, posterized, artifacts, jpeg artifacts"
7009,horse,racehorse,grazing,a backyard,close-up,backlit rim light,clean,a high-quality image,"a high-quality image of a racehorse grazing in a backyard, close-up, backlit rim light. single main subject, photorealistic color photo, natural colors, realistic texture, sharp focus on subject, no people, no text, no watermark, no logo, no border, no collage, no CGI, no illustration.","text, watermark, logo, caption, signature, border, frame, collage, multiple panels, cartoon, illustration, CGI, 3d render, low-poly, painting, anime, surreal, deformed, duplicate objects, extra limbs, blurry, out of focus, noise, oversaturated, posterized, artifacts, jpeg artifacts"
7116,horse,pony,standing,a quiet residential street,close-up,foggy morning,clean,a photorealistic color photo,"a photorealistic color photo of a pony horse standing in a quiet residential street, close-up, foggy morning. single main subject, photorealistic color photo, natural colors, realistic texture, sharp focus on subject, no people, no text, no watermark, no logo, no border, no collage, no CGI, no illustration.","text, watermark, logo, caption, signature, border, frame, collage, multiple panels, cartoon, illustration, CGI, 3d render, low-poly, painting, anime, surreal, deformed, duplicate objects, extra limbs, blurry, out of focus, noise, oversaturated, posterized, artifacts, jpeg artifacts"
7521,horse,draft horse,grazing,a parking lot,front view,overcast daylight,clean,a photorealistic color photo,"a photorealistic color photo of a draft horse grazing in a parking lot, front view, overcast daylight. single main subject, photorealistic color photo, natural colors, realistic texture, sharp focus on subject, no people, no text, no watermark, no logo, no border, no collage, no CGI, no illustration.","text, watermark, logo, caption, signature, border, frame, collage, multiple panels, cartoon, illustration, CGI, 3d render, low-poly, painting, anime, surreal, deformed, duplicate objects, extra limbs, blurry, out of focus, noise, oversaturated, posterized, artifacts, jpeg artifacts"
7976,horse,racehorse,walking,an urban street,cropped at the edge of the frame,backlit rim light,hard,a high-quality image,"a high-quality image of a racehorse walking in an urban street, cropped at the edge of the frame, backlit rim light. cropped slightly. single main subject, photorealistic color photo, natural colors, realistic texture, sharp focus on subject, no people, no text, no watermark, no logo, no border, no collage, no CGI, no illustration.","text, watermark, logo, caption, signature, border, frame, collage, multiple panels, cartoon, illustration, CGI, 3d render, low-poly, painting, anime, surreal, deformed, duplicate objects, extra limbs, blurry, out of focus, noise, oversaturated, posterized, artifacts, jpeg artifacts"
7308,horse,racehorse,standing,a gravel lot,3/4 view,overcast daylight,clean,a professional photo,"a professional photo of a racehorse standing in a gravel lot, 3/4 view, overcast daylight. single main subject, photorealistic color photo, natural colors, realistic texture, sharp focus on subject, no people, no text, no watermark, no logo, no border, no collage, no CGI, no illustration.","text, watermark, logo, caption, signature, border, frame, collage, multiple panels, cartoon, illustration, CGI, 3d render, low-poly, painting, anime, surreal, deformed, duplicate objects, extra limbs, blurry, out of focus, noise, oversaturated, posterized, artifacts, jpeg artifacts"
7902,horse,pony,running,a gravel lot,low angle,overcast daylight,hard,a professional photo,"a professional photo of a pony horse running in a gravel lot, low angle, overcast daylight. slight motion blur. single main subject, photorealistic color photo, natural colors, realistic texture, sharp focus on subject, no people, no text, no watermark, no logo, no border, no collage, no CGI, no illustration.","text, watermark, logo, caption, signature, border, frame, collage, multiple panels, cartoon, illustration, CGI, 3d render, low-poly, painting, anime, surreal, deformed, duplicate objects, extra limbs, blurry, out of focus, noise, oversaturated, posterized, artifacts, jpeg artifacts"
7762,horse,racehorse,grazing,a suburban neighborhood,high angle,golden hour,clean,an ultra-realistic rendering,"an ultra-realistic rendering of a racehorse grazing in a suburban neighborhood, high angle, golden hour. single main subject, photorealistic color photo, natural colors, realistic texture, sharp focus on subject, no people, no text, no watermark, no logo, no border, no collage, no CGI, no illustration.","text, watermark, logo, caption, signature, border, frame, collage, multiple panels, cartoon, illustration, CGI, 3d render, low-poly, painting, anime, surreal, deformed, duplicate objects, extra limbs, blurry, out of focus, noise, oversaturated, posterized, artifacts, jpeg artifacts"
7091,horse,draft horse,walking,a sandy beach,close-up,indoor soft window light,clean,an ultra-realistic rendering,"an ultra-realistic rendering of a draft horse walking in a sandy beach, close-up, indoor soft window light. single main subject, photorealistic color photo, natural colors, realistic texture, sharp focus on subject, no people, no text, no watermark, no logo, no border, no collage, no CGI, no illustration.","text, watermark, logo, caption, signature, border, frame, collage, multiple panels, cartoon, illustration, CGI, 3d render, low-poly, painting, anime, surreal, deformed, duplicate objects, extra limbs, blurry, out of focus, noise, oversaturated, posterized, artifacts, jpeg artifacts"
7214,horse,brown horse,running,a sandy beach,wide shot,foggy morning,clean,an ultra-realistic rendering,"an ultra-realistic rendering of a brown horse running in a sandy beach, wide shot, foggy morning. single main subject, photorealistic color photo, natural colors, realistic texture, sharp focus on subject, no people, no text, no watermark, no logo, no border, no collage, no CGI, no illustration.","text, watermark, logo, caption, signature, border, frame, collage, multiple panels, cartoon, illustration, CGI, 3d render, low-poly, painting, anime, surreal, deformed, duplicate objects, extra limbs, blurry, out of focus, noise, oversaturated, posterized, artifacts, jpeg artifacts"
7705,horse,brown horse,running,a countryside road,wide shot,nighttime under streetlights,clean,a photorealistic color photo,"a photorealistic color photo of a brown horse running in a countryside road, wide shot, nighttime under streetlights. single main subject, photorealistic color photo, natural colors, realistic texture, sharp focus on subject, no people, no text, no watermark, no logo, no border, no collage, no CGI, no illustration.","text, watermark, logo, caption, signature, border, frame, collage, multiple panels, cartoon, illustration, CGI, 3d render, low-poly, painting, anime, surreal, deformed, duplicate objects, extra limbs, blurry, out of focus, noise, oversaturated, posterized, artifacts, jpeg artifacts"
7968,horse,pony,walking,a wet roadway after rain,distant subject in the background,golden hour,hard,a high-quality image,"a high-quality image of a pony horse walking in a wet roadway after rain, distant subject in the background, golden hour. in the distance. single main subject, photorealistic color photo, natural colors, realistic texture, sharp focus on subject, no people, no text, no watermark, no logo, no border, no collage, no CGI, no illustration.","text, watermark, logo, caption, signature, border, frame, collage, multiple panels, cartoon, illustration, CGI, 3d render, low-poly, painting, anime, surreal, deformed, duplicate objects, extra limbs, blurry, out of focus, noise, oversaturated, posterized, artifacts, jpeg artifacts"
7529,horse,white horse,running,a suburban neighborhood,low angle,golden hour,clean,a photorealistic color photo,"a photorealistic color photo of a white horse running in a suburban neighborhood, low angle, golden hour. single main subject, photorealistic color photo, natural colors, realistic texture, sharp focus on subject, no people, no text, no watermark, no logo, no border, no collage, no CGI, no illustration.","text, watermark, logo, caption, signature, border, frame, collage, multiple panels, cartoon, illustration, CGI, 3d render, low-poly, painting, anime, surreal, deformed, duplicate objects, extra limbs, blurry, out of focus, noise, oversaturated, posterized, artifacts, jpeg artifacts"
7610,horse,brown horse,running,a suburban neighborhood,high angle,foggy morning,clean,a finely detailed photo,"a finely detailed photo of a brown horse running in a suburban neighborhood, high angle, foggy morning. single main subject, photorealistic color photo, natural colors, realistic texture, sharp focus on subject, no people, no text, no watermark, no logo, no border, no collage, no CGI, no illustration.","text, watermark, logo, caption, signature, border, frame, collage, multiple panels, cartoon, illustration, CGI, 3d render, low-poly, painting, anime, surreal, deformed, duplicate objects, extra limbs, blurry, out of focus, noise, oversaturated, posterized, artifacts, jpeg artifacts"
7822,horse,white horse,standing,a gravel lot,wide shot,sunny afternoon,hard,a high-quality image,"a high-quality image of a white horse standing in a gravel lot, wide shot, sunny afternoon. cropped slightly. single main subject, photorealistic color photo, natural colors, realistic texture, sharp focus on subject, no people, no text, no watermark, no logo, no border, no collage, no CGI, no illustration.","text, watermark, logo, caption, signature, border, frame, collage, multiple panels, cartoon, illustration, CGI, 3d render, low-poly, painting, anime, surreal, deformed, duplicate objects, extra limbs, blurry, out of focus, noise, oversaturated, posterized, artifacts, jpeg artifacts"
7720,horse,pony,walking,a wet roadway after rain,wide shot,golden hour,clean,a photorealistic color photo,"a photorealistic color photo of a pony horse walking in a wet roadway after rain, wide shot, golden hour. single main subject, photorealistic color photo, natural colors, realistic texture, sharp focus on subject, no people, no text, no watermark, no logo, no border, no collage, no CGI, no illustration.","text, watermark, logo, caption, signature, border, frame, collage, multiple panels, cartoon, illustration, CGI, 3d render, low-poly, painting, anime, surreal, deformed, duplicate objects, extra limbs, blurry, out of focus, noise, oversaturated, posterized, artifacts, jpeg artifacts"
7189,horse,white horse,running,a parking lot,wide shot,foggy morning,clean,an ultra-realistic rendering,"an ultra-realistic rendering of a white horse running in a parking lot, wide shot, foggy morning. single main subject, photorealistic color photo, natural colors, realistic texture, sharp focus on subject, no people, no text, no watermark, no logo, no border, no collage, no CGI, no illustration.","text, watermark, logo, caption, signature, border, frame, collage, multiple panels, cartoon, illustration, CGI, 3d render, low-poly, painting, anime, surreal, deformed, duplicate objects, extra limbs, blurry, out of focus, noise, oversaturated, posterized, artifacts, jpeg artifacts"
7587,horse,brown horse,running,a wet roadway after rain,high angle,nighttime under streetlights,clean,a detailed photograph,"a detailed photograph of a brown horse running in a wet roadway after rain, high angle, nighttime under streetlights. single main subject, photorealistic color photo, natural colors, realistic texture, sharp focus on subject, no people, no text, no watermark, no logo, no border, no collage, no CGI, no illustration.","text, watermark, logo, caption, signature, border, frame, collage, multiple panels, cartoon, illustration, CGI, 3d render, low-poly, painting, anime, surreal, deformed, duplicate objects, extra limbs, blurry, out of focus, noise, oversaturated, posterized, artifacts, jpeg artifacts"
7743,horse,brown horse,grazing,a sandy beach,slightly off-center framing,golden hour,clean,an ultra-realistic rendering,"an ultra-realistic rendering of a brown horse grazing in a sandy beach, slightly off-center framing, golden hour. single main subject, photorealistic color photo, natural colors, realistic texture, sharp focus on subject, no people, no text, no watermark, no logo, no border, no collage, no CGI, no illustration.","text, watermark, logo, caption, signature, border, frame, collage, multiple panels, cartoon, illustration, CGI, 3d render, low-poly, painting, anime, surreal, deformed, duplicate objects, extra limbs, blurry, out of focus, noise, oversaturated, posterized, artifacts, jpeg artifacts"
7655,horse,racehorse,walking,a grassy field,close-up,golden hour,clean,a high-quality image,"a high-quality image of a racehorse walking in a grassy field, close-up, golden hour. single main subject, photorealistic color photo, natural colors, realistic texture, sharp focus on subject, no people, no text, no watermark, no logo, no border, no collage, no CGI, no illustration.","text, watermark, logo, caption, signature, border, frame, collage, multiple panels, cartoon, illustration, CGI, 3d render, low-poly, painting, anime, surreal, deformed, duplicate objects, extra limbs, blurry, out of focus, noise, oversaturated, posterized, artifacts, jpeg artifacts"
7110,horse,wild horse,running,a wet roadway after rain,side profile,backlit rim light,clean,a finely detailed photo,"a finely detailed photo of a wild horse running in a wet roadway after rain, side profile, backlit rim light. single main subject, photorealistic color photo, natural colors, realistic texture, sharp focus on subject, no people, no text, no watermark, no logo, no border, no collage, no CGI, no illustration.","text, watermark, logo, caption, signature, border, frame, collage, multiple panels, cartoon, illustration, CGI, 3d render, low-poly, painting, anime, surreal, deformed, duplicate objects, extra limbs, blurry, out of focus, noise, oversaturated, posterized, artifacts, jpeg artifacts"
7416,horse,draft horse,walking,a city park,side profile,nighttime under streetlights,clean,a detailed photograph,"a detailed photograph of a draft horse walking in a city park, side profile, nighttime under streetlights. single main subject, photorealistic color photo, natural colors, realistic texture, sharp focus on subject, no people, no text, no watermark, no logo, no border, no collage, no CGI, no illustration.","text, watermark, logo, caption, signature, border, frame, collage, multiple panels, cartoon, illustration, CGI, 3d render, low-poly, painting, anime, surreal, deformed, duplicate objects, extra limbs, blurry, out of focus, noise, oversaturated, posterized, artifacts, jpeg artifacts"
7354,horse,wild horse,running,a parking lot,wide shot,overcast daylight,clean,a photorealistic color photo,"a photorealistic color photo of a wild horse running in a parking lot, wide shot, overcast daylight. single main subject, photorealistic color photo, natural colors, realistic texture, sharp focus on subject, no people, no text, no watermark, no logo, no border, no collage, no CGI, no illustration.","text, watermark, logo, caption, signature, border, frame, collage, multiple panels, cartoon, illustration, CGI, 3d render, low-poly, painting, anime, surreal, deformed, duplicate objects, extra limbs, blurry, out of focus, noise, oversaturated, posterized, artifacts, jpeg artifacts"
7301,horse,wild horse,standing,a gravel lot,close-up,backlit rim light,clean,a detailed photograph,"a detailed photograph of a wild horse standing in a gravel lot, close-up, backlit rim light. single main subject, photorealistic color photo, natural colors, realistic texture, sharp focus on subject, no people, no text, no watermark, no logo, no border, no collage, no CGI, no illustration.","text, watermark, logo, caption, signature, border, frame, collage, multiple panels, cartoon, illustration, CGI, 3d render, low-poly, painting, anime, surreal, deformed, duplicate objects, extra limbs, blurry, out of focus, noise, oversaturated, posterized, artifacts, jpeg artifacts"
7187,horse,wild horse,standing,a parking lot,low angle,golden hour,clean,a professional photo,"a professional photo of a wild horse standing in a parking lot, low angle, golden hour. single main subject, photorealistic color photo, natural colors, realistic texture, sharp focus on subject, no people, no text, no watermark, no logo, no border, no collage, no CGI, no illustration.","text, watermark, logo, caption, signature, border, frame, collage, multiple panels, cartoon, illustration, CGI, 3d render, low-poly, painting, anime, surreal, deformed, duplicate objects, extra limbs, blurry, out of focus, noise, oversaturated, posterized, artifacts, jpeg artifacts"
7828,horse,draft horse,running,an urban street,low angle,sunny afternoon,hard,a high-quality image,"a high-quality image of a draft horse running in an urban street, low angle, sunny afternoon. busy background but still one main subject. single main subject, photorealistic color photo, natural colors, realistic texture, sharp focus on subject, no people, no text, no watermark, no logo, no border, no collage, no CGI, no illustration.","text, watermark, logo, caption, signature, border, frame, collage, multiple panels, cartoon, illustration, CGI, 3d render, low-poly, painting, anime, surreal, deformed, duplicate objects, extra limbs, blurry, out of focus, noise, oversaturated, posterized, artifacts, jpeg artifacts"
7094,horse,racehorse,running,a grassy field,wide shot,backlit rim light,clean,a professional photo,"a professional photo of a racehorse running in a grassy field, wide shot, backlit rim light. single main subject, photorealistic color photo, natural colors, realistic texture, sharp focus on subject, no people, no text, no watermark, no logo, no border, no collage, no CGI, no illustration.","text, watermark, logo, caption, signature, border, frame, collage, multiple panels, cartoon, illustration, CGI, 3d render, low-poly, painting, anime, surreal, deformed, duplicate objects, extra limbs, blurry, out of focus, noise, oversaturated, posterized, artifacts, jpeg artifacts"
7633,horse,racehorse,running,a quiet residential street,front view,indoor soft window light,clean,a professional photo,"a professional photo of a racehorse running in a quiet residential street, front view, indoor soft window light. single main subject, photorealistic color photo, natural colors, realistic texture, sharp focus on subject, no people, no text, no watermark, no logo, no border, no collage, no CGI, no illustration.","text, watermark, logo, caption, signature, border, frame, collage, multiple panels, cartoon, illustration, CGI, 3d render, low-poly, painting, anime, surreal, deformed, duplicate objects, extra limbs, blurry, out of focus, noise, oversaturated, posterized, artifacts, jpeg artifacts"
7813,horse,racehorse,walking,a grassy field,cropped at the edge of the frame,rainy with wet reflections,hard,an ultra-realistic rendering,"an ultra-realistic rendering of a racehorse walking in a grassy field, cropped at the edge of the frame, rainy with wet reflections. slight motion blur. single main subject, photorealistic color photo, natural colors, realistic texture, sharp focus on subject, no people, no text, no watermark, no logo, no border, no collage, no CGI, no illustration.","text, watermark, logo, caption, signature, border, frame, collage, multiple panels, cartoon, illustration, CGI, 3d render, low-poly, painting, anime, surreal, deformed, duplicate objects, extra limbs, blurry, out of focus, noise, oversaturated, posterized, artifacts, jpeg artifacts"
7052,horse,draft horse,grazing,a quiet residential street,low angle,sunny afternoon,clean,an ultra-realistic rendering,"an ultra-realistic rendering of a draft horse grazing in a quiet residential street, low angle, sunny afternoon. single main subject, photorealistic color photo, natural colors, realistic texture, sharp focus on subject, no people, no text, no watermark, no logo, no border, no collage, no CGI, no illustration.","text, watermark, logo, caption, signature, border, frame, collage, multiple panels, cartoon, illustration, CGI, 3d render, low-poly, painting, anime, surreal, deformed, duplicate objects, extra limbs, blurry, out of focus, noise, oversaturated, posterized, artifacts, jpeg artifacts"
7535,horse,brown horse,standing,a backyard,slightly off-center framing,sunny afternoon,clean,a detailed photograph,"a detailed photograph of a brown horse standing in a backyard, slightly off-center framing, sunny afternoon. single main subject, photorealistic color photo, natural colors, realistic texture, sharp focus on subject, no people, no text, no watermark, no logo, no border, no collage, no CGI, no illustration.","text, watermark, logo, caption, signature, border, frame, collage, multiple panels, cartoon, illustration, CGI, 3d render, low-poly, painting, anime, surreal, deformed, duplicate objects, extra limbs, blurry, out of focus, noise, oversaturated, posterized, artifacts, jpeg artifacts"
7581,horse,wild horse,standing,an industrial yard,close-up,overcast daylight,clean,a finely detailed photo,"a finely detailed photo of a wild horse standing in an industrial yard, close-up, overcast daylight. single main subject, photorealistic color photo, natural colors, realistic texture, sharp focus on subject, no people, no text, no watermark, no logo, no border, no collage, no CGI, no illustration.","text, watermark, logo, caption, signature, border, frame, collage, multiple panels, cartoon, illustration, CGI, 3d render, low-poly, painting, anime, surreal, deformed, duplicate objects, extra limbs, blurry, out of focus, noise, oversaturated, posterized, artifacts, jpeg artifacts"
7150,horse,pony,standing,a sandy beach,high angle,foggy morning,clean,a professional photo,"a professional photo of a pony horse standing in a sandy beach, high angle, foggy morning. single main subject, photorealistic color photo, natural colors, realistic texture, sharp focus on subject, no people, no text, no watermark, no logo, no border, no collage, no CGI, no illustration.","text, watermark, logo, caption, signature, border, frame, collage, multiple panels, cartoon, illustration, CGI, 3d render, low-poly, painting, anime, surreal, deformed, duplicate objects, extra limbs, blurry, out of focus, noise, oversaturated, posterized, artifacts, jpeg artifacts"
7511,horse,pony,walking,a grassy field,front view,indoor soft window light,clean,an ultra-realistic rendering,"an ultra-realistic rendering of a pony horse walking in a grassy field, front view, indoor soft window light. single main subject, photorealistic color photo, natural colors, realistic texture, sharp focus on subject, no people, no text, no watermark, no logo, no border, no collage, no CGI, no illustration.","text, watermark, logo, caption, signature, border, frame, collage, multiple panels, cartoon, illustration, CGI, 3d render, low-poly, painting, anime, surreal, deformed, duplicate objects, extra limbs, blurry, out of focus, noise, oversaturated, posterized, artifacts, jpeg artifacts"
7786,horse,wild horse,grazing,a countryside road,wide shot,overcast daylight,clean,a professional photo,"a professional photo of a wild horse grazing in a countryside road, wide shot, overcast daylight. single main subject, photorealistic color photo, natural colors, realistic texture, sharp focus on subject, no people, no text, no watermark, no logo, no border, no collage, no CGI, no illustration.","text, watermark, logo, caption, signature, border, frame, collage, multiple panels, cartoon, illustration, CGI, 3d render, low-poly, painting, anime, surreal, deformed, duplicate objects, extra limbs, blurry, out of focus, noise, oversaturated, posterized, artifacts, jpeg artifacts"
7908,horse,brown horse,grazing,a forest clearing,front view,golden hour,hard,a finely detailed photo,"a finely detailed photo of a brown horse grazing in a forest clearing, front view, golden hour. busy background but still one main subject. single main subject, photorealistic color photo, natural colors, realistic texture, sharp focus on subject, no people, no text, no watermark, no logo, no border, no collage, no CGI, no illustration.","text, watermark, logo, caption, signature, border, frame, collage, multiple panels, cartoon, illustration, CGI, 3d render, low-poly, painting, anime, surreal, deformed, duplicate objects, extra limbs, blurry, out of focus, noise, oversaturated, posterized, artifacts, jpeg artifacts"
7279,horse,wild horse,standing,a parking lot,slightly off-center framing,golden hour,clean,a detailed photograph,"a detailed photograph of a wild horse standing in a parking lot, slightly off-center framing, golden hour. single main subject, photorealistic color photo, natural colors, realistic texture, sharp focus on subject, no people, no text, no watermark, no logo, no border, no collage, no CGI, no illustration.","text, watermark, logo, caption, signature, border, frame, collage, multiple panels, cartoon, illustration, CGI, 3d render, low-poly, painting, anime, surreal, deformed, duplicate objects, extra limbs, blurry, out of focus, noise, oversaturated, posterized, artifacts, jpeg artifacts"
7875,horse,wild horse,standing,a gravel lot,close-up,golden hour,hard,an ultra-realistic rendering,"an ultra-realistic rendering of a wild horse standing in a gravel lot, close-up, golden hour. partially occluded by a foreground object. single main subject, photorealistic color photo, natural colors, realistic texture, sharp focus on subject, no people, no text, no watermark, no logo, no border, no collage, no CGI, no illustration.","text, watermark, logo, caption, signature, border, frame, collage, multiple panels, cartoon, illustration, CGI, 3d render, low-poly, painting, anime, surreal, deformed, duplicate objects, extra limbs, blurry, out of focus, noise, oversaturated, posterized, artifacts, jpeg artifacts"
7819,horse,pony,walking,a wet roadway after rain,high angle,golden hour,hard,a photorealistic color photo,"a photorealistic color photo of a pony horse walking in a wet roadway after rain, high angle, golden hour. slight motion blur. single main subject, photorealistic color photo, natural colors, realistic texture, sharp focus on subject, no people, no text, no watermark, no logo, no border, no collage, no CGI, no illustration.","text, watermark, logo, caption, signature, border, frame, collage, multiple panels, cartoon, illustration, CGI, 3d render, low-poly, painting, anime, surreal, deformed, duplicate objects, extra limbs, blurry, out of focus, noise, oversaturated, posterized, artifacts, jpeg artifacts"
7983,horse,pony,walking,a wet roadway after rain,cropped at the edge of the frame,overcast daylight,hard,a high-quality image,"a high-quality image of a pony horse walking in a wet roadway after rain, cropped at the edge of the frame, overcast daylight. in the distance. single main subject, photorealistic color photo, natural colors, realistic texture, sharp focus on subject, no people, no text, no watermark, no logo, no border, no collage, no CGI, no illustration.","text, watermark, logo, caption, signature, border, frame, collage, multiple panels, cartoon, illustration, CGI, 3d render, low-poly, painting, anime, surreal, deformed, duplicate objects, extra limbs, blurry, out of focus, noise, oversaturated, posterized, artifacts, jpeg artifacts"
7409,horse,draft horse,standing,a suburban neighborhood,slightly off-center framing,indoor soft window light,clean,a professional photo,"a professional photo of a draft horse standing in a suburban neighborhood, slightly off-center framing, indoor soft window light. single main subject, photorealistic color photo, natural colors, realistic texture, sharp focus on subject, no people, no text, no watermark, no logo, no border, no collage, no CGI, no illustration.","text, watermark, logo, caption, signature, border, frame, collage, multiple panels, cartoon, illustration, CGI, 3d render, low-poly, painting, anime, surreal, deformed, duplicate objects, extra limbs, blurry, out of focus, noise, oversaturated, posterized, artifacts, jpeg artifacts"
7184,horse,racehorse,walking,a quiet residential street,side profile,nighttime under streetlights,clean,a professional photo,"a professional photo of a racehorse walking in a quiet residential street, side profile, nighttime under streetlights. single main subject, photorealistic color photo, natural colors, realistic texture, sharp focus on subject, no people, no text, no watermark, no logo, no border, no collage, no CGI, no illustration.","text, watermark, logo, caption, signature, border, frame, collage, multiple panels, cartoon, illustration, CGI, 3d render, low-poly, painting, anime, surreal, deformed, duplicate objects, extra limbs, blurry, out of focus, noise, oversaturated, posterized, artifacts, jpeg artifacts"
7898,horse,white horse,grazing,a countryside road,low angle,sunny afternoon,hard,a finely detailed photo,"a finely detailed photo of a white horse grazing in a countryside road, low angle, sunny afternoon. in the distance. single main subject, photorealistic color photo, natural colors, realistic texture, sharp focus on subject, no people, no text, no watermark, no logo, no border, no collage, no CGI, no illustration.","text, watermark, logo, caption, signature, border, frame, collage, multiple panels, cartoon, illustration, CGI, 3d render, low-poly, painting, anime, surreal, deformed, duplicate objects, extra limbs, blurry, out of focus, noise, oversaturated, posterized, artifacts, jpeg artifacts"
7647,horse,draft horse,grazing,a wet roadway after rain,low angle,overcast daylight,clean,a professional photo,"a professional photo of a draft horse grazing in a wet roadway after rain, low angle, overcast daylight. single main subject, photorealistic color photo, natural colors, realistic texture, sharp focus on subject, no people, no text, no watermark, no logo, no border, no collage, no CGI, no illustration.","text, watermark, logo, caption, signature, border, frame, collage, multiple panels, cartoon, illustration, CGI, 3d render, low-poly, painting, anime, surreal, deformed, duplicate objects, extra limbs, blurry, out of focus, noise, oversaturated, posterized, artifacts, jpeg artifacts"
7183,horse,pony,standing,an industrial yard,front view,overcast daylight,clean,a professional photo,"a professional photo of a pony horse standing in an industrial yard, front view, overcast daylight. single main subject, photorealistic color photo, natural colors, realistic texture, sharp focus on subject, no people, no text, no watermark, no logo, no border, no collage, no CGI, no illustration.","text, watermark, logo, caption, signature, border, frame, collage, multiple panels, cartoon, illustration, CGI, 3d render, low-poly, painting, anime, surreal, deformed, duplicate objects, extra limbs, blurry, out of focus, noise, oversaturated, posterized, artifacts, jpeg artifacts"
7352,horse,brown horse,running,a wet roadway after rain,close-up,nighttime under streetlights,clean,a finely detailed photo,"a finely detailed photo of a brown horse running in a wet roadway after rain, close-up, nighttime under streetlights. single main subject, photorealistic color photo, natural colors, realistic texture, sharp focus on subject, no people, no text, no watermark, no logo, no border, no collage, no CGI, no illustration.","text, watermark, logo, caption, signature, border, frame, collage, multiple panels, cartoon, illustration, CGI, 3d render, low-poly, painting, anime, surreal, deformed, duplicate objects, extra limbs, blurry, out of focus, noise, oversaturated, posterized, artifacts, jpeg artifacts"
7561,horse,racehorse,walking,a grassy field,front view,nighttime under streetlights,clean,a finely detailed photo,"a finely detailed photo of a racehorse walking in a grassy field, front view, nighttime under streetlights. single main subject, photorealistic color photo, natural colors, realistic texture, sharp focus on subject, no people, no text, no watermark, no logo, no border, no collage, no CGI, no illustration.","text, watermark, logo, caption, signature, border, frame, collage, multiple panels, cartoon, illustration, CGI, 3d render, low-poly, painting, anime, surreal, deformed, duplicate objects, extra limbs, blurry, out of focus, noise, oversaturated, posterized, artifacts, jpeg artifacts"
7113,horse,draft horse,standing,a backyard,3/4 view,nighttime under streetlights,clean,a professional photo,"a professional photo of a draft horse standing in a backyard, 3/4 view, nighttime under streetlights. single main subject, photorealistic color photo, natural colors, realistic texture, sharp focus on subject, no people, no text, no watermark, no logo, no border, no collage, no CGI, no illustration.","text, watermark, logo, caption, signature, border, frame, collage, multiple panels, cartoon, illustration, CGI, 3d render, low-poly, painting, anime, surreal, deformed, duplicate objects, extra limbs, blurry, out of focus, noise, oversaturated, posterized, artifacts, jpeg artifacts"
7631,horse,white horse,grazing,a wet roadway after rain,high angle,nighttime under streetlights,clean,a detailed photograph,"a detailed photograph of a white horse grazing in a wet roadway after rain, high angle, nighttime under streetlights. single main subject, photorealistic color photo, natural colors, realistic texture, sharp focus on subject, no people, no text, no watermark, no logo, no border, no collage, no CGI, no illustration.","text, watermark, logo, caption, signature, border, frame, collage, multiple panels, cartoon, illustration, CGI, 3d render, low-poly, painting, anime, surreal, deformed, duplicate objects, extra limbs, blurry, out of focus, noise, oversaturated, posterized, artifacts, jpeg artifacts"
7586,horse,wild horse,running,a city park,wide shot,backlit rim light,clean,a detailed photograph,"a detailed photograph of a wild horse running in a city park, wide shot, backlit rim light. single main subject, photorealistic color photo, natural colors, realistic texture, sharp focus on subject, no people, no text, no watermark, no logo, no border, no collage, no CGI, no illustration.","text, watermark, logo, caption, signature, border, frame, collage, multiple panels, cartoon, illustration, CGI, 3d render, low-poly, painting, anime, surreal, deformed, duplicate objects, extra limbs, blurry, out of focus, noise, oversaturated, posterized, artifacts, jpeg artifacts"
7952,horse,pony,running,a city park,distant subject in the background,golden hour,hard,a finely detailed photo,"a finely detailed photo of a pony horse running in a city park, distant subject in the background, golden hour. partially occluded by a foreground object. single main subject, photorealistic color photo, natural colors, realistic texture, sharp focus on subject, no people, no text, no watermark, no logo, no border, no collage, no CGI, no illustration.","text, watermark, logo, caption, signature, border, frame, collage, multiple panels, cartoon, illustration, CGI, 3d render, low-poly, painting, anime, surreal, deformed, duplicate objects, extra limbs, blurry, out of focus, noise, oversaturated, posterized, artifacts, jpeg artifacts"
7108,horse,brown horse,grazing,a gravel lot,front view,overcast daylight,clean,a detailed photograph,"a detailed photograph of a brown horse grazing in a gravel lot, front view, overcast daylight. single main subject, photorealistic color photo, natural colors, realistic texture, sharp focus on subject, no people, no text, no watermark, no logo, no border, no collage, no CGI, no illustration.","text, watermark, logo, caption, signature, border, frame, collage, multiple panels, cartoon, illustration, CGI, 3d render, low-poly, painting, anime, surreal, deformed, duplicate objects, extra limbs, blurry, out of focus, noise, oversaturated, posterized, artifacts, jpeg artifacts"
7784,horse,pony,standing,a countryside road,high angle,sunny afternoon,clean,a professional photo,"a professional photo of a pony horse standing in a countryside road, high angle, sunny afternoon. single main subject, photorealistic color photo, natural colors, realistic texture, sharp focus on subject, no people, no text, no watermark, no logo, no border, no collage, no CGI, no illustration.","text, watermark, logo, caption, signature, border, frame, collage, multiple panels, cartoon, illustration, CGI, 3d render, low-poly, painting, anime, surreal, deformed, duplicate objects, extra limbs, blurry, out of focus, noise, oversaturated, posterized, artifacts, jpeg artifacts"
7827,horse,draft horse,walking,a grassy field,slightly off-center framing,golden hour,hard,a professional photo,"a professional photo of a draft horse walking in a grassy field, slightly off-center framing, golden hour. slight motion blur. single main subject, photorealistic color photo, natural colors, realistic texture, sharp focus on subject, no people, no text, no watermark, no logo, no border, no collage, no CGI, no illustration.","text, watermark, logo, caption, signature, border, frame, collage, multiple panels, cartoon, illustration, CGI, 3d render, low-poly, painting, anime, surreal, deformed, duplicate objects, extra limbs, blurry, out of focus, noise, oversaturated, posterized, artifacts, jpeg artifacts"
7910,horse,racehorse,running,a parking lot,3/4 view,backlit rim light,hard,a detailed photograph,"a detailed photograph of a racehorse running in a parking lot, 3/4 view, backlit rim light. partially occluded by a foreground object. single main subject, photorealistic color photo, natural colors, realistic texture, sharp focus on subject, no people, no text, no watermark, no logo, no border, no collage, no CGI, no illustration.","text, watermark, logo, caption, signature, border, frame, collage, multiple panels, cartoon, illustration, CGI, 3d render, low-poly, painting, anime, surreal, deformed, duplicate objects, extra limbs, blurry, out of focus, noise, oversaturated, posterized, artifacts, jpeg artifacts"
7169,horse,brown horse,standing,a suburban neighborhood,wide shot,rainy with wet reflections,clean,a photorealistic color photo,"a photorealistic color photo of a brown horse standing in a suburban neighborhood, wide shot, rainy with wet reflections. single main subject, photorealistic color photo, natural colors, realistic texture, sharp focus on subject, no people, no text, no watermark, no logo, no border, no collage, no CGI, no illustration.","text, watermark, logo, caption, signature, border, frame, collage, multiple panels, cartoon, illustration, CGI, 3d render, low-poly, painting, anime, surreal, deformed, duplicate objects, extra limbs, blurry, out of focus, noise, oversaturated, posterized, artifacts, jpeg artifacts"
7866,horse,brown horse,standing,a countryside road,front view,nighttime under streetlights,hard,a professional photo,"a professional photo of a brown horse standing in a countryside road, front view, nighttime under streetlights. busy background but still one main subject. single main subject, photorealistic color photo, natural colors, realistic texture, sharp focus on subject, no people, no text, no watermark, no logo, no border, no collage, no CGI, no illustration.","text, watermark, logo, caption, signature, border, frame, collage, multiple panels, cartoon, illustration, CGI, 3d render, low-poly, painting, anime, surreal, deformed, duplicate objects, extra limbs, blurry, out of focus, noise, oversaturated, posterized, artifacts, jpeg artifacts"
7869,horse,pony,standing,a quiet residential street,3/4 view,backlit rim light,hard,an ultra-realistic rendering,"an ultra-realistic rendering of a pony horse standing in a quiet residential street, 3/4 view, backlit rim light. cropped slightly. single main subject, photorealistic color photo, natural colors, realistic texture, sharp focus on subject, no people, no text, no watermark, no logo, no border, no collage, no CGI, no illustration.","text, watermark, logo, caption, signature, border, frame, collage, multiple panels, cartoon, illustration, CGI, 3d render, low-poly, painting, anime, surreal, deformed, duplicate objects, extra limbs, blurry, out of focus, noise, oversaturated, posterized, artifacts, jpeg artifacts"
7888,horse,pony,walking,a countryside road,cropped at the edge of the frame,sunny afternoon,hard,a professional photo,"a professional photo of a pony horse walking in a countryside road, cropped at the edge of the frame, sunny afternoon. busy background but still one main subject. single main subject, photorealistic color photo, natural colors, realistic texture, sharp focus on subject, no people, no text, no watermark, no logo, no border, no collage, no CGI, no illustration.","text, watermark, logo, caption, signature, border, frame, collage, multiple panels, cartoon, illustration, CGI, 3d render, low-poly, painting, anime, surreal, deformed, duplicate objects, extra limbs, blurry, out of focus, noise, oversaturated, posterized, artifacts, jpeg artifacts"
7292,horse,draft horse,walking,a countryside road,high angle,backlit rim light,clean,a photorealistic color photo,"a photorealistic color photo of a draft horse walking in a countryside road, high angle, backlit rim light. single main subject, photorealistic color photo, natural colors, realistic texture, sharp focus on subject, no people, no text, no watermark, no logo, no border, no collage, no CGI, no illustration.","text, watermark, logo, caption, signature, border, frame, collage, multiple panels, cartoon, illustration, CGI, 3d render, low-poly, painting, anime, surreal, deformed, duplicate objects, extra limbs, blurry, out of focus, noise, oversaturated, posterized, artifacts, jpeg artifacts"
7045,horse,draft horse,running,a quiet residential street,slightly off-center framing,indoor soft window light,clean,a high-quality image,"a high-quality image of a draft horse running in a quiet residential street, slightly off-center framing, indoor soft window light. single main subject, photorealistic color photo, natural colors, realistic texture, sharp focus on subject, no people, no text, no watermark, no logo, no border, no collage, no CGI, no illustration.","text, watermark, logo, caption, signature, border, frame, collage, multiple panels, cartoon, illustration, CGI, 3d render, low-poly, painting, anime, surreal, deformed, duplicate objects, extra limbs, blurry, out of focus, noise, oversaturated, posterized, artifacts, jpeg artifacts"
7224,horse,wild horse,running,a suburban neighborhood,close-up,overcast daylight,clean,a high-quality image,"a high-quality image of a wild horse running in a suburban neighborhood, close-up, overcast daylight. single main subject, photorealistic color photo, natural colors, realistic texture, sharp focus on subject, no people, no text, no watermark, no logo, no border, no collage, no CGI, no illustration.","text, watermark, logo, caption, signature, border, frame, collage, multiple panels, cartoon, illustration, CGI, 3d render, low-poly, painting, anime, surreal, deformed, duplicate objects, extra limbs, blurry, out of focus, noise, oversaturated, posterized, artifacts, jpeg artifacts"
7082,horse,white horse,grazing,a backyard,3/4 view,nighttime under streetlights,clean,a professional photo,"a professional photo of a white horse grazing in a backyard, 3/4 view, nighttime under streetlights. single main subject, photorealistic color photo, natural colors, realistic texture, sharp focus on subject, no people, no text, no watermark, no logo, no border, no collage, no CGI, no illustration.","text, watermark, logo, caption, signature, border, frame, collage, multiple panels, cartoon, illustration, CGI, 3d render, low-poly, painting, anime, surreal, deformed, duplicate objects, extra limbs, blurry, out of focus, noise, oversaturated, posterized, artifacts, jpeg artifacts"
7322,horse,pony,running,a gravel lot,wide shot,sunny afternoon,clean,a professional photo,"a professional photo of a pony horse running in a gravel lot, wide shot, sunny afternoon. single main subject, photorealistic color photo, natural colors, realistic texture, sharp focus on subject, no people, no text, no watermark, no logo, no border, no collage, no CGI, no illustration.","text, watermark, logo, caption, signature, border, frame, collage, multiple panels, cartoon, illustration, CGI, 3d render, low-poly, painting, anime, surreal, deformed, duplicate objects, extra limbs, blurry, out of focus, noise, oversaturated, posterized, artifacts, jpeg artifacts"
7480,horse,racehorse,standing,a suburban neighborhood,slightly off-center framing,backlit rim light,clean,a detailed photograph,"a detailed photograph of a racehorse standing in a suburban neighborhood, slightly off-center framing, backlit rim light. single main subject, photorealistic color photo, natural colors, realistic texture, sharp focus on subject, no people, no text, no watermark, no logo, no border, no collage, no CGI, no illustration.","text, watermark, logo, caption, signature, border, frame, collage, multiple panels, cartoon, illustration, CGI, 3d render, low-poly, painting, anime, surreal, deformed, duplicate objects, extra limbs, blurry, out of focus, noise, oversaturated, posterized, artifacts, jpeg artifacts"
7103,horse,brown horse,grazing,a city park,3/4 view,overcast daylight,clean,a photorealistic color photo,"a photorealistic color photo of a brown horse grazing in a city park, 3/4 view, overcast daylight. single main subject, photorealistic color photo, natural colors, realistic texture, sharp focus on subject, no people, no text, no watermark, no logo, no border, no collage, no CGI, no illustration.","text, watermark, logo, caption, signature, border, frame, collage, multiple panels, cartoon, illustration, CGI, 3d render, low-poly, painting, anime, surreal, deformed, duplicate objects, extra limbs, blurry, out of focus, noise, oversaturated, posterized, artifacts, jpeg artifacts"
7258,horse,racehorse,grazing,a countryside road,low angle,indoor soft window light,clean,a finely detailed photo,"a finely detailed photo of a racehorse grazing in a countryside road, low angle, indoor soft window light. single main subject, photorealistic color photo, natural colors, realistic texture, sharp focus on subject, no people, no text, no watermark, no logo, no border, no collage, no CGI, no illustration.","text, watermark, logo, caption, signature, border, frame, collage, multiple panels, cartoon, illustration, CGI, 3d render, low-poly, painting, anime, surreal, deformed, duplicate objects, extra limbs, blurry, out of focus, noise, oversaturated, posterized, artifacts, jpeg artifacts"
7022,horse,white horse,running,an urban street,close-up,nighttime under streetlights,clean,a photorealistic color photo,"a photorealistic color photo of a white horse running in an urban street, close-up, nighttime under streetlights. single main subject, photorealistic color photo, natural colors, realistic texture, sharp focus on subject, no people, no text, no watermark, no logo, no border, no collage, no CGI, no illustration.","text, watermark, logo, caption, signature, border, frame, collage, multiple panels, cartoon, illustration, CGI, 3d render, low-poly, painting, anime, surreal, deformed, duplicate objects, extra limbs, blurry, out of focus, noise, oversaturated, posterized, artifacts, jpeg artifacts"
7034,horse,brown horse,running,a parking lot,wide shot,nighttime under streetlights,clean,a detailed photograph,"a detailed photograph of a brown horse running in a parking lot, wide shot, nighttime under streetlights. single main subject, photorealistic color photo, natural colors, realistic texture, sharp focus on subject, no people, no text, no watermark, no logo, no border, no collage, no CGI, no illustration.","text, watermark, logo, caption, signature, border, frame, collage, multiple panels, cartoon, illustration, CGI, 3d render, low-poly, painting, anime, surreal, deformed, duplicate objects, extra limbs, blurry, out of focus, noise, oversaturated, posterized, artifacts, jpeg artifacts"
7583,horse,brown horse,grazing,a lakeside shore,close-up,overcast daylight,clean,a high-quality image,"a high-quality image of a brown horse grazing in a lakeside shore, close-up, overcast daylight. single main subject, photorealistic color photo, natural colors, realistic texture, sharp focus on subject, no people, no text, no watermark, no logo, no border, no collage, no CGI, no illustration.","text, watermark, logo, caption, signature, border, frame, collage, multiple panels, cartoon, illustration, CGI, 3d render, low-poly, painting, anime, surreal, deformed, duplicate objects, extra limbs, blurry, out of focus, noise, oversaturated, posterized, artifacts, jpeg artifacts"
7049,horse,pony,walking,a quiet residential street,3/4 view,indoor soft window light,clean,a photorealistic color photo,"a photorealistic color photo of a pony horse walking in a quiet residential street, 3/4 view, indoor soft window light. single main subject, photorealistic color photo, natural colors, realistic texture, sharp focus on subject, no people, no text, no watermark, no logo, no border, no collage, no CGI, no illustration.","text, watermark, logo, caption, signature, border, frame, collage, multiple panels, cartoon, illustration, CGI, 3d render, low-poly, painting, anime, surreal, deformed, duplicate objects, extra limbs, blurry, out of focus, noise, oversaturated, posterized, artifacts, jpeg artifacts"
7760,horse,wild horse,standing,a suburban neighborhood,high angle,foggy morning,clean,a professional photo,"a professional photo of a wild horse standing in a suburban neighborhood, high angle, foggy morning. single main subject, photorealistic color photo, natural colors, realistic texture, sharp focus on subject, no people, no text, no watermark, no logo, no border, no collage, no CGI, no illustration.","text, watermark, logo, caption, signature, border, frame, collage, multiple panels, cartoon, illustration, CGI, 3d render, low-poly, painting, anime, surreal, deformed, duplicate objects, extra limbs, blurry, out of focus, noise, oversaturated, posterized, artifacts, jpeg artifacts"
7885,horse,wild horse,standing,a parking lot,distant subject in the background,rainy with wet reflections,hard,a photorealistic color photo,"a photorealistic color photo of a wild horse standing in a parking lot, distant subject in the background, rainy with wet reflections. in the distance. single main subject, photorealistic color photo, natural colors, realistic texture, sharp focus on subject, no people, no text, no watermark, no logo, no border, no collage, no CGI, no illustration.","text, watermark, logo, caption, signature, border, frame, collage, multiple panels, cartoon, illustration, CGI, 3d render, low-poly, painting, anime, surreal, deformed, duplicate objects, extra limbs, blurry, out of focus, noise, oversaturated, posterized, artifacts, jpeg artifacts"
7526,horse,wild horse,running,an urban street,3/4 view,sunny afternoon,clean,a finely detailed photo,"a finely detailed photo of a wild horse running in an urban street, 3/4 view, sunny afternoon. single main subject, photorealistic color photo, natural colors, realistic texture, sharp focus on subject, no people, no text, no watermark, no logo, no border, no collage, no CGI, no illustration.","text, watermark, logo, caption, signature, border, frame, collage, multiple panels, cartoon, illustration, CGI, 3d render, low-poly, painting, anime, surreal, deformed, duplicate objects, extra limbs, blurry, out of focus, noise, oversaturated, posterized, artifacts, jpeg artifacts"
7961,horse,white horse,walking,an urban street,high angle,rainy with wet reflections,hard,a finely detailed photo,"a finely detailed photo of a white horse walking in an urban street, high angle, rainy with wet reflections. in the distance. single main subject, photorealistic color photo, natural colors, realistic texture, sharp focus on subject, no people, no text, no watermark, no logo, no border, no collage, no CGI, no illustration.","text, watermark, logo, caption, signature, border, frame, collage, multiple panels, cartoon, illustration, CGI, 3d render, low-poly, painting, anime, surreal, deformed, duplicate objects, extra limbs, blurry, out of focus, noise, oversaturated, posterized, artifacts, jpeg artifacts"
7222,horse,draft horse,standing,an industrial yard,low angle,rainy with wet reflections,clean,an ultra-realistic rendering,"an ultra-realistic rendering of a draft horse standing in an industrial yard, low angle, rainy with wet reflections. single main subject, photorealistic color photo, natural colors, realistic texture, sharp focus on subject, no people, no text, no watermark, no logo, no border, no collage, no CGI, no illustration.","text, watermark, logo, caption, signature, border, frame, collage, multiple panels, cartoon, illustration, CGI, 3d render, low-poly, painting, anime, surreal, deformed, duplicate objects, extra limbs, blurry, out of focus, noise, oversaturated, posterized, artifacts, jpeg artifacts"
7104,horse,draft horse,standing,a gravel lot,low angle,indoor soft window light,clean,a finely detailed photo,"a finely detailed photo of a draft horse standing in a gravel lot, low angle, indoor soft window light. single main subject, photorealistic color photo, natural colors, realistic texture, sharp focus on subject, no people, no text, no watermark, no logo, no border, no collage, no CGI, no illustration.","text, watermark, logo, caption, signature, border, frame, collage, multiple panels, cartoon, illustration, CGI, 3d render, low-poly, painting, anime, surreal, deformed, duplicate objects, extra limbs, blurry, out of focus, noise, oversaturated, posterized, artifacts, jpeg artifacts"
7947,horse,white horse,walking,an industrial yard,wide shot,sunny afternoon,hard,a professional photo,"a professional photo of a white horse walking in an industrial yard, wide shot, sunny afternoon. in the distance. single main subject, photorealistic color photo, natural colors, realistic texture, sharp focus on subject, no people, no text, no watermark, no logo, no border, no collage, no CGI, no illustration.","text, watermark, logo, caption, signature, border, frame, collage, multiple panels, cartoon, illustration, CGI, 3d render, low-poly, painting, anime, surreal, deformed, duplicate objects, extra limbs, blurry, out of focus, noise, oversaturated, posterized, artifacts, jpeg artifacts"
7815,horse,brown horse,running,a quiet residential street,distant subject in the background,sunny afternoon,hard,a photorealistic color photo,"a photorealistic color photo of a brown horse running in a quiet residential street, distant subject in the background, sunny afternoon. cropped slightly. single main subject, photorealistic color photo, natural colors, realistic texture, sharp focus on subject, no people, no text, no watermark, no logo, no border, no collage, no CGI, no illustration.","text, watermark, logo, caption, signature, border, frame, collage, multiple panels, cartoon, illustration, CGI, 3d render, low-poly, painting, anime, surreal, deformed, duplicate objects, extra limbs, blurry, out of focus, noise, oversaturated, posterized, artifacts, jpeg artifacts"
7673,horse,brown horse,standing,a wet roadway after rain,side profile,nighttime under streetlights,clean,an ultra-realistic rendering,"an ultra-realistic rendering of a brown horse standing in a wet roadway after rain, side profile, nighttime under streetlights. single main subject, photorealistic color photo, natural colors, realistic texture, sharp focus on subject, no people, no text, no watermark, no logo, no border, no collage, no CGI, no illustration.","text, watermark, logo, caption, signature, border, frame, collage, multiple panels, cartoon, illustration, CGI, 3d render, low-poly, painting, anime, surreal, deformed, duplicate objects, extra limbs, blurry, out of focus, noise, oversaturated, posterized, artifacts, jpeg artifacts"
7948,horse,white horse,standing,a forest clearing,close-up,indoor soft window light,hard,a high-quality image,"a high-quality image of a white horse standing in a forest clearing, close-up, indoor soft window light. in the distance. single main subject, photorealistic color photo, natural colors, realistic texture, sharp focus on subject, no people, no text, no watermark, no logo, no border, no collage, no CGI, no illustration.","text, watermark, logo, caption, signature, border, frame, collage, multiple panels, cartoon, illustration, CGI, 3d render, low-poly, painting, anime, surreal, deformed, duplicate objects, extra limbs, blurry, out of focus, noise, oversaturated, posterized, artifacts, jpeg artifacts"
7656,horse,draft horse,standing,a suburban neighborhood,side profile,nighttime under streetlights,clean,a detailed photograph,"a detailed photograph of a draft horse standing in a suburban neighborhood, side profile, nighttime under streetlights. single main subject, photorealistic color photo, natural colors, realistic texture, sharp focus on subject, no people, no text, no watermark, no logo, no border, no collage, no CGI, no illustration.","text, watermark, logo, caption, signature, border, frame, collage, multiple panels, cartoon, illustration, CGI, 3d render, low-poly, painting, anime, surreal, deformed, duplicate objects, extra limbs, blurry, out of focus, noise, oversaturated, posterized, artifacts, jpeg artifacts"
7440,horse,wild horse,walking,a countryside road,wide shot,nighttime under streetlights,clean,a photorealistic color photo,"a photorealistic color photo of a wild horse walking in a countryside road, wide shot, nighttime under streetlights. single main subject, photorealistic color photo, natural colors, realistic texture, sharp focus on subject, no people, no text, no watermark, no logo, no border, no collage, no CGI, no illustration.","text, watermark, logo, caption, signature, border, frame, collage, multiple panels, cartoon, illustration, CGI, 3d render, low-poly, painting, anime, surreal, deformed, duplicate objects, extra limbs, blurry, out of focus, noise, oversaturated, posterized, artifacts, jpeg artifacts"
7790,horse,white horse,walking,a suburban neighborhood,wide shot,backlit rim light,clean,a detailed photograph,"a detailed photograph of a white horse walking in a suburban neighborhood, wide shot, backlit rim light. single main subject, photorealistic color photo, natural colors, realistic texture, sharp focus on subject, no people, no text, no watermark, no logo, no border, no collage, no CGI, no illustration.","text, watermark, logo, caption, signature, border, frame, collage, multiple panels, cartoon, illustration, CGI, 3d render, low-poly, painting, anime, surreal, deformed, duplicate objects, extra limbs, blurry, out of focus, noise, oversaturated, posterized, artifacts, jpeg artifacts"
7382,horse,white horse,walking,a grassy field,slightly off-center framing,foggy morning,clean,an ultra-realistic rendering,"an ultra-realistic rendering of a white horse walking in a grassy field, slightly off-center framing, foggy morning. single main subject, photorealistic color photo, natural colors, realistic texture, sharp focus on subject, no people, no text, no watermark, no logo, no border, no collage, no CGI, no illustration.","text, watermark, logo, caption, signature, border, frame, collage, multiple panels, cartoon, illustration, CGI, 3d render, low-poly, painting, anime, surreal, deformed, duplicate objects, extra limbs, blurry, out of focus, noise, oversaturated, posterized, artifacts, jpeg artifacts"
7534,horse,wild horse,grazing,a lakeside shore,high angle,backlit rim light,clean,a professional photo,"a professional photo of a wild horse grazing in a lakeside shore, high angle, backlit rim light. single main subject, photorealistic color photo, natural colors, realistic texture, sharp focus on subject, no people, no text, no watermark, no logo, no border, no collage, no CGI, no illustration.","text, watermark, logo, caption, signature, border, frame, collage, multiple panels, cartoon, illustration, CGI, 3d render, low-poly, painting, anime, surreal, deformed, duplicate objects, extra limbs, blurry, out of focus, noise, oversaturated, posterized, artifacts, jpeg artifacts"
7558,horse,racehorse,standing,an industrial yard,close-up,golden hour,clean,a professional photo,"a professional photo of a racehorse standing in an industrial yard, close-up, golden hour. single main subject, photorealistic color photo, natural colors, realistic texture, sharp focus on subject, no people, no text, no watermark, no logo, no border, no collage, no CGI, no illustration.","text, watermark, logo, caption, signature, border, frame, collage, multiple panels, cartoon, illustration, CGI, 3d render, low-poly, painting, anime, surreal, deformed, duplicate objects, extra limbs, blurry, out of focus, noise, oversaturated, posterized, artifacts, jpeg artifacts"
7296,horse,brown horse,standing,a quiet residential street,wide shot,backlit rim light,clean,a detailed photograph,"a detailed photograph of a brown horse standing in a quiet residential street, wide shot, backlit rim light. single main subject, photorealistic color photo, natural colors, realistic texture, sharp focus on subject, no people, no text, no watermark, no logo, no border, no collage, no CGI, no illustration.","text, watermark, logo, caption, signature, border, frame, collage, multiple panels, cartoon, illustration, CGI, 3d render, low-poly, painting, anime, surreal, deformed, duplicate objects, extra limbs, blurry, out of focus, noise, oversaturated, posterized, artifacts, jpeg artifacts"
7679,horse,pony,standing,a city park,side profile,sunny afternoon,clean,an ultra-realistic rendering,"an ultra-realistic rendering of a pony horse standing in a city park, side profile, sunny afternoon. single main subject, photorealistic color photo, natural colors, realistic texture, sharp focus on subject, no people, no text, no watermark, no logo, no border, no collage, no CGI, no illustration.","text, watermark, logo, caption, signature, border, frame, collage, multiple panels, cartoon, illustration, CGI, 3d render, low-poly, painting, anime, surreal, deformed, duplicate objects, extra limbs, blurry, out of focus, noise, oversaturated, posterized, artifacts, jpeg artifacts"
7838,horse,white horse,walking,a forest clearing,high angle,overcast daylight,hard,an ultra-realistic rendering,"an ultra-realistic rendering of a white horse walking in a forest clearing, high angle, overcast daylight. partially occluded by a foreground object. single main subject, photorealistic color photo, natural colors, realistic texture, sharp focus on subject, no people, no text, no watermark, no logo, no border, no collage, no CGI, no illustration.","text, watermark, logo, caption, signature, border, frame, collage, multiple panels, cartoon, illustration, CGI, 3d render, low-poly, painting, anime, surreal, deformed, duplicate objects, extra limbs, blurry, out of focus, noise, oversaturated, posterized, artifacts, jpeg artifacts"
7190,horse,draft horse,standing,a backyard,close-up,golden hour,clean,a photorealistic color photo,"a photorealistic color photo of a draft horse standing in a backyard, close-up, golden hour. single main subject, photorealistic color photo, natural colors, realistic texture, sharp focus on subject, no people, no text, no watermark, no logo, no border, no collage, no CGI, no illustration.","text, watermark, logo, caption, signature, border, frame, collage, multiple panels, cartoon, illustration, CGI, 3d render, low-poly, painting, anime, surreal, deformed, duplicate objects, extra limbs, blurry, out of focus, noise, oversaturated, posterized, artifacts, jpeg artifacts"
7316,horse,white horse,standing,a wet roadway after rain,3/4 view,golden hour,clean,an ultra-realistic rendering,"an ultra-realistic rendering of a white horse standing in a wet roadway after rain, 3/4 view, golden hour. single main subject, photorealistic color photo, natural colors, realistic texture, sharp focus on subject, no people, no text, no watermark, no logo, no border, no collage, no CGI, no illustration.","text, watermark, logo, caption, signature, border, frame, collage, multiple panels, cartoon, illustration, CGI, 3d render, low-poly, painting, anime, surreal, deformed, duplicate objects, extra limbs, blurry, out of focus, noise, oversaturated, posterized, artifacts, jpeg artifacts"
7291,horse,draft horse,walking,a quiet residential street,low angle,sunny afternoon,clean,a professional photo,"a professional photo of a draft horse walking in a quiet residential street, low angle, sunny afternoon. single main subject, photorealistic color photo, natural colors, realistic texture, sharp focus on subject, no people, no text, no watermark, no logo, no border, no collage, no CGI, no illustration.","text, watermark, logo, caption, signature, border, frame, collage, multiple panels, cartoon, illustration, CGI, 3d render, low-poly, painting, anime, surreal, deformed, duplicate objects, extra limbs, blurry, out of focus, noise, oversaturated, posterized, artifacts, jpeg artifacts"
7500,horse,racehorse,standing,a quiet residential street,3/4 view,sunny afternoon,clean,a professional photo,"a professional photo of a racehorse standing in a quiet residential street, 3/4 view, sunny afternoon. single main subject, photorealistic color photo, natural colors, realistic texture, sharp focus on subject, no people, no text, no watermark, no logo, no border, no collage, no CGI, no illustration.","text, watermark, logo, caption, signature, border, frame, collage, multiple panels, cartoon, illustration, CGI, 3d render, low-poly, painting, anime, surreal, deformed, duplicate objects, extra limbs, blurry, out of focus, noise, oversaturated, posterized, artifacts, jpeg artifacts"
7120,horse,white horse,grazing,a grassy field,slightly off-center framing,rainy with wet reflections,clean,a detailed photograph,"a detailed photograph of a white horse grazing in a grassy field, slightly off-center framing, rainy with wet reflections. single main subject, photorealistic color photo, natural colors, realistic texture, sharp focus on subject, no people, no text, no watermark, no logo, no border, no collage, no CGI, no illustration.","text, watermark, logo, caption, signature, border, frame, collage, multiple panels, cartoon, illustration, CGI, 3d render, low-poly, painting, anime, surreal, deformed, duplicate objects, extra limbs, blurry, out of focus, noise, oversaturated, posterized, artifacts, jpeg artifacts"
7846,horse,wild horse,walking,a forest clearing,high angle,overcast daylight,hard,a professional photo,"a professional photo of a wild horse walking in a forest clearing, high angle, overcast daylight. slight motion blur. single main subject, photorealistic color photo, natural colors, realistic texture, sharp focus on subject, no people, no text, no watermark, no logo, no border, no collage, no CGI, no illustration.","text, watermark, logo, caption, signature, border, frame, collage, multiple panels, cartoon, illustration, CGI, 3d render, low-poly, painting, anime, surreal, deformed, duplicate objects, extra limbs, blurry, out of focus, noise, oversaturated, posterized, artifacts, jpeg artifacts"
7824,horse,brown horse,standing,an urban street,slightly off-center framing,indoor soft window light,hard,an ultra-realistic rendering,"an ultra-realistic rendering of a brown horse standing in an urban street, slightly off-center framing, indoor soft window light. cropped slightly. single main subject, photorealistic color photo, natural colors, realistic texture, sharp focus on subject, no people, no text, no watermark, no logo, no border, no collage, no CGI, no illustration.","text, watermark, logo, caption, signature, border, frame, collage, multiple panels, cartoon, illustration, CGI, 3d render, low-poly, painting, anime, surreal, deformed, duplicate objects, extra limbs, blurry, out of focus, noise, oversaturated, posterized, artifacts, jpeg artifacts"
7870,horse,racehorse,standing,a sandy beach,wide shot,foggy morning,hard,a detailed photograph,"a detailed photograph of a racehorse standing in a sandy beach, wide shot, foggy morning. busy background but still one main subject. single main subject, photorealistic color photo, natural colors, realistic texture, sharp focus on subject, no people, no text, no watermark, no logo, no border, no collage, no CGI, no illustration.","text, watermark, logo, caption, signature, border, frame, collage, multiple panels, cartoon, illustration, CGI, 3d render, low-poly, painting, anime, surreal, deformed, duplicate objects, extra limbs, blurry, out of focus, noise, oversaturated, posterized, artifacts, jpeg artifacts"
7393,horse,draft horse,running,a city park,front view,foggy morning,clean,a finely detailed photo,"a finely detailed photo of a draft horse running in a city park, front view, foggy morning. single main subject, photorealistic color photo, natural colors, realistic texture, sharp focus on subject, no people, no text, no watermark, no logo, no border, no collage, no CGI, no illustration.","text, watermark, logo, caption, signature, border, frame, collage, multiple panels, cartoon, illustration, CGI, 3d render, low-poly, painting, anime, surreal, deformed, duplicate objects, extra limbs, blurry, out of focus, noise, oversaturated, posterized, artifacts, jpeg artifacts"
7265,horse,pony,standing,an urban street,front view,rainy with wet reflections,clean,a finely detailed photo,"a finely detailed photo of a pony horse standing in an urban street, front view, rainy with wet reflections. single main subject, photorealistic color photo, natural colors, realistic texture, sharp focus on subject, no people, no text, no watermark, no logo, no border, no collage, no CGI, no illustration.","text, watermark, logo, caption, signature, border, frame, collage, multiple panels, cartoon, illustration, CGI, 3d render, low-poly, painting, anime, surreal, deformed, duplicate objects, extra limbs, blurry, out of focus, noise, oversaturated, posterized, artifacts, jpeg artifacts"
7099,horse,brown horse,standing,an urban street,3/4 view,foggy morning,clean,an ultra-realistic rendering,"an ultra-realistic rendering of a brown horse standing in an urban street, 3/4 view, foggy morning. single main subject, photorealistic color photo, natural colors, realistic texture, sharp focus on subject, no people, no text, no watermark, no logo, no border, no collage, no CGI, no illustration.","text, watermark, logo, caption, signature, border, frame, collage, multiple panels, cartoon, illustration, CGI, 3d render, low-poly, painting, anime, surreal, deformed, duplicate objects, extra limbs, blurry, out of focus, noise, oversaturated, posterized, artifacts, jpeg artifacts"
7940,horse,draft horse,standing,a parking lot,side profile,indoor soft window light,hard,a professional photo,"a professional photo of a draft horse standing in a parking lot, side profile, indoor soft window light. partially occluded by a foreground object. single main subject, photorealistic color photo, natural colors, realistic texture, sharp focus on subject, no people, no text, no watermark, no logo, no border, no collage, no CGI, no illustration.","text, watermark, logo, caption, signature, border, frame, collage, multiple panels, cartoon, illustration, CGI, 3d render, low-poly, painting, anime, surreal, deformed, duplicate objects, extra limbs, blurry, out of focus, noise, oversaturated, posterized, artifacts, jpeg artifacts"
7844,horse,racehorse,standing,a suburban neighborhood,cropped at the edge of the frame,golden hour,hard,a photorealistic color photo,"a photorealistic color photo of a racehorse standing in a suburban neighborhood, cropped at the edge of the frame, golden hour. cropped slightly. single main subject, photorealistic color photo, natural colors, realistic texture, sharp focus on subject, no people, no text, no watermark, no logo, no border, no collage, no CGI, no illustration.","text, watermark, logo, caption, signature, border, frame, collage, multiple panels, cartoon, illustration, CGI, 3d render, low-poly, painting, anime, surreal, deformed, duplicate objects, extra limbs, blurry, out of focus, noise, oversaturated, posterized, artifacts, jpeg artifacts"
7742,horse,white horse,grazing,a forest clearing,front view,backlit rim light,clean,an ultra-realistic rendering,"an ultra-realistic rendering of a white horse grazing in a forest clearing, front view, backlit rim light. single main subject, photorealistic color photo, natural colors, realistic texture, sharp focus on subject, no people, no text, no watermark, no logo, no border, no collage, no CGI, no illustration.","text, watermark, logo, caption, signature, border, frame, collage, multiple panels, cartoon, illustration, CGI, 3d render, low-poly, painting, anime, surreal, deformed, duplicate objects, extra limbs, blurry, out of focus, noise, oversaturated, posterized, artifacts, jpeg artifacts"
7688,horse,racehorse,running,an industrial yard,low angle,overcast daylight,clean,a photorealistic color photo,"a photorealistic color photo of a racehorse running in an industrial yard, low angle, overcast daylight. single main subject, photorealistic color photo, natural colors, realistic texture, sharp focus on subject, no people, no text, no watermark, no logo, no border, no collage, no CGI, no illustration.","text, watermark, logo, caption, signature, border, frame, collage, multiple panels, cartoon, illustration, CGI, 3d render, low-poly, painting, anime, surreal, deformed, duplicate objects, extra limbs, blurry, out of focus, noise, oversaturated, posterized, artifacts, jpeg artifacts"
7139,horse,pony,grazing,a parking lot,3/4 view,nighttime under streetlights,clean,a detailed photograph,"a detailed photograph of a pony horse grazing in a parking lot, 3/4 view, nighttime under streetlights. single main subject, photorealistic color photo, natural colors, realistic texture, sharp focus on subject, no people, no text, no watermark, no logo, no border, no collage, no CGI, no illustration.","text, watermark, logo, caption, signature, border, frame, collage, multiple panels, cartoon, illustration, CGI, 3d render, low-poly, painting, anime, surreal, deformed, duplicate objects, extra limbs, blurry, out of focus, noise, oversaturated, posterized, artifacts, jpeg artifacts"
7430,horse,white horse,walking,an industrial yard,slightly off-center framing,rainy with wet reflections,clean,a photorealistic color photo,"a photorealistic color photo of a white horse walking in an industrial yard, slightly off-center framing, rainy with wet reflections. single main subject, photorealistic color photo, natural colors, realistic texture, sharp focus on subject, no people, no text, no watermark, no logo, no border, no collage, no CGI, no illustration.","text, watermark, logo, caption, signature, border, frame, collage, multiple panels, cartoon, illustration, CGI, 3d render, low-poly, painting, anime, surreal, deformed, duplicate objects, extra limbs, blurry, out of focus, noise, oversaturated, posterized, artifacts, jpeg artifacts"
7738,horse,brown horse,running,a quiet residential street,front view,rainy with wet reflections,clean,a finely detailed photo,"a finely detailed photo of a brown horse running in a quiet residential street, front view, rainy with wet reflections. single main subject, photorealistic color photo, natural colors, realistic texture, sharp focus on subject, no people, no text, no watermark, no logo, no border, no collage, no CGI, no illustration.","text, watermark, logo, caption, signature, border, frame, collage, multiple panels, cartoon, illustration, CGI, 3d render, low-poly, painting, anime, surreal, deformed, duplicate objects, extra limbs, blurry, out of focus, noise, oversaturated, posterized, artifacts, jpeg artifacts"
7884,horse,pony,walking,a grassy field,slightly off-center framing,overcast daylight,hard,a finely detailed photo,"a finely detailed photo of a pony horse walking in a grassy field, slightly off-center framing, overcast daylight. in the distance. single main subject, photorealistic color photo, natural colors, realistic texture, sharp focus on subject, no people, no text, no watermark, no logo, no border, no collage, no CGI, no illustration.","text, watermark, logo, caption, signature, border, frame, collage, multiple panels, cartoon, illustration, CGI, 3d render, low-poly, painting, anime, surreal, deformed, duplicate objects, extra limbs, blurry, out of focus, noise, oversaturated, posterized, artifacts, jpeg artifacts"
7097,horse,brown horse,walking,a wet roadway after rain,high angle,indoor soft window light,clean,a high-quality image,"a high-quality image of a brown horse walking in a wet roadway after rain, high angle, indoor soft window light. single main subject, photorealistic color photo, natural colors, realistic texture, sharp focus on subject, no people, no text, no watermark, no logo, no border, no collage, no CGI, no illustration.","text, watermark, logo, caption, signature, border, frame, collage, multiple panels, cartoon, illustration, CGI, 3d render, low-poly, painting, anime, surreal, deformed, duplicate objects, extra limbs, blurry, out of focus, noise, oversaturated, posterized, artifacts, jpeg artifacts"
7560,horse,white horse,running,a countryside road,high angle,nighttime under streetlights,clean,a photorealistic color photo,"a photorealistic color photo of a white horse running in a countryside road, high angle, nighttime under streetlights. single main subject, photorealistic color photo, natural colors, realistic texture, sharp focus on subject, no people, no text, no watermark, no logo, no border, no collage, no CGI, no illustration.","text, watermark, logo, caption, signature, border, frame, collage, multiple panels, cartoon, illustration, CGI, 3d render, low-poly, painting, anime, surreal, deformed, duplicate objects, extra limbs, blurry, out of focus, noise, oversaturated, posterized, artifacts, jpeg artifacts"
7339,horse,white horse,running,a grassy field,front view,sunny afternoon,clean,an ultra-realistic rendering,"an ultra-realistic rendering of a white horse running in a grassy field, front view, sunny afternoon. single main subject, photorealistic color photo, natural colors, realistic texture, sharp focus on subject, no people, no text, no watermark, no logo, no border, no collage, no CGI, no illustration.","text, watermark, logo, caption, signature, border, frame, collage, multiple panels, cartoon, illustration, CGI, 3d render, low-poly, painting, anime, surreal, deformed, duplicate objects, extra limbs, blurry, out of focus, noise, oversaturated, posterized, artifacts, jpeg artifacts"
7311,horse,draft horse,walking,a quiet residential street,wide shot,foggy morning,clean,a finely detailed photo,"a finely detailed photo of a draft horse walking in a quiet residential street, wide shot, foggy morning. single main subject, photorealistic color photo, natural colors, realistic texture, sharp focus on subject, no people, no text, no watermark, no logo, no border, no collage, no CGI, no illustration.","text, watermark, logo, caption, signature, border, frame, collage, multiple panels, cartoon, illustration, CGI, 3d render, low-poly, painting, anime, surreal, deformed, duplicate objects, extra limbs, blurry, out of focus, noise, oversaturated, posterized, artifacts, jpeg artifacts"
7235,horse,wild horse,walking,a gravel lot,wide shot,golden hour,clean,a finely detailed photo,"a finely detailed photo of a wild horse walking in a gravel lot, wide shot, golden hour. single main subject, photorealistic color photo, natural colors, realistic texture, sharp focus on subject, no people, no text, no watermark, no logo, no border, no collage, no CGI, no illustration.","text, watermark, logo, caption, signature, border, frame, collage, multiple panels, cartoon, illustration, CGI, 3d render, low-poly, painting, anime, surreal, deformed, duplicate objects, extra limbs, blurry, out of focus, noise, oversaturated, posterized, artifacts, jpeg artifacts"
7141,horse,racehorse,running,an industrial yard,low angle,sunny afternoon,clean,an ultra-realistic rendering,"an ultra-realistic rendering of a racehorse running in an industrial yard, low angle, sunny afternoon. single main subject, photorealistic color photo, natural colors, realistic texture, sharp focus on subject, no people, no text, no watermark, no logo, no border, no collage, no CGI, no illustration.","text, watermark, logo, caption, signature, border, frame, collage, multiple panels, cartoon, illustration, CGI, 3d render, low-poly, painting, anime, surreal, deformed, duplicate objects, extra limbs, blurry, out of focus, noise, oversaturated, posterized, artifacts, jpeg artifacts"
7942,horse,draft horse,grazing,a city park,wide shot,foggy morning,hard,a high-quality image,"a high-quality image of a draft horse grazing in a city park, wide shot, foggy morning. slight motion blur. single main subject, photorealistic color photo, natural colors, realistic texture, sharp focus on subject, no people, no text, no watermark, no logo, no border, no collage, no CGI, no illustration.","text, watermark, logo, caption, signature, border, frame, collage, multiple panels, cartoon, illustration, CGI, 3d render, low-poly, painting, anime, surreal, deformed, duplicate objects, extra limbs, blurry, out of focus, noise, oversaturated, posterized, artifacts, jpeg artifacts"
7337,horse,draft horse,standing,a parking lot,wide shot,indoor soft window light,clean,a high-quality image,"a high-quality image of a draft horse standing in a parking lot, wide shot, indoor soft window light. single main subject, photorealistic color photo, natural colors, realistic texture, sharp focus on subject, no people, no text, no watermark, no logo, no border, no collage, no CGI, no illustration.","text, watermark, logo, caption, signature, border, frame, collage, multiple panels, cartoon, illustration, CGI, 3d render, low-poly, painting, anime, surreal, deformed, duplicate objects, extra limbs, blurry, out of focus, noise, oversaturated, posterized, artifacts, jpeg artifacts"
7419,horse,pony,grazing,a wet roadway after rain,wide shot,backlit rim light,clean,a high-quality image,"a high-quality image of a pony horse grazing in a wet roadway after rain, wide shot, backlit rim light. single main subject, photorealistic color photo, natural colors, realistic texture, sharp focus on subject, no people, no text, no watermark, no logo, no border, no collage, no CGI, no illustration.","text, watermark, logo, caption, signature, border, frame, collage, multiple panels, cartoon, illustration, CGI, 3d render, low-poly, painting, anime, surreal, deformed, duplicate objects, extra limbs, blurry, out of focus, noise, oversaturated, posterized, artifacts, jpeg artifacts"
7424,horse,racehorse,running,a lakeside shore,wide shot,golden hour,clean,a finely detailed photo,"a finely detailed photo of a racehorse running in a lakeside shore, wide shot, golden hour. single main subject, photorealistic color photo, natural colors, realistic texture, sharp focus on subject, no people, no text, no watermark, no logo, no border, no collage, no CGI, no illustration.","text, watermark, logo, caption, signature, border, frame, collage, multiple panels, cartoon, illustration, CGI, 3d render, low-poly, painting, anime, surreal, deformed, duplicate objects, extra limbs, blurry, out of focus, noise, oversaturated, posterized, artifacts, jpeg artifacts"
7028,horse,wild horse,grazing,a lakeside shore,side profile,sunny afternoon,clean,a high-quality image,"a high-quality image of a wild horse grazing in a lakeside shore, side profile, sunny afternoon. single main subject, photorealistic color photo, natural colors, realistic texture, sharp focus on subject, no people, no text, no watermark, no logo, no border, no collage, no CGI, no illustration.","text, watermark, logo, caption, signature, border, frame, collage, multiple panels, cartoon, illustration, CGI, 3d render, low-poly, painting, anime, surreal, deformed, duplicate objects, extra limbs, blurry, out of focus, noise, oversaturated, posterized, artifacts, jpeg artifacts"
7425,horse,brown horse,standing,a suburban neighborhood,wide shot,golden hour,clean,a finely detailed photo,"a finely detailed photo of a brown horse standing in a suburban neighborhood, wide shot, golden hour. single main subject, photorealistic color photo, natural colors, realistic texture, sharp focus on subject, no people, no text, no watermark, no logo, no border, no collage, no CGI, no illustration.","text, watermark, logo, caption, signature, border, frame, collage, multiple panels, cartoon, illustration, CGI, 3d render, low-poly, painting, anime, surreal, deformed, duplicate objects, extra limbs, blurry, out of focus, noise, oversaturated, posterized, artifacts, jpeg artifacts"
7643,horse,wild horse,grazing,an urban street,slightly off-center framing,golden hour,clean,a high-quality image,"a high-quality image of a wild horse grazing in an urban street, slightly off-center framing, golden hour. single main subject, photorealistic color photo, natural colors, realistic texture, sharp focus on subject, no people, no text, no watermark, no logo, no border, no collage, no CGI, no illustration.","text, watermark, logo, caption, signature, border, frame, collage, multiple panels, cartoon, illustration, CGI, 3d render, low-poly, painting, anime, surreal, deformed, duplicate objects, extra limbs, blurry, out of focus, noise, oversaturated, posterized, artifacts, jpeg artifacts"
7488,horse,racehorse,standing,a wet roadway after rain,close-up,nighttime under streetlights,clean,a high-quality image,"a high-quality image of a racehorse standing in a wet roadway after rain, close-up, nighttime under streetlights. single main subject, photorealistic color photo, natural colors, realistic texture, sharp focus on subject, no people, no text, no watermark, no logo, no border, no collage, no CGI, no illustration.","text, watermark, logo, caption, signature, border, frame, collage, multiple panels, cartoon, illustration, CGI, 3d render, low-poly, painting, anime, surreal, deformed, duplicate objects, extra limbs, blurry, out of focus, noise, oversaturated, posterized, artifacts, jpeg artifacts"
7212,horse,white horse,running,a gravel lot,high angle,golden hour,clean,a professional photo,"a professional photo of a white horse running in a gravel lot, high angle, golden hour. single main subject, photorealistic color photo, natural colors, realistic texture, sharp focus on subject, no people, no text, no watermark, no logo, no border, no collage, no CGI, no illustration.","text, watermark, logo, caption, signature, border, frame, collage, multiple panels, cartoon, illustration, CGI, 3d render, low-poly, painting, anime, surreal, deformed, duplicate objects, extra limbs, blurry, out of focus, noise, oversaturated, posterized, artifacts, jpeg artifacts"
7343,horse,brown horse,running,a lakeside shore,front view,golden hour,clean,an ultra-realistic rendering,"an ultra-realistic rendering of a brown horse running in a lakeside shore, front view, golden hour. single main subject, photorealistic color photo, natural colors, realistic texture, sharp focus on subject, no people, no text, no watermark, no logo, no border, no collage, no CGI, no illustration.","text, watermark, logo, caption, signature, border, frame, collage, multiple panels, cartoon, illustration, CGI, 3d render, low-poly, painting, anime, surreal, deformed, duplicate objects, extra limbs, blurry, out of focus, noise, oversaturated, posterized, artifacts, jpeg artifacts"
7868,horse,white horse,grazing,a grassy field,high angle,overcast daylight,hard,an ultra-realistic rendering,"an ultra-realistic rendering of a white horse grazing in a grassy field, high angle, overcast daylight. cropped slightly. single main subject, photorealistic color photo, natural colors, realistic texture, sharp focus on subject, no people, no text, no watermark, no logo, no border, no collage, no CGI, no illustration.","text, watermark, logo, caption, signature, border, frame, collage, multiple panels, cartoon, illustration, CGI, 3d render, low-poly, painting, anime, surreal, deformed, duplicate objects, extra limbs, blurry, out of focus, noise, oversaturated, posterized, artifacts, jpeg artifacts"
7572,horse,brown horse,grazing,an urban street,side profile,overcast daylight,clean,a photorealistic color photo,"a photorealistic color photo of a brown horse grazing in an urban street, side profile, overcast daylight. single main subject, photorealistic color photo, natural colors, realistic texture, sharp focus on subject, no people, no text, no watermark, no logo, no border, no collage, no CGI, no illustration.","text, watermark, logo, caption, signature, border, frame, collage, multiple panels, cartoon, illustration, CGI, 3d render, low-poly, painting, anime, surreal, deformed, duplicate objects, extra limbs, blurry, out of focus, noise, oversaturated, posterized, artifacts, jpeg artifacts"
7574,horse,wild horse,grazing,a countryside road,close-up,golden hour,clean,a professional photo,"a professional photo of a wild horse grazing in a countryside road, close-up, golden hour. single main subject, photorealistic color photo, natural colors, realistic texture, sharp focus on subject, no people, no text, no watermark, no logo, no border, no collage, no CGI, no illustration.","text, watermark, logo, caption, signature, border, frame, collage, multiple panels, cartoon, illustration, CGI, 3d render, low-poly, painting, anime, surreal, deformed, duplicate objects, extra limbs, blurry, out of focus, noise, oversaturated, posterized, artifacts, jpeg artifacts"
7029,horse,draft horse,standing,a suburban neighborhood,wide shot,rainy with wet reflections,clean,a professional photo,"a professional photo of a draft horse standing in a suburban neighborhood, wide shot, rainy with wet reflections. single main subject, photorealistic color photo, natural colors, realistic texture, sharp focus on subject, no people, no text, no watermark, no logo, no border, no collage, no CGI, no illustration.","text, watermark, logo, caption, signature, border, frame, collage, multiple panels, cartoon, illustration, CGI, 3d render, low-poly, painting, anime, surreal, deformed, duplicate objects, extra limbs, blurry, out of focus, noise, oversaturated, posterized, artifacts, jpeg artifacts"
7653,horse,white horse,standing,a grassy field,3/4 view,rainy with wet reflections,clean,a high-quality image,"a high-quality image of a white horse standing in a grassy field, 3/4 view, rainy with wet reflections. single main subject, photorealistic color photo, natural colors, realistic texture, sharp focus on subject, no people, no text, no watermark, no logo, no border, no collage, no CGI, no illustration.","text, watermark, logo, caption, signature, border, frame, collage, multiple panels, cartoon, illustration, CGI, 3d render, low-poly, painting, anime, surreal, deformed, duplicate objects, extra limbs, blurry, out of focus, noise, oversaturated, posterized, artifacts, jpeg artifacts"
7206,horse,pony,running,a backyard,wide shot,indoor soft window light,clean,a photorealistic color photo,"a photorealistic color photo of a pony horse running in a backyard, wide shot, indoor soft window light. single main subject, photorealistic color photo, natural colors, realistic texture, sharp focus on subject, no people, no text, no watermark, no logo, no border, no collage, no CGI, no illustration.","text, watermark, logo, caption, signature, border, frame, collage, multiple panels, cartoon, illustration, CGI, 3d render, low-poly, painting, anime, surreal, deformed, duplicate objects, extra limbs, blurry, out of focus, noise, oversaturated, posterized, artifacts, jpeg artifacts"
7514,horse,white horse,grazing,a countryside road,front view,indoor soft window light,clean,an ultra-realistic rendering,"an ultra-realistic rendering of a white horse grazing in a countryside road, front view, indoor soft window light. single main subject, photorealistic color photo, natural colors, realistic texture, sharp focus on subject, no people, no text, no watermark, no logo, no border, no collage, no CGI, no illustration.","text, watermark, logo, caption, signature, border, frame, collage, multiple panels, cartoon, illustration, CGI, 3d render, low-poly, painting, anime, surreal, deformed, duplicate objects, extra limbs, blurry, out of focus, noise, oversaturated, posterized, artifacts, jpeg artifacts"
7213,horse,brown horse,grazing,a wet roadway after rain,low angle,overcast daylight,clean,a finely detailed photo,"a finely detailed photo of a brown horse grazing in a wet roadway after rain, low angle, overcast daylight. single main subject, photorealistic color photo, natural colors, realistic texture, sharp focus on subject, no people, no text, no watermark, no logo, no border, no collage, no CGI, no illustration.","text, watermark, logo, caption, signature, border, frame, collage, multiple panels, cartoon, illustration, CGI, 3d render, low-poly, painting, anime, surreal, deformed, duplicate objects, extra limbs, blurry, out of focus, noise, oversaturated, posterized, artifacts, jpeg artifacts"
7589,horse,brown horse,standing,a suburban neighborhood,low angle,backlit rim light,clean,an ultra-realistic rendering,"an ultra-realistic rendering of a brown horse standing in a suburban neighborhood, low angle, backlit rim light. single main subject, photorealistic color photo, natural colors, realistic texture, sharp focus on subject, no people, no text, no watermark, no logo, no border, no collage, no CGI, no illustration.","text, watermark, logo, caption, signature, border, frame, collage, multiple panels, cartoon, illustration, CGI, 3d render, low-poly, painting, anime, surreal, deformed, duplicate objects, extra limbs, blurry, out of focus, noise, oversaturated, posterized, artifacts, jpeg artifacts"
7462,horse,draft horse,running,a gravel lot,slightly off-center framing,golden hour,clean,an ultra-realistic rendering,"an ultra-realistic rendering of a draft horse running in a gravel lot, slightly off-center framing, golden hour. single main subject, photorealistic color photo, natural colors, realistic texture, sharp focus on subject, no people, no text, no watermark, no logo, no border, no collage, no CGI, no illustration.","text, watermark, logo, caption, signature, border, frame, collage, multiple panels, cartoon, illustration, CGI, 3d render, low-poly, painting, anime, surreal, deformed, duplicate objects, extra limbs, blurry, out of focus, noise, oversaturated, posterized, artifacts, jpeg artifacts"
7032,horse,racehorse,standing,a quiet residential street,wide shot,overcast daylight,clean,a detailed photograph,"a detailed photograph of a racehorse standing in a quiet residential street, wide shot, overcast daylight. single main subject, photorealistic color photo, natural colors, realistic texture, sharp focus on subject, no people, no text, no watermark, no logo, no border, no collage, no CGI, no illustration.","text, watermark, logo, caption, signature, border, frame, collage, multiple panels, cartoon, illustration, CGI, 3d render, low-poly, painting, anime, surreal, deformed, duplicate objects, extra limbs, blurry, out of focus, noise, oversaturated, posterized, artifacts, jpeg artifacts"
7702,horse,white horse,walking,a quiet residential street,side profile,foggy morning,clean,a finely detailed photo,"a finely detailed photo of a white horse walking in a quiet residential street, side profile, foggy morning. single main subject, photorealistic color photo, natural colors, realistic texture, sharp focus on subject, no people, no text, no watermark, no logo, no border, no collage, no CGI, no illustration.","text, watermark, logo, caption, signature, border, frame, collage, multiple panels, cartoon, illustration, CGI, 3d render, low-poly, painting, anime, surreal, deformed, duplicate objects, extra limbs, blurry, out of focus, noise, oversaturated, posterized, artifacts, jpeg artifacts"
7956,horse,draft horse,walking,a suburban neighborhood,cropped at the edge of the frame,sunny afternoon,hard,a photorealistic color photo,"a photorealistic color photo of a draft horse walking in a suburban neighborhood, cropped at the edge of the frame, sunny afternoon. slight motion blur. single main subject, photorealistic color photo, natural colors, realistic texture, sharp focus on subject, no people, no text, no watermark, no logo, no border, no collage, no CGI, no illustration.","text, watermark, logo, caption, signature, border, frame, collage, multiple panels, cartoon, illustration, CGI, 3d render, low-poly, painting, anime, surreal, deformed, duplicate objects, extra limbs, blurry, out of focus, noise, oversaturated, posterized, artifacts, jpeg artifacts"
7963,horse,wild horse,standing,a gravel lot,distant subject in the background,backlit rim light,hard,a photorealistic color photo,"a photorealistic color photo of a wild horse standing in a gravel lot, distant subject in the background, backlit rim light. slight motion blur. single main subject, photorealistic color photo, natural colors, realistic texture, sharp focus on subject, no people, no text, no watermark, no logo, no border, no collage, no CGI, no illustration.","text, watermark, logo, caption, signature, border, frame, collage, multiple panels, cartoon, illustration, CGI, 3d render, low-poly, painting, anime, surreal, deformed, duplicate objects, extra limbs, blurry, out of focus, noise, oversaturated, posterized, artifacts, jpeg artifacts"
7525,horse,white horse,running,a sandy beach,wide shot,foggy morning,clean,a professional photo,"a professional photo of a white horse running in a sandy beach, wide shot, foggy morning. single main subject, photorealistic color photo, natural colors, realistic texture, sharp focus on subject, no people, no text, no watermark, no logo, no border, no collage, no CGI, no illustration.","text, watermark, logo, caption, signature, border, frame, collage, multiple panels, cartoon, illustration, CGI, 3d render, low-poly, painting, anime, surreal, deformed, duplicate objects, extra limbs, blurry, out of focus, noise, oversaturated, posterized, artifacts, jpeg artifacts"
7077,horse,racehorse,running,a grassy field,3/4 view,nighttime under streetlights,clean,a finely detailed photo,"a finely detailed photo of a racehorse running in a grassy field, 3/4 view, nighttime under streetlights. single main subject, photorealistic color photo, natural colors, realistic texture, sharp focus on subject, no people, no text, no watermark, no logo, no border, no collage, no CGI, no illustration.","text, watermark, logo, caption, signature, border, frame, collage, multiple panels, cartoon, illustration, CGI, 3d render, low-poly, painting, anime, surreal, deformed, duplicate objects, extra limbs, blurry, out of focus, noise, oversaturated, posterized, artifacts, jpeg artifacts"
7131,horse,brown horse,running,a wet roadway after rain,front view,foggy morning,clean,a detailed photograph,"a detailed photograph of a brown horse running in a wet roadway after rain, front view, foggy morning. single main subject, photorealistic color photo, natural colors, realistic texture, sharp focus on subject, no people, no text, no watermark, no logo, no border, no collage, no CGI, no illustration.","text, watermark, logo, caption, signature, border, frame, collage, multiple panels, cartoon, illustration, CGI, 3d render, low-poly, painting, anime, surreal, deformed, duplicate objects, extra limbs, blurry, out of focus, noise, oversaturated, posterized, artifacts, jpeg artifacts"
7849,horse,racehorse,running,an industrial yard,3/4 view,nighttime under streetlights,hard,a photorealistic color photo,"a photorealistic color photo of a racehorse running in an industrial yard, 3/4 view, nighttime under streetlights. partially occluded by a foreground object. single main subject, photorealistic color photo, natural colors, realistic texture, sharp focus on subject, no people, no text, no watermark, no logo, no border, no collage, no CGI, no illustration.","text, watermark, logo, caption, signature, border, frame, collage, multiple panels, cartoon, illustration, CGI, 3d render, low-poly, painting, anime, surreal, deformed, duplicate objects, extra limbs, blurry, out of focus, noise, oversaturated, posterized, artifacts, jpeg artifacts"
7162,horse,racehorse,running,a backyard,3/4 view,nighttime under streetlights,clean,a photorealistic color photo,"a photorealistic color photo of a racehorse running in a backyard, 3/4 view, nighttime under streetlights. single main subject, photorealistic color photo, natural colors, realistic texture, sharp focus on subject, no people, no text, no watermark, no logo, no border, no collage, no CGI, no illustration.","text, watermark, logo, caption, signature, border, frame, collage, multiple panels, cartoon, illustration, CGI, 3d render, low-poly, painting, anime, surreal, deformed, duplicate objects, extra limbs, blurry, out of focus, noise, oversaturated, posterized, artifacts, jpeg artifacts"
7549,horse,pony,running,a sandy beach,close-up,sunny afternoon,clean,a finely detailed photo,"a finely detailed photo of a pony horse running in a sandy beach, close-up, sunny afternoon. single main subject, photorealistic color photo, natural colors, realistic texture, sharp focus on subject, no people, no text, no watermark, no logo, no border, no collage, no CGI, no illustration.","text, watermark, logo, caption, signature, border, frame, collage, multiple panels, cartoon, illustration, CGI, 3d render, low-poly, painting, anime, surreal, deformed, duplicate objects, extra limbs, blurry, out of focus, noise, oversaturated, posterized, artifacts, jpeg artifacts"
7612,horse,white horse,standing,a grassy field,high angle,golden hour,clean,a finely detailed photo,"a finely detailed photo of a white horse standing in a grassy field, high angle, golden hour. single main subject, photorealistic color photo, natural colors, realistic texture, sharp focus on subject, no people, no text, no watermark, no logo, no border, no collage, no CGI, no illustration.","text, watermark, logo, caption, signature, border, frame, collage, multiple panels, cartoon, illustration, CGI, 3d render, low-poly, painting, anime, surreal, deformed, duplicate objects, extra limbs, blurry, out of focus, noise, oversaturated, posterized, artifacts, jpeg artifacts"
7877,horse,brown horse,grazing,a quiet residential street,slightly off-center framing,foggy morning,hard,a photorealistic color photo,"a photorealistic color photo of a brown horse grazing in a quiet residential street, slightly off-center framing, foggy morning. busy background but still one main subject. single main subject, photorealistic color photo, natural colors, realistic texture, sharp focus on subject, no people, no text, no watermark, no logo, no border, no collage, no CGI, no illustration.","text, watermark, logo, caption, signature, border, frame, collage, multiple panels, cartoon, illustration, CGI, 3d render, low-poly, painting, anime, surreal, deformed, duplicate objects, extra limbs, blurry, out of focus, noise, oversaturated, posterized, artifacts, jpeg artifacts"
7249,horse,white horse,walking,an urban street,3/4 view,nighttime under streetlights,clean,a detailed photograph,"a detailed photograph of a white horse walking in an urban street, 3/4 view, nighttime under streetlights. single main subject, photorealistic color photo, natural colors, realistic texture, sharp focus on subject, no people, no text, no watermark, no logo, no border, no collage, no CGI, no illustration.","text, watermark, logo, caption, signature, border, frame, collage, multiple panels, cartoon, illustration, CGI, 3d render, low-poly, painting, anime, surreal, deformed, duplicate objects, extra limbs, blurry, out of focus, noise, oversaturated, posterized, artifacts, jpeg artifacts"
7871,horse,draft horse,running,a suburban neighborhood,distant subject in the background,backlit rim light,hard,a photorealistic color photo,"a photorealistic color photo of a draft horse running in a suburban neighborhood, distant subject in the background, backlit rim light. partially occluded by a foreground object. single main subject, photorealistic color photo, natural colors, realistic texture, sharp focus on subject, no people, no text, no watermark, no logo, no border, no collage, no CGI, no illustration.","text, watermark, logo, caption, signature, border, frame, collage, multiple panels, cartoon, illustration, CGI, 3d render, low-poly, painting, anime, surreal, deformed, duplicate objects, extra limbs, blurry, out of focus, noise, oversaturated, posterized, artifacts, jpeg artifacts"
7173,horse,white horse,walking,an industrial yard,low angle,overcast daylight,clean,a finely detailed photo,"a finely detailed photo of a white horse walking in an industrial yard, low angle, overcast daylight. single main subject, photorealistic color photo, natural colors, realistic texture, sharp focus on subject, no people, no text, no watermark, no logo, no border, no collage, no CGI, no illustration.","text, watermark, logo, caption, signature, border, frame, collage, multiple panels, cartoon, illustration, CGI, 3d render, low-poly, painting, anime, surreal, deformed, duplicate objects, extra limbs, blurry, out of focus, noise, oversaturated, posterized, artifacts, jpeg artifacts"
7132,horse,racehorse,walking,a backyard,side profile,overcast daylight,clean,a photorealistic color photo,"a photorealistic color photo of a racehorse walking in a backyard, side profile, overcast daylight. single main subject, photorealistic color photo, natural colors, realistic texture, sharp focus on subject, no people, no text, no watermark, no logo, no border, no collage, no CGI, no illustration.","text, watermark, logo, caption, signature, border, frame, collage, multiple panels, cartoon, illustration, CGI, 3d render, low-poly, painting, anime, surreal, deformed, duplicate objects, extra limbs, blurry, out of focus, noise, oversaturated, posterized, artifacts, jpeg artifacts"
7792,horse,pony,grazing,a backyard,high angle,rainy with wet reflections,clean,a detailed photograph,"a detailed photograph of a pony horse grazing in a backyard, high angle, rainy with wet reflections. single main subject, photorealistic color photo, natural colors, realistic texture, sharp focus on subject, no people, no text, no watermark, no logo, no border, no collage, no CGI, no illustration.","text, watermark, logo, caption, signature, border, frame, collage, multiple panels, cartoon, illustration, CGI, 3d render, low-poly, painting, anime, surreal, deformed, duplicate objects, extra limbs, blurry, out of focus, noise, oversaturated, posterized, artifacts, jpeg artifacts"
7289,horse,wild horse,standing,a sandy beach,low angle,indoor soft window light,clean,an ultra-realistic rendering,"an ultra-realistic rendering of a wild horse standing in a sandy beach, low angle, indoor soft window light. single main subject, photorealistic color photo, natural colors, realistic texture, sharp focus on subject, no people, no text, no watermark, no logo, no border, no collage, no CGI, no illustration.","text, watermark, logo, caption, signature, border, frame, collage, multiple panels, cartoon, illustration, CGI, 3d render, low-poly, painting, anime, surreal, deformed, duplicate objects, extra limbs, blurry, out of focus, noise, oversaturated, posterized, artifacts, jpeg artifacts"
7062,horse,draft horse,running,a backyard,wide shot,indoor soft window light,clean,a photorealistic color photo,"a photorealistic color photo of a draft horse running in a backyard, wide shot, indoor soft window light. single main subject, photorealistic color photo, natural colors, realistic texture, sharp focus on subject, no people, no text, no watermark, no logo, no border, no collage, no CGI, no illustration.","text, watermark, logo, caption, signature, border, frame, collage, multiple panels, cartoon, illustration, CGI, 3d render, low-poly, painting, anime, surreal, deformed, duplicate objects, extra limbs, blurry, out of focus, noise, oversaturated, posterized, artifacts, jpeg artifacts"
7639,horse,white horse,walking,a parking lot,3/4 view,backlit rim light,clean,an ultra-realistic rendering,"an ultra-realistic rendering of a white horse walking in a parking lot, 3/4 view, backlit rim light. single main subject, photorealistic color photo, natural colors, realistic texture, sharp focus on subject, no people, no text, no watermark, no logo, no border, no collage, no CGI, no illustration.","text, watermark, logo, caption, signature, border, frame, collage, multiple panels, cartoon, illustration, CGI, 3d render, low-poly, painting, anime, surreal, deformed, duplicate objects, extra limbs, blurry, out of focus, noise, oversaturated, posterized, artifacts, jpeg artifacts"
7992,horse,pony,grazing,a city park,front view,golden hour,hard,a detailed photograph,"a detailed photograph of a pony horse grazing in a city park, front view, golden hour. cropped slightly. single main subject, photorealistic color photo, natural colors, realistic texture, sharp focus on subject, no people, no text, no watermark, no logo, no border, no collage, no CGI, no illustration.","text, watermark, logo, caption, signature, border, frame, collage, multiple panels, cartoon, illustration, CGI, 3d render, low-poly, painting, anime, surreal, deformed, duplicate objects, extra limbs, blurry, out of focus, noise, oversaturated, posterized, artifacts, jpeg artifacts"
7664,horse,racehorse,grazing,a lakeside shore,side profile,golden hour,clean,a high-quality image,"a high-quality image of a racehorse grazing in a lakeside shore, side profile, golden hour. single main subject, photorealistic color photo, natural colors, realistic texture, sharp focus on subject, no people, no text, no watermark, no logo, no border, no collage, no CGI, no illustration.","text, watermark, logo, caption, signature, border, frame, collage, multiple panels, cartoon, illustration, CGI, 3d render, low-poly, painting, anime, surreal, deformed, duplicate objects, extra limbs, blurry, out of focus, noise, oversaturated, posterized, artifacts, jpeg artifacts"
7460,horse,brown horse,standing,a countryside road,low angle,golden hour,clean,a high-quality image,"a high-quality image of a brown horse standing in a countryside road, low angle, golden hour. single main subject, photorealistic color photo, natural colors, realistic texture, sharp focus on subject, no people, no text, no watermark, no logo, no border, no collage, no CGI, no illustration.","text, watermark, logo, caption, signature, border, frame, collage, multiple panels, cartoon, illustration, CGI, 3d render, low-poly, painting, anime, surreal, deformed, duplicate objects, extra limbs, blurry, out of focus, noise, oversaturated, posterized, artifacts, jpeg artifacts"
7349,horse,pony,standing,a wet roadway after rain,3/4 view,sunny afternoon,clean,a detailed photograph,"a detailed photograph of a pony horse standing in a wet roadway after rain, 3/4 view, sunny afternoon. single main subject, photorealistic color photo, natural colors, realistic texture, sharp focus on subject, no people, no text, no watermark, no logo, no border, no collage, no CGI, no illustration.","text, watermark, logo, caption, signature, border, frame, collage, multiple panels, cartoon, illustration, CGI, 3d render, low-poly, painting, anime, surreal, deformed, duplicate objects, extra limbs, blurry, out of focus, noise, oversaturated, posterized, artifacts, jpeg artifacts"
7628,horse,brown horse,standing,a countryside road,wide shot,sunny afternoon,clean,a high-quality image,"a high-quality image of a brown horse standing in a countryside road, wide shot, sunny afternoon. single main subject, photorealistic color photo, natural colors, realistic texture, sharp focus on subject, no people, no text, no watermark, no logo, no border, no collage, no CGI, no illustration.","text, watermark, logo, caption, signature, border, frame, collage, multiple panels, cartoon, illustration, CGI, 3d render, low-poly, painting, anime, surreal, deformed, duplicate objects, extra limbs, blurry, out of focus, noise, oversaturated, posterized, artifacts, jpeg artifacts"
7904,horse,pony,grazing,a wet roadway after rain,distant subject in the background,nighttime under streetlights,hard,a finely detailed photo,"a finely detailed photo of a pony horse grazing in a wet roadway after rain, distant subject in the background, nighttime under streetlights. partially occluded by a foreground object. single main subject, photorealistic color photo, natural colors, realistic texture, sharp focus on subject, no people, no text, no watermark, no logo, no border, no collage, no CGI, no illustration.","text, watermark, logo, caption, signature, border, frame, collage, multiple panels, cartoon, illustration, CGI, 3d render, low-poly, painting, anime, surreal, deformed, duplicate objects, extra limbs, blurry, out of focus, noise, oversaturated, posterized, artifacts, jpeg artifacts"
7602,horse,wild horse,walking,a gravel lot,side profile,sunny afternoon,clean,a photorealistic color photo,"a photorealistic color photo of a wild horse walking in a gravel lot, side profile, sunny afternoon. single main subject, photorealistic color photo, natural colors, realistic texture, sharp focus on subject, no people, no text, no watermark, no logo, no border, no collage, no CGI, no illustration.","text, watermark, logo, caption, signature, border, frame, collage, multiple panels, cartoon, illustration, CGI, 3d render, low-poly, painting, anime, surreal, deformed, duplicate objects, extra limbs, blurry, out of focus, noise, oversaturated, posterized, artifacts, jpeg artifacts"
7246,horse,brown horse,grazing,a quiet residential street,low angle,backlit rim light,clean,a detailed photograph,"a detailed photograph of a brown horse grazing in a quiet residential street, low angle, backlit rim light. single main subject, photorealistic color photo, natural colors, realistic texture, sharp focus on subject, no people, no text, no watermark, no logo, no border, no collage, no CGI, no illustration.","text, watermark, logo, caption, signature, border, frame, collage, multiple panels, cartoon, illustration, CGI, 3d render, low-poly, painting, anime, surreal, deformed, duplicate objects, extra limbs, blurry, out of focus, noise, oversaturated, posterized, artifacts, jpeg artifacts"
7769,horse,racehorse,running,a parking lot,close-up,backlit rim light,clean,an ultra-realistic rendering,"an ultra-realistic rendering of a racehorse running in a parking lot, close-up, backlit rim light. single main subject, photorealistic color photo, natural colors, realistic texture, sharp focus on subject, no people, no text, no watermark, no logo, no border, no collage, no CGI, no illustration.","text, watermark, logo, caption, signature, border, frame, collage, multiple panels, cartoon, illustration, CGI, 3d render, low-poly, painting, anime, surreal, deformed, duplicate objects, extra limbs, blurry, out of focus, noise, oversaturated, posterized, artifacts, jpeg artifacts"
7671,horse,brown horse,walking,a gravel lot,low angle,golden hour,clean,a photorealistic color photo,"a photorealistic color photo of a brown horse walking in a gravel lot, low angle, golden hour. single main subject, photorealistic color photo, natural colors, realistic texture, sharp focus on subject, no people, no text, no watermark, no logo, no border, no collage, no CGI, no illustration.","text, watermark, logo, caption, signature, border, frame, collage, multiple panels, cartoon, illustration, CGI, 3d render, low-poly, painting, anime, surreal, deformed, duplicate objects, extra limbs, blurry, out of focus, noise, oversaturated, posterized, artifacts, jpeg artifacts"
7315,horse,brown horse,grazing,a wet roadway after rain,close-up,overcast daylight,clean,a detailed photograph,"a detailed photograph of a brown horse grazing in a wet roadway after rain, close-up, overcast daylight. single main subject, photorealistic color photo, natural colors, realistic texture, sharp focus on subject, no people, no text, no watermark, no logo, no border, no collage, no CGI, no illustration.","text, watermark, logo, caption, signature, border, frame, collage, multiple panels, cartoon, illustration, CGI, 3d render, low-poly, painting, anime, surreal, deformed, duplicate objects, extra limbs, blurry, out of focus, noise, oversaturated, posterized, artifacts, jpeg artifacts"
7563,horse,pony,standing,a grassy field,close-up,sunny afternoon,clean,an ultra-realistic rendering,"an ultra-realistic rendering of a pony horse standing in a grassy field, close-up, sunny afternoon. single main subject, photorealistic color photo, natural colors, realistic texture, sharp focus on subject, no people, no text, no watermark, no logo, no border, no collage, no CGI, no illustration.","text, watermark, logo, caption, signature, border, frame, collage, multiple panels, cartoon, illustration, CGI, 3d render, low-poly, painting, anime, surreal, deformed, duplicate objects, extra limbs, blurry, out of focus, noise, oversaturated, posterized, artifacts, jpeg artifacts"
7188,horse,pony,walking,a grassy field,front view,backlit rim light,clean,a professional photo,"a professional photo of a pony horse walking in a grassy field, front view, backlit rim light. single main subject, photorealistic color photo, natural colors, realistic texture, sharp focus on subject, no people, no text, no watermark, no logo, no border, no collage, no CGI, no illustration.","text, watermark, logo, caption, signature, border, frame, collage, multiple panels, cartoon, illustration, CGI, 3d render, low-poly, painting, anime, surreal, deformed, duplicate objects, extra limbs, blurry, out of focus, noise, oversaturated, posterized, artifacts, jpeg artifacts"
7058,horse,pony,walking,an industrial yard,side profile,overcast daylight,clean,an ultra-realistic rendering,"an ultra-realistic rendering of a pony horse walking in an industrial yard, side profile, overcast daylight. single main subject, photorealistic color photo, natural colors, realistic texture, sharp focus on subject, no people, no text, no watermark, no logo, no border, no collage, no CGI, no illustration.","text, watermark, logo, caption, signature, border, frame, collage, multiple panels, cartoon, illustration, CGI, 3d render, low-poly, painting, anime, surreal, deformed, duplicate objects, extra limbs, blurry, out of focus, noise, oversaturated, posterized, artifacts, jpeg artifacts"
7024,horse,pony,standing,an urban street,3/4 view,backlit rim light,clean,a photorealistic color photo,"a photorealistic color photo of a pony horse standing in an urban street, 3/4 view, backlit rim light. single main subject, photorealistic color photo, natural colors, realistic texture, sharp focus on subject, no people, no text, no watermark, no logo, no border, no collage, no CGI, no illustration.","text, watermark, logo, caption, signature, border, frame, collage, multiple panels, cartoon, illustration, CGI, 3d render, low-poly, painting, anime, surreal, deformed, duplicate objects, extra limbs, blurry, out of focus, noise, oversaturated, posterized, artifacts, jpeg artifacts"
7019,horse,racehorse,running,an urban street,side profile,foggy morning,clean,a finely detailed photo,"a finely detailed photo of a racehorse running in an urban street, side profile, foggy morning. single main subject, photorealistic color photo, natural colors, realistic texture, sharp focus on subject, no people, no text, no watermark, no logo, no border, no collage, no CGI, no illustration.","text, watermark, logo, caption, signature, border, frame, collage, multiple panels, cartoon, illustration, CGI, 3d render, low-poly, painting, anime, surreal, deformed, duplicate objects, extra limbs, blurry, out of focus, noise, oversaturated, posterized, artifacts, jpeg artifacts"
7501,horse,white horse,grazing,a sandy beach,side profile,golden hour,clean,a finely detailed photo,"a finely detailed photo of a white horse grazing in a sandy beach, side profile, golden hour. single main subject, photorealistic color photo, natural colors, realistic texture, sharp focus on subject, no people, no text, no watermark, no logo, no border, no collage, no CGI, no illustration.","text, watermark, logo, caption, signature, border, frame, collage, multiple panels, cartoon, illustration, CGI, 3d render, low-poly, painting, anime, surreal, deformed, duplicate objects, extra limbs, blurry, out of focus, noise, oversaturated, posterized, artifacts, jpeg artifacts"
7239,horse,white horse,running,a wet roadway after rain,low angle,nighttime under streetlights,clean,a finely detailed photo,"a finely detailed photo of a white horse running in a wet roadway after rain, low angle, nighttime under streetlights. single main subject, photorealistic color photo, natural colors, realistic texture, sharp focus on subject, no people, no text, no watermark, no logo, no border, no collage, no CGI, no illustration.","text, watermark, logo, caption, signature, border, frame, collage, multiple panels, cartoon, illustration, CGI, 3d render, low-poly, painting, anime, surreal, deformed, duplicate objects, extra limbs, blurry, out of focus, noise, oversaturated, posterized, artifacts, jpeg artifacts"
7125,horse,brown horse,walking,a lakeside shore,slightly off-center framing,overcast daylight,clean,a finely detailed photo,"a finely detailed photo of a brown horse walking in a lakeside shore, slightly off-center framing, overcast daylight. single main subject, photorealistic color photo, natural colors, realistic texture, sharp focus on subject, no people, no text, no watermark, no logo, no border, no collage, no CGI, no illustration.","text, watermark, logo, caption, signature, border, frame, collage, multiple panels, cartoon, illustration, CGI, 3d render, low-poly, painting, anime, surreal, deformed, duplicate objects, extra limbs, blurry, out of focus, noise, oversaturated, posterized, artifacts, jpeg artifacts"
7211,horse,brown horse,standing,a sandy beach,front view,foggy morning,clean,a finely detailed photo,"a finely detailed photo of a brown horse standing in a sandy beach, front view, foggy morning. single main subject, photorealistic color photo, natural colors, realistic texture, sharp focus on subject, no people, no text, no watermark, no logo, no border, no collage, no CGI, no illustration.","text, watermark, logo, caption, signature, border, frame, collage, multiple panels, cartoon, illustration, CGI, 3d render, low-poly, painting, anime, surreal, deformed, duplicate objects, extra limbs, blurry, out of focus, noise, oversaturated, posterized, artifacts, jpeg artifacts"
7975,horse,pony,walking,a backyard,distant subject in the background,foggy morning,hard,a high-quality image,"a high-quality image of a pony horse walking in a backyard, distant subject in the background, foggy morning. partially occluded by a foreground object. single main subject, photorealistic color photo, natural colors, realistic texture, sharp focus on subject, no people, no text, no watermark, no logo, no border, no collage, no CGI, no illustration.","text, watermark, logo, caption, signature, border, frame, collage, multiple panels, cartoon, illustration, CGI, 3d render, low-poly, painting, anime, surreal, deformed, duplicate objects, extra limbs, blurry, out of focus, noise, oversaturated, posterized, artifacts, jpeg artifacts"
7938,horse,wild horse,walking,a forest clearing,cropped at the edge of the frame,sunny afternoon,hard,a professional photo,"a professional photo of a wild horse walking in a forest clearing, cropped at the edge of the frame, sunny afternoon. busy background but still one main subject. single main subject, photorealistic color photo, natural colors, realistic texture, sharp focus on subject, no people, no text, no watermark, no logo, no border, no collage, no CGI, no illustration.","text, watermark, logo, caption, signature, border, frame, collage, multiple panels, cartoon, illustration, CGI, 3d render, low-poly, painting, anime, surreal, deformed, duplicate objects, extra limbs, blurry, out of focus, noise, oversaturated, posterized, artifacts, jpeg artifacts"
7134,horse,wild horse,walking,a forest clearing,slightly off-center framing,indoor soft window light,clean,a high-quality image,"a high-quality image of a wild horse walking in a forest clearing, slightly off-center framing, indoor soft window light. single main subject, photorealistic color photo, natural colors, realistic texture, sharp focus on subject, no people, no text, no watermark, no logo, no border, no collage, no CGI, no illustration.","text, watermark, logo, caption, signature, border, frame, collage, multiple panels, cartoon, illustration, CGI, 3d render, low-poly, painting, anime, surreal, deformed, duplicate objects, extra limbs, blurry, out of focus, noise, oversaturated, posterized, artifacts, jpeg artifacts"
7286,horse,draft horse,running,a grassy field,3/4 view,overcast daylight,clean,an ultra-realistic rendering,"an ultra-realistic rendering of a draft horse running in a grassy field, 3/4 view, overcast daylight. single main subject, photorealistic color photo, natural colors, realistic texture, sharp focus on subject, no people, no text, no watermark, no logo, no border, no collage, no CGI, no illustration.","text, watermark, logo, caption, signature, border, frame, collage, multiple panels, cartoon, illustration, CGI, 3d render, low-poly, painting, anime, surreal, deformed, duplicate objects, extra limbs, blurry, out of focus, noise, oversaturated, posterized, artifacts, jpeg artifacts"
7882,horse,racehorse,running,a parking lot,high angle,overcast daylight,hard,a detailed photograph,"a detailed photograph of a racehorse running in a parking lot, high angle, overcast daylight. slight motion blur. single main subject, photorealistic color photo, natural colors, realistic texture, sharp focus on subject, no people, no text, no watermark, no logo, no border, no collage, no CGI, no illustration.","text, watermark, logo, caption, signature, border, frame, collage, multiple panels, cartoon, illustration, CGI, 3d render, low-poly, painting, anime, surreal, deformed, duplicate objects, extra limbs, blurry, out of focus, noise, oversaturated, posterized, artifacts, jpeg artifacts"
7260,horse,pony,walking,a backyard,high angle,indoor soft window light,clean,a photorealistic color photo,"a photorealistic color photo of a pony horse walking in a backyard, high angle, indoor soft window light. single main subject, photorealistic color photo, natural colors, realistic texture, sharp focus on subject, no people, no text, no watermark, no logo, no border, no collage, no CGI, no illustration.","text, watermark, logo, caption, signature, border, frame, collage, multiple panels, cartoon, illustration, CGI, 3d render, low-poly, painting, anime, surreal, deformed, duplicate objects, extra limbs, blurry, out of focus, noise, oversaturated, posterized, artifacts, jpeg artifacts"
7508,horse,draft horse,grazing,a quiet residential street,slightly off-center framing,sunny afternoon,clean,a finely detailed photo,"a finely detailed photo of a draft horse grazing in a quiet residential street, slightly off-center framing, sunny afternoon. single main subject, photorealistic color photo, natural colors, realistic texture, sharp focus on subject, no people, no text, no watermark, no logo, no border, no collage, no CGI, no illustration.","text, watermark, logo, caption, signature, border, frame, collage, multiple panels, cartoon, illustration, CGI, 3d render, low-poly, painting, anime, surreal, deformed, duplicate objects, extra limbs, blurry, out of focus, noise, oversaturated, posterized, artifacts, jpeg artifacts"
7497,horse,white horse,walking,a lakeside shore,3/4 view,nighttime under streetlights,clean,a finely detailed photo,"a finely detailed photo of a white horse walking in a lakeside shore, 3/4 view, nighttime under streetlights. single main subject, photorealistic color photo, natural colors, realistic texture, sharp focus on subject, no people, no text, no watermark, no logo, no border, no collage, no CGI, no illustration.","text, watermark, logo, caption, signature, border, frame, collage, multiple panels, cartoon, illustration, CGI, 3d render, low-poly, painting, anime, surreal, deformed, duplicate objects, extra limbs, blurry, out of focus, noise, oversaturated, posterized, artifacts, jpeg artifacts"
7889,horse,racehorse,running,an industrial yard,low angle,sunny afternoon,hard,a professional photo,"a professional photo of a racehorse running in an industrial yard, low angle, sunny afternoon. slight motion blur. single main subject, photorealistic color photo, natural colors, realistic texture, sharp focus on subject, no people, no text, no watermark, no logo, no border, no collage, no CGI, no illustration.","text, watermark, logo, caption, signature, border, frame, collage, multiple panels, cartoon, illustration, CGI, 3d render, low-poly, painting, anime, surreal, deformed, duplicate objects, extra limbs, blurry, out of focus, noise, oversaturated, posterized, artifacts, jpeg artifacts"
7752,horse,white horse,grazing,an industrial yard,low angle,nighttime under streetlights,clean,a high-quality image,"a high-quality image of a white horse grazing in an industrial yard, low angle, nighttime under streetlights. single main subject, photorealistic color photo, natural colors, realistic texture, sharp focus on subject, no people, no text, no watermark, no logo, no border, no collage, no CGI, no illustration.","text, watermark, logo, caption, signature, border, frame, collage, multiple panels, cartoon, illustration, CGI, 3d render, low-poly, painting, anime, surreal, deformed, duplicate objects, extra limbs, blurry, out of focus, noise, oversaturated, posterized, artifacts, jpeg artifacts"
7387,horse,wild horse,walking,a forest clearing,low angle,foggy morning,clean,a detailed photograph,"a detailed photograph of a wild horse walking in a forest clearing, low angle, foggy morning. single main subject, photorealistic color photo, natural colors, realistic texture, sharp focus on subject, no people, no text, no watermark, no logo, no border, no collage, no CGI, no illustration.","text, watermark, logo, caption, signature, border, frame, collage, multiple panels, cartoon, illustration, CGI, 3d render, low-poly, painting, anime, surreal, deformed, duplicate objects, extra limbs, blurry, out of focus, noise, oversaturated, posterized, artifacts, jpeg artifacts"
7353,horse,draft horse,walking,an industrial yard,high angle,rainy with wet reflections,clean,an ultra-realistic rendering,"an ultra-realistic rendering of a draft horse walking in an industrial yard, high angle, rainy with wet reflections. single main subject, photorealistic color photo, natural colors, realistic texture, sharp focus on subject, no people, no text, no watermark, no logo, no border, no collage, no CGI, no illustration.","text, watermark, logo, caption, signature, border, frame, collage, multiple panels, cartoon, illustration, CGI, 3d render, low-poly, painting, anime, surreal, deformed, duplicate objects, extra limbs, blurry, out of focus, noise, oversaturated, posterized, artifacts, jpeg artifacts"
7026,horse,racehorse,standing,a parking lot,close-up,golden hour,clean,a photorealistic color photo,"a photorealistic color photo of a racehorse standing in a parking lot, close-up, golden hour. single main subject, photorealistic color photo, natural colors, realistic texture, sharp focus on subject, no people, no text, no watermark, no logo, no border, no collage, no CGI, no illustration.","text, watermark, logo, caption, signature, border, frame, collage, multiple panels, cartoon, illustration, CGI, 3d render, low-poly, painting, anime, surreal, deformed, duplicate objects, extra limbs, blurry, out of focus, noise, oversaturated, posterized, artifacts, jpeg artifacts"
7204,horse,white horse,standing,a grassy field,low angle,golden hour,clean,a high-quality image,"a high-quality image of a white horse standing in a grassy field, low angle, golden hour. single main subject, photorealistic color photo, natural colors, realistic texture, sharp focus on subject, no people, no text, no watermark, no logo, no border, no collage, no CGI, no illustration.","text, watermark, logo, caption, signature, border, frame, collage, multiple panels, cartoon, illustration, CGI, 3d render, low-poly, painting, anime, surreal, deformed, duplicate objects, extra limbs, blurry, out of focus, noise, oversaturated, posterized, artifacts, jpeg artifacts"
7950,horse,racehorse,walking,a countryside road,high angle,nighttime under streetlights,hard,a detailed photograph,"a detailed photograph of a racehorse walking in a countryside road, high angle, nighttime under streetlights. busy background but still one main subject. single main subject, photorealistic color photo, natural colors, realistic texture, sharp focus on subject, no people, no text, no watermark, no logo, no border, no collage, no CGI, no illustration.","text, watermark, logo, caption, signature, border, frame, collage, multiple panels, cartoon, illustration, CGI, 3d render, low-poly, painting, anime, surreal, deformed, duplicate objects, extra limbs, blurry, out of focus, noise, oversaturated, posterized, artifacts, jpeg artifacts"
7928,horse,white horse,grazing,a grassy field,low angle,sunny afternoon,hard,a professional photo,"a professional photo of a white horse grazing in a grassy field, low angle, sunny afternoon. cropped slightly. single main subject, photorealistic color photo, natural colors, realistic texture, sharp focus on subject, no people, no text, no watermark, no logo, no border, no collage, no CGI, no illustration.","text, watermark, logo, caption, signature, border, frame, collage, multiple panels, cartoon, illustration, CGI, 3d render, low-poly, painting, anime, surreal, deformed, duplicate objects, extra limbs, blurry, out of focus, noise, oversaturated, posterized, artifacts, jpeg artifacts"
7696,horse,brown horse,standing,a parking lot,front view,foggy morning,clean,a finely detailed photo,"a finely detailed photo of a brown horse standing in a parking lot, front view, foggy morning. single main subject, photorealistic color photo, natural colors, realistic texture, sharp focus on subject, no people, no text, no watermark, no logo, no border, no collage, no CGI, no illustration.","text, watermark, logo, caption, signature, border, frame, collage, multiple panels, cartoon, illustration, CGI, 3d render, low-poly, painting, anime, surreal, deformed, duplicate objects, extra limbs, blurry, out of focus, noise, oversaturated, posterized, artifacts, jpeg artifacts"
7782,horse,white horse,running,a backyard,low angle,sunny afternoon,clean,a finely detailed photo,"a finely detailed photo of a white horse running in a backyard, low angle, sunny afternoon. single main subject, photorealistic color photo, natural colors, realistic texture, sharp focus on subject, no people, no text, no watermark, no logo, no border, no collage, no CGI, no illustration.","text, watermark, logo, caption, signature, border, frame, collage, multiple panels, cartoon, illustration, CGI, 3d render, low-poly, painting, anime, surreal, deformed, duplicate objects, extra limbs, blurry, out of focus, noise, oversaturated, posterized, artifacts, jpeg artifacts"
7921,horse,pony,walking,a sandy beach,front view,overcast daylight,hard,a finely detailed photo,"a finely detailed photo of a pony horse walking in a sandy beach, front view, overcast daylight. cropped slightly. single main subject, photorealistic color photo, natural colors, realistic texture, sharp focus on subject, no people, no text, no watermark, no logo, no border, no collage, no CGI, no illustration.","text, watermark, logo, caption, signature, border, frame, collage, multiple panels, cartoon, illustration, CGI, 3d render, low-poly, painting, anime, surreal, deformed, duplicate objects, extra limbs, blurry, out of focus, noise, oversaturated, posterized, artifacts, jpeg artifacts"
7100,horse,draft horse,standing,a sandy beach,close-up,backlit rim light,clean,a finely detailed photo,"a finely detailed photo of a draft horse standing in a sandy beach, close-up, backlit rim light. single main subject, photorealistic color photo, natural colors, realistic texture, sharp focus on subject, no people, no text, no watermark, no logo, no border, no collage, no CGI, no illustration.","text, watermark, logo, caption, signature, border, frame, collage, multiple panels, cartoon, illustration, CGI, 3d render, low-poly, painting, anime, surreal, deformed, duplicate objects, extra limbs, blurry, out of focus, noise, oversaturated, posterized, artifacts, jpeg artifacts"
7332,horse,white horse,walking,an urban street,close-up,sunny afternoon,clean,an ultra-realistic rendering,"an ultra-realistic rendering of a white horse walking in an urban street, close-up, sunny afternoon. single main subject, photorealistic color photo, natural colors, realistic texture, sharp focus on subject, no people, no text, no watermark, no logo, no border, no collage, no CGI, no illustration.","text, watermark, logo, caption, signature, border, frame, collage, multiple panels, cartoon, illustration, CGI, 3d render, low-poly, painting, anime, surreal, deformed, duplicate objects, extra limbs, blurry, out of focus, noise, oversaturated, posterized, artifacts, jpeg artifacts"
7864,horse,pony,standing,an urban street,cropped at the edge of the frame,sunny afternoon,hard,an ultra-realistic rendering,"an ultra-realistic rendering of a pony horse standing in an urban street, cropped at the edge of the frame, sunny afternoon. cropped slightly. single main subject, photorealistic color photo, natural colors, realistic texture, sharp focus on subject, no people, no text, no watermark, no logo, no border, no collage, no CGI, no illustration.","text, watermark, logo, caption, signature, border, frame, collage, multiple panels, cartoon, illustration, CGI, 3d render, low-poly, painting, anime, surreal, deformed, duplicate objects, extra limbs, blurry, out of focus, noise, oversaturated, posterized, artifacts, jpeg artifacts"
7496,horse,draft horse,standing,a backyard,high angle,golden hour,clean,a professional photo,"a professional photo of a draft horse standing in a backyard, high angle, golden hour. single main subject, photorealistic color photo, natural colors, realistic texture, sharp focus on subject, no people, no text, no watermark, no logo, no border, no collage, no CGI, no illustration.","text, watermark, logo, caption, signature, border, frame, collage, multiple panels, cartoon, illustration, CGI, 3d render, low-poly, painting, anime, surreal, deformed, duplicate objects, extra limbs, blurry, out of focus, noise, oversaturated, posterized, artifacts, jpeg artifacts"
7958,horse,brown horse,grazing,a forest clearing,low angle,foggy morning,hard,a photorealistic color photo,"a photorealistic color photo of a brown horse grazing in a forest clearing, low angle, foggy morning. in the distance. single main subject, photorealistic color photo, natural colors, realistic texture, sharp focus on subject, no people, no text, no watermark, no logo, no border, no collage, no CGI, no illustration.","text, watermark, logo, caption, signature, border, frame, collage, multiple panels, cartoon, illustration, CGI, 3d render, low-poly, painting, anime, surreal, deformed, duplicate objects, extra limbs, blurry, out of focus, noise, oversaturated, posterized, artifacts, jpeg artifacts"
7088,horse,pony,grazing,a city park,low angle,overcast daylight,clean,an ultra-realistic rendering,"an ultra-realistic rendering of a pony horse grazing in a city park, low angle, overcast daylight. single main subject, photorealistic color photo, natural colors, realistic texture, sharp focus on subject, no people, no text, no watermark, no logo, no border, no collage, no CGI, no illustration.","text, watermark, logo, caption, signature, border, frame, collage, multiple panels, cartoon, illustration, CGI, 3d render, low-poly, painting, anime, surreal, deformed, duplicate objects, extra limbs, blurry, out of focus, noise, oversaturated, posterized, artifacts, jpeg artifacts"
7646,horse,wild horse,grazing,an industrial yard,close-up,indoor soft window light,clean,a professional photo,"a professional photo of a wild horse grazing in an industrial yard, close-up, indoor soft window light. single main subject, photorealistic color photo, natural colors, realistic texture, sharp focus on subject, no people, no text, no watermark, no logo, no border, no collage, no CGI, no illustration.","text, watermark, logo, caption, signature, border, frame, collage, multiple panels, cartoon, illustration, CGI, 3d render, low-poly, painting, anime, surreal, deformed, duplicate objects, extra limbs, blurry, out of focus, noise, oversaturated, posterized, artifacts, jpeg artifacts"
7520,horse,draft horse,running,a backyard,front view,backlit rim light,clean,a photorealistic color photo,"a photorealistic color photo of a draft horse running in a backyard, front view, backlit rim light. single main subject, photorealistic color photo, natural colors, realistic texture, sharp focus on subject, no people, no text, no watermark, no logo, no border, no collage, no CGI, no illustration.","text, watermark, logo, caption, signature, border, frame, collage, multiple panels, cartoon, illustration, CGI, 3d render, low-poly, painting, anime, surreal, deformed, duplicate objects, extra limbs, blurry, out of focus, noise, oversaturated, posterized, artifacts, jpeg artifacts"
7590,horse,racehorse,running,a lakeside shore,high angle,foggy morning,clean,a professional photo,"a professional photo of a racehorse running in a lakeside shore, high angle, foggy morning. single main subject, photorealistic color photo, natural colors, realistic texture, sharp focus on subject, no people, no text, no watermark, no logo, no border, no collage, no CGI, no illustration.","text, watermark, logo, caption, signature, border, frame, collage, multiple panels, cartoon, illustration, CGI, 3d render, low-poly, painting, anime, surreal, deformed, duplicate objects, extra limbs, blurry, out of focus, noise, oversaturated, posterized, artifacts, jpeg artifacts"
7537,horse,brown horse,standing,a parking lot,wide shot,nighttime under streetlights,clean,a photorealistic color photo,"a photorealistic color photo of a brown horse standing in a parking lot, wide shot, nighttime under streetlights. single main subject, photorealistic color photo, natural colors, realistic texture, sharp focus on subject, no people, no text, no watermark, no logo, no border, no collage, no CGI, no illustration.","text, watermark, logo, caption, signature, border, frame, collage, multiple panels, cartoon, illustration, CGI, 3d render, low-poly, painting, anime, surreal, deformed, duplicate objects, extra limbs, blurry, out of focus, noise, oversaturated, posterized, artifacts, jpeg artifacts"
7725,horse,pony,walking,an industrial yard,wide shot,overcast daylight,clean,a professional photo,"a professional photo of a pony horse walking in an industrial yard, wide shot, overcast daylight. single main subject, photorealistic color photo, natural colors, realistic texture, sharp focus on subject, no people, no text, no watermark, no logo, no border, no collage, no CGI, no illustration.","text, watermark, logo, caption, signature, border, frame, collage, multiple panels, cartoon, illustration, CGI, 3d render, low-poly, painting, anime, surreal, deformed, duplicate objects, extra limbs, blurry, out of focus, noise, oversaturated, posterized, artifacts, jpeg artifacts"
7098,horse,white horse,running,a countryside road,high angle,overcast daylight,clean,a photorealistic color photo,"a photorealistic color photo of a white horse running in a countryside road, high angle, overcast daylight. single main subject, photorealistic color photo, natural colors, realistic texture, sharp focus on subject, no people, no text, no watermark, no logo, no border, no collage, no CGI, no illustration.","text, watermark, logo, caption, signature, border, frame, collage, multiple panels, cartoon, illustration, CGI, 3d render, low-poly, painting, anime, surreal, deformed, duplicate objects, extra limbs, blurry, out of focus, noise, oversaturated, posterized, artifacts, jpeg artifacts"
7039,horse,racehorse,standing,a lakeside shore,side profile,rainy with wet reflections,clean,a high-quality image,"a high-quality image of a racehorse standing in a lakeside shore, side profile, rainy with wet reflections. single main subject, photorealistic color photo, natural colors, realistic texture, sharp focus on subject, no people, no text, no watermark, no logo, no border, no collage, no CGI, no illustration.","text, watermark, logo, caption, signature, border, frame, collage, multiple panels, cartoon, illustration, CGI, 3d render, low-poly, painting, anime, surreal, deformed, duplicate objects, extra limbs, blurry, out of focus, noise, oversaturated, posterized, artifacts, jpeg artifacts"
7281,horse,white horse,standing,a quiet residential street,low angle,indoor soft window light,clean,a professional photo,"a professional photo of a white horse standing in a quiet residential street, low angle, indoor soft window light. single main subject, photorealistic color photo, natural colors, realistic texture, sharp focus on subject, no people, no text, no watermark, no logo, no border, no collage, no CGI, no illustration.","text, watermark, logo, caption, signature, border, frame, collage, multiple panels, cartoon, illustration, CGI, 3d render, low-poly, painting, anime, surreal, deformed, duplicate objects, extra limbs, blurry, out of focus, noise, oversaturated, posterized, artifacts, jpeg artifacts"
7455,horse,white horse,walking,a forest clearing,wide shot,golden hour,clean,a professional photo,"a professional photo of a white horse walking in a forest clearing, wide shot, golden hour. single main subject, photorealistic color photo, natural colors, realistic texture, sharp focus on subject, no people, no text, no watermark, no logo, no border, no collage, no CGI, no illustration.","text, watermark, logo, caption, signature, border, frame, collage, multiple panels, cartoon, illustration, CGI, 3d render, low-poly, painting, anime, surreal, deformed, duplicate objects, extra limbs, blurry, out of focus, noise, oversaturated, posterized, artifacts, jpeg artifacts"
7086,horse,brown horse,grazing,an industrial yard,high angle,indoor soft window light,clean,a professional photo,"a professional photo of a brown horse grazing in an industrial yard, high angle, indoor soft window light. single main subject, photorealistic color photo, natural colors, realistic texture, sharp focus on subject, no people, no text, no watermark, no logo, no border, no collage, no CGI, no illustration.","text, watermark, logo, caption, signature, border, frame, collage, multiple panels, cartoon, illustration, CGI, 3d render, low-poly, painting, anime, surreal, deformed, duplicate objects, extra limbs, blurry, out of focus, noise, oversaturated, posterized, artifacts, jpeg artifacts"
7498,horse,white horse,grazing,a suburban neighborhood,low angle,nighttime under streetlights,clean,a finely detailed photo,"a finely detailed photo of a white horse grazing in a suburban neighborhood, low angle, nighttime under streetlights. single main subject, photorealistic color photo, natural colors, realistic texture, sharp focus on subject, no people, no text, no watermark, no logo, no border, no collage, no CGI, no illustration.","text, watermark, logo, caption, signature, border, frame, collage, multiple panels, cartoon, illustration, CGI, 3d render, low-poly, painting, anime, surreal, deformed, duplicate objects, extra limbs, blurry, out of focus, noise, oversaturated, posterized, artifacts, jpeg artifacts"
7276,horse,wild horse,running,a grassy field,wide shot,sunny afternoon,clean,a high-quality image,"a high-quality image of a wild horse running in a grassy field, wide shot, sunny afternoon. single main subject, photorealistic color photo, natural colors, realistic texture, sharp focus on subject, no people, no text, no watermark, no logo, no border, no collage, no CGI, no illustration.","text, watermark, logo, caption, signature, border, frame, collage, multiple panels, cartoon, illustration, CGI, 3d render, low-poly, painting, anime, surreal, deformed, duplicate objects, extra limbs, blurry, out of focus, noise, oversaturated, posterized, artifacts, jpeg artifacts"
7342,horse,draft horse,standing,a countryside road,low angle,rainy with wet reflections,clean,a photorealistic color photo,"a photorealistic color photo of a draft horse standing in a countryside road, low angle, rainy with wet reflections. single main subject, photorealistic color photo, natural colors, realistic texture, sharp focus on subject, no people, no text, no watermark, no logo, no border, no collage, no CGI, no illustration.","text, watermark, logo, caption, signature, border, frame, collage, multiple panels, cartoon, illustration, CGI, 3d render, low-poly, painting, anime, surreal, deformed, duplicate objects, extra limbs, blurry, out of focus, noise, oversaturated, posterized, artifacts, jpeg artifacts"
7692,horse,brown horse,standing,an urban street,close-up,golden hour,clean,a detailed photograph,"a detailed photograph of a brown horse standing in an urban street, close-up, golden hour. single main subject, photorealistic color photo, natural colors, realistic texture, sharp focus on subject, no people, no text, no watermark, no logo, no border, no collage, no CGI, no illustration.","text, watermark, logo, caption, signature, border, frame, collage, multiple panels, cartoon, illustration, CGI, 3d render, low-poly, painting, anime, surreal, deformed, duplicate objects, extra limbs, blurry, out of focus, noise, oversaturated, posterized, artifacts, jpeg artifacts"
7697,horse,pony,running,a sandy beach,wide shot,overcast daylight,clean,a high-quality image,"a high-quality image of a pony horse running in a sandy beach, wide shot, overcast daylight. single main subject, photorealistic color photo, natural colors, realistic texture, sharp focus on subject, no people, no text, no watermark, no logo, no border, no collage, no CGI, no illustration.","text, watermark, logo, caption, signature, border, frame, collage, multiple panels, cartoon, illustration, CGI, 3d render, low-poly, painting, anime, surreal, deformed, duplicate objects, extra limbs, blurry, out of focus, noise, oversaturated, posterized, artifacts, jpeg artifacts"
7905,horse,white horse,standing,a countryside road,wide shot,sunny afternoon,hard,a professional photo,"a professional photo of a white horse standing in a countryside road, wide shot, sunny afternoon. busy background but still one main subject. single main subject, photorealistic color photo, natural colors, realistic texture, sharp focus on subject, no people, no text, no watermark, no logo, no border, no collage, no CGI, no illustration.","text, watermark, logo, caption, signature, border, frame, collage, multiple panels, cartoon, illustration, CGI, 3d render, low-poly, painting, anime, surreal, deformed, duplicate objects, extra limbs, blurry, out of focus, noise, oversaturated, posterized, artifacts, jpeg artifacts"
7569,horse,wild horse,walking,a quiet residential street,side profile,foggy morning,clean,a detailed photograph,"a detailed photograph of a wild horse walking in a quiet residential street, side profile, foggy morning. single main subject, photorealistic color photo, natural colors, realistic texture, sharp focus on subject, no people, no text, no watermark, no logo, no border, no collage, no CGI, no illustration.","text, watermark, logo, caption, signature, border, frame, collage, multiple panels, cartoon, illustration, CGI, 3d render, low-poly, painting, anime, surreal, deformed, duplicate objects, extra limbs, blurry, out of focus, noise, oversaturated, posterized, artifacts, jpeg artifacts"
7680,horse,white horse,standing,a gravel lot,front view,backlit rim light,clean,a finely detailed photo,"a finely detailed photo of a white horse standing in a gravel lot, front view, backlit rim light. single main subject, photorealistic color photo, natural colors, realistic texture, sharp focus on subject, no people, no text, no watermark, no logo, no border, no collage, no CGI, no illustration.","text, watermark, logo, caption, signature, border, frame, collage, multiple panels, cartoon, illustration, CGI, 3d render, low-poly, painting, anime, surreal, deformed, duplicate objects, extra limbs, blurry, out of focus, noise, oversaturated, posterized, artifacts, jpeg artifacts"
7546,horse,wild horse,walking,a lakeside shore,wide shot,rainy with wet reflections,clean,a photorealistic color photo,"a photorealistic color photo of a wild horse walking in a lakeside shore, wide shot, rainy with wet reflections. single main subject, photorealistic color photo, natural colors, realistic texture, sharp focus on subject, no people, no text, no watermark, no logo, no border, no collage, no CGI, no illustration.","text, watermark, logo, caption, signature, border, frame, collage, multiple panels, cartoon, illustration, CGI, 3d render, low-poly, painting, anime, surreal, deformed, duplicate objects, extra limbs, blurry, out of focus, noise, oversaturated, posterized, artifacts, jpeg artifacts"
7127,horse,wild horse,running,a city park,3/4 view,golden hour,clean,a professional photo,"a professional photo of a wild horse running in a city park, 3/4 view, golden hour. single main subject, photorealistic color photo, natural colors, realistic texture, sharp focus on subject, no people, no text, no watermark, no logo, no border, no collage, no CGI, no illustration.","text, watermark, logo, caption, signature, border, frame, collage, multiple panels, cartoon, illustration, CGI, 3d render, low-poly, painting, anime, surreal, deformed, duplicate objects, extra limbs, blurry, out of focus, noise, oversaturated, posterized, artifacts, jpeg artifacts"
7231,horse,pony,standing,a wet roadway after rain,low angle,indoor soft window light,clean,a professional photo,"a professional photo of a pony horse standing in a wet roadway after rain, low angle, indoor soft window light. single main subject, photorealistic color photo, natural colors, realistic texture, sharp focus on subject, no people, no text, no watermark, no logo, no border, no collage, no CGI, no illustration.","text, watermark, logo, caption, signature, border, frame, collage, multiple panels, cartoon, illustration, CGI, 3d render, low-poly, painting, anime, surreal, deformed, duplicate objects, extra limbs, blurry, out of focus, noise, oversaturated, posterized, artifacts, jpeg artifacts"
7744,horse,wild horse,running,a backyard,slightly off-center framing,overcast daylight,clean,a finely detailed photo,"a finely detailed photo of a wild horse running in a backyard, slightly off-center framing, overcast daylight. single main subject, photorealistic color photo, natural colors, realistic texture, sharp focus on subject, no people, no text, no watermark, no logo, no border, no collage, no CGI, no illustration.","text, watermark, logo, caption, signature, border, frame, collage, multiple panels, cartoon, illustration, CGI, 3d render, low-poly, painting, anime, surreal, deformed, duplicate objects, extra limbs, blurry, out of focus, noise, oversaturated, posterized, artifacts, jpeg artifacts"
7575,horse,draft horse,walking,an industrial yard,front view,foggy morning,clean,a professional photo,"a professional photo of a draft horse walking in an industrial yard, front view, foggy morning. single main subject, photorealistic color photo, natural colors, realistic texture, sharp focus on subject, no people, no text, no watermark, no logo, no border, no collage, no CGI, no illustration.","text, watermark, logo, caption, signature, border, frame, collage, multiple panels, cartoon, illustration, CGI, 3d render, low-poly, painting, anime, surreal, deformed, duplicate objects, extra limbs, blurry, out of focus, noise, oversaturated, posterized, artifacts, jpeg artifacts"
7489,horse,pony,standing,a grassy field,3/4 view,rainy with wet reflections,clean,a detailed photograph,"a detailed photograph of a pony horse standing in a grassy field, 3/4 view, rainy with wet reflections. single main subject, photorealistic color photo, natural colors, realistic texture, sharp focus on subject, no people, no text, no watermark, no logo, no border, no collage, no CGI, no illustration.","text, watermark, logo, caption, signature, border, frame, collage, multiple panels, cartoon, illustration, CGI, 3d render, low-poly, painting, anime, surreal, deformed, duplicate objects, extra limbs, blurry, out of focus, noise, oversaturated, posterized, artifacts, jpeg artifacts"
7654,horse,white horse,standing,a parking lot,slightly off-center framing,indoor soft window light,clean,an ultra-realistic rendering,"an ultra-realistic rendering of a white horse standing in a parking lot, slightly off-center framing, indoor soft window light. single main subject, photorealistic color photo, natural colors, realistic texture, sharp focus on subject, no people, no text, no watermark, no logo, no border, no collage, no CGI, no illustration.","text, watermark, logo, caption, signature, border, frame, collage, multiple panels, cartoon, illustration, CGI, 3d render, low-poly, painting, anime, surreal, deformed, duplicate objects, extra limbs, blurry, out of focus, noise, oversaturated, posterized, artifacts, jpeg artifacts"
7461,horse,draft horse,running,a grassy field,side profile,backlit rim light,clean,a professional photo,"a professional photo of a draft horse running in a grassy field, side profile, backlit rim light. single main subject, photorealistic color photo, natural colors, realistic texture, sharp focus on subject, no people, no text, no watermark, no logo, no border, no collage, no CGI, no illustration.","text, watermark, logo, caption, signature, border, frame, collage, multiple panels, cartoon, illustration, CGI, 3d render, low-poly, painting, anime, surreal, deformed, duplicate objects, extra limbs, blurry, out of focus, noise, oversaturated, posterized, artifacts, jpeg artifacts"
7805,horse,white horse,walking,a sandy beach,wide shot,backlit rim light,hard,a high-quality image,"a high-quality image of a white horse walking in a sandy beach, wide shot, backlit rim light. slight motion blur. single main subject, photorealistic color photo, natural colors, realistic texture, sharp focus on subject, no people, no text, no watermark, no logo, no border, no collage, no CGI, no illustration.","text, watermark, logo, caption, signature, border, frame, collage, multiple panels, cartoon, illustration, CGI, 3d render, low-poly, painting, anime, surreal, deformed, duplicate objects, extra limbs, blurry, out of focus, noise, oversaturated, posterized, artifacts, jpeg artifacts"
7331,horse,racehorse,running,a parking lot,wide shot,foggy morning,clean,a professional photo,"a professional photo of a racehorse running in a parking lot, wide shot, foggy morning. single main subject, photorealistic color photo, natural colors, realistic texture, sharp focus on subject, no people, no text, no watermark, no logo, no border, no collage, no CGI, no illustration.","text, watermark, logo, caption, signature, border, frame, collage, multiple panels, cartoon, illustration, CGI, 3d render, low-poly, painting, anime, surreal, deformed, duplicate objects, extra limbs, blurry, out of focus, noise, oversaturated, posterized, artifacts, jpeg artifacts"
7229,horse,brown horse,grazing,a city park,side profile,foggy morning,clean,a finely detailed photo,"a finely detailed photo of a brown horse grazing in a city park, side profile, foggy morning. single main subject, photorealistic color photo, natural colors, realistic texture, sharp focus on subject, no people, no text, no watermark, no logo, no border, no collage, no CGI, no illustration.","text, watermark, logo, caption, signature, border, frame, collage, multiple panels, cartoon, illustration, CGI, 3d render, low-poly, painting, anime, surreal, deformed, duplicate objects, extra limbs, blurry, out of focus, noise, oversaturated, posterized, artifacts, jpeg artifacts"
7934,horse,brown horse,walking,a backyard,side profile,rainy with wet reflections,hard,a photorealistic color photo,"a photorealistic color photo of a brown horse walking in a backyard, side profile, rainy with wet reflections. slight motion blur. single main subject, photorealistic color photo, natural colors, realistic texture, sharp focus on subject, no people, no text, no watermark, no logo, no border, no collage, no CGI, no illustration.","text, watermark, logo, caption, signature, border, frame, collage, multiple panels, cartoon, illustration, CGI, 3d render, low-poly, painting, anime, surreal, deformed, duplicate objects, extra limbs, blurry, out of focus, noise, oversaturated, posterized, artifacts, jpeg artifacts"
7217,horse,white horse,grazing,a wet roadway after rain,front view,overcast daylight,clean,a photorealistic color photo,"a photorealistic color photo of a white horse grazing in a wet roadway after rain, front view, overcast daylight. single main subject, photorealistic color photo, natural colors, realistic texture, sharp focus on subject, no people, no text, no watermark, no logo, no border, no collage, no CGI, no illustration.","text, watermark, logo, caption, signature, border, frame, collage, multiple panels, cartoon, illustration, CGI, 3d render, low-poly, painting, anime, surreal, deformed, duplicate objects, extra limbs, blurry, out of focus, noise, oversaturated, posterized, artifacts, jpeg artifacts"
7223,horse,brown horse,grazing,a gravel lot,high angle,sunny afternoon,clean,a finely detailed photo,"a finely detailed photo of a brown horse grazing in a gravel lot, high angle, sunny afternoon. single main subject, photorealistic color photo, natural colors, realistic texture, sharp focus on subject, no people, no text, no watermark, no logo, no border, no collage, no CGI, no illustration.","text, watermark, logo, caption, signature, border, frame, collage, multiple panels, cartoon, illustration, CGI, 3d render, low-poly, painting, anime, surreal, deformed, duplicate objects, extra limbs, blurry, out of focus, noise, oversaturated, posterized, artifacts, jpeg artifacts"
7557,horse,pony,running,a forest clearing,3/4 view,rainy with wet reflections,clean,a professional photo,"a professional photo of a pony horse running in a forest clearing, 3/4 view, rainy with wet reflections. single main subject, photorealistic color photo, natural colors, realistic texture, sharp focus on subject, no people, no text, no watermark, no logo, no border, no collage, no CGI, no illustration.","text, watermark, logo, caption, signature, border, frame, collage, multiple panels, cartoon, illustration, CGI, 3d render, low-poly, painting, anime, surreal, deformed, duplicate objects, extra limbs, blurry, out of focus, noise, oversaturated, posterized, artifacts, jpeg artifacts"
7379,horse,racehorse,grazing,a grassy field,slightly off-center framing,rainy with wet reflections,clean,a photorealistic color photo,"a photorealistic color photo of a racehorse grazing in a grassy field, slightly off-center framing, rainy with wet reflections. single main subject, photorealistic color photo, natural colors, realistic texture, sharp focus on subject, no people, no text, no watermark, no logo, no border, no collage, no CGI, no illustration.","text, watermark, logo, caption, signature, border, frame, collage, multiple panels, cartoon, illustration, CGI, 3d render, low-poly, painting, anime, surreal, deformed, duplicate objects, extra limbs, blurry, out of focus, noise, oversaturated, posterized, artifacts, jpeg artifacts"
7463,horse,racehorse,running,a parking lot,wide shot,indoor soft window light,clean,a finely detailed photo,"a finely detailed photo of a racehorse running in a parking lot, wide shot, indoor soft window light. single main subject, photorealistic color photo, natural colors, realistic texture, sharp focus on subject, no people, no text, no watermark, no logo, no border, no collage, no CGI, no illustration.","text, watermark, logo, caption, signature, border, frame, collage, multiple panels, cartoon, illustration, CGI, 3d render, low-poly, painting, anime, surreal, deformed, duplicate objects, extra limbs, blurry, out of focus, noise, oversaturated, posterized, artifacts, jpeg artifacts"
7986,horse,racehorse,standing,a city park,wide shot,golden hour,hard,a photorealistic color photo,"a photorealistic color photo of a racehorse standing in a city park, wide shot, golden hour. slight motion blur. single main subject, photorealistic color photo, natural colors, realistic texture, sharp focus on subject, no people, no text, no watermark, no logo, no border, no collage, no CGI, no illustration.","text, watermark, logo, caption, signature, border, frame, collage, multiple panels, cartoon, illustration, CGI, 3d render, low-poly, painting, anime, surreal, deformed, duplicate objects, extra limbs, blurry, out of focus, noise, oversaturated, posterized, artifacts, jpeg artifacts"
7613,horse,draft horse,standing,a quiet residential street,low angle,nighttime under streetlights,clean,a detailed photograph,"a detailed photograph of a draft horse standing in a quiet residential street, low angle, nighttime under streetlights. single main subject, photorealistic color photo, natural colors, realistic texture, sharp focus on subject, no people, no text, no watermark, no logo, no border, no collage, no CGI, no illustration.","text, watermark, logo, caption, signature, border, frame, collage, multiple panels, cartoon, illustration, CGI, 3d render, low-poly, painting, anime, surreal, deformed, duplicate objects, extra limbs, blurry, out of focus, noise, oversaturated, posterized, artifacts, jpeg artifacts"
7773,horse,pony,grazing,a backyard,front view,foggy morning,clean,a photorealistic color photo,"a photorealistic color photo of a pony horse grazing in a backyard, front view, foggy morning. single main subject, photorealistic color photo, natural colors, realistic texture, sharp focus on subject, no people, no text, no watermark, no logo, no border, no collage, no CGI, no illustration.","text, watermark, logo, caption, signature, border, frame, collage, multiple panels, cartoon, illustration, CGI, 3d render, low-poly, painting, anime, surreal, deformed, duplicate objects, extra limbs, blurry, out of focus, noise, oversaturated, posterized, artifacts, jpeg artifacts"
7180,horse,brown horse,grazing,a quiet residential street,low angle,indoor soft window light,clean,a photorealistic color photo,"a photorealistic color photo of a brown horse grazing in a quiet residential street, low angle, indoor soft window light. single main subject, photorealistic color photo, natural colors, realistic texture, sharp focus on subject, no people, no text, no watermark, no logo, no border, no collage, no CGI, no illustration.","text, watermark, logo, caption, signature, border, frame, collage, multiple panels, cartoon, illustration, CGI, 3d render, low-poly, painting, anime, surreal, deformed, duplicate objects, extra limbs, blurry, out of focus, noise, oversaturated, posterized, artifacts, jpeg artifacts"
7027,horse,draft horse,standing,an urban street,side profile,indoor soft window light,clean,an ultra-realistic rendering,"an ultra-realistic rendering of a draft horse standing in an urban street, side profile, indoor soft window light. single main subject, photorealistic color photo, natural colors, realistic texture, sharp focus on subject, no people, no text, no watermark, no logo, no border, no collage, no CGI, no illustration.","text, watermark, logo, caption, signature, border, frame, collage, multiple panels, cartoon, illustration, CGI, 3d render, low-poly, painting, anime, surreal, deformed, duplicate objects, extra limbs, blurry, out of focus, noise, oversaturated, posterized, artifacts, jpeg artifacts"
7476,horse,white horse,running,a lakeside shore,3/4 view,nighttime under streetlights,clean,a high-quality image,"a high-quality image of a white horse running in a lakeside shore, 3/4 view, nighttime under streetlights. single main subject, photorealistic color photo, natural colors, realistic texture, sharp focus on subject, no people, no text, no watermark, no logo, no border, no collage, no CGI, no illustration.","text, watermark, logo, caption, signature, border, frame, collage, multiple panels, cartoon, illustration, CGI, 3d render, low-poly, painting, anime, surreal, deformed, duplicate objects, extra limbs, blurry, out of focus, noise, oversaturated, posterized, artifacts, jpeg artifacts"
7499,horse,draft horse,standing,a suburban neighborhood,side profile,indoor soft window light,clean,a high-quality image,"a high-quality image of a draft horse standing in a suburban neighborhood, side profile, indoor soft window light. single main subject, photorealistic color photo, natural colors, realistic texture, sharp focus on subject, no people, no text, no watermark, no logo, no border, no collage, no CGI, no illustration.","text, watermark, logo, caption, signature, border, frame, collage, multiple panels, cartoon, illustration, CGI, 3d render, low-poly, painting, anime, surreal, deformed, duplicate objects, extra limbs, blurry, out of focus, noise, oversaturated, posterized, artifacts, jpeg artifacts"
7687,horse,racehorse,standing,a grassy field,close-up,sunny afternoon,clean,a photorealistic color photo,"a photorealistic color photo of a racehorse standing in a grassy field, close-up, sunny afternoon. single main subject, photorealistic color photo, natural colors, realistic texture, sharp focus on subject, no people, no text, no watermark, no logo, no border, no collage, no CGI, no illustration.","text, watermark, logo, caption, signature, border, frame, collage, multiple panels, cartoon, illustration, CGI, 3d render, low-poly, painting, anime, surreal, deformed, duplicate objects, extra limbs, blurry, out of focus, noise, oversaturated, posterized, artifacts, jpeg artifacts"
7851,horse,pony,standing,a backyard,slightly off-center framing,golden hour,hard,a photorealistic color photo,"a photorealistic color photo of a pony horse standing in a backyard, slightly off-center framing, golden hour. slight motion blur. single main subject, photorealistic color photo, natural colors, realistic texture, sharp focus on subject, no people, no text, no watermark, no logo, no border, no collage, no CGI, no illustration.","text, watermark, logo, caption, signature, border, frame, collage, multiple panels, cartoon, illustration, CGI, 3d render, low-poly, painting, anime, surreal, deformed, duplicate objects, extra limbs, blurry, out of focus, noise, oversaturated, posterized, artifacts, jpeg artifacts"
7708,horse,brown horse,walking,a wet roadway after rain,side profile,indoor soft window light,clean,a high-quality image,"a high-quality image of a brown horse walking in a wet roadway after rain, side profile, indoor soft window light. single main subject, photorealistic color photo, natural colors, realistic texture, sharp focus on subject, no people, no text, no watermark, no logo, no border, no collage, no CGI, no illustration.","text, watermark, logo, caption, signature, border, frame, collage, multiple panels, cartoon, illustration, CGI, 3d render, low-poly, painting, anime, surreal, deformed, duplicate objects, extra limbs, blurry, out of focus, noise, oversaturated, posterized, artifacts, jpeg artifacts"
7210,horse,wild horse,standing,a suburban neighborhood,high angle,indoor soft window light,clean,a finely detailed photo,"a finely detailed photo of a wild horse standing in a suburban neighborhood, high angle, indoor soft window light. single main subject, photorealistic color photo, natural colors, realistic texture, sharp focus on subject, no people, no text, no watermark, no logo, no border, no collage, no CGI, no illustration.","text, watermark, logo, caption, signature, border, frame, collage, multiple panels, cartoon, illustration, CGI, 3d render, low-poly, painting, anime, surreal, deformed, duplicate objects, extra limbs, blurry, out of focus, noise, oversaturated, posterized, artifacts, jpeg artifacts"
7570,horse,pony,standing,a forest clearing,3/4 view,overcast daylight,clean,a photorealistic color photo,"a photorealistic color photo of a pony horse standing in a forest clearing, 3/4 view, overcast daylight. single main subject, photorealistic color photo, natural colors, realistic texture, sharp focus on subject, no people, no text, no watermark, no logo, no border, no collage, no CGI, no illustration.","text, watermark, logo, caption, signature, border, frame, collage, multiple panels, cartoon, illustration, CGI, 3d render, low-poly, painting, anime, surreal, deformed, duplicate objects, extra limbs, blurry, out of focus, noise, oversaturated, posterized, artifacts, jpeg artifacts"
7578,horse,racehorse,grazing,a lakeside shore,low angle,indoor soft window light,clean,a high-quality image,"a high-quality image of a racehorse grazing in a lakeside shore, low angle, indoor soft window light. single main subject, photorealistic color photo, natural colors, realistic texture, sharp focus on subject, no people, no text, no watermark, no logo, no border, no collage, no CGI, no illustration.","text, watermark, logo, caption, signature, border, frame, collage, multiple panels, cartoon, illustration, CGI, 3d render, low-poly, painting, anime, surreal, deformed, duplicate objects, extra limbs, blurry, out of focus, noise, oversaturated, posterized, artifacts, jpeg artifacts"
7734,horse,brown horse,standing,an urban street,low angle,nighttime under streetlights,clean,a detailed photograph,"a detailed photograph of a brown horse standing in an urban street, low angle, nighttime under streetlights. single main subject, photorealistic color photo, natural colors, realistic texture, sharp focus on subject, no people, no text, no watermark, no logo, no border, no collage, no CGI, no illustration.","text, watermark, logo, caption, signature, border, frame, collage, multiple panels, cartoon, illustration, CGI, 3d render, low-poly, painting, anime, surreal, deformed, duplicate objects, extra limbs, blurry, out of focus, noise, oversaturated, posterized, artifacts, jpeg artifacts"
7295,horse,wild horse,running,a backyard,front view,indoor soft window light,clean,a finely detailed photo,"a finely detailed photo of a wild horse running in a backyard, front view, indoor soft window light. single main subject, photorealistic color photo, natural colors, realistic texture, sharp focus on subject, no people, no text, no watermark, no logo, no border, no collage, no CGI, no illustration.","text, watermark, logo, caption, signature, border, frame, collage, multiple panels, cartoon, illustration, CGI, 3d render, low-poly, painting, anime, surreal, deformed, duplicate objects, extra limbs, blurry, out of focus, noise, oversaturated, posterized, artifacts, jpeg artifacts"
7588,horse,pony,grazing,a countryside road,high angle,rainy with wet reflections,clean,a professional photo,"a professional photo of a pony horse grazing in a countryside road, high angle, rainy with wet reflections. single main subject, photorealistic color photo, natural colors, realistic texture, sharp focus on subject, no people, no text, no watermark, no logo, no border, no collage, no CGI, no illustration.","text, watermark, logo, caption, signature, border, frame, collage, multiple panels, cartoon, illustration, CGI, 3d render, low-poly, painting, anime, surreal, deformed, duplicate objects, extra limbs, blurry, out of focus, noise, oversaturated, posterized, artifacts, jpeg artifacts"
7678,horse,draft horse,walking,an urban street,high angle,golden hour,clean,a finely detailed photo,"a finely detailed photo of a draft horse walking in an urban street, high angle, golden hour. single main subject, photorealistic color photo, natural colors, realistic texture, sharp focus on subject, no people, no text, no watermark, no logo, no border, no collage, no CGI, no illustration.","text, watermark, logo, caption, signature, border, frame, collage, multiple panels, cartoon, illustration, CGI, 3d render, low-poly, painting, anime, surreal, deformed, duplicate objects, extra limbs, blurry, out of focus, noise, oversaturated, posterized, artifacts, jpeg artifacts"
7312,horse,wild horse,running,a forest clearing,low angle,sunny afternoon,clean,a high-quality image,"a high-quality image of a wild horse running in a forest clearing, low angle, sunny afternoon. single main subject, photorealistic color photo, natural colors, realistic texture, sharp focus on subject, no people, no text, no watermark, no logo, no border, no collage, no CGI, no illustration.","text, watermark, logo, caption, signature, border, frame, collage, multiple panels, cartoon, illustration, CGI, 3d render, low-poly, painting, anime, surreal, deformed, duplicate objects, extra limbs, blurry, out of focus, noise, oversaturated, posterized, artifacts, jpeg artifacts"
7266,horse,wild horse,running,an industrial yard,side profile,rainy with wet reflections,clean,a detailed photograph,"a detailed photograph of a wild horse running in an industrial yard, side profile, rainy with wet reflections. single main subject, photorealistic color photo, natural colors, realistic texture, sharp focus on subject, no people, no text, no watermark, no logo, no border, no collage, no CGI, no illustration.","text, watermark, logo, caption, signature, border, frame, collage, multiple panels, cartoon, illustration, CGI, 3d render, low-poly, painting, anime, surreal, deformed, duplicate objects, extra limbs, blurry, out of focus, noise, oversaturated, posterized, artifacts, jpeg artifacts"
7706,horse,racehorse,standing,a parking lot,high angle,foggy morning,clean,an ultra-realistic rendering,"an ultra-realistic rendering of a racehorse standing in a parking lot, high angle, foggy morning. single main subject, photorealistic color photo, natural colors, realistic texture, sharp focus on subject, no people, no text, no watermark, no logo, no border, no collage, no CGI, no illustration.","text, watermark, logo, caption, signature, border, frame, collage, multiple panels, cartoon, illustration, CGI, 3d render, low-poly, painting, anime, surreal, deformed, duplicate objects, extra limbs, blurry, out of focus, noise, oversaturated, posterized, artifacts, jpeg artifacts"
7386,horse,pony,grazing,a countryside road,side profile,golden hour,clean,a finely detailed photo,"a finely detailed photo of a pony horse grazing in a countryside road, side profile, golden hour. single main subject, photorealistic color photo, natural colors, realistic texture, sharp focus on subject, no people, no text, no watermark, no logo, no border, no collage, no CGI, no illustration.","text, watermark, logo, caption, signature, border, frame, collage, multiple panels, cartoon, illustration, CGI, 3d render, low-poly, painting, anime, surreal, deformed, duplicate objects, extra limbs, blurry, out of focus, noise, oversaturated, posterized, artifacts, jpeg artifacts"
7943,horse,white horse,running,a lakeside shore,front view,backlit rim light,hard,an ultra-realistic rendering,"an ultra-realistic rendering of a white horse running in a lakeside shore, front view, backlit rim light. slight motion blur. single main subject, photorealistic color photo, natural colors, realistic texture, sharp focus on subject, no people, no text, no watermark, no logo, no border, no collage, no CGI, no illustration.","text, watermark, logo, caption, signature, border, frame, collage, multiple panels, cartoon, illustration, CGI, 3d render, low-poly, painting, anime, surreal, deformed, duplicate objects, extra limbs, blurry, out of focus, noise, oversaturated, posterized, artifacts, jpeg artifacts"
7181,horse,draft horse,running,a sandy beach,wide shot,backlit rim light,clean,a high-quality image,"a high-quality image of a draft horse running in a sandy beach, wide shot, backlit rim light. single main subject, photorealistic color photo, natural colors, realistic texture, sharp focus on subject, no people, no text, no watermark, no logo, no border, no collage, no CGI, no illustration.","text, watermark, logo, caption, signature, border, frame, collage, multiple panels, cartoon, illustration, CGI, 3d render, low-poly, painting, anime, surreal, deformed, duplicate objects, extra limbs, blurry, out of focus, noise, oversaturated, posterized, artifacts, jpeg artifacts"
7153,horse,brown horse,standing,a backyard,side profile,sunny afternoon,clean,a finely detailed photo,"a finely detailed photo of a brown horse standing in a backyard, side profile, sunny afternoon. single main subject, photorealistic color photo, natural colors, realistic texture, sharp focus on subject, no people, no text, no watermark, no logo, no border, no collage, no CGI, no illustration.","text, watermark, logo, caption, signature, border, frame, collage, multiple panels, cartoon, illustration, CGI, 3d render, low-poly, painting, anime, surreal, deformed, duplicate objects, extra limbs, blurry, out of focus, noise, oversaturated, posterized, artifacts, jpeg artifacts"
7255,horse,draft horse,grazing,a suburban neighborhood,slightly off-center framing,overcast daylight,clean,a finely detailed photo,"a finely detailed photo of a draft horse grazing in a suburban neighborhood, slightly off-center framing, overcast daylight. single main subject, photorealistic color photo, natural colors, realistic texture, sharp focus on subject, no people, no text, no watermark, no logo, no border, no collage, no CGI, no illustration.","text, watermark, logo, caption, signature, border, frame, collage, multiple panels, cartoon, illustration, CGI, 3d render, low-poly, painting, anime, surreal, deformed, duplicate objects, extra limbs, blurry, out of focus, noise, oversaturated, posterized, artifacts, jpeg artifacts"
7719,horse,wild horse,running,a sandy beach,front view,rainy with wet reflections,clean,a high-quality image,"a high-quality image of a wild horse running in a sandy beach, front view, rainy with wet reflections. single main subject, photorealistic color photo, natural colors, realistic texture, sharp focus on subject, no people, no text, no watermark, no logo, no border, no collage, no CGI, no illustration.","text, watermark, logo, caption, signature, border, frame, collage, multiple panels, cartoon, illustration, CGI, 3d render, low-poly, painting, anime, surreal, deformed, duplicate objects, extra limbs, blurry, out of focus, noise, oversaturated, posterized, artifacts, jpeg artifacts"
7388,horse,racehorse,grazing,a suburban neighborhood,high angle,backlit rim light,clean,a finely detailed photo,"a finely detailed photo of a racehorse grazing in a suburban neighborhood, high angle, backlit rim light. single main subject, photorealistic color photo, natural colors, realistic texture, sharp focus on subject, no people, no text, no watermark, no logo, no border, no collage, no CGI, no illustration.","text, watermark, logo, caption, signature, border, frame, collage, multiple panels, cartoon, illustration, CGI, 3d render, low-poly, painting, anime, surreal, deformed, duplicate objects, extra limbs, blurry, out of focus, noise, oversaturated, posterized, artifacts, jpeg artifacts"
7121,horse,wild horse,grazing,a suburban neighborhood,low angle,backlit rim light,clean,a professional photo,"a professional photo of a wild horse grazing in a suburban neighborhood, low angle, backlit rim light. single main subject, photorealistic color photo, natural colors, realistic texture, sharp focus on subject, no people, no text, no watermark, no logo, no border, no collage, no CGI, no illustration.","text, watermark, logo, caption, signature, border, frame, collage, multiple panels, cartoon, illustration, CGI, 3d render, low-poly, painting, anime, surreal, deformed, duplicate objects, extra limbs, blurry, out of focus, noise, oversaturated, posterized, artifacts, jpeg artifacts"
7192,horse,wild horse,grazing,a quiet residential street,wide shot,overcast daylight,clean,a photorealistic color photo,"a photorealistic color photo of a wild horse grazing in a quiet residential street, wide shot, overcast daylight. single main subject, photorealistic color photo, natural colors, realistic texture, sharp focus on subject, no people, no text, no watermark, no logo, no border, no collage, no CGI, no illustration.","text, watermark, logo, caption, signature, border, frame, collage, multiple panels, cartoon, illustration, CGI, 3d render, low-poly, painting, anime, surreal, deformed, duplicate objects, extra limbs, blurry, out of focus, noise, oversaturated, posterized, artifacts, jpeg artifacts"
7101,horse,wild horse,grazing,an industrial yard,side profile,backlit rim light,clean,a finely detailed photo,"a finely detailed photo of a wild horse grazing in an industrial yard, side profile, backlit rim light. single main subject, photorealistic color photo, natural colors, realistic texture, sharp focus on subject, no people, no text, no watermark, no logo, no border, no collage, no CGI, no illustration.","text, watermark, logo, caption, signature, border, frame, collage, multiple panels, cartoon, illustration, CGI, 3d render, low-poly, painting, anime, surreal, deformed, duplicate objects, extra limbs, blurry, out of focus, noise, oversaturated, posterized, artifacts, jpeg artifacts"
7741,horse,draft horse,standing,a suburban neighborhood,3/4 view,backlit rim light,clean,a high-quality image,"a high-quality image of a draft horse standing in a suburban neighborhood, 3/4 view, backlit rim light. single main subject, photorealistic color photo, natural colors, realistic texture, sharp focus on subject, no people, no text, no watermark, no logo, no border, no collage, no CGI, no illustration.","text, watermark, logo, caption, signature, border, frame, collage, multiple panels, cartoon, illustration, CGI, 3d render, low-poly, painting, anime, surreal, deformed, duplicate objects, extra limbs, blurry, out of focus, noise, oversaturated, posterized, artifacts, jpeg artifacts"
7681,horse,wild horse,standing,a countryside road,front view,indoor soft window light,clean,a finely detailed photo,"a finely detailed photo of a wild horse standing in a countryside road, front view, indoor soft window light. single main subject, photorealistic color photo, natural colors, realistic texture, sharp focus on subject, no people, no text, no watermark, no logo, no border, no collage, no CGI, no illustration.","text, watermark, logo, caption, signature, border, frame, collage, multiple panels, cartoon, illustration, CGI, 3d render, low-poly, painting, anime, surreal, deformed, duplicate objects, extra limbs, blurry, out of focus, noise, oversaturated, posterized, artifacts, jpeg artifacts"
7901,horse,racehorse,grazing,a quiet residential street,side profile,overcast daylight,hard,a finely detailed photo,"a finely detailed photo of a racehorse grazing in a quiet residential street, side profile, overcast daylight. in the distance. single main subject, photorealistic color photo, natural colors, realistic texture, sharp focus on subject, no people, no text, no watermark, no logo, no border, no collage, no CGI, no illustration.","text, watermark, logo, caption, signature, border, frame, collage, multiple panels, cartoon, illustration, CGI, 3d render, low-poly, painting, anime, surreal, deformed, duplicate objects, extra limbs, blurry, out of focus, noise, oversaturated, posterized, artifacts, jpeg artifacts"
7225,horse,brown horse,standing,a backyard,3/4 view,golden hour,clean,a high-quality image,"a high-quality image of a brown horse standing in a backyard, 3/4 view, golden hour. single main subject, photorealistic color photo, natural colors, realistic texture, sharp focus on subject, no people, no text, no watermark, no logo, no border, no collage, no CGI, no illustration.","text, watermark, logo, caption, signature, border, frame, collage, multiple panels, cartoon, illustration, CGI, 3d render, low-poly, painting, anime, surreal, deformed, duplicate objects, extra limbs, blurry, out of focus, noise, oversaturated, posterized, artifacts, jpeg artifacts"
7886,horse,pony,grazing,a sandy beach,3/4 view,overcast daylight,hard,a photorealistic color photo,"a photorealistic color photo of a pony horse grazing in a sandy beach, 3/4 view, overcast daylight. busy background but still one main subject. single main subject, photorealistic color photo, natural colors, realistic texture, sharp focus on subject, no people, no text, no watermark, no logo, no border, no collage, no CGI, no illustration.","text, watermark, logo, caption, signature, border, frame, collage, multiple panels, cartoon, illustration, CGI, 3d render, low-poly, painting, anime, surreal, deformed, duplicate objects, extra limbs, blurry, out of focus, noise, oversaturated, posterized, artifacts, jpeg artifacts"
7605,horse,pony,walking,a countryside road,close-up,backlit rim light,clean,a detailed photograph,"a detailed photograph of a pony horse walking in a countryside road, close-up, backlit rim light. single main subject, photorealistic color photo, natural colors, realistic texture, sharp focus on subject, no people, no text, no watermark, no logo, no border, no collage, no CGI, no illustration.","text, watermark, logo, caption, signature, border, frame, collage, multiple panels, cartoon, illustration, CGI, 3d render, low-poly, painting, anime, surreal, deformed, duplicate objects, extra limbs, blurry, out of focus, noise, oversaturated, posterized, artifacts, jpeg artifacts"
7539,horse,white horse,grazing,a sandy beach,front view,golden hour,clean,a photorealistic color photo,"a photorealistic color photo of a white horse grazing in a sandy beach, front view, golden hour. single main subject, photorealistic color photo, natural colors, realistic texture, sharp focus on subject, no people, no text, no watermark, no logo, no border, no collage, no CGI, no illustration.","text, watermark, logo, caption, signature, border, frame, collage, multiple panels, cartoon, illustration, CGI, 3d render, low-poly, painting, anime, surreal, deformed, duplicate objects, extra limbs, blurry, out of focus, noise, oversaturated, posterized, artifacts, jpeg artifacts"
7540,horse,wild horse,grazing,a parking lot,high angle,foggy morning,clean,a photorealistic color photo,"a photorealistic color photo of a wild horse grazing in a parking lot, high angle, foggy morning. single main subject, photorealistic color photo, natural colors, realistic texture, sharp focus on subject, no people, no text, no watermark, no logo, no border, no collage, no CGI, no illustration.","text, watermark, logo, caption, signature, border, frame, collage, multiple panels, cartoon, illustration, CGI, 3d render, low-poly, painting, anime, surreal, deformed, duplicate objects, extra limbs, blurry, out of focus, noise, oversaturated, posterized, artifacts, jpeg artifacts"
7927,horse,brown horse,running,a wet roadway after rain,slightly off-center framing,rainy with wet reflections,hard,a detailed photograph,"a detailed photograph of a brown horse running in a wet roadway after rain, slightly off-center framing, rainy with wet reflections. cropped slightly. single main subject, photorealistic color photo, natural colors, realistic texture, sharp focus on subject, no people, no text, no watermark, no logo, no border, no collage, no CGI, no illustration.","text, watermark, logo, caption, signature, border, frame, collage, multiple panels, cartoon, illustration, CGI, 3d render, low-poly, painting, anime, surreal, deformed, duplicate objects, extra limbs, blurry, out of focus, noise, oversaturated, posterized, artifacts, jpeg artifacts"
7597,horse,white horse,standing,a sandy beach,wide shot,sunny afternoon,clean,a photorealistic color photo,"a photorealistic color photo of a white horse standing in a sandy beach, wide shot, sunny afternoon. single main subject, photorealistic color photo, natural colors, realistic texture, sharp focus on subject, no people, no text, no watermark, no logo, no border, no collage, no CGI, no illustration.","text, watermark, logo, caption, signature, border, frame, collage, multiple panels, cartoon, illustration, CGI, 3d render, low-poly, painting, anime, surreal, deformed, duplicate objects, extra limbs, blurry, out of focus, noise, oversaturated, posterized, artifacts, jpeg artifacts"
7618,horse,racehorse,running,a suburban neighborhood,side profile,sunny afternoon,clean,a finely detailed photo,"a finely detailed photo of a racehorse running in a suburban neighborhood, side profile, sunny afternoon. single main subject, photorealistic color photo, natural colors, realistic texture, sharp focus on subject, no people, no text, no watermark, no logo, no border, no collage, no CGI, no illustration.","text, watermark, logo, caption, signature, border, frame, collage, multiple panels, cartoon, illustration, CGI, 3d render, low-poly, painting, anime, surreal, deformed, duplicate objects, extra limbs, blurry, out of focus, noise, oversaturated, posterized, artifacts, jpeg artifacts"
7299,horse,racehorse,grazing,a countryside road,low angle,golden hour,clean,a detailed photograph,"a detailed photograph of a racehorse grazing in a countryside road, low angle, golden hour. single main subject, photorealistic color photo, natural colors, realistic texture, sharp focus on subject, no people, no text, no watermark, no logo, no border, no collage, no CGI, no illustration.","text, watermark, logo, caption, signature, border, frame, collage, multiple panels, cartoon, illustration, CGI, 3d render, low-poly, painting, anime, surreal, deformed, duplicate objects, extra limbs, blurry, out of focus, noise, oversaturated, posterized, artifacts, jpeg artifacts"
7234,horse,draft horse,running,an urban street,close-up,backlit rim light,clean,a detailed photograph,"a detailed photograph of a draft horse running in an urban street, close-up, backlit rim light. single main subject, photorealistic color photo, natural colors, realistic texture, sharp focus on subject, no people, no text, no watermark, no logo, no border, no collage, no CGI, no illustration.","text, watermark, logo, caption, signature, border, frame, collage, multiple panels, cartoon, illustration, CGI, 3d render, low-poly, painting, anime, surreal, deformed, duplicate objects, extra limbs, blurry, out of focus, noise, oversaturated, posterized, artifacts, jpeg artifacts"
7796,horse,wild horse,running,a sandy beach,close-up,indoor soft window light,clean,an ultra-realistic rendering,"an ultra-realistic rendering of a wild horse running in a sandy beach, close-up, indoor soft window light. single main subject, photorealistic color photo, natural colors, realistic texture, sharp focus on subject, no people, no text, no watermark, no logo, no border, no collage, no CGI, no illustration.","text, watermark, logo, caption, signature, border, frame, collage, multiple panels, cartoon, illustration, CGI, 3d render, low-poly, painting, anime, surreal, deformed, duplicate objects, extra limbs, blurry, out of focus, noise, oversaturated, posterized, artifacts, jpeg artifacts"
7449,horse,racehorse,walking,an urban street,side profile,nighttime under streetlights,clean,a photorealistic color photo,"a photorealistic color photo of a racehorse walking in an urban street, side profile, nighttime under streetlights. single main subject, photorealistic color photo, natural colors, realistic texture, sharp focus on subject, no people, no text, no watermark, no logo, no border, no collage, no CGI, no illustration.","text, watermark, logo, caption, signature, border, frame, collage, multiple panels, cartoon, illustration, CGI, 3d render, low-poly, painting, anime, surreal, deformed, duplicate objects, extra limbs, blurry, out of focus, noise, oversaturated, posterized, artifacts, jpeg artifacts"
7442,horse,draft horse,standing,an industrial yard,front view,nighttime under streetlights,clean,an ultra-realistic rendering,"an ultra-realistic rendering of a draft horse standing in an industrial yard, front view, nighttime under streetlights. single main subject, photorealistic color photo, natural colors, realistic texture, sharp focus on subject, no people, no text, no watermark, no logo, no border, no collage, no CGI, no illustration.","text, watermark, logo, caption, signature, border, frame, collage, multiple panels, cartoon, illustration, CGI, 3d render, low-poly, painting, anime, surreal, deformed, duplicate objects, extra limbs, blurry, out of focus, noise, oversaturated, posterized, artifacts, jpeg artifacts"
7445,horse,white horse,standing,a backyard,high angle,foggy morning,clean,a high-quality image,"a high-quality image of a white horse standing in a backyard, high angle, foggy morning. single main subject, photorealistic color photo, natural colors, realistic texture, sharp focus on subject, no people, no text, no watermark, no logo, no border, no collage, no CGI, no illustration.","text, watermark, logo, caption, signature, border, frame, collage, multiple panels, cartoon, illustration, CGI, 3d render, low-poly, painting, anime, surreal, deformed, duplicate objects, extra limbs, blurry, out of focus, noise, oversaturated, posterized, artifacts, jpeg artifacts"
7320,horse,racehorse,running,an urban street,3/4 view,indoor soft window light,clean,a professional photo,"a professional photo of a racehorse running in an urban street, 3/4 view, indoor soft window light. single main subject, photorealistic color photo, natural colors, realistic texture, sharp focus on subject, no people, no text, no watermark, no logo, no border, no collage, no CGI, no illustration.","text, watermark, logo, caption, signature, border, frame, collage, multiple panels, cartoon, illustration, CGI, 3d render, low-poly, painting, anime, surreal, deformed, duplicate objects, extra limbs, blurry, out of focus, noise, oversaturated, posterized, artifacts, jpeg artifacts"
7660,horse,wild horse,walking,a forest clearing,3/4 view,rainy with wet reflections,clean,a professional photo,"a professional photo of a wild horse walking in a forest clearing, 3/4 view, rainy with wet reflections. single main subject, photorealistic color photo, natural colors, realistic texture, sharp focus on subject, no people, no text, no watermark, no logo, no border, no collage, no CGI, no illustration.","text, watermark, logo, caption, signature, border, frame, collage, multiple panels, cartoon, illustration, CGI, 3d render, low-poly, painting, anime, surreal, deformed, duplicate objects, extra limbs, blurry, out of focus, noise, oversaturated, posterized, artifacts, jpeg artifacts"
7775,horse,racehorse,grazing,a grassy field,wide shot,indoor soft window light,clean,a high-quality image,"a high-quality image of a racehorse grazing in a grassy field, wide shot, indoor soft window light. single main subject, photorealistic color photo, natural colors, realistic texture, sharp focus on subject, no people, no text, no watermark, no logo, no border, no collage, no CGI, no illustration.","text, watermark, logo, caption, signature, border, frame, collage, multiple panels, cartoon, illustration, CGI, 3d render, low-poly, painting, anime, surreal, deformed, duplicate objects, extra limbs, blurry, out of focus, noise, oversaturated, posterized, artifacts, jpeg artifacts"
7523,horse,brown horse,grazing,an urban street,3/4 view,overcast daylight,clean,a finely detailed photo,"a finely detailed photo of a brown horse grazing in an urban street, 3/4 view, overcast daylight. single main subject, photorealistic color photo, natural colors, realistic texture, sharp focus on subject, no people, no text, no watermark, no logo, no border, no collage, no CGI, no illustration.","text, watermark, logo, caption, signature, border, frame, collage, multiple panels, cartoon, illustration, CGI, 3d render, low-poly, painting, anime, surreal, deformed, duplicate objects, extra limbs, blurry, out of focus, noise, oversaturated, posterized, artifacts, jpeg artifacts"
7015,horse,pony,running,a gravel lot,high angle,overcast daylight,clean,a detailed photograph,"a detailed photograph of a pony horse running in a gravel lot, high angle, overcast daylight. single main subject, photorealistic color photo, natural colors, realistic texture, sharp focus on subject, no people, no text, no watermark, no logo, no border, no collage, no CGI, no illustration.","text, watermark, logo, caption, signature, border, frame, collage, multiple panels, cartoon, illustration, CGI, 3d render, low-poly, painting, anime, surreal, deformed, duplicate objects, extra limbs, blurry, out of focus, noise, oversaturated, posterized, artifacts, jpeg artifacts"
7043,horse,pony,running,a city park,side profile,indoor soft window light,clean,a photorealistic color photo,"a photorealistic color photo of a pony horse running in a city park, side profile, indoor soft window light. single main subject, photorealistic color photo, natural colors, realistic texture, sharp focus on subject, no people, no text, no watermark, no logo, no border, no collage, no CGI, no illustration.","text, watermark, logo, caption, signature, border, frame, collage, multiple panels, cartoon, illustration, CGI, 3d render, low-poly, painting, anime, surreal, deformed, duplicate objects, extra limbs, blurry, out of focus, noise, oversaturated, posterized, artifacts, jpeg artifacts"
7962,horse,brown horse,running,a suburban neighborhood,front view,nighttime under streetlights,hard,a detailed photograph,"a detailed photograph of a brown horse running in a suburban neighborhood, front view, nighttime under streetlights. partially occluded by a foreground object. single main subject, photorealistic color photo, natural colors, realistic texture, sharp focus on subject, no people, no text, no watermark, no logo, no border, no collage, no CGI, no illustration.","text, watermark, logo, caption, signature, border, frame, collage, multiple panels, cartoon, illustration, CGI, 3d render, low-poly, painting, anime, surreal, deformed, duplicate objects, extra limbs, blurry, out of focus, noise, oversaturated, posterized, artifacts, jpeg artifacts"
7051,horse,white horse,walking,a countryside road,front view,foggy morning,clean,a photorealistic color photo,"a photorealistic color photo of a white horse walking in a countryside road, front view, foggy morning. single main subject, photorealistic color photo, natural colors, realistic texture, sharp focus on subject, no people, no text, no watermark, no logo, no border, no collage, no CGI, no illustration.","text, watermark, logo, caption, signature, border, frame, collage, multiple panels, cartoon, illustration, CGI, 3d render, low-poly, painting, anime, surreal, deformed, duplicate objects, extra limbs, blurry, out of focus, noise, oversaturated, posterized, artifacts, jpeg artifacts"
7930,horse,brown horse,walking,a grassy field,close-up,indoor soft window light,hard,an ultra-realistic rendering,"an ultra-realistic rendering of a brown horse walking in a grassy field, close-up, indoor soft window light. busy background but still one main subject. single main subject, photorealistic color photo, natural colors, realistic texture, sharp focus on subject, no people, no text, no watermark, no logo, no border, no collage, no CGI, no illustration.","text, watermark, logo, caption, signature, border, frame, collage, multiple panels, cartoon, illustration, CGI, 3d render, low-poly, painting, anime, surreal, deformed, duplicate objects, extra limbs, blurry, out of focus, noise, oversaturated, posterized, artifacts, jpeg artifacts"
7776,horse,brown horse,walking,a lakeside shore,close-up,foggy morning,clean,a high-quality image,"a high-quality image of a brown horse walking in a lakeside shore, close-up, foggy morning. single main subject, photorealistic color photo, natural colors, realistic texture, sharp focus on subject, no people, no text, no watermark, no logo, no border, no collage, no CGI, no illustration.","text, watermark, logo, caption, signature, border, frame, collage, multiple panels, cartoon, illustration, CGI, 3d render, low-poly, painting, anime, surreal, deformed, duplicate objects, extra limbs, blurry, out of focus, noise, oversaturated, posterized, artifacts, jpeg artifacts"
7406,horse,brown horse,walking,a backyard,close-up,sunny afternoon,clean,a professional photo,"a professional photo of a brown horse walking in a backyard, close-up, sunny afternoon. single main subject, photorealistic color photo, natural colors, realistic texture, sharp focus on subject, no people, no text, no watermark, no logo, no border, no collage, no CGI, no illustration.","text, watermark, logo, caption, signature, border, frame, collage, multiple panels, cartoon, illustration, CGI, 3d render, low-poly, painting, anime, surreal, deformed, duplicate objects, extra limbs, blurry, out of focus, noise, oversaturated, posterized, artifacts, jpeg artifacts"
7278,horse,white horse,running,a suburban neighborhood,3/4 view,rainy with wet reflections,clean,a professional photo,"a professional photo of a white horse running in a suburban neighborhood, 3/4 view, rainy with wet reflections. single main subject, photorealistic color photo, natural colors, realistic texture, sharp focus on subject, no people, no text, no watermark, no logo, no border, no collage, no CGI, no illustration.","text, watermark, logo, caption, signature, border, frame, collage, multiple panels, cartoon, illustration, CGI, 3d render, low-poly, painting, anime, surreal, deformed, duplicate objects, extra limbs, blurry, out of focus, noise, oversaturated, posterized, artifacts, jpeg artifacts"
7701,horse,draft horse,walking,an urban street,3/4 view,nighttime under streetlights,clean,a finely detailed photo,"a finely detailed photo of a draft horse walking in an urban street, 3/4 view, nighttime under streetlights. single main subject, photorealistic color photo, natural colors, realistic texture, sharp focus on subject, no people, no text, no watermark, no logo, no border, no collage, no CGI, no illustration.","text, watermark, logo, caption, signature, border, frame, collage, multiple panels, cartoon, illustration, CGI, 3d render, low-poly, painting, anime, surreal, deformed, duplicate objects, extra limbs, blurry, out of focus, noise, oversaturated, posterized, artifacts, jpeg artifacts"
7978,horse,pony,running,a quiet residential street,cropped at the edge of the frame,indoor soft window light,hard,a photorealistic color photo,"a photorealistic color photo of a pony horse running in a quiet residential street, cropped at the edge of the frame, indoor soft window light. in the distance. single main subject, photorealistic color photo, natural colors, realistic texture, sharp focus on subject, no people, no text, no watermark, no logo, no border, no collage, no CGI, no illustration.","text, watermark, logo, caption, signature, border, frame, collage, multiple panels, cartoon, illustration, CGI, 3d render, low-poly, painting, anime, surreal, deformed, duplicate objects, extra limbs, blurry, out of focus, noise, oversaturated, posterized, artifacts, jpeg artifacts"
7485,horse,wild horse,grazing,a suburban neighborhood,3/4 view,nighttime under streetlights,clean,a high-quality image,"a high-quality image of a wild horse grazing in a suburban neighborhood, 3/4 view, nighttime under streetlights. single main subject, photorealistic color photo, natural colors, realistic texture, sharp focus on subject, no people, no text, no watermark, no logo, no border, no collage, no CGI, no illustration.","text, watermark, logo, caption, signature, border, frame, collage, multiple panels, cartoon, illustration, CGI, 3d render, low-poly, painting, anime, surreal, deformed, duplicate objects, extra limbs, blurry, out of focus, noise, oversaturated, posterized, artifacts, jpeg artifacts"
7063,horse,pony,walking,a wet roadway after rain,side profile,rainy with wet reflections,clean,a photorealistic color photo,"a photorealistic color photo of a pony horse walking in a wet roadway after rain, side profile, rainy with wet reflections. single main subject, photorealistic color photo, natural colors, realistic texture, sharp focus on subject, no people, no text, no watermark, no logo, no border, no collage, no CGI, no illustration.","text, watermark, logo, caption, signature, border, frame, collage, multiple panels, cartoon, illustration, CGI, 3d render, low-poly, painting, anime, surreal, deformed, duplicate objects, extra limbs, blurry, out of focus, noise, oversaturated, posterized, artifacts, jpeg artifacts"
7852,horse,wild horse,grazing,a forest clearing,side profile,rainy with wet reflections,hard,a professional photo,"a professional photo of a wild horse grazing in a forest clearing, side profile, rainy with wet reflections. slight motion blur. single main subject, photorealistic color photo, natural colors, realistic texture, sharp focus on subject, no people, no text, no watermark, no logo, no border, no collage, no CGI, no illustration.","text, watermark, logo, caption, signature, border, frame, collage, multiple panels, cartoon, illustration, CGI, 3d render, low-poly, painting, anime, surreal, deformed, duplicate objects, extra limbs, blurry, out of focus, noise, oversaturated, posterized, artifacts, jpeg artifacts"
7005,horse,racehorse,standing,a quiet residential street,slightly off-center framing,indoor soft window light,clean,a photorealistic color photo,"a photorealistic color photo of a racehorse standing in a quiet residential street, slightly off-center framing, indoor soft window light. single main subject, photorealistic color photo, natural colors, realistic texture, sharp focus on subject, no people, no text, no watermark, no logo, no border, no collage, no CGI, no illustration.","text, watermark, logo, caption, signature, border, frame, collage, multiple panels, cartoon, illustration, CGI, 3d render, low-poly, painting, anime, surreal, deformed, duplicate objects, extra limbs, blurry, out of focus, noise, oversaturated, posterized, artifacts, jpeg artifacts"
7759,horse,pony,running,a lakeside shore,side profile,sunny afternoon,clean,a photorealistic color photo,"a photorealistic color photo of a pony horse running in a lakeside shore, side profile, sunny afternoon. single main subject, photorealistic color photo, natural colors, realistic texture, sharp focus on subject, no people, no text, no watermark, no logo, no border, no collage, no CGI, no illustration.","text, watermark, logo, caption, signature, border, frame, collage, multiple panels, cartoon, illustration, CGI, 3d render, low-poly, painting, anime, surreal, deformed, duplicate objects, extra limbs, blurry, out of focus, noise, oversaturated, posterized, artifacts, jpeg artifacts"
7530,horse,brown horse,walking,a wet roadway after rain,3/4 view,nighttime under streetlights,clean,a professional photo,"a professional photo of a brown horse walking in a wet roadway after rain, 3/4 view, nighttime under streetlights. single main subject, photorealistic color photo, natural colors, realistic texture, sharp focus on subject, no people, no text, no watermark, no logo, no border, no collage, no CGI, no illustration.","text, watermark, logo, caption, signature, border, frame, collage, multiple panels, cartoon, illustration, CGI, 3d render, low-poly, painting, anime, surreal, deformed, duplicate objects, extra limbs, blurry, out of focus, noise, oversaturated, posterized, artifacts, jpeg artifacts"
7481,horse,draft horse,grazing,a parking lot,slightly off-center framing,indoor soft window light,clean,an ultra-realistic rendering,"an ultra-realistic rendering of a draft horse grazing in a parking lot, slightly off-center framing, indoor soft window light. single main subject, photorealistic color photo, natural colors, realistic texture, sharp focus on subject, no people, no text, no watermark, no logo, no border, no collage, no CGI, no illustration.","text, watermark, logo, caption, signature, border, frame, collage, multiple panels, cartoon, illustration, CGI, 3d render, low-poly, painting, anime, surreal, deformed, duplicate objects, extra limbs, blurry, out of focus, noise, oversaturated, posterized, artifacts, jpeg artifacts"
7270,horse,draft horse,standing,a suburban neighborhood,high angle,rainy with wet reflections,clean,a high-quality image,"a high-quality image of a draft horse standing in a suburban neighborhood, high angle, rainy with wet reflections. single main subject, photorealistic color photo, natural colors, realistic texture, sharp focus on subject, no people, no text, no watermark, no logo, no border, no collage, no CGI, no illustration.","text, watermark, logo, caption, signature, border, frame, collage, multiple panels, cartoon, illustration, CGI, 3d render, low-poly, painting, anime, surreal, deformed, duplicate objects, extra limbs, blurry, out of focus, noise, oversaturated, posterized, artifacts, jpeg artifacts"
7167,horse,white horse,standing,a city park,close-up,backlit rim light,clean,a professional photo,"a professional photo of a white horse standing in a city park, close-up, backlit rim light. single main subject, photorealistic color photo, natural colors, realistic texture, sharp focus on subject, no people, no text, no watermark, no logo, no border, no collage, no CGI, no illustration.","text, watermark, logo, caption, signature, border, frame, collage, multiple panels, cartoon, illustration, CGI, 3d render, low-poly, painting, anime, surreal, deformed, duplicate objects, extra limbs, blurry, out of focus, noise, oversaturated, posterized, artifacts, jpeg artifacts"
7839,horse,wild horse,running,a parking lot,close-up,rainy with wet reflections,hard,a finely detailed photo,"a finely detailed photo of a wild horse running in a parking lot, close-up, rainy with wet reflections. busy background but still one main subject. single main subject, photorealistic color photo, natural colors, realistic texture, sharp focus on subject, no people, no text, no watermark, no logo, no border, no collage, no CGI, no illustration.","text, watermark, logo, caption, signature, border, frame, collage, multiple panels, cartoon, illustration, CGI, 3d render, low-poly, painting, anime, surreal, deformed, duplicate objects, extra limbs, blurry, out of focus, noise, oversaturated, posterized, artifacts, jpeg artifacts"
7850,horse,wild horse,grazing,a city park,distant subject in the background,nighttime under streetlights,hard,a finely detailed photo,"a finely detailed photo of a wild horse grazing in a city park, distant subject in the background, nighttime under streetlights. in the distance. single main subject, photorealistic color photo, natural colors, realistic texture, sharp focus on subject, no people, no text, no watermark, no logo, no border, no collage, no CGI, no illustration.","text, watermark, logo, caption, signature, border, frame, collage, multiple panels, cartoon, illustration, CGI, 3d render, low-poly, painting, anime, surreal, deformed, duplicate objects, extra limbs, blurry, out of focus, noise, oversaturated, posterized, artifacts, jpeg artifacts"
7447,horse,wild horse,running,a suburban neighborhood,slightly off-center framing,indoor soft window light,clean,an ultra-realistic rendering,"an ultra-realistic rendering of a wild horse running in a suburban neighborhood, slightly off-center framing, indoor soft window light. single main subject, photorealistic color photo, natural colors, realistic texture, sharp focus on subject, no people, no text, no watermark, no logo, no border, no collage, no CGI, no illustration.","text, watermark, logo, caption, signature, border, frame, collage, multiple panels, cartoon, illustration, CGI, 3d render, low-poly, painting, anime, surreal, deformed, duplicate objects, extra limbs, blurry, out of focus, noise, oversaturated, posterized, artifacts, jpeg artifacts"
7559,horse,racehorse,grazing,a forest clearing,low angle,backlit rim light,clean,a high-quality image,"a high-quality image of a racehorse grazing in a forest clearing, low angle, backlit rim light. single main subject, photorealistic color photo, natural colors, realistic texture, sharp focus on subject, no people, no text, no watermark, no logo, no border, no collage, no CGI, no illustration.","text, watermark, logo, caption, signature, border, frame, collage, multiple panels, cartoon, illustration, CGI, 3d render, low-poly, painting, anime, surreal, deformed, duplicate objects, extra limbs, blurry, out of focus, noise, oversaturated, posterized, artifacts, jpeg artifacts"
7695,horse,racehorse,running,a backyard,front view,sunny afternoon,clean,a detailed photograph,"a detailed photograph of a racehorse running in a backyard, front view, sunny afternoon. single main subject, photorealistic color photo, natural colors, realistic texture, sharp focus on subject, no people, no text, no watermark, no logo, no border, no collage, no CGI, no illustration.","text, watermark, logo, caption, signature, border, frame, collage, multiple panels, cartoon, illustration, CGI, 3d render, low-poly, painting, anime, surreal, deformed, duplicate objects, extra limbs, blurry, out of focus, noise, oversaturated, posterized, artifacts, jpeg artifacts"
7158,horse,racehorse,walking,a lakeside shore,slightly off-center framing,foggy morning,clean,a photorealistic color photo,"a photorealistic color photo of a racehorse walking in a lakeside shore, slightly off-center framing, foggy morning. single main subject, photorealistic color photo, natural colors, realistic texture, sharp focus on subject, no people, no text, no watermark, no logo, no border, no collage, no CGI, no illustration.","text, watermark, logo, caption, signature, border, frame, collage, multiple panels, cartoon, illustration, CGI, 3d render, low-poly, painting, anime, surreal, deformed, duplicate objects, extra limbs, blurry, out of focus, noise, oversaturated, posterized, artifacts, jpeg artifacts"
7890,horse,white horse,running,a sandy beach,slightly off-center framing,foggy morning,hard,a professional photo,"a professional photo of a white horse running in a sandy beach, slightly off-center framing, foggy morning. cropped slightly. single main subject, photorealistic color photo, natural colors, realistic texture, sharp focus on subject, no people, no text, no watermark, no logo, no border, no collage, no CGI, no illustration.","text, watermark, logo, caption, signature, border, frame, collage, multiple panels, cartoon, illustration, CGI, 3d render, low-poly, painting, anime, surreal, deformed, duplicate objects, extra limbs, blurry, out of focus, noise, oversaturated, posterized, artifacts, jpeg artifacts"
7020,horse,pony,grazing,a city park,side profile,indoor soft window light,clean,an ultra-realistic rendering,"an ultra-realistic rendering of a pony horse grazing in a city park, side profile, indoor soft window light. single main subject, photorealistic color photo, natural colors, realistic texture, sharp focus on subject, no people, no text, no watermark, no logo, no border, no collage, no CGI, no illustration.","text, watermark, logo, caption, signature, border, frame, collage, multiple panels, cartoon, illustration, CGI, 3d render, low-poly, painting, anime, surreal, deformed, duplicate objects, extra limbs, blurry, out of focus, noise, oversaturated, posterized, artifacts, jpeg artifacts"
7314,horse,racehorse,grazing,a parking lot,high angle,backlit rim light,clean,a professional photo,"a professional photo of a racehorse grazing in a parking lot, high angle, backlit rim light. single main subject, photorealistic color photo, natural colors, realistic texture, sharp focus on subject, no people, no text, no watermark, no logo, no border, no collage, no CGI, no illustration.","text, watermark, logo, caption, signature, border, frame, collage, multiple panels, cartoon, illustration, CGI, 3d render, low-poly, painting, anime, surreal, deformed, duplicate objects, extra limbs, blurry, out of focus, noise, oversaturated, posterized, artifacts, jpeg artifacts"
7325,horse,brown horse,grazing,a lakeside shore,slightly off-center framing,golden hour,clean,an ultra-realistic rendering,"an ultra-realistic rendering of a brown horse grazing in a lakeside shore, slightly off-center framing, golden hour. single main subject, photorealistic color photo, natural colors, realistic texture, sharp focus on subject, no people, no text, no watermark, no logo, no border, no collage, no CGI, no illustration.","text, watermark, logo, caption, signature, border, frame, collage, multiple panels, cartoon, illustration, CGI, 3d render, low-poly, painting, anime, surreal, deformed, duplicate objects, extra limbs, blurry, out of focus, noise, oversaturated, posterized, artifacts, jpeg artifacts"
7832,horse,white horse,standing,a countryside road,slightly off-center framing,nighttime under streetlights,hard,a high-quality image,"a high-quality image of a white horse standing in a countryside road, slightly off-center framing, nighttime under streetlights. slight motion blur. single main subject, photorealistic color photo, natural colors, realistic texture, sharp focus on subject, no people, no text, no watermark, no logo, no border, no collage, no CGI, no illustration.","text, watermark, logo, caption, signature, border, frame, collage, multiple panels, cartoon, illustration, CGI, 3d render, low-poly, painting, anime, surreal, deformed, duplicate objects, extra limbs, blurry, out of focus, noise, oversaturated, posterized, artifacts, jpeg artifacts"
7277,horse,wild horse,walking,a wet roadway after rain,side profile,golden hour,clean,a detailed photograph,"a detailed photograph of a wild horse walking in a wet roadway after rain, side profile, golden hour. single main subject, photorealistic color photo, natural colors, realistic texture, sharp focus on subject, no people, no text, no watermark, no logo, no border, no collage, no CGI, no illustration.","text, watermark, logo, caption, signature, border, frame, collage, multiple panels, cartoon, illustration, CGI, 3d render, low-poly, painting, anime, surreal, deformed, duplicate objects, extra limbs, blurry, out of focus, noise, oversaturated, posterized, artifacts, jpeg artifacts"
7519,horse,pony,grazing,a suburban neighborhood,low angle,sunny afternoon,clean,a professional photo,"a professional photo of a pony horse grazing in a suburban neighborhood, low angle, sunny afternoon. single main subject, photorealistic color photo, natural colors, realistic texture, sharp focus on subject, no people, no text, no watermark, no logo, no border, no collage, no CGI, no illustration.","text, watermark, logo, caption, signature, border, frame, collage, multiple panels, cartoon, illustration, CGI, 3d render, low-poly, painting, anime, surreal, deformed, duplicate objects, extra limbs, blurry, out of focus, noise, oversaturated, posterized, artifacts, jpeg artifacts"
7644,horse,racehorse,running,a grassy field,close-up,overcast daylight,clean,a photorealistic color photo,"a photorealistic color photo of a racehorse running in a grassy field, close-up, overcast daylight. single main subject, photorealistic color photo, natural colors, realistic texture, sharp focus on subject, no people, no text, no watermark, no logo, no border, no collage, no CGI, no illustration.","text, watermark, logo, caption, signature, border, frame, collage, multiple panels, cartoon, illustration, CGI, 3d render, low-poly, painting, anime, surreal, deformed, duplicate objects, extra limbs, blurry, out of focus, noise, oversaturated, posterized, artifacts, jpeg artifacts"
7203,horse,brown horse,running,a city park,3/4 view,backlit rim light,clean,a detailed photograph,"a detailed photograph of a brown horse running in a city park, 3/4 view, backlit rim light. single main subject, photorealistic color photo, natural colors, realistic texture, sharp focus on subject, no people, no text, no watermark, no logo, no border, no collage, no CGI, no illustration.","text, watermark, logo, caption, signature, border, frame, collage, multiple panels, cartoon, illustration, CGI, 3d render, low-poly, painting, anime, surreal, deformed, duplicate objects, extra limbs, blurry, out of focus, noise, oversaturated, posterized, artifacts, jpeg artifacts"
7431,horse,brown horse,grazing,a countryside road,3/4 view,overcast daylight,clean,a high-quality image,"a high-quality image of a brown horse grazing in a countryside road, 3/4 view, overcast daylight. single main subject, photorealistic color photo, natural colors, realistic texture, sharp focus on subject, no people, no text, no watermark, no logo, no border, no collage, no CGI, no illustration.","text, watermark, logo, caption, signature, border, frame, collage, multiple panels, cartoon, illustration, CGI, 3d render, low-poly, painting, anime, surreal, deformed, duplicate objects, extra limbs, blurry, out of focus, noise, oversaturated, posterized, artifacts, jpeg artifacts"
7244,horse,brown horse,running,an urban street,3/4 view,overcast daylight,clean,a finely detailed photo,"a finely detailed photo of a brown horse running in an urban street, 3/4 view, overcast daylight. single main subject, photorealistic color photo, natural colors, realistic texture, sharp focus on subject, no people, no text, no watermark, no logo, no border, no collage, no CGI, no illustration.","text, watermark, logo, caption, signature, border, frame, collage, multiple panels, cartoon, illustration, CGI, 3d render, low-poly, painting, anime, surreal, deformed, duplicate objects, extra limbs, blurry, out of focus, noise, oversaturated, posterized, artifacts, jpeg artifacts"
7931,horse,brown horse,grazing,a quiet residential street,low angle,indoor soft window light,hard,a detailed photograph,"a detailed photograph of a brown horse grazing in a quiet residential street, low angle, indoor soft window light. slight motion blur. single main subject, photorealistic color photo, natural colors, realistic texture, sharp focus on subject, no people, no text, no watermark, no logo, no border, no collage, no CGI, no illustration.","text, watermark, logo, caption, signature, border, frame, collage, multiple panels, cartoon, illustration, CGI, 3d render, low-poly, painting, anime, surreal, deformed, duplicate objects, extra limbs, blurry, out of focus, noise, oversaturated, posterized, artifacts, jpeg artifacts"
7845,horse,racehorse,standing,a grassy field,side profile,indoor soft window light,hard,a photorealistic color photo,"a photorealistic color photo of a racehorse standing in a grassy field, side profile, indoor soft window light. cropped slightly. single main subject, photorealistic color photo, natural colors, realistic texture, sharp focus on subject, no people, no text, no watermark, no logo, no border, no collage, no CGI, no illustration.","text, watermark, logo, caption, signature, border, frame, collage, multiple panels, cartoon, illustration, CGI, 3d render, low-poly, painting, anime, surreal, deformed, duplicate objects, extra limbs, blurry, out of focus, noise, oversaturated, posterized, artifacts, jpeg artifacts"
7021,horse,pony,running,a gravel lot,3/4 view,backlit rim light,clean,a detailed photograph,"a detailed photograph of a pony horse running in a gravel lot, 3/4 view, backlit rim light. single main subject, photorealistic color photo, natural colors, realistic texture, sharp focus on subject, no people, no text, no watermark, no logo, no border, no collage, no CGI, no illustration.","text, watermark, logo, caption, signature, border, frame, collage, multiple panels, cartoon, illustration, CGI, 3d render, low-poly, painting, anime, surreal, deformed, duplicate objects, extra limbs, blurry, out of focus, noise, oversaturated, posterized, artifacts, jpeg artifacts"
7772,horse,pony,standing,a gravel lot,front view,indoor soft window light,clean,a high-quality image,"a high-quality image of a pony horse standing in a gravel lot, front view, indoor soft window light. single main subject, photorealistic color photo, natural colors, realistic texture, sharp focus on subject, no people, no text, no watermark, no logo, no border, no collage, no CGI, no illustration.","text, watermark, logo, caption, signature, border, frame, collage, multiple panels, cartoon, illustration, CGI, 3d render, low-poly, painting, anime, surreal, deformed, duplicate objects, extra limbs, blurry, out of focus, noise, oversaturated, posterized, artifacts, jpeg artifacts"
7083,horse,pony,grazing,a backyard,3/4 view,backlit rim light,clean,a finely detailed photo,"a finely detailed photo of a pony horse grazing in a backyard, 3/4 view, backlit rim light. single main subject, photorealistic color photo, natural colors, realistic texture, sharp focus on subject, no people, no text, no watermark, no logo, no border, no collage, no CGI, no illustration.","text, watermark, logo, caption, signature, border, frame, collage, multiple panels, cartoon, illustration, CGI, 3d render, low-poly, painting, anime, surreal, deformed, duplicate objects, extra limbs, blurry, out of focus, noise, oversaturated, posterized, artifacts, jpeg artifacts"
7861,horse,brown horse,standing,a backyard,low angle,nighttime under streetlights,hard,an ultra-realistic rendering,"an ultra-realistic rendering of a brown horse standing in a backyard, low angle, nighttime under streetlights. in the distance. single main subject, photorealistic color photo, natural colors, realistic texture, sharp focus on subject, no people, no text, no watermark, no logo, no border, no collage, no CGI, no illustration.","text, watermark, logo, caption, signature, border, frame, collage, multiple panels, cartoon, illustration, CGI, 3d render, low-poly, painting, anime, surreal, deformed, duplicate objects, extra limbs, blurry, out of focus, noise, oversaturated, posterized, artifacts, jpeg artifacts"
7892,horse,brown horse,grazing,a city park,cropped at the edge of the frame,rainy with wet reflections,hard,an ultra-realistic rendering,"an ultra-realistic rendering of a brown horse grazing in a city park, cropped at the edge of the frame, rainy with wet reflections. partially occluded by a foreground object. single main subject, photorealistic color photo, natural colors, realistic texture, sharp focus on subject, no people, no text, no watermark, no logo, no border, no collage, no CGI, no illustration.","text, watermark, logo, caption, signature, border, frame, collage, multiple panels, cartoon, illustration, CGI, 3d render, low-poly, painting, anime, surreal, deformed, duplicate objects, extra limbs, blurry, out of focus, noise, oversaturated, posterized, artifacts, jpeg artifacts"
7951,horse,pony,running,an urban street,distant subject in the background,overcast daylight,hard,a high-quality image,"a high-quality image of a pony horse running in an urban street, distant subject in the background, overcast daylight. slight motion blur. single main subject, photorealistic color photo, natural colors, realistic texture, sharp focus on subject, no people, no text, no watermark, no logo, no border, no collage, no CGI, no illustration.","text, watermark, logo, caption, signature, border, frame, collage, multiple panels, cartoon, illustration, CGI, 3d render, low-poly, painting, anime, surreal, deformed, duplicate objects, extra limbs, blurry, out of focus, noise, oversaturated, posterized, artifacts, jpeg artifacts"
7995,horse,brown horse,standing,a gravel lot,wide shot,rainy with wet reflections,hard,a photorealistic color photo,"a photorealistic color photo of a brown horse standing in a gravel lot, wide shot, rainy with wet reflections. partially occluded by a foreground object. single main subject, photorealistic color photo, natural colors, realistic texture, sharp focus on subject, no people, no text, no watermark, no logo, no border, no collage, no CGI, no illustration.","text, watermark, logo, caption, signature, border, frame, collage, multiple panels, cartoon, illustration, CGI, 3d render, low-poly, painting, anime, surreal, deformed, duplicate objects, extra limbs, blurry, out of focus, noise, oversaturated, posterized, artifacts, jpeg artifacts"
7182,horse,brown horse,grazing,a wet roadway after rain,slightly off-center framing,indoor soft window light,clean,a professional photo,"a professional photo of a brown horse grazing in a wet roadway after rain, slightly off-center framing, indoor soft window light. single main subject, photorealistic color photo, natural colors, realistic texture, sharp focus on subject, no people, no text, no watermark, no logo, no border, no collage, no CGI, no illustration.","text, watermark, logo, caption, signature, border, frame, collage, multiple panels, cartoon, illustration, CGI, 3d render, low-poly, painting, anime, surreal, deformed, duplicate objects, extra limbs, blurry, out of focus, noise, oversaturated, posterized, artifacts, jpeg artifacts"
7290,horse,wild horse,walking,a suburban neighborhood,wide shot,sunny afternoon,clean,a high-quality image,"a high-quality image of a wild horse walking in a suburban neighborhood, wide shot, sunny afternoon. single main subject, photorealistic color photo, natural colors, realistic texture, sharp focus on subject, no people, no text, no watermark, no logo, no border, no collage, no CGI, no illustration.","text, watermark, logo, caption, signature, border, frame, collage, multiple panels, cartoon, illustration, CGI, 3d render, low-poly, painting, anime, surreal, deformed, duplicate objects, extra limbs, blurry, out of focus, noise, oversaturated, posterized, artifacts, jpeg artifacts"
7736,horse,racehorse,grazing,a suburban neighborhood,wide shot,nighttime under streetlights,clean,a photorealistic color photo,"a photorealistic color photo of a racehorse grazing in a suburban neighborhood, wide shot, nighttime under streetlights. single main subject, photorealistic color photo, natural colors, realistic texture, sharp focus on subject, no people, no text, no watermark, no logo, no border, no collage, no CGI, no illustration.","text, watermark, logo, caption, signature, border, frame, collage, multiple panels, cartoon, illustration, CGI, 3d render, low-poly, painting, anime, surreal, deformed, duplicate objects, extra limbs, blurry, out of focus, noise, oversaturated, posterized, artifacts, jpeg artifacts"
7096,horse,wild horse,standing,a lakeside shore,3/4 view,overcast daylight,clean,an ultra-realistic rendering,"an ultra-realistic rendering of a wild horse standing in a lakeside shore, 3/4 view, overcast daylight. single main subject, photorealistic color photo, natural colors, realistic texture, sharp focus on subject, no people, no text, no watermark, no logo, no border, no collage, no CGI, no illustration.","text, watermark, logo, caption, signature, border, frame, collage, multiple panels, cartoon, illustration, CGI, 3d render, low-poly, painting, anime, surreal, deformed, duplicate objects, extra limbs, blurry, out of focus, noise, oversaturated, posterized, artifacts, jpeg artifacts"
7988,horse,pony,running,a sandy beach,low angle,overcast daylight,hard,a professional photo,"a professional photo of a pony horse running in a sandy beach, low angle, overcast daylight. partially occluded by a foreground object. single main subject, photorealistic color photo, natural colors, realistic texture, sharp focus on subject, no people, no text, no watermark, no logo, no border, no collage, no CGI, no illustration.","text, watermark, logo, caption, signature, border, frame, collage, multiple panels, cartoon, illustration, CGI, 3d render, low-poly, painting, anime, surreal, deformed, duplicate objects, extra limbs, blurry, out of focus, noise, oversaturated, posterized, artifacts, jpeg artifacts"
7854,horse,racehorse,grazing,an urban street,low angle,backlit rim light,hard,a detailed photograph,"a detailed photograph of a racehorse grazing in an urban street, low angle, backlit rim light. partially occluded by a foreground object. single main subject, photorealistic color photo, natural colors, realistic texture, sharp focus on subject, no people, no text, no watermark, no logo, no border, no collage, no CGI, no illustration.","text, watermark, logo, caption, signature, border, frame, collage, multiple panels, cartoon, illustration, CGI, 3d render, low-poly, painting, anime, surreal, deformed, duplicate objects, extra limbs, blurry, out of focus, noise, oversaturated, posterized, artifacts, jpeg artifacts"
7729,horse,brown horse,walking,an urban street,low angle,sunny afternoon,clean,a detailed photograph,"a detailed photograph of a brown horse walking in an urban street, low angle, sunny afternoon. single main subject, photorealistic color photo, natural colors, realistic texture, sharp focus on subject, no people, no text, no watermark, no logo, no border, no collage, no CGI, no illustration.","text, watermark, logo, caption, signature, border, frame, collage, multiple panels, cartoon, illustration, CGI, 3d render, low-poly, painting, anime, surreal, deformed, duplicate objects, extra limbs, blurry, out of focus, noise, oversaturated, posterized, artifacts, jpeg artifacts"
7478,horse,racehorse,running,a sandy beach,side profile,overcast daylight,clean,an ultra-realistic rendering,"an ultra-realistic rendering of a racehorse running in a sandy beach, side profile, overcast daylight. single main subject, photorealistic color photo, natural colors, realistic texture, sharp focus on subject, no people, no text, no watermark, no logo, no border, no collage, no CGI, no illustration.","text, watermark, logo, caption, signature, border, frame, collage, multiple panels, cartoon, illustration, CGI, 3d render, low-poly, painting, anime, surreal, deformed, duplicate objects, extra limbs, blurry, out of focus, noise, oversaturated, posterized, artifacts, jpeg artifacts"
7622,horse,brown horse,walking,a countryside road,side profile,sunny afternoon,clean,a high-quality image,"a high-quality image of a brown horse walking in a countryside road, side profile, sunny afternoon. single main subject, photorealistic color photo, natural colors, realistic texture, sharp focus on subject, no people, no text, no watermark, no logo, no border, no collage, no CGI, no illustration.","text, watermark, logo, caption, signature, border, frame, collage, multiple panels, cartoon, illustration, CGI, 3d render, low-poly, painting, anime, surreal, deformed, duplicate objects, extra limbs, blurry, out of focus, noise, oversaturated, posterized, artifacts, jpeg artifacts"
7873,horse,racehorse,walking,a sandy beach,slightly off-center framing,nighttime under streetlights,hard,a high-quality image,"a high-quality image of a racehorse walking in a sandy beach, slightly off-center framing, nighttime under streetlights. in the distance. single main subject, photorealistic color photo, natural colors, realistic texture, sharp focus on subject, no people, no text, no watermark, no logo, no border, no collage, no CGI, no illustration.","text, watermark, logo, caption, signature, border, frame, collage, multiple panels, cartoon, illustration, CGI, 3d render, low-poly, painting, anime, surreal, deformed, duplicate objects, extra limbs, blurry, out of focus, noise, oversaturated, posterized, artifacts, jpeg artifacts"
7202,horse,white horse,running,a forest clearing,3/4 view,indoor soft window light,clean,a finely detailed photo,"a finely detailed photo of a white horse running in a forest clearing, 3/4 view, indoor soft window light. single main subject, photorealistic color photo, natural colors, realistic texture, sharp focus on subject, no people, no text, no watermark, no logo, no border, no collage, no CGI, no illustration.","text, watermark, logo, caption, signature, border, frame, collage, multiple panels, cartoon, illustration, CGI, 3d render, low-poly, painting, anime, surreal, deformed, duplicate objects, extra limbs, blurry, out of focus, noise, oversaturated, posterized, artifacts, jpeg artifacts"
7916,horse,wild horse,standing,a grassy field,side profile,backlit rim light,hard,a finely detailed photo,"a finely detailed photo of a wild horse standing in a grassy field, side profile, backlit rim light. partially occluded by a foreground object. single main subject, photorealistic color photo, natural colors, realistic texture, sharp focus on subject, no people, no text, no watermark, no logo, no border, no collage, no CGI, no illustration.","text, watermark, logo, caption, signature, border, frame, collage, multiple panels, cartoon, illustration, CGI, 3d render, low-poly, painting, anime, surreal, deformed, duplicate objects, extra limbs, blurry, out of focus, noise, oversaturated, posterized, artifacts, jpeg artifacts"
7698,horse,racehorse,walking,a gravel lot,slightly off-center framing,backlit rim light,clean,a high-quality image,"a high-quality image of a racehorse walking in a gravel lot, slightly off-center framing, backlit rim light. single main subject, photorealistic color photo, natural colors, realistic texture, sharp focus on subject, no people, no text, no watermark, no logo, no border, no collage, no CGI, no illustration.","text, watermark, logo, caption, signature, border, frame, collage, multiple panels, cartoon, illustration, CGI, 3d render, low-poly, painting, anime, surreal, deformed, duplicate objects, extra limbs, blurry, out of focus, noise, oversaturated, posterized, artifacts, jpeg artifacts"
