id,class_label,instance,action,scene,view,lighting,tier,prompt_opener,prompt,negative_prompt
8054,ship,fishing boat,moving through water,a sandy beach,slightly off-center framing,sunny afternoon,clean,an ultra-realistic rendering,"an ultra-realistic rendering of a fishing boat ship moving through water in a sandy beach, slightly off-center framing, sunny afternoon. single main subject, photorealistic color photo, natural colors, realistic texture, sharp focus on subject, no people, no text, no watermark, no logo, no border, no collage, no CGI, no illustration.","text, watermark, logo, caption, signature, border, frame, collage, multiple panels, cartoon, illustration, CGI, 3d render, low-poly, painting, anime, surreal, deformed, duplicate objects, extra limbs, blurry, out of focus, noise, oversaturated, posterized, artifacts, jpeg artifacts"
8399,ship,sailboat,seen from a distance,a gravel lot,side profile,indoor soft window light,clean,a high-quality image,"a high-quality image of a sailboat ship seen from a distance in a gravel lot, side profile, indoor soft window light. single main subject, photorealistic color photo, natural colors, realistic texture, sharp focus on subject, no people, no text, no watermark, no logo, no border, no collage, no CGI, no illustration.","text, watermark, logo, caption, signature, border, frame, collage, multiple panels, cartoon, illustration, CGI, 3d render, low-poly, painting, anime, surreal, deformed, duplicate objects, extra limbs, blurry, out of focus, noise, oversaturated, posterized, artifacts, jpeg artifacts"
8493,ship,cargo ship,anchored,a quiet residential street,close-up,indoor soft window light,clean,a professional photo,"a professional photo of a cargo ship anchored in a quiet residential street, close-up, indoor soft window light. single main subject, photorealistic color photo, natural colors, realistic texture, sharp focus on subject, no people, no text, no watermark, no logo, no border, no collage, no CGI, no illustration.","text, watermark, logo, caption, signature, border, frame, collage, multiple panels, cartoon, illustration, CGI, 3d render, low-poly, painting, anime, surreal, deformed, duplicate objects, extra limbs, blurry, out of focus, noise, oversaturated, posterized, artifacts, jpeg artifacts"
8238,ship,cruise ship,anchored,a countryside road,high angle,nighttime under streetlights,clean,a detailed photograph,"a detailed photograph of a cruise ship anchored in a countryside road, high angle, nighttime under streetlights. single main subject, photorealistic color photo, natural colors, realistic texture, sharp focus on subject, no people, no text, no watermark, no logo, no border, no collage, no CGI, no illustration.","text, watermark, logo, caption, signature, border, frame, collage, multiple panels, cartoon, illustration, CGI, 3d render, low-poly, painting, anime, surreal, deformed, duplicate objects, extra limbs, blurry, out of focus, noise, oversaturated, posterized, artifacts, jpeg artifacts"
8136,ship,cargo ship,anchored,a forest clearing,high angle,indoor soft window light,clean,a high-quality image,"a high-quality image of a cargo ship anchored in a forest clearing, high angle, indoor soft window light. single main subject, photorealistic color photo, natural colors, realistic texture, sharp focus on subject, no people, no text, no watermark, no logo, no border, no collage, no CGI, no illustration.","text, watermark, logo, caption, signature, border, frame, collage, multiple panels, cartoon, illustration, CGI, 3d render, low-poly, painting, anime, surreal, deformed, duplicate objects, extra limbs, blurry, out of focus, noise, oversaturated, posterized, artifacts, jpeg artifacts"
8814,ship,fishing boat,moving through water,a parking lot,distant subject in the background,foggy morning,hard,an ultra-realistic rendering,"an ultra-realistic rendering of a fishing boat ship moving through water in a parking lot, distant subject in the background, foggy morning. in the distance. single main subject, photorealistic color photo, natural colors, realistic texture, sharp focus on subject, no people, no text, no watermark, no logo, no border, no collage, no CGI, no illustration.","text, watermark, logo, caption, signature, border, frame, collage, multiple panels, cartoon, illustration, CGI, 3d render, low-poly, painting, anime, surreal, deformed, duplicate objects, extra limbs, blurry, out of focus, noise, oversaturated, posterized, artifacts, jpeg artifacts"
8027,ship,small motorboat,anchored,a parking lot,high angle,rainy with wet reflections,clean,a finely detailed photo,"a finely detailed photo of a small motorboat ship anchored in a parking lot, high angle, rainy with wet reflections. single main subject, photorealistic color photo, natural colors, realistic texture, sharp focus on subject, no people, no text, no watermark, no logo, no border, no collage, no CGI, no illustration.","text, watermark, logo, caption, signature, border, frame, collage, multiple panels, cartoon, illustration, CGI, 3d render, low-poly, painting, anime, surreal, deformed, duplicate objects, extra limbs, blurry, out of focus, noise, oversaturated, posterized, artifacts, jpeg artifacts"
8240,ship,small motorboat,seen from a distance,a sandy beach,side profile,backlit rim light,clean,a photorealistic color photo,"a photorealistic color photo of a small motorboat ship seen from a distance in a sandy beach, side profile, backlit rim light. single main subject, photorealistic color photo, natural colors, realistic texture, sharp focus on subject, no people, no text, no watermark, no logo, no border, no collage, no CGI, no illustration.","text, watermark, logo, caption, signature, border, frame, collage, multiple panels, cartoon, illustration, CGI, 3d render, low-poly, painting, anime, surreal, deformed, duplicate objects, extra limbs, blurry, out of focus, noise, oversaturated, posterized, artifacts, jpeg artifacts"
8409,ship,cruise ship,anchored,an industrial yard,front view,overcast daylight,clean,a high-quality image,"a high-quality image of a cruise ship anchored in an industrial yard, front view, overcast daylight. single main subject, photorealistic color photo, natural colors, realistic texture, sharp focus on subject, no people, no text, no watermark, no logo, no border, no collage, no CGI, no illustration.","text, watermark, logo, caption, signature, border, frame, collage, multiple panels, cartoon, illustration, CGI, 3d render, low-poly, painting, anime, surreal, deformed, duplicate objects, extra limbs, blurry, out of focus, noise, oversaturated, posterized, artifacts, jpeg artifacts"
8351,ship,sailboat,moving through water,a forest clearing,side profile,golden hour,clean,a professional photo,"a professional photo of a sailboat ship moving through water in a forest clearing, side profile, golden hour. single main subject, photorealistic color photo, natural colors, realistic texture, sharp focus on subject, no people, no text, no watermark, no logo, no border, no collage, no CGI, no illustration.","text, watermark, logo, caption, signature, border, frame, collage, multiple panels, cartoon, illustration, CGI, 3d render, low-poly, painting, anime, surreal, deformed, duplicate objects, extra limbs, blurry, out of focus, noise, oversaturated, posterized, artifacts, jpeg artifacts"
8221,ship,small motorboat,moving through water,a backyard,3/4 view,indoor soft window light,clean,a high-quality image,"a high-quality image of a small motorboat ship moving through water in a backyard, 3/4 view, indoor soft window light. single main subject, photorealistic color photo, natural colors, realistic texture, sharp focus on subject, no people, no text, no watermark, no logo, no border, no collage, no CGI, no illustration.","text, watermark, logo, caption, signature, border, frame, collage, multiple panels, cartoon, illustration, CGI, 3d render, low-poly, painting, anime, surreal, deformed, duplicate objects, extra limbs, blurry, out of focus, noise, oversaturated, posterized, artifacts, jpeg artifacts"
8806,ship,small motorboat,moving through water,a parking lot,distant subject in the background,rainy with wet reflections,hard,a finely detailed photo,"a finely detailed photo of a small motorboat ship moving through water in a parking lot, distant subject in the background, rainy with wet reflections. partially occluded by a foreground object. single main subject, photorealistic color photo, natural colors, realistic texture, sharp focus on subject, no people, no text, no watermark, no logo, no border, no collage, no CGI, no illustration.","text, watermark, logo, caption, signature, border, frame, collage, multiple panels, cartoon, illustration, CGI, 3d render, low-poly, painting, anime, surreal, deformed, duplicate objects, extra limbs, blurry, out of focus, noise, oversaturated, posterized, artifacts, jpeg artifacts"
8958,ship,small motorboat,seen from a distance,a countryside road,close-up,golden hour,hard,a high-quality image,"a high-quality image of a small motorboat ship seen from a distance in a countryside road, close-up, golden hour. slight motion blur. single main subject, photorealistic color photo, natural colors, realistic texture, sharp focus on subject, no people, no text, no watermark, no logo, no border, no collage, no CGI, no illustration.","text, watermark, logo, caption, signature, border, frame, collage, multiple panels, cartoon, illustration, CGI, 3d render, low-poly, painting, anime, surreal, deformed, duplicate objects, extra limbs, blurry, out of focus, noise, oversaturated, posterized, artifacts, jpeg artifacts"
8985,ship,small motorboat,seen from a distance,a city park,low angle,nighttime under streetlights,hard,a finely detailed photo,"a finely detailed photo of a small motorboat ship seen from a distance in a city park, low angle, nighttime under streetlights. slight motion blur. single main subject, photorealistic color photo, natural colors, realistic texture, sharp focus on subject, no people, no text, no watermark, no logo, no border, no collage, no CGI, no illustration.","text, watermark, logo, caption, signature, border, frame, collage, multiple panels, cartoon, illustration, CGI, 3d render, low-poly, painting, anime, surreal, deformed, duplicate objects, extra limbs, blurry, out of focus, noise, oversaturated, posterized, artifacts, jpeg artifacts"
8896,ship,sailboat,anchored,a parking lot,front view,indoor soft window light,hard,an ultra-realistic rendering,"an ultra-realistic rendering of a sailboat ship anchored in a parking lot, front view, indoor soft window light. in the distance. single main subject, photorealistic color photo, natural colors, realistic texture, sharp focus on subject, no people, no text, no watermark, no logo, no border, no collage, no CGI, no illustration.","text, watermark, logo, caption, signature, border, frame, collage, multiple panels, cartoon, illustration, CGI, 3d render, low-poly, painting, anime, surreal, deformed, duplicate objects, extra limbs, blurry, out of focus, noise, oversaturated, posterized, artifacts, jpeg artifacts"
8837,ship,sailboat,moving through water,an industrial yard,side profile,sunny afternoon,hard,a professional photo,"a professional photo of a sailboat ship moving through water in an industrial yard, side profile, sunny afternoon. slight motion blur. single main subject, photorealistic color photo, natural colors, realistic texture, sharp focus on subject, no people, no text, no watermark, no logo, no border, no collage, no CGI, no illustration.","text, watermark, logo, caption, signature, border, frame, collage, multiple panels, cartoon, illustration, CGI, 3d render, low-poly, painting, anime, surreal, deformed, duplicate objects, extra limbs, blurry, out of focus, noise, oversaturated, posterized, artifacts, jpeg artifacts"
8470,ship,fishing boat,anchored,an industrial yard,low angle,nighttime under streetlights,clean,a professional photo,"a professional photo of a fishing boat ship anchored in an industrial yard, low angle, nighttime under streetlights. single main subject, photorealistic color photo, natural colors, realistic texture, sharp focus on subject, no people, no text, no watermark, no logo, no border, no collage, no CGI, no illustration.","text, watermark, logo, caption, signature, border, frame, collage, multiple panels, cartoon, illustration, CGI, 3d render, low-poly, painting, anime, surreal, deformed, duplicate objects, extra limbs, blurry, out of focus, noise, oversaturated, posterized, artifacts, jpeg artifacts"
8575,ship,ferry,seen from a distance,an industrial yard,low angle,backlit rim light,clean,a finely detailed photo,"a finely detailed photo of a ferry ship seen from a distance in an industrial yard, low angle, backlit rim light. single main subject, photorealistic color photo, natural colors, realistic texture, sharp focus on subject, no people, no text, no watermark, no logo, no border, no collage, no CGI, no illustration.","text, watermark, logo, caption, signature, border, frame, collage, multiple panels, cartoon, illustration, CGI, 3d render, low-poly, painting, anime, surreal, deformed, duplicate objects, extra limbs, blurry, out of focus, noise, oversaturated, posterized, artifacts, jpeg artifacts"
8097,ship,sailboat,docked,a sandy beach,low angle,backlit rim light,clean,an ultra-realistic rendering,"an ultra-realistic rendering of a sailboat ship docked in a sandy beach, low angle, backlit rim light. single main subject, photorealistic color photo, natural colors, realistic texture, sharp focus on subject, no people, no text, no watermark, no logo, no border, no collage, no CGI, no illustration.","text, watermark, logo, caption, signature, border, frame, collage, multiple panels, cartoon, illustration, CGI, 3d render, low-poly, painting, anime, surreal, deformed, duplicate objects, extra limbs, blurry, out of focus, noise, oversaturated, posterized, artifacts, jpeg artifacts"
8032,ship,fishing boat,moving through water,an industrial yard,side profile,overcast daylight,clean,an ultra-realistic rendering,"an ultra-realistic rendering of a fishing boat ship moving through water in an industrial yard, side profile, overcast daylight. single main subject, photorealistic color photo, natural colors, realistic texture, sharp focus on subject, no people, no text, no watermark, no logo, no border, no collage, no CGI, no illustration.","text, watermark, logo, caption, signature, border, frame, collage, multiple panels, cartoon, illustration, CGI, 3d render, low-poly, painting, anime, surreal, deformed, duplicate objects, extra limbs, blurry, out of focus, noise, oversaturated, posterized, artifacts, jpeg artifacts"
8583,ship,small motorboat,seen from a distance,an urban street,high angle,golden hour,clean,an ultra-realistic rendering,"an ultra-realistic rendering of a small motorboat ship seen from a distance in an urban street, high angle, golden hour. single main subject, photorealistic color photo, natural colors, realistic texture, sharp focus on subject, no people, no text, no watermark, no logo, no border, no collage, no CGI, no illustration.","text, watermark, logo, caption, signature, border, frame, collage, multiple panels, cartoon, illustration, CGI, 3d render, low-poly, painting, anime, surreal, deformed, duplicate objects, extra limbs, blurry, out of focus, noise, oversaturated, posterized, artifacts, jpeg artifacts"
8763,ship,fishing boat,moving through water,a city park,side profile,golden hour,clean,an ultra-realistic rendering,"an ultra-realistic rendering of a fishing boat ship moving through water in a city park, side profile, golden hour. single main subject, photorealistic color photo, natural colors, realistic texture, sharp focus on subject, no people, no text, no watermark, no logo, no border, no collage, no CGI, no illustration.","text, watermark, logo, caption, signature, border, frame, collage, multiple panels, cartoon, illustration, CGI, 3d render, low-poly, painting, anime, surreal, deformed, duplicate objects, extra limbs, blurry, out of focus, noise, oversaturated, posterized, artifacts, jpeg artifacts"
8331,ship,ferry,docked,a backyard,slightly off-center framing,rainy with wet reflections,clean,a photorealistic color photo,"a photorealistic color photo of a ferry ship docked in a backyard, slightly off-center framing, rainy with wet reflections. single main subject, photorealistic color photo, natural colors, realistic texture, sharp focus on subject, no people, no text, no watermark, no logo, no border, no collage, no CGI, no illustration.","text, watermark, logo, caption, signature, border, frame, collage, multiple panels, cartoon, illustration, CGI, 3d render, low-poly, painting, anime, surreal, deformed, duplicate objects, extra limbs, blurry, out of focus, noise, oversaturated, posterized, artifacts, jpeg artifacts"
8626,ship,cruise ship,moving through water,a backyard,front view,golden hour,clean,a detailed photograph,"a detailed photograph of a cruise ship moving through water in a backyard, front view, golden hour. single main subject, photorealistic color photo, natural colors, realistic texture, sharp focus on subject, no people, no text, no watermark, no logo, no border, no collage, no CGI, no illustration.","text, watermark, logo, caption, signature, border, frame, collage, multiple panels, cartoon, illustration, CGI, 3d render, low-poly, painting, anime, surreal, deformed, duplicate objects, extra limbs, blurry, out of focus, noise, oversaturated, posterized, artifacts, jpeg artifacts"
8522,ship,cargo ship,moving through water,a sandy beach,close-up,sunny afternoon,clean,a detailed photograph,"a detailed photograph of a cargo ship moving through water in a sandy beach, close-up, sunny afternoon. single main subject, photorealistic color photo, natural colors, realistic texture, sharp focus on subject, no people, no text, no watermark, no logo, no border, no collage, no CGI, no illustration.","text, watermark, logo, caption, signature, border, frame, collage, multiple panels, cartoon, illustration, CGI, 3d render, low-poly, painting, anime, surreal, deformed, duplicate objects, extra limbs, blurry, out of focus, noise, oversaturated, posterized, artifacts, jpeg artifacts"
8624,ship,sailboat,anchored,a gravel lot,low angle,nighttime under streetlights,clean,a professional photo,"a professional photo of a sailboat ship anchored in a gravel lot, low angle, nighttime under streetlights. single main subject, photorealistic color photo, natural colors, realistic texture, sharp focus on subject, no people, no text, no watermark, no logo, no border, no collage, no CGI, no illustration.","text, watermark, logo, caption, signature, border, frame, collage, multiple panels, cartoon, illustration, CGI, 3d render, low-poly, painting, anime, surreal, deformed, duplicate objects, extra limbs, blurry, out of focus, noise, oversaturated, posterized, artifacts, jpeg artifacts"
8727,ship,cruise ship,seen from a distance,a grassy field,3/4 view,foggy morning,clean,a professional photo,"a professional photo of a cruise ship seen from a distance in a grassy field, 3/4 view, foggy morning. single main subject, photorealistic color photo, natural colors, realistic texture, sharp focus on subject, no people, no text, no watermark, no logo, no border, no collage, no CGI, no illustration.","text, watermark, logo, caption, signature, border, frame, collage, multiple panels, cartoon, illustration, CGI, 3d render, low-poly, painting, anime, surreal, deformed, duplicate objects, extra limbs, blurry, out of focus, noise, oversaturated, posterized, artifacts, jpeg artifacts"
8696,ship,fishing boat,seen from a distance,a gravel lot,high angle,overcast daylight,clean,a finely detailed photo,"a finely detailed photo of a fishing boat ship seen from a distance in a gravel lot, high angle, overcast daylight. single main subject, photorealistic color photo, natural colors, realistic texture, sharp focus on subject, no people, no text, no watermark, no logo, no border, no collage, no CGI, no illustration.","text, watermark, logo, caption, signature, border, frame, collage, multiple panels, cartoon, illustration, CGI, 3d render, low-poly, painting, anime, surreal, deformed, duplicate objects, extra limbs, blurry, out of focus, noise, oversaturated, posterized, artifacts, jpeg artifacts"
8328,ship,fishing boat,moving through water,a gravel lot,front view,foggy morning,clean,a finely detailed photo,"a finely detailed photo of a fishing boat ship moving through water in a gravel lot, front view, foggy morning. single main subject, photorealistic color photo, natural colors, realistic texture, sharp focus on subject, no people, no text, no watermark, no logo, no border, no collage, no CGI, no illustration.","text, watermark, logo, caption, signature, border, frame, collage, multiple panels, cartoon, illustration, CGI, 3d render, low-poly, painting, anime, surreal, deformed, duplicate objects, extra limbs, blurry, out of focus, noise, oversaturated, posterized, artifacts, jpeg artifacts"
8285,ship,ferry,anchored,a quiet residential street,low angle,sunny afternoon,clean,an ultra-realistic rendering,"an ultra-realistic rendering of a ferry ship anchored in a quiet residential street, low angle, sunny afternoon. single main subject, photorealistic color photo, natural colors, realistic texture, sharp focus on subject, no people, no text, no watermark, no logo, no border, no collage, no CGI, no illustration.","text, watermark, logo, caption, signature, border, frame, collage, multiple panels, cartoon, illustration, CGI, 3d render, low-poly, painting, anime, surreal, deformed, duplicate objects, extra limbs, blurry, out of focus, noise, oversaturated, posterized, artifacts, jpeg artifacts"
8997,ship,ferry,moving through water,an urban street,low angle,golden hour,hard,a professional photo,"a professional photo of a ferry ship moving through water in an urban street, low angle, golden hour. slight motion blur. single main subject, photorealistic color photo, natural colors, realistic texture, sharp focus on subject, no people, no text, no watermark, no logo, no border, no collage, no CGI, no illustration.","text, watermark, logo, caption, signature, border, frame, collage, multiple panels, cartoon, illustration, CGI, 3d render, low-poly, painting, anime, surreal, deformed, duplicate objects, extra limbs, blurry, out of focus, noise, oversaturated, posterized, artifacts, jpeg artifacts"
8459,ship,sailboat,seen from a distance,a quiet residential street,wide shot,backlit rim light,clean,a professional photo,"a professional photo of a sailboat ship seen from a distance in a quiet residential street, wide shot, backlit rim light. single main subject, photorealistic color photo, natural colors, realistic texture, sharp focus on subject, no people, no text, no watermark, no logo, no border, no collage, no CGI, no illustration.","text, watermark, logo, caption, signature, border, frame, collage, multiple panels, cartoon, illustration, CGI, 3d render, low-poly, painting, anime, surreal, deformed, duplicate objects, extra limbs, blurry, out of focus, noise, oversaturated, posterized, artifacts, jpeg artifacts"
8779,ship,sailboat,anchored,a countryside road,low angle,golden hour,clean,a high-quality image,"a high-quality image of a sailboat ship anchored in a countryside road, low angle, golden hour. single main subject, photorealistic color photo, natural colors, realistic texture, sharp focus on subject, no people, no text, no watermark, no logo, no border, no collage, no CGI, no illustration.","text, watermark, logo, caption, signature, border, frame, collage, multiple panels, cartoon, illustration, CGI, 3d render, low-poly, painting, anime, surreal, deformed, duplicate objects, extra limbs, blurry, out of focus, noise, oversaturated, posterized, artifacts, jpeg artifacts"
8234,ship,small motorboat,seen from a distance,a quiet residential street,side profile,indoor soft window light,clean,a finely detailed photo,"a finely detailed photo of a small motorboat ship seen from a distance in a quiet residential street, side profile, indoor soft window light. single main subject, photorealistic color photo, natural colors, realistic texture, sharp focus on subject, no people, no text, no watermark, no logo, no border, no collage, no CGI, no illustration.","text, watermark, logo, caption, signature, border, frame, collage, multiple panels, cartoon, illustration, CGI, 3d render, low-poly, painting, anime, surreal, deformed, duplicate objects, extra limbs, blurry, out of focus, noise, oversaturated, posterized, artifacts, jpeg artifacts"
8632,ship,ferry,seen from a distance,a backyard,side profile,nighttime under streetlights,clean,a high-quality image,"a high-quality image of a ferry ship seen from a distance in a backyard, side profile, nighttime under streetlights. single main subject, photorealistic color photo, natural colors, realistic texture, sharp focus on subject, no people, no text, no watermark, no logo, no border, no collage, no CGI, no illustration.","text, watermark, logo, caption, signature, border, frame, collage, multiple panels, cartoon, illustration, CGI, 3d render, low-poly, painting, anime, surreal, deformed, duplicate objects, extra limbs, blurry, out of focus, noise, oversaturated, posterized, artifacts, jpeg artifacts"
8040,ship,ferry,anchored,a wet roadway after rain,3/4 view,golden hour,clean,a high-quality image,"a high-quality image of a ferry ship anchored in a wet roadway after rain, 3/4 view, golden hour. single main subject, photorealistic color photo, natural colors, realistic texture, sharp focus on subject, no people, no text, no watermark, no logo, no border, no collage, no CGI, no illustration.","text, watermark, logo, caption, signature, border, frame, collage, multiple panels, cartoon, illustration, CGI, 3d render, low-poly, painting, anime, surreal, deformed, duplicate objects, extra limbs, blurry, out of focus, noise, oversaturated, posterized, artifacts, jpeg artifacts"
8864,ship,sailboat,moving through water,a quiet residential street,high angle,overcast daylight,hard,an ultra-realistic rendering,"an ultra-realistic rendering of a sailboat ship moving through water in a quiet residential street, high angle, overcast daylight. busy background but still one main subject. single main subject, photorealistic color photo, natural colors, realistic texture, sharp focus on subject, no people, no text, no watermark, no logo, no border, no collage, no CGI, no illustration.","text, watermark, logo, caption, signature, border, frame, collage, multiple panels, cartoon, illustration, CGI, 3d render, low-poly, painting, anime, surreal, deformed, duplicate objects, extra limbs, blurry, out of focus, noise, oversaturated, posterized, artifacts, jpeg artifacts"
8049,ship,ferry,docked,a backyard,3/4 view,nighttime under streetlights,clean,a finely detailed photo,"a finely detailed photo of a ferry ship docked in a backyard, 3/4 view, nighttime under streetlights. single main subject, photorealistic color photo, natural colors, realistic texture, sharp focus on subject, no people, no text, no watermark, no logo, no border, no collage, no CGI, no illustration.","text, watermark, logo, caption, signature, border, frame, collage, multiple panels, cartoon, illustration, CGI, 3d render, low-poly, painting, anime, surreal, deformed, duplicate objects, extra limbs, blurry, out of focus, noise, oversaturated, posterized, artifacts, jpeg artifacts"
8573,ship,sailboat,moving through water,a suburban neighborhood,low angle,rainy with wet reflections,clean,a photorealistic color photo,"a photorealistic color photo of a sailboat ship moving through water in a suburban neighborhood, low angle, rainy with wet reflections. single main subject, photorealistic color photo, natural colors, realistic texture, sharp focus on subject, no people, no text, no watermark, no logo, no border, no collage, no CGI, no illustration.","text, watermark, logo, caption, signature, border, frame, collage, multiple panels, cartoon, illustration, CGI, 3d render, low-poly, painting, anime, surreal, deformed, duplicate objects, extra limbs, blurry, out of focus, noise, oversaturated, posterized, artifacts, jpeg artifacts"
8610,ship,sailboat,anchored,a backyard,low angle,rainy with wet reflections,clean,a finely detailed photo,"a finely detailed photo of a sailboat ship anchored in a backyard, low angle, rainy with wet reflections. single main subject, photorealistic color photo, natural colors, realistic texture, sharp focus on subject, no people, no text, no watermark, no logo, no border, no collage, no CGI, no illustration.","text, watermark, logo, caption, signature, border, frame, collage, multiple panels, cartoon, illustration, CGI, 3d render, low-poly, painting, anime, surreal, deformed, duplicate objects, extra limbs, blurry, out of focus, noise, oversaturated, posterized, artifacts, jpeg artifacts"
8966,ship,cruise ship,anchored,a parking lot,3/4 view,foggy morning,hard,a photorealistic color photo,"a photorealistic color photo of a cruise ship anchored in a parking lot, 3/4 view, foggy morning. partially occluded by a foreground object. single main subject, photorealistic color photo, natural colors, realistic texture, sharp focus on subject, no people, no text, no watermark, no logo, no border, no collage, no CGI, no illustration.","text, watermark, logo, caption, signature, border, frame, collage, multiple panels, cartoon, illustration, CGI, 3d render, low-poly, painting, anime, surreal, deformed, duplicate objects, extra limbs, blurry, out of focus, noise, oversaturated, posterized, artifacts, jpeg artifacts"
8882,ship,fishing boat,seen from a distance,a city park,slightly off-center framing,sunny afternoon,hard,a finely detailed photo,"a finely detailed photo of a fishing boat ship seen from a distance in a city park, slightly off-center framing, sunny afternoon. in the distance. single main subject, photorealistic color photo, natural colors, realistic texture, sharp focus on subject, no people, no text, no watermark, no logo, no border, no collage, no CGI, no illustration.","text, watermark, logo, caption, signature, border, frame, collage, multiple panels, cartoon, illustration, CGI, 3d render, low-poly, painting, anime, surreal, deformed, duplicate objects, extra limbs, blurry, out of focus, noise, oversaturated, posterized, artifacts, jpeg artifacts"
8296,ship,ferry,moving through water,a sandy beach,3/4 view,nighttime under streetlights,clean,a high-quality image,"a high-quality image of a ferry ship moving through water in a sandy beach, 3/4 view, nighttime under streetlights. single main subject, photorealistic color photo, natural colors, realistic texture, sharp focus on subject, no people, no text, no watermark, no logo, no border, no collage, no CGI, no illustration.","text, watermark, logo, caption, signature, border, frame, collage, multiple panels, cartoon, illustration, CGI, 3d render, low-poly, painting, anime, surreal, deformed, duplicate objects, extra limbs, blurry, out of focus, noise, oversaturated, posterized, artifacts, jpeg artifacts"
8916,ship,small motorboat,anchored,a backyard,close-up,overcast daylight,hard,a detailed photograph,"a detailed photograph of a small motorboat ship anchored in a backyard, close-up, overcast daylight. slight motion blur. single main subject, photorealistic color photo, natural colors, realistic texture, sharp focus on subject, no people, no text, no watermark, no logo, no border, no collage, no CGI, no illustration.","text, watermark, logo, caption, signature, border, frame, collage, multiple panels, cartoon, illustration, CGI, 3d render, low-poly, painting, anime, surreal, deformed, duplicate objects, extra limbs, blurry, out of focus, noise, oversaturated, posterized, artifacts, jpeg artifacts"
8970,ship,ferry,seen from a distance,a countryside road,distant subject in the background,foggy morning,hard,a detailed photograph,"a detailed photograph of a ferry ship seen from a distance in a countryside road, distant subject in the background, foggy morning. busy background but still one main subject. single main subject, photorealistic color photo, natural colors, realistic texture, sharp focus on subject, no people, no text, no watermark, no logo, no border, no collage, no CGI, no illustration.","text, watermark, logo, caption, signature, border, frame, collage, multiple panels, cartoon, illustration, CGI, 3d render, low-poly, painting, anime, surreal, deformed, duplicate objects, extra limbs, blurry, out of focus, noise, oversaturated, posterized, artifacts, jpeg artifacts"
8903,ship,sailboat,seen from a distance,a gravel lot,front view,overcast daylight,hard,a finely detailed photo,"a finely detailed photo of a sailboat ship seen from a distance in a gravel lot, front view, overcast daylight. cropped slightly. single main subject, photorealistic color photo, natural colors, realistic texture, sharp focus on subject, no people, no text, no watermark, no logo, no border, no collage, no CGI, no illustration.","text, watermark, logo, caption, signature, border, frame, collage, multiple panels, cartoon, illustration, CGI, 3d render, low-poly, painting, anime, surreal, deformed, duplicate objects, extra limbs, blurry, out of focus, noise, oversaturated, posterized, artifacts, jpeg artifacts"
8731,ship,sailboat,moving through water,a countryside road,slightly off-center framing,rainy with wet reflections,clean,a professional photo,"a professional photo of a sailboat ship moving through water in a countryside road, slightly off-center framing, rainy with wet reflections. single main subject, photorealistic color photo, natural colors, realistic texture, sharp focus on subject, no people, no text, no watermark, no logo, no border, no collage, no CGI, no illustration.","text, watermark, logo, caption, signature, border, frame, collage, multiple panels, cartoon, illustration, CGI, 3d render, low-poly, painting, anime, surreal, deformed, duplicate objects, extra limbs, blurry, out of focus, noise, oversaturated, posterized, artifacts, jpeg artifacts"
8743,ship,cruise ship,seen from a distance,a parking lot,low angle,rainy with wet reflections,clean,a high-quality image,"a high-quality image of a cruise ship seen from a distance in a parking lot, low angle, rainy with wet reflections. single main subject, photorealistic color photo, natural colors, realistic texture, sharp focus on subject, no people, no text, no watermark, no logo, no border, no collage, no CGI, no illustration.","text, watermark, logo, caption, signature, border, frame, collage, multiple panels, cartoon, illustration, CGI, 3d render, low-poly, painting, anime, surreal, deformed, duplicate objects, extra limbs, blurry, out of focus, noise, oversaturated, posterized, artifacts, jpeg artifacts"
8371,ship,ferry,docked,a quiet residential street,side profile,foggy morning,clean,a high-quality image,"a high-quality image of a ferry ship docked in a quiet residential street, side profile, foggy morning. single main subject, photorealistic color photo, natural colors, realistic texture, sharp focus on subject, no people, no text, no watermark, no logo, no border, no collage, no CGI, no illustration.","text, watermark, logo, caption, signature, border, frame, collage, multiple panels, cartoon, illustration, CGI, 3d render, low-poly, painting, anime, surreal, deformed, duplicate objects, extra limbs, blurry, out of focus, noise, oversaturated, posterized, artifacts, jpeg artifacts"
8084,ship,fishing boat,moving through water,a backyard,low angle,foggy morning,clean,a finely detailed photo,"a finely detailed photo of a fishing boat ship moving through water in a backyard, low angle, foggy morning. single main subject, photorealistic color photo, natural colors, realistic texture, sharp focus on subject, no people, no text, no watermark, no logo, no border, no collage, no CGI, no illustration.","text, watermark, logo, caption, signature, border, frame, collage, multiple panels, cartoon, illustration, CGI, 3d render, low-poly, painting, anime, surreal, deformed, duplicate objects, extra limbs, blurry, out of focus, noise, oversaturated, posterized, artifacts, jpeg artifacts"
8223,ship,sailboat,seen from a distance,an industrial yard,slightly off-center framing,backlit rim light,clean,an ultra-realistic rendering,"an ultra-realistic rendering of a sailboat ship seen from a distance in an industrial yard, slightly off-center framing, backlit rim light. single main subject, photorealistic color photo, natural colors, realistic texture, sharp focus on subject, no people, no text, no watermark, no logo, no border, no collage, no CGI, no illustration.","text, watermark, logo, caption, signature, border, frame, collage, multiple panels, cartoon, illustration, CGI, 3d render, low-poly, painting, anime, surreal, deformed, duplicate objects, extra limbs, blurry, out of focus, noise, oversaturated, posterized, artifacts, jpeg artifacts"
8262,ship,sailboat,anchored,a countryside road,close-up,indoor soft window light,clean,a detailed photograph,"a detailed photograph of a sailboat ship anchored in a countryside road, close-up, indoor soft window light. single main subject, photorealistic color photo, natural colors, realistic texture, sharp focus on subject, no people, no text, no watermark, no logo, no border, no collage, no CGI, no illustration.","text, watermark, logo, caption, signature, border, frame, collage, multiple panels, cartoon, illustration, CGI, 3d render, low-poly, painting, anime, surreal, deformed, duplicate objects, extra limbs, blurry, out of focus, noise, oversaturated, posterized, artifacts, jpeg artifacts"
8098,ship,ferry,seen from a distance,a backyard,high angle,rainy with wet reflections,clean,a finely detailed photo,"a finely detailed photo of a ferry ship seen from a distance in a backyard, high angle, rainy with wet reflections. single main subject, photorealistic color photo, natural colors, realistic texture, sharp focus on subject, no people, no text, no watermark, no logo, no border, no collage, no CGI, no illustration.","text, watermark, logo, caption, signature, border, frame, collage, multiple panels, cartoon, illustration, CGI, 3d render, low-poly, painting, anime, surreal, deformed, duplicate objects, extra limbs, blurry, out of focus, noise, oversaturated, posterized, artifacts, jpeg artifacts"
8503,ship,fishing boat,docked,a city park,low angle,backlit rim light,clean,a professional photo,"a professional photo of a fishing boat ship docked in a city park, low angle, backlit rim light. single main subject, photorealistic color photo, natural colors, realistic texture, sharp focus on subject, no people, no text, no watermark, no logo, no border, no collage, no CGI, no illustration.","text, watermark, logo, caption, signature, border, frame, collage, multiple panels, cartoon, illustration, CGI, 3d render, low-poly, painting, anime, surreal, deformed, duplicate objects, extra limbs, blurry, out of focus, noise, oversaturated, posterized, artifacts, jpeg artifacts"
8648,ship,small motorboat,docked,a sandy beach,low angle,backlit rim light,clean,an ultra-realistic rendering,"an ultra-realistic rendering of a small motorboat ship docked in a sandy beach, low angle, backlit rim light. single main subject, photorealistic color photo, natural colors, realistic texture, sharp focus on subject, no people, no text, no watermark, no logo, no border, no collage, no CGI, no illustration.","text, watermark, logo, caption, signature, border, frame, collage, multiple panels, cartoon, illustration, CGI, 3d render, low-poly, painting, anime, surreal, deformed, duplicate objects, extra limbs, blurry, out of focus, noise, oversaturated, posterized, artifacts, jpeg artifacts"
8717,ship,sailboat,anchored,a parking lot,3/4 view,rainy with wet reflections,clean,a finely detailed photo,"a finely detailed photo of a sailboat ship anchored in a parking lot, 3/4 view, rainy with wet reflections. single main subject, photorealistic color photo, natural colors, realistic texture, sharp focus on subject, no people, no text, no watermark, no logo, no border, no collage, no CGI, no illustration.","text, watermark, logo, caption, signature, border, frame, collage, multiple panels, cartoon, illustration, CGI, 3d render, low-poly, painting, anime, surreal, deformed, duplicate objects, extra limbs, blurry, out of focus, noise, oversaturated, posterized, artifacts, jpeg artifacts"
8981,ship,cruise ship,anchored,an urban street,high angle,backlit rim light,hard,a finely detailed photo,"a finely detailed photo of a cruise ship anchored in an urban street, high angle, backlit rim light. in the distance. single main subject, photorealistic color photo, natural colors, realistic texture, sharp focus on subject, no people, no text, no watermark, no logo, no border, no collage, no CGI, no illustration.","text, watermark, logo, caption, signature, border, frame, collage, multiple panels, cartoon, illustration, CGI, 3d render, low-poly, painting, anime, surreal, deformed, duplicate objects, extra limbs, blurry, out of focus, noise, oversaturated, posterized, artifacts, jpeg artifacts"
8935,ship,fishing boat,moving through water,a suburban neighborhood,close-up,sunny afternoon,hard,a photorealistic color photo,"a photorealistic color photo of a fishing boat ship moving through water in a suburban neighborhood, close-up, sunny afternoon. busy background but still one main subject. single main subject, photorealistic color photo, natural colors, realistic texture, sharp focus on subject, no people, no text, no watermark, no logo, no border, no collage, no CGI, no illustration.","text, watermark, logo, caption, signature, border, frame, collage, multiple panels, cartoon, illustration, CGI, 3d render, low-poly, painting, anime, surreal, deformed, duplicate objects, extra limbs, blurry, out of focus, noise, oversaturated, posterized, artifacts, jpeg artifacts"
8842,ship,cargo ship,moving through water,a gravel lot,front view,rainy with wet reflections,hard,an ultra-realistic rendering,"an ultra-realistic rendering of a cargo ship moving through water in a gravel lot, front view, rainy with wet reflections. slight motion blur. single main subject, photorealistic color photo, natural colors, realistic texture, sharp focus on subject, no people, no text, no watermark, no logo, no border, no collage, no CGI, no illustration.","text, watermark, logo, caption, signature, border, frame, collage, multiple panels, cartoon, illustration, CGI, 3d render, low-poly, painting, anime, surreal, deformed, duplicate objects, extra limbs, blurry, out of focus, noise, oversaturated, posterized, artifacts, jpeg artifacts"
8604,ship,fishing boat,docked,a quiet residential street,high angle,foggy morning,clean,an ultra-realistic rendering,"an ultra-realistic rendering of a fishing boat ship docked in a quiet residential street, high angle, foggy morning. single main subject, photorealistic color photo, natural colors, realistic texture, sharp focus on subject, no people, no text, no watermark, no logo, no border, no collage, no CGI, no illustration.","text, watermark, logo, caption, signature, border, frame, collage, multiple panels, cartoon, illustration, CGI, 3d render, low-poly, painting, anime, surreal, deformed, duplicate objects, extra limbs, blurry, out of focus, noise, oversaturated, posterized, artifacts, jpeg artifacts"
8168,ship,ferry,moving through water,a parking lot,wide shot,overcast daylight,clean,a finely detailed photo,"a finely detailed photo of a ferry ship moving through water in a parking lot, wide shot, overcast daylight. single main subject, photorealistic color photo, natural colors, realistic texture, sharp focus on subject, no people, no text, no watermark, no logo, no border, no collage, no CGI, no illustration.","text, watermark, logo, caption, signature, border, frame, collage, multiple panels, cartoon, illustration, CGI, 3d render, low-poly, painting, anime, surreal, deformed, duplicate objects, extra limbs, blurry, out of focus, noise, oversaturated, posterized, artifacts, jpeg artifacts"
8112,ship,fishing boat,anchored,a grassy field,slightly off-center framing,sunny afternoon,clean,a finely detailed photo,"a finely detailed photo of a fishing boat ship anchored in a grassy field, slightly off-center framing, sunny afternoon. single main subject, photorealistic color photo, natural colors, realistic texture, sharp focus on subject, no people, no text, no watermark, no logo, no border, no collage, no CGI, no illustration.","text, watermark, logo, caption, signature, border, frame, collage, multiple panels, cartoon, illustration, CGI, 3d render, low-poly, painting, anime, surreal, deformed, duplicate objects, extra limbs, blurry, out of focus, noise, oversaturated, posterized, artifacts, jpeg artifacts"
8818,ship,sailboat,anchored,a backyard,side profile,overcast daylight,hard,a photorealistic color photo,"a photorealistic color photo of a sailboat ship anchored in a backyard, side profile, overcast daylight. cropped slightly. single main subject, photorealistic color photo, natural colors, realistic texture, sharp focus on subject, no people, no text, no watermark, no logo, no border, no collage, no CGI, no illustration.","text, watermark, logo, caption, signature, border, frame, collage, multiple panels, cartoon, illustration, CGI, 3d render, low-poly, painting, anime, surreal, deformed, duplicate objects, extra limbs, blurry, out of focus, noise, oversaturated, posterized, artifacts, jpeg artifacts"
8983,ship,fishing boat,docked,a countryside road,wide shot,indoor soft window light,hard,a photorealistic color photo,"a photorealistic color photo of a fishing boat ship docked in a countryside road, wide shot, indoor soft window light. in the distance. single main subject, photorealistic color photo, natural colors, realistic texture, sharp focus on subject, no people, no text, no watermark, no logo, no border, no collage, no CGI, no illustration.","text, watermark, logo, caption, signature, border, frame, collage, multiple panels, cartoon, illustration, CGI, 3d render, low-poly, painting, anime, surreal, deformed, duplicate objects, extra limbs, blurry, out of focus, noise, oversaturated, posterized, artifacts, jpeg artifacts"
8615,ship,ferry,docked,a parking lot,wide shot,nighttime under streetlights,clean,a finely detailed photo,"a finely detailed photo of a ferry ship docked in a parking lot, wide shot, nighttime under streetlights. single main subject, photorealistic color photo, natural colors, realistic texture, sharp focus on subject, no people, no text, no watermark, no logo, no border, no collage, no CGI, no illustration.","text, watermark, logo, caption, signature, border, frame, collage, multiple panels, cartoon, illustration, CGI, 3d render, low-poly, painting, anime, surreal, deformed, duplicate objects, extra limbs, blurry, out of focus, noise, oversaturated, posterized, artifacts, jpeg artifacts"
8956,ship,ferry,moving through water,a city park,close-up,foggy morning,hard,a finely detailed photo,"a finely detailed photo of a ferry ship moving through water in a city park, close-up, foggy morning. slight motion blur. single main subject, photorealistic color photo, natural colors, realistic texture, sharp focus on subject, no people, no text, no watermark, no logo, no border, no collage, no CGI, no illustration.","text, watermark, logo, caption, signature, border, frame, collage, multiple panels, cartoon, illustration, CGI, 3d render, low-poly, painting, anime, surreal, deformed, duplicate objects, extra limbs, blurry, out of focus, noise, oversaturated, posterized, artifacts, jpeg artifacts"
8365,ship,ferry,anchored,a quiet residential street,slightly off-center framing,rainy with wet reflections,clean,a photorealistic color photo,"a photorealistic color photo of a ferry ship anchored in a quiet residential street, slightly off-center framing, rainy with wet reflections. single main subject, photorealistic color photo, natural colors, realistic texture, sharp focus on subject, no people, no text, no watermark, no logo, no border, no collage, no CGI, no illustration.","text, watermark, logo, caption, signature, border, frame, collage, multiple panels, cartoon, illustration, CGI, 3d render, low-poly, painting, anime, surreal, deformed, duplicate objects, extra limbs, blurry, out of focus, noise, oversaturated, posterized, artifacts, jpeg artifacts"
8577,ship,small motorboat,moving through water,a gravel lot,close-up,nighttime under streetlights,clean,an ultra-realistic rendering,"an ultra-realistic rendering of a small motorboat ship moving through water in a gravel lot, close-up, nighttime under streetlights. single main subject, photorealistic color photo, natural colors, realistic texture, sharp focus on subject, no people, no text, no watermark, no logo, no border, no collage, no CGI, no illustration.","text, watermark, logo, caption, signature, border, frame, collage, multiple panels, cartoon, illustration, CGI, 3d render, low-poly, painting, anime, surreal, deformed, duplicate objects, extra limbs, blurry, out of focus, noise, oversaturated, posterized, artifacts, jpeg artifacts"
8462,ship,cargo ship,anchored,an industrial yard,close-up,foggy morning,clean,a detailed photograph,"a detailed photograph of a cargo ship anchored in an industrial yard, close-up, foggy morning. single main subject, photorealistic color photo, natural colors, realistic texture, sharp focus on subject, no people, no text, no watermark, no logo, no border, no collage, no CGI, no illustration.","text, watermark, logo, caption, signature, border, frame, collage, multiple panels, cartoon, illustration, CGI, 3d render, low-poly, painting, anime, surreal, deformed, duplicate objects, extra limbs, blurry, out of focus, noise, oversaturated, posterized, artifacts, jpeg artifacts"
8685,ship,sailboat,anchored,an industrial yard,low angle,foggy morning,clean,a photorealistic color photo,"a photorealistic color photo of a sailboat ship anchored in an industrial yard, low angle, foggy morning. single main subject, photorealistic color photo, natural colors, realistic texture, sharp focus on subject, no people, no text, no watermark, no logo, no border, no collage, no CGI, no illustration.","text, watermark, logo, caption, signature, border, frame, collage, multiple panels, cartoon, illustration, CGI, 3d render, low-poly, painting, anime, surreal, deformed, duplicate objects, extra limbs, blurry, out of focus, noise, oversaturated, posterized, artifacts, jpeg artifacts"
8699,ship,fishing boat,moving through water,a parking lot,3/4 view,golden hour,clean,a high-quality image,"a high-quality image of a fishing boat ship moving through water in a parking lot, 3/4 view, golden hour. single main subject, photorealistic color photo, natural colors, realistic texture, sharp focus on subject, no people, no text, no watermark, no logo, no border, no collage, no CGI, no illustration.","text, watermark, logo, caption, signature, border, frame, collage, multiple panels, cartoon, illustration, CGI, 3d render, low-poly, painting, anime, surreal, deformed, duplicate objects, extra limbs, blurry, out of focus, noise, oversaturated, posterized, artifacts, jpeg artifacts"
8109,ship,sailboat,docked,a city park,close-up,backlit rim light,clean,a detailed photograph,"a detailed photograph of a sailboat ship docked in a city park, close-up, backlit rim light. single main subject, photorealistic color photo, natural colors, realistic texture, sharp focus on subject, no people, no text, no watermark, no logo, no border, no collage, no CGI, no illustration.","text, watermark, logo, caption, signature, border, frame, collage, multiple panels, cartoon, illustration, CGI, 3d render, low-poly, painting, anime, surreal, deformed, duplicate objects, extra limbs, blurry, out of focus, noise, oversaturated, posterized, artifacts, jpeg artifacts"
8776,ship,cargo ship,moving through water,a backyard,3/4 view,nighttime under streetlights,clean,a finely detailed photo,"a finely detailed photo of a cargo ship moving through water in a backyard, 3/4 view, nighttime under streetlights. single main subject, photorealistic color photo, natural colors, realistic texture, sharp focus on subject, no people, no text, no watermark, no logo, no border, no collage, no CGI, no illustration.","text, watermark, logo, caption, signature, border, frame, collage, multiple panels, cartoon, illustration, CGI, 3d render, low-poly, painting, anime, surreal, deformed, duplicate objects, extra limbs, blurry, out of focus, noise, oversaturated, posterized, artifacts, jpeg artifacts"
8196,ship,ferry,seen from a distance,a quiet residential street,front view,indoor soft window light,clean,a professional photo,"a professional photo of a ferry ship seen from a distance in a quiet residential street, front view, indoor soft window light. single main subject, photorealistic color photo, natural colors, realistic texture, sharp focus on subject, no people, no text, no watermark, no logo, no border, no collage, no CGI, no illustration.","text, watermark, logo, caption, signature, border, frame, collage, multiple panels, cartoon, illustration, CGI, 3d render, low-poly, painting, anime, surreal, deformed, duplicate objects, extra limbs, blurry, out of focus, noise, oversaturated, posterized, artifacts, jpeg artifacts"
8852,ship,ferry,anchored,an industrial yard,low angle,overcast daylight,hard,a professional photo,"a professional photo of a ferry ship anchored in an industrial yard, low angle, overcast daylight. busy background but still one main subject. single main subject, photorealistic color photo, natural colors, realistic texture, sharp focus on subject, no people, no text, no watermark, no logo, no border, no collage, no CGI, no illustration.","text, watermark, logo, caption, signature, border, frame, collage, multiple panels, cartoon, illustration, CGI, 3d render, low-poly, painting, anime, surreal, deformed, duplicate objects, extra limbs, blurry, out of focus, noise, oversaturated, posterized, artifacts, jpeg artifacts"
8795,ship,ferry,seen from a distance,a lakeside shore,low angle,rainy with wet reflections,clean,a professional photo,"a professional photo of a ferry ship seen from a distance in a lakeside shore, low angle, rainy with wet reflections. single main subject, photorealistic color photo, natural colors, realistic texture, sharp focus on subject, no people, no text, no watermark, no logo, no border, no collage, no CGI, no illustration.","text, watermark, logo, caption, signature, border, frame, collage, multiple panels, cartoon, illustration, CGI, 3d render, low-poly, painting, anime, surreal, deformed, duplicate objects, extra limbs, blurry, out of focus, noise, oversaturated, posterized, artifacts, jpeg artifacts"
8622,ship,cruise ship,anchored,a countryside road,3/4 view,golden hour,clean,a high-quality image,"a high-quality image of a cruise ship anchored in a countryside road, 3/4 view, golden hour. single main subject, photorealistic color photo, natural colors, realistic texture, sharp focus on subject, no people, no text, no watermark, no logo, no border, no collage, no CGI, no illustration.","text, watermark, logo, caption, signature, border, frame, collage, multiple panels, cartoon, illustration, CGI, 3d render, low-poly, painting, anime, surreal, deformed, duplicate objects, extra limbs, blurry, out of focus, noise, oversaturated, posterized, artifacts, jpeg artifacts"
8592,ship,ferry,anchored,a suburban neighborhood,side profile,overcast daylight,clean,a high-quality image,"a high-quality image of a ferry ship anchored in a suburban neighborhood, side profile, overcast daylight. single main subject, photorealistic color photo, natural colors, realistic texture, sharp focus on subject, no people, no text, no watermark, no logo, no border, no collage, no CGI, no illustration.","text, watermark, logo, caption, signature, border, frame, collage, multiple panels, cartoon, illustration, CGI, 3d render, low-poly, painting, anime, surreal, deformed, duplicate objects, extra limbs, blurry, out of focus, noise, oversaturated, posterized, artifacts, jpeg artifacts"
8856,ship,ferry,seen from a distance,a countryside road,front view,rainy with wet reflections,hard,an ultra-realistic rendering,"an ultra-realistic rendering of a ferry ship seen from a distance in a countryside road, front view, rainy with wet reflections. partially occluded by a foreground object. single main subject, photorealistic color photo, natural colors, realistic texture, sharp focus on subject, no people, no text, no watermark, no logo, no border, no collage, no CGI, no illustration.","text, watermark, logo, caption, signature, border, frame, collage, multiple panels, cartoon, illustration, CGI, 3d render, low-poly, painting, anime, surreal, deformed, duplicate objects, extra limbs, blurry, out of focus, noise, oversaturated, posterized, artifacts, jpeg artifacts"
8943,ship,ferry,moving through water,a grassy field,close-up,nighttime under streetlights,hard,a high-quality image,"a high-quality image of a ferry ship moving through water in a grassy field, close-up, nighttime under streetlights. partially occluded by a foreground object. single main subject, photorealistic color photo, natural colors, realistic texture, sharp focus on subject, no people, no text, no watermark, no logo, no border, no collage, no CGI, no illustration.","text, watermark, logo, caption, signature, border, frame, collage, multiple panels, cartoon, illustration, CGI, 3d render, low-poly, painting, anime, surreal, deformed, duplicate objects, extra limbs, blurry, out of focus, noise, oversaturated, posterized, artifacts, jpeg artifacts"
8979,ship,cargo ship,docked,a gravel lot,front view,foggy morning,hard,a high-quality image,"a high-quality image of a cargo ship docked in a gravel lot, front view, foggy morning. busy background but still one main subject. single main subject, photorealistic color photo, natural colors, realistic texture, sharp focus on subject, no people, no text, no watermark, no logo, no border, no collage, no CGI, no illustration.","text, watermark, logo, caption, signature, border, frame, collage, multiple panels, cartoon, illustration, CGI, 3d render, low-poly, painting, anime, surreal, deformed, duplicate objects, extra limbs, blurry, out of focus, noise, oversaturated, posterized, artifacts, jpeg artifacts"
8497,ship,fishing boat,seen from a distance,a suburban neighborhood,front view,overcast daylight,clean,a detailed photograph,"a detailed photograph of a fishing boat ship seen from a distance in a suburban neighborhood, front view, overcast daylight. single main subject, photorealistic color photo, natural colors, realistic texture, sharp focus on subject, no people, no text, no watermark, no logo, no border, no collage, no CGI, no illustration.","text, watermark, logo, caption, signature, border, frame, collage, multiple panels, cartoon, illustration, CGI, 3d render, low-poly, painting, anime, surreal, deformed, duplicate objects, extra limbs, blurry, out of focus, noise, oversaturated, posterized, artifacts, jpeg artifacts"
8675,ship,ferry,docked,a gravel lot,low angle,foggy morning,clean,a finely detailed photo,"a finely detailed photo of a ferry ship docked in a gravel lot, low angle, foggy morning. single main subject, photorealistic color photo, natural colors, realistic texture, sharp focus on subject, no people, no text, no watermark, no logo, no border, no collage, no CGI, no illustration.","text, watermark, logo, caption, signature, border, frame, collage, multiple panels, cartoon, illustration, CGI, 3d render, low-poly, painting, anime, surreal, deformed, duplicate objects, extra limbs, blurry, out of focus, noise, oversaturated, posterized, artifacts, jpeg artifacts"
8754,ship,cargo ship,anchored,a grassy field,front view,rainy with wet reflections,clean,a detailed photograph,"a detailed photograph of a cargo ship anchored in a grassy field, front view, rainy with wet reflections. single main subject, photorealistic color photo, natural colors, realistic texture, sharp focus on subject, no people, no text, no watermark, no logo, no border, no collage, no CGI, no illustration.","text, watermark, logo, caption, signature, border, frame, collage, multiple panels, cartoon, illustration, CGI, 3d render, low-poly, painting, anime, surreal, deformed, duplicate objects, extra limbs, blurry, out of focus, noise, oversaturated, posterized, artifacts, jpeg artifacts"
8117,ship,cruise ship,moving through water,an industrial yard,3/4 view,rainy with wet reflections,clean,a professional photo,"a professional photo of a cruise ship moving through water in an industrial yard, 3/4 view, rainy with wet reflections. single main subject, photorealistic color photo, natural colors, realistic texture, sharp focus on subject, no people, no text, no watermark, no logo, no border, no collage, no CGI, no illustration.","text, watermark, logo, caption, signature, border, frame, collage, multiple panels, cartoon, illustration, CGI, 3d render, low-poly, painting, anime, surreal, deformed, duplicate objects, extra limbs, blurry, out of focus, noise, oversaturated, posterized, artifacts, jpeg artifacts"
8325,ship,ferry,moving through water,a suburban neighborhood,low angle,nighttime under streetlights,clean,a finely detailed photo,"a finely detailed photo of a ferry ship moving through water in a suburban neighborhood, low angle, nighttime under streetlights. single main subject, photorealistic color photo, natural colors, realistic texture, sharp focus on subject, no people, no text, no watermark, no logo, no border, no collage, no CGI, no illustration.","text, watermark, logo, caption, signature, border, frame, collage, multiple panels, cartoon, illustration, CGI, 3d render, low-poly, painting, anime, surreal, deformed, duplicate objects, extra limbs, blurry, out of focus, noise, oversaturated, posterized, artifacts, jpeg artifacts"
8803,ship,fishing boat,seen from a distance,a quiet residential street,3/4 view,sunny afternoon,hard,a high-quality image,"a high-quality image of a fishing boat ship seen from a distance in a quiet residential street, 3/4 view, sunny afternoon. busy background but still one main subject. single main subject, photorealistic color photo, natural colors, realistic texture, sharp focus on subject, no people, no text, no watermark, no logo, no border, no collage, no CGI, no illustration.","text, watermark, logo, caption, signature, border, frame, collage, multiple panels, cartoon, illustration, CGI, 3d render, low-poly, painting, anime, surreal, deformed, duplicate objects, extra limbs, blurry, out of focus, noise, oversaturated, posterized, artifacts, jpeg artifacts"
8854,ship,cruise ship,docked,a quiet residential street,distant subject in the background,rainy with wet reflections,hard,an ultra-realistic rendering,"an ultra-realistic rendering of a cruise ship docked in a quiet residential street, distant subject in the background, rainy with wet reflections. cropped slightly. single main subject, photorealistic color photo, natural colors, realistic texture, sharp focus on subject, no people, no text, no watermark, no logo, no border, no collage, no CGI, no illustration.","text, watermark, logo, caption, signature, border, frame, collage, multiple panels, cartoon, illustration, CGI, 3d render, low-poly, painting, anime, surreal, deformed, duplicate objects, extra limbs, blurry, out of focus, noise, oversaturated, posterized, artifacts, jpeg artifacts"
8074,ship,sailboat,moving through water,a city park,slightly off-center framing,indoor soft window light,clean,a professional photo,"a professional photo of a sailboat ship moving through water in a city park, slightly off-center framing, indoor soft window light. single main subject, photorealistic color photo, natural colors, realistic texture, sharp focus on subject, no people, no text, no watermark, no logo, no border, no collage, no CGI, no illustration.","text, watermark, logo, caption, signature, border, frame, collage, multiple panels, cartoon, illustration, CGI, 3d render, low-poly, painting, anime, surreal, deformed, duplicate objects, extra limbs, blurry, out of focus, noise, oversaturated, posterized, artifacts, jpeg artifacts"
8593,ship,sailboat,moving through water,a sandy beach,low angle,sunny afternoon,clean,a finely detailed photo,"a finely detailed photo of a sailboat ship moving through water in a sandy beach, low angle, sunny afternoon. single main subject, photorealistic color photo, natural colors, realistic texture, sharp focus on subject, no people, no text, no watermark, no logo, no border, no collage, no CGI, no illustration.","text, watermark, logo, caption, signature, border, frame, collage, multiple panels, cartoon, illustration, CGI, 3d render, low-poly, painting, anime, surreal, deformed, duplicate objects, extra limbs, blurry, out of focus, noise, oversaturated, posterized, artifacts, jpeg artifacts"
8969,ship,small motorboat,moving through water,an industrial yard,cropped at the edge of the frame,overcast daylight,hard,a photorealistic color photo,"a photorealistic color photo of a small motorboat ship moving through water in an industrial yard, cropped at the edge of the frame, overcast daylight. in the distance. single main subject, photorealistic color photo, natural colors, realistic texture, sharp focus on subject, no people, no text, no watermark, no logo, no border, no collage, no CGI, no illustration.","text, watermark, logo, caption, signature, border, frame, collage, multiple panels, cartoon, illustration, CGI, 3d render, low-poly, painting, anime, surreal, deformed, duplicate objects, extra limbs, blurry, out of focus, noise, oversaturated, posterized, artifacts, jpeg artifacts"
8538,ship,fishing boat,anchored,a city park,high angle,foggy morning,clean,an ultra-realistic rendering,"an ultra-realistic rendering of a fishing boat ship anchored in a city park, high angle, foggy morning. single main subject, photorealistic color photo, natural colors, realistic texture, sharp focus on subject, no people, no text, no watermark, no logo, no border, no collage, no CGI, no illustration.","text, watermark, logo, caption, signature, border, frame, collage, multiple panels, cartoon, illustration, CGI, 3d render, low-poly, painting, anime, surreal, deformed, duplicate objects, extra limbs, blurry, out of focus, noise, oversaturated, posterized, artifacts, jpeg artifacts"
8314,ship,fishing boat,anchored,a forest clearing,side profile,nighttime under streetlights,clean,a finely detailed photo,"a finely detailed photo of a fishing boat ship anchored in a forest clearing, side profile, nighttime under streetlights. single main subject, photorealistic color photo, natural colors, realistic texture, sharp focus on subject, no people, no text, no watermark, no logo, no border, no collage, no CGI, no illustration.","text, watermark, logo, caption, signature, border, frame, collage, multiple panels, cartoon, illustration, CGI, 3d render, low-poly, painting, anime, surreal, deformed, duplicate objects, extra limbs, blurry, out of focus, noise, oversaturated, posterized, artifacts, jpeg artifacts"
8353,ship,fishing boat,seen from a distance,an industrial yard,high angle,golden hour,clean,a photorealistic color photo,"a photorealistic color photo of a fishing boat ship seen from a distance in an industrial yard, high angle, golden hour. single main subject, photorealistic color photo, natural colors, realistic texture, sharp focus on subject, no people, no text, no watermark, no logo, no border, no collage, no CGI, no illustration.","text, watermark, logo, caption, signature, border, frame, collage, multiple panels, cartoon, illustration, CGI, 3d render, low-poly, painting, anime, surreal, deformed, duplicate objects, extra limbs, blurry, out of focus, noise, oversaturated, posterized, artifacts, jpeg artifacts"
8179,ship,ferry,anchored,an industrial yard,slightly off-center framing,foggy morning,clean,a high-quality image,"a high-quality image of a ferry ship anchored in an industrial yard, slightly off-center framing, foggy morning. single main subject, photorealistic color photo, natural colors, realistic texture, sharp focus on subject, no people, no text, no watermark, no logo, no border, no collage, no CGI, no illustration.","text, watermark, logo, caption, signature, border, frame, collage, multiple panels, cartoon, illustration, CGI, 3d render, low-poly, painting, anime, surreal, deformed, duplicate objects, extra limbs, blurry, out of focus, noise, oversaturated, posterized, artifacts, jpeg artifacts"
8263,ship,cargo ship,anchored,a grassy field,close-up,rainy with wet reflections,clean,a professional photo,"a professional photo of a cargo ship anchored in a grassy field, close-up, rainy with wet reflections. single main subject, photorealistic color photo, natural colors, realistic texture, sharp focus on subject, no people, no text, no watermark, no logo, no border, no collage, no CGI, no illustration.","text, watermark, logo, caption, signature, border, frame, collage, multiple panels, cartoon, illustration, CGI, 3d render, low-poly, painting, anime, surreal, deformed, duplicate objects, extra limbs, blurry, out of focus, noise, oversaturated, posterized, artifacts, jpeg artifacts"
8929,ship,fishing boat,moving through water,a parking lot,front view,backlit rim light,hard,a high-quality image,"a high-quality image of a fishing boat ship moving through water in a parking lot, front view, backlit rim light. partially occluded by a foreground object. single main subject, photorealistic color photo, natural colors, realistic texture, sharp focus on subject, no people, no text, no watermark, no logo, no border, no collage, no CGI, no illustration.","text, watermark, logo, caption, signature, border, frame, collage, multiple panels, cartoon, illustration, CGI, 3d render, low-poly, painting, anime, surreal, deformed, duplicate objects, extra limbs, blurry, out of focus, noise, oversaturated, posterized, artifacts, jpeg artifacts"
8723,ship,sailboat,docked,a gravel lot,side profile,indoor soft window light,clean,a finely detailed photo,"a finely detailed photo of a sailboat ship docked in a gravel lot, side profile, indoor soft window light. single main subject, photorealistic color photo, natural colors, realistic texture, sharp focus on subject, no people, no text, no watermark, no logo, no border, no collage, no CGI, no illustration.","text, watermark, logo, caption, signature, border, frame, collage, multiple panels, cartoon, illustration, CGI, 3d render, low-poly, painting, anime, surreal, deformed, duplicate objects, extra limbs, blurry, out of focus, noise, oversaturated, posterized, artifacts, jpeg artifacts"
8589,ship,small motorboat,docked,a countryside road,side profile,indoor soft window light,clean,an ultra-realistic rendering,"an ultra-realistic rendering of a small motorboat ship docked in a countryside road, side profile, indoor soft window light. single main subject, photorealistic color photo, natural colors, realistic texture, sharp focus on subject, no people, no text, no watermark, no logo, no border, no collage, no CGI, no illustration.","text, watermark, logo, caption, signature, border, frame, collage, multiple panels, cartoon, illustration, CGI, 3d render, low-poly, painting, anime, surreal, deformed, duplicate objects, extra limbs, blurry, out of focus, noise, oversaturated, posterized, artifacts, jpeg artifacts"
8739,ship,cruise ship,docked,a lakeside shore,3/4 view,backlit rim light,clean,an ultra-realistic rendering,"an ultra-realistic rendering of a cruise ship docked in a lakeside shore, 3/4 view, backlit rim light. single main subject, photorealistic color photo, natural colors, realistic texture, sharp focus on subject, no people, no text, no watermark, no logo, no border, no collage, no CGI, no illustration.","text, watermark, logo, caption, signature, border, frame, collage, multiple panels, cartoon, illustration, CGI, 3d render, low-poly, painting, anime, surreal, deformed, duplicate objects, extra limbs, blurry, out of focus, noise, oversaturated, posterized, artifacts, jpeg artifacts"
8568,ship,cruise ship,docked,a backyard,front view,overcast daylight,clean,a finely detailed photo,"a finely detailed photo of a cruise ship docked in a backyard, front view, overcast daylight. single main subject, photorealistic color photo, natural colors, realistic texture, sharp focus on subject, no people, no text, no watermark, no logo, no border, no collage, no CGI, no illustration.","text, watermark, logo, caption, signature, border, frame, collage, multiple panels, cartoon, illustration, CGI, 3d render, low-poly, painting, anime, surreal, deformed, duplicate objects, extra limbs, blurry, out of focus, noise, oversaturated, posterized, artifacts, jpeg artifacts"
8879,ship,fishing boat,seen from a distance,a quiet residential street,slightly off-center framing,golden hour,hard,a photorealistic color photo,"a photorealistic color photo of a fishing boat ship seen from a distance in a quiet residential street, slightly off-center framing, golden hour. in the distance. single main subject, photorealistic color photo, natural colors, realistic texture, sharp focus on subject, no people, no text, no watermark, no logo, no border, no collage, no CGI, no illustration.","text, watermark, logo, caption, signature, border, frame, collage, multiple panels, cartoon, illustration, CGI, 3d render, low-poly, painting, anime, surreal, deformed, duplicate objects, extra limbs, blurry, out of focus, noise, oversaturated, posterized, artifacts, jpeg artifacts"
8724,ship,fishing boat,anchored,a wet roadway after rain,slightly off-center framing,sunny afternoon,clean,a detailed photograph,"a detailed photograph of a fishing boat ship anchored in a wet roadway after rain, slightly off-center framing, sunny afternoon. single main subject, photorealistic color photo, natural colors, realistic texture, sharp focus on subject, no people, no text, no watermark, no logo, no border, no collage, no CGI, no illustration.","text, watermark, logo, caption, signature, border, frame, collage, multiple panels, cartoon, illustration, CGI, 3d render, low-poly, painting, anime, surreal, deformed, duplicate objects, extra limbs, blurry, out of focus, noise, oversaturated, posterized, artifacts, jpeg artifacts"
8081,ship,sailboat,moving through water,an urban street,slightly off-center framing,nighttime under streetlights,clean,a detailed photograph,"a detailed photograph of a sailboat ship moving through water in an urban street, slightly off-center framing, nighttime under streetlights. single main subject, photorealistic color photo, natural colors, realistic texture, sharp focus on subject, no people, no text, no watermark, no logo, no border, no collage, no CGI, no illustration.","text, watermark, logo, caption, signature, border, frame, collage, multiple panels, cartoon, illustration, CGI, 3d render, low-poly, painting, anime, surreal, deformed, duplicate objects, extra limbs, blurry, out of focus, noise, oversaturated, posterized, artifacts, jpeg artifacts"
8259,ship,cruise ship,docked,a parking lot,close-up,sunny afternoon,clean,a finely detailed photo,"a finely detailed photo of a cruise ship docked in a parking lot, close-up, sunny afternoon. single main subject, photorealistic color photo, natural colors, realistic texture, sharp focus on subject, no people, no text, no watermark, no logo, no border, no collage, no CGI, no illustration.","text, watermark, logo, caption, signature, border, frame, collage, multiple panels, cartoon, illustration, CGI, 3d render, low-poly, painting, anime, surreal, deformed, duplicate objects, extra limbs, blurry, out of focus, noise, oversaturated, posterized, artifacts, jpeg artifacts"
8736,ship,fishing boat,seen from a distance,a backyard,side profile,foggy morning,clean,a photorealistic color photo,"a photorealistic color photo of a fishing boat ship seen from a distance in a backyard, side profile, foggy morning. single main subject, photorealistic color photo, natural colors, realistic texture, sharp focus on subject, no people, no text, no watermark, no logo, no border, no collage, no CGI, no illustration.","text, watermark, logo, caption, signature, border, frame, collage, multiple panels, cartoon, illustration, CGI, 3d render, low-poly, painting, anime, surreal, deformed, duplicate objects, extra limbs, blurry, out of focus, noise, oversaturated, posterized, artifacts, jpeg artifacts"
8961,ship,cruise ship,seen from a distance,a backyard,front view,rainy with wet reflections,hard,a finely detailed photo,"a finely detailed photo of a cruise ship seen from a distance in a backyard, front view, rainy with wet reflections. slight motion blur. single main subject, photorealistic color photo, natural colors, realistic texture, sharp focus on subject, no people, no text, no watermark, no logo, no border, no collage, no CGI, no illustration.","text, watermark, logo, caption, signature, border, frame, collage, multiple panels, cartoon, illustration, CGI, 3d render, low-poly, painting, anime, surreal, deformed, duplicate objects, extra limbs, blurry, out of focus, noise, oversaturated, posterized, artifacts, jpeg artifacts"
8838,ship,fishing boat,moving through water,a backyard,slightly off-center framing,nighttime under streetlights,hard,a detailed photograph,"a detailed photograph of a fishing boat ship moving through water in a backyard, slightly off-center framing, nighttime under streetlights. partially occluded by a foreground object. single main subject, photorealistic color photo, natural colors, realistic texture, sharp focus on subject, no people, no text, no watermark, no logo, no border, no collage, no CGI, no illustration.","text, watermark, logo, caption, signature, border, frame, collage, multiple panels, cartoon, illustration, CGI, 3d render, low-poly, painting, anime, surreal, deformed, duplicate objects, extra limbs, blurry, out of focus, noise, oversaturated, posterized, artifacts, jpeg artifacts"
8670,ship,ferry,anchored,a sandy beach,wide shot,overcast daylight,clean,a professional photo,"a professional photo of a ferry ship anchored in a sandy beach, wide shot, overcast daylight. single main subject, photorealistic color photo, natural colors, realistic texture, sharp focus on subject, no people, no text, no watermark, no logo, no border, no collage, no CGI, no illustration.","text, watermark, logo, caption, signature, border, frame, collage, multiple panels, cartoon, illustration, CGI, 3d render, low-poly, painting, anime, surreal, deformed, duplicate objects, extra limbs, blurry, out of focus, noise, oversaturated, posterized, artifacts, jpeg artifacts"
8661,ship,fishing boat,docked,a gravel lot,close-up,sunny afternoon,clean,an ultra-realistic rendering,"an ultra-realistic rendering of a fishing boat ship docked in a gravel lot, close-up, sunny afternoon. single main subject, photorealistic color photo, natural colors, realistic texture, sharp focus on subject, no people, no text, no watermark, no logo, no border, no collage, no CGI, no illustration.","text, watermark, logo, caption, signature, border, frame, collage, multiple panels, cartoon, illustration, CGI, 3d render, low-poly, painting, anime, surreal, deformed, duplicate objects, extra limbs, blurry, out of focus, noise, oversaturated, posterized, artifacts, jpeg artifacts"
8749,ship,cargo ship,seen from a distance,a quiet residential street,side profile,indoor soft window light,clean,an ultra-realistic rendering,"an ultra-realistic rendering of a cargo ship seen from a distance in a quiet residential street, side profile, indoor soft window light. single main subject, photorealistic color photo, natural colors, realistic texture, sharp focus on subject, no people, no text, no watermark, no logo, no border, no collage, no CGI, no illustration.","text, watermark, logo, caption, signature, border, frame, collage, multiple panels, cartoon, illustration, CGI, 3d render, low-poly, painting, anime, surreal, deformed, duplicate objects, extra limbs, blurry, out of focus, noise, oversaturated, posterized, artifacts, jpeg artifacts"
8346,ship,cruise ship,docked,a forest clearing,high angle,overcast daylight,clean,a photorealistic color photo,"a photorealistic color photo of a cruise ship docked in a forest clearing, high angle, overcast daylight. single main subject, photorealistic color photo, natural colors, realistic texture, sharp focus on subject, no people, no text, no watermark, no logo, no border, no collage, no CGI, no illustration.","text, watermark, logo, caption, signature, border, frame, collage, multiple panels, cartoon, illustration, CGI, 3d render, low-poly, painting, anime, surreal, deformed, duplicate objects, extra limbs, blurry, out of focus, noise, oversaturated, posterized, artifacts, jpeg artifacts"
8022,ship,cruise ship,moving through water,a parking lot,wide shot,overcast daylight,clean,a high-quality image,"a high-quality image of a cruise ship moving through water in a parking lot, wide shot, overcast daylight. single main subject, photorealistic color photo, natural colors, realistic texture, sharp focus on subject, no people, no text, no watermark, no logo, no border, no collage, no CGI, no illustration.","text, watermark, logo, caption, signature, border, frame, collage, multiple panels, cartoon, illustration, CGI, 3d render, low-poly, painting, anime, surreal, deformed, duplicate objects, extra limbs, blurry, out of focus, noise, oversaturated, posterized, artifacts, jpeg artifacts"
8042,ship,ferry,anchored,a countryside road,low angle,backlit rim light,clean,a high-quality image,"a high-quality image of a ferry ship anchored in a countryside road, low angle, backlit rim light. single main subject, photorealistic color photo, natural colors, realistic texture, sharp focus on subject, no people, no text, no watermark, no logo, no border, no collage, no CGI, no illustration.","text, watermark, logo, caption, signature, border, frame, collage, multiple panels, cartoon, illustration, CGI, 3d render, low-poly, painting, anime, surreal, deformed, duplicate objects, extra limbs, blurry, out of focus, noise, oversaturated, posterized, artifacts, jpeg artifacts"
8917,ship,cruise ship,moving through water,a grassy field,wide shot,nighttime under streetlights,hard,a high-quality image,"a high-quality image of a cruise ship moving through water in a grassy field, wide shot, nighttime under streetlights. slight motion blur. single main subject, photorealistic color photo, natural colors, realistic texture, sharp focus on subject, no people, no text, no watermark, no logo, no border, no collage, no CGI, no illustration.","text, watermark, logo, caption, signature, border, frame, collage, multiple panels, cartoon, illustration, CGI, 3d render, low-poly, painting, anime, surreal, deformed, duplicate objects, extra limbs, blurry, out of focus, noise, oversaturated, posterized, artifacts, jpeg artifacts"
8275,ship,small motorboat,seen from a distance,a city park,front view,nighttime under streetlights,clean,a detailed photograph,"a detailed photograph of a small motorboat ship seen from a distance in a city park, front view, nighttime under streetlights. single main subject, photorealistic color photo, natural colors, realistic texture, sharp focus on subject, no people, no text, no watermark, no logo, no border, no collage, no CGI, no illustration.","text, watermark, logo, caption, signature, border, frame, collage, multiple panels, cartoon, illustration, CGI, 3d render, low-poly, painting, anime, surreal, deformed, duplicate objects, extra limbs, blurry, out of focus, noise, oversaturated, posterized, artifacts, jpeg artifacts"
8304,ship,cargo ship,docked,a grassy field,slightly off-center framing,rainy with wet reflections,clean,a high-quality image,"a high-quality image of a cargo ship docked in a grassy field, slightly off-center framing, rainy with wet reflections. single main subject, photorealistic color photo, natural colors, realistic texture, sharp focus on subject, no people, no text, no watermark, no logo, no border, no collage, no CGI, no illustration.","text, watermark, logo, caption, signature, border, frame, collage, multiple panels, cartoon, illustration, CGI, 3d render, low-poly, painting, anime, surreal, deformed, duplicate objects, extra limbs, blurry, out of focus, noise, oversaturated, posterized, artifacts, jpeg artifacts"
8789,ship,cargo ship,docked,an urban street,side profile,overcast daylight,clean,an ultra-realistic rendering,"an ultra-realistic rendering of a cargo ship docked in an urban street, side profile, overcast daylight. single main subject, photorealistic color photo, natural colors, realistic texture, sharp focus on subject, no people, no text, no watermark, no logo, no border, no collage, no CGI, no illustration.","text, watermark, logo, caption, signature, border, frame, collage, multiple panels, cartoon, illustration, CGI, 3d render, low-poly, painting, anime, surreal, deformed, duplicate objects, extra limbs, blurry, out of focus, noise, oversaturated, posterized, artifacts, jpeg artifacts"
8836,ship,fishing boat,docked,a suburban neighborhood,cropped at the edge of the frame,nighttime under streetlights,hard,a high-quality image,"a high-quality image of a fishing boat ship docked in a suburban neighborhood, cropped at the edge of the frame, nighttime under streetlights. in the distance. single main subject, photorealistic color photo, natural colors, realistic texture, sharp focus on subject, no people, no text, no watermark, no logo, no border, no collage, no CGI, no illustration.","text, watermark, logo, caption, signature, border, frame, collage, multiple panels, cartoon, illustration, CGI, 3d render, low-poly, painting, anime, surreal, deformed, duplicate objects, extra limbs, blurry, out of focus, noise, oversaturated, posterized, artifacts, jpeg artifacts"
8044,ship,ferry,moving through water,a gravel lot,slightly off-center framing,rainy with wet reflections,clean,a detailed photograph,"a detailed photograph of a ferry ship moving through water in a gravel lot, slightly off-center framing, rainy with wet reflections. single main subject, photorealistic color photo, natural colors, realistic texture, sharp focus on subject, no people, no text, no watermark, no logo, no border, no collage, no CGI, no illustration.","text, watermark, logo, caption, signature, border, frame, collage, multiple panels, cartoon, illustration, CGI, 3d render, low-poly, painting, anime, surreal, deformed, duplicate objects, extra limbs, blurry, out of focus, noise, oversaturated, posterized, artifacts, jpeg artifacts"
8585,ship,fishing boat,moving through water,an urban street,front view,foggy morning,clean,a finely detailed photo,"a finely detailed photo of a fishing boat ship moving through water in an urban street, front view, foggy morning. single main subject, photorealistic color photo, natural colors, realistic texture, sharp focus on subject, no people, no text, no watermark, no logo, no border, no collage, no CGI, no illustration.","text, watermark, logo, caption, signature, border, frame, collage, multiple panels, cartoon, illustration, CGI, 3d render, low-poly, painting, anime, surreal, deformed, duplicate objects, extra limbs, blurry, out of focus, noise, oversaturated, posterized, artifacts, jpeg artifacts"
8819,ship,cargo ship,seen from a distance,a wet roadway after rain,high angle,rainy with wet reflections,hard,a high-quality image,"a high-quality image of a cargo ship seen from a distance in a wet roadway after rain, high angle, rainy with wet reflections. in the distance. single main subject, photorealistic color photo, natural colors, realistic texture, sharp focus on subject, no people, no text, no watermark, no logo, no border, no collage, no CGI, no illustration.","text, watermark, logo, caption, signature, border, frame, collage, multiple panels, cartoon, illustration, CGI, 3d render, low-poly, painting, anime, surreal, deformed, duplicate objects, extra limbs, blurry, out of focus, noise, oversaturated, posterized, artifacts, jpeg artifacts"
8163,ship,fishing boat,docked,a wet roadway after rain,3/4 view,foggy morning,clean,a finely detailed photo,"a finely detailed photo of a fishing boat ship docked in a wet roadway after rain, 3/4 view, foggy morning. single main subject, photorealistic color photo, natural colors, realistic texture, sharp focus on subject, no people, no text, no watermark, no logo, no border, no collage, no CGI, no illustration.","text, watermark, logo, caption, signature, border, frame, collage, multiple panels, cartoon, illustration, CGI, 3d render, low-poly, painting, anime, surreal, deformed, duplicate objects, extra limbs, blurry, out of focus, noise, oversaturated, posterized, artifacts, jpeg artifacts"
8927,ship,sailboat,moving through water,a parking lot,high angle,sunny afternoon,hard,a finely detailed photo,"a finely detailed photo of a sailboat ship moving through water in a parking lot, high angle, sunny afternoon. slight motion blur. single main subject, photorealistic color photo, natural colors, realistic texture, sharp focus on subject, no people, no text, no watermark, no logo, no border, no collage, no CGI, no illustration.","text, watermark, logo, caption, signature, border, frame, collage, multiple panels, cartoon, illustration, CGI, 3d render, low-poly, painting, anime, surreal, deformed, duplicate objects, extra limbs, blurry, out of focus, noise, oversaturated, posterized, artifacts, jpeg artifacts"
8989,ship,sailboat,seen from a distance,a suburban neighborhood,front view,nighttime under streetlights,hard,a professional photo,"a professional photo of a sailboat ship seen from a distance in a suburban neighborhood, front view, nighttime under streetlights. slight motion blur. single main subject, photorealistic color photo, natural colors, realistic texture, sharp focus on subject, no people, no text, no watermark, no logo, no border, no collage, no CGI, no illustration.","text, watermark, logo, caption, signature, border, frame, collage, multiple panels, cartoon, illustration, CGI, 3d render, low-poly, painting, anime, surreal, deformed, duplicate objects, extra limbs, blurry, out of focus, noise, oversaturated, posterized, artifacts, jpeg artifacts"
8107,ship,cargo ship,docked,an urban street,front view,rainy with wet reflections,clean,a high-quality image,"a high-quality image of a cargo ship docked in an urban street, front view, rainy with wet reflections. single main subject, photorealistic color photo, natural colors, realistic texture, sharp focus on subject, no people, no text, no watermark, no logo, no border, no collage, no CGI, no illustration.","text, watermark, logo, caption, signature, border, frame, collage, multiple panels, cartoon, illustration, CGI, 3d render, low-poly, painting, anime, surreal, deformed, duplicate objects, extra limbs, blurry, out of focus, noise, oversaturated, posterized, artifacts, jpeg artifacts"
8918,ship,fishing boat,anchored,a city park,close-up,nighttime under streetlights,hard,an ultra-realistic rendering,"an ultra-realistic rendering of a fishing boat ship anchored in a city park, close-up, nighttime under streetlights. cropped slightly. single main subject, photorealistic color photo, natural colors, realistic texture, sharp focus on subject, no people, no text, no watermark, no logo, no border, no collage, no CGI, no illustration.","text, watermark, logo, caption, signature, border, frame, collage, multiple panels, cartoon, illustration, CGI, 3d render, low-poly, painting, anime, surreal, deformed, duplicate objects, extra limbs, blurry, out of focus, noise, oversaturated, posterized, artifacts, jpeg artifacts"
8461,ship,cargo ship,moving through water,a lakeside shore,slightly off-center framing,nighttime under streetlights,clean,a photorealistic color photo,"a photorealistic color photo of a cargo ship moving through water in a lakeside shore, slightly off-center framing, nighttime under streetlights. single main subject, photorealistic color photo, natural colors, realistic texture, sharp focus on subject, no people, no text, no watermark, no logo, no border, no collage, no CGI, no illustration.","text, watermark, logo, caption, signature, border, frame, collage, multiple panels, cartoon, illustration, CGI, 3d render, low-poly, painting, anime, surreal, deformed, duplicate objects, extra limbs, blurry, out of focus, noise, oversaturated, posterized, artifacts, jpeg artifacts"
8971,ship,small motorboat,docked,a wet roadway after rain,high angle,rainy with wet reflections,hard,a professional photo,"a professional photo of a small motorboat ship docked in a wet roadway after rain, high angle, rainy with wet reflections. busy background but still one main subject. single main subject, photorealistic color photo, natural colors, realistic texture, sharp focus on subject, no people, no text, no watermark, no logo, no border, no collage, no CGI, no illustration.","text, watermark, logo, caption, signature, border, frame, collage, multiple panels, cartoon, illustration, CGI, 3d render, low-poly, painting, anime, surreal, deformed, duplicate objects, extra limbs, blurry, out of focus, noise, oversaturated, posterized, artifacts, jpeg artifacts"
8078,ship,small motorboat,moving through water,a gravel lot,front view,indoor soft window light,clean,an ultra-realistic rendering,"an ultra-realistic rendering of a small motorboat ship moving through water in a gravel lot, front view, indoor soft window light. single main subject, photorealistic color photo, natural colors, realistic texture, sharp focus on subject, no people, no text, no watermark, no logo, no border, no collage, no CGI, no illustration.","text, watermark, logo, caption, signature, border, frame, collage, multiple panels, cartoon, illustration, CGI, 3d render, low-poly, painting, anime, surreal, deformed, duplicate objects, extra limbs, blurry, out of focus, noise, oversaturated, posterized, artifacts, jpeg artifacts"
8337,ship,small motorboat,anchored,a sandy beach,front view,backlit rim light,clean,a photorealistic color photo,"a photorealistic color photo of a small motorboat ship anchored in a sandy beach, front view, backlit rim light. single main subject, photorealistic color photo, natural colors, realistic texture, sharp focus on subject, no people, no text, no watermark, no logo, no border, no collage, no CGI, no illustration.","text, watermark, logo, caption, signature, border, frame, collage, multiple panels, cartoon, illustration, CGI, 3d render, low-poly, painting, anime, surreal, deformed, duplicate objects, extra limbs, blurry, out of focus, noise, oversaturated, posterized, artifacts, jpeg artifacts"
8210,ship,cruise ship,anchored,a parking lot,wide shot,golden hour,clean,a finely detailed photo,"a finely detailed photo of a cruise ship anchored in a parking lot, wide shot, golden hour. single main subject, photorealistic color photo, natural colors, realistic texture, sharp focus on subject, no people, no text, no watermark, no logo, no border, no collage, no CGI, no illustration.","text, watermark, logo, caption, signature, border, frame, collage, multiple panels, cartoon, illustration, CGI, 3d render, low-poly, painting, anime, surreal, deformed, duplicate objects, extra limbs, blurry, out of focus, noise, oversaturated, posterized, artifacts, jpeg artifacts"
8895,ship,ferry,docked,an urban street,wide shot,nighttime under streetlights,hard,a high-quality image,"a high-quality image of a ferry ship docked in an urban street, wide shot, nighttime under streetlights. partially occluded by a foreground object. single main subject, photorealistic color photo, natural colors, realistic texture, sharp focus on subject, no people, no text, no watermark, no logo, no border, no collage, no CGI, no illustration.","text, watermark, logo, caption, signature, border, frame, collage, multiple panels, cartoon, illustration, CGI, 3d render, low-poly, painting, anime, surreal, deformed, duplicate objects, extra limbs, blurry, out of focus, noise, oversaturated, posterized, artifacts, jpeg artifacts"
8982,ship,cruise ship,anchored,a lakeside shore,low angle,indoor soft window light,hard,a photorealistic color photo,"a photorealistic color photo of a cruise ship anchored in a lakeside shore, low angle, indoor soft window light. busy background but still one main subject. single main subject, photorealistic color photo, natural colors, realistic texture, sharp focus on subject, no people, no text, no watermark, no logo, no border, no collage, no CGI, no illustration.","text, watermark, logo, caption, signature, border, frame, collage, multiple panels, cartoon, illustration, CGI, 3d render, low-poly, painting, anime, surreal, deformed, duplicate objects, extra limbs, blurry, out of focus, noise, oversaturated, posterized, artifacts, jpeg artifacts"
8201,ship,sailboat,moving through water,an urban street,close-up,overcast daylight,clean,a high-quality image,"a high-quality image of a sailboat ship moving through water in an urban street, close-up, overcast daylight. single main subject, photorealistic color photo, natural colors, realistic texture, sharp focus on subject, no people, no text, no watermark, no logo, no border, no collage, no CGI, no illustration.","text, watermark, logo, caption, signature, border, frame, collage, multiple panels, cartoon, illustration, CGI, 3d render, low-poly, painting, anime, surreal, deformed, duplicate objects, extra limbs, blurry, out of focus, noise, oversaturated, posterized, artifacts, jpeg artifacts"
8794,ship,ferry,moving through water,a countryside road,wide shot,overcast daylight,clean,an ultra-realistic rendering,"an ultra-realistic rendering of a ferry ship moving through water in a countryside road, wide shot, overcast daylight. single main subject, photorealistic color photo, natural colors, realistic texture, sharp focus on subject, no people, no text, no watermark, no logo, no border, no collage, no CGI, no illustration.","text, watermark, logo, caption, signature, border, frame, collage, multiple panels, cartoon, illustration, CGI, 3d render, low-poly, painting, anime, surreal, deformed, duplicate objects, extra limbs, blurry, out of focus, noise, oversaturated, posterized, artifacts, jpeg artifacts"
8439,ship,cargo ship,anchored,a lakeside shore,3/4 view,sunny afternoon,clean,a professional photo,"a professional photo of a cargo ship anchored in a lakeside shore, 3/4 view, sunny afternoon. single main subject, photorealistic color photo, natural colors, realistic texture, sharp focus on subject, no people, no text, no watermark, no logo, no border, no collage, no CGI, no illustration.","text, watermark, logo, caption, signature, border, frame, collage, multiple panels, cartoon, illustration, CGI, 3d render, low-poly, painting, anime, surreal, deformed, duplicate objects, extra limbs, blurry, out of focus, noise, oversaturated, posterized, artifacts, jpeg artifacts"
8474,ship,fishing boat,anchored,a parking lot,close-up,nighttime under streetlights,clean,a high-quality image,"a high-quality image of a fishing boat ship anchored in a parking lot, close-up, nighttime under streetlights. single main subject, photorealistic color photo, natural colors, realistic texture, sharp focus on subject, no people, no text, no watermark, no logo, no border, no collage, no CGI, no illustration.","text, watermark, logo, caption, signature, border, frame, collage, multiple panels, cartoon, illustration, CGI, 3d render, low-poly, painting, anime, surreal, deformed, duplicate objects, extra limbs, blurry, out of focus, noise, oversaturated, posterized, artifacts, jpeg artifacts"
8330,ship,sailboat,moving through water,an industrial yard,3/4 view,sunny afternoon,clean,a finely detailed photo,"a finely detailed photo of a sailboat ship moving through water in an industrial yard, 3/4 view, sunny afternoon. single main subject, photorealistic color photo, natural colors, realistic texture, sharp focus on subject, no people, no text, no watermark, no logo, no border, no collage, no CGI, no illustration.","text, watermark, logo, caption, signature, border, frame, collage, multiple panels, cartoon, illustration, CGI, 3d render, low-poly, painting, anime, surreal, deformed, duplicate objects, extra limbs, blurry, out of focus, noise, oversaturated, posterized, artifacts, jpeg artifacts"
8143,ship,fishing boat,moving through water,a sandy beach,close-up,backlit rim light,clean,a photorealistic color photo,"a photorealistic color photo of a fishing boat ship moving through water in a sandy beach, close-up, backlit rim light. single main subject, photorealistic color photo, natural colors, realistic texture, sharp focus on subject, no people, no text, no watermark, no logo, no border, no collage, no CGI, no illustration.","text, watermark, logo, caption, signature, border, frame, collage, multiple panels, cartoon, illustration, CGI, 3d render, low-poly, painting, anime, surreal, deformed, duplicate objects, extra limbs, blurry, out of focus, noise, oversaturated, posterized, artifacts, jpeg artifacts"
8369,ship,ferry,moving through water,a backyard,wide shot,foggy morning,clean,a photorealistic color photo,"a photorealistic color photo of a ferry ship moving through water in a backyard, wide shot, foggy morning. single main subject, photorealistic color photo, natural colors, realistic texture, sharp focus on subject, no people, no text, no watermark, no logo, no border, no collage, no CGI, no illustration.","text, watermark, logo, caption, signature, border, frame, collage, multiple panels, cartoon, illustration, CGI, 3d render, low-poly, painting, anime, surreal, deformed, duplicate objects, extra limbs, blurry, out of focus, noise, oversaturated, posterized, artifacts, jpeg artifacts"
8769,ship,fishing boat,moving through water,a forest clearing,low angle,sunny afternoon,clean,a high-quality image,"a high-quality image of a fishing boat ship moving through water in a forest clearing, low angle, sunny afternoon. single main subject, photorealistic color photo, natural colors, realistic texture, sharp focus on subject, no people, no text, no watermark, no logo, no border, no collage, no CGI, no illustration.","text, watermark, logo, caption, signature, border, frame, collage, multiple panels, cartoon, illustration, CGI, 3d render, low-poly, painting, anime, surreal, deformed, duplicate objects, extra limbs, blurry, out of focus, noise, oversaturated, posterized, artifacts, jpeg artifacts"
8841,ship,ferry,docked,an urban street,wide shot,golden hour,hard,a detailed photograph,"a detailed photograph of a ferry ship docked in an urban street, wide shot, golden hour. cropped slightly. single main subject, photorealistic color photo, natural colors, realistic texture, sharp focus on subject, no people, no text, no watermark, no logo, no border, no collage, no CGI, no illustration.","text, watermark, logo, caption, signature, border, frame, collage, multiple panels, cartoon, illustration, CGI, 3d render, low-poly, painting, anime, surreal, deformed, duplicate objects, extra limbs, blurry, out of focus, noise, oversaturated, posterized, artifacts, jpeg artifacts"
8435,ship,sailboat,moving through water,a gravel lot,side profile,overcast daylight,clean,a finely detailed photo,"a finely detailed photo of a sailboat ship moving through water in a gravel lot, side profile, overcast daylight. single main subject, photorealistic color photo, natural colors, realistic texture, sharp focus on subject, no people, no text, no watermark, no logo, no border, no collage, no CGI, no illustration.","text, watermark, logo, caption, signature, border, frame, collage, multiple panels, cartoon, illustration, CGI, 3d render, low-poly, painting, anime, surreal, deformed, duplicate objects, extra limbs, blurry, out of focus, noise, oversaturated, posterized, artifacts, jpeg artifacts"
8520,ship,fishing boat,seen from a distance,a gravel lot,high angle,sunny afternoon,clean,a detailed photograph,"a detailed photograph of a fishing boat ship seen from a distance in a gravel lot, high angle, sunny afternoon. single main subject, photorealistic color photo, natural colors, realistic texture, sharp focus on subject, no people, no text, no watermark, no logo, no border, no collage, no CGI, no illustration.","text, watermark, logo, caption, signature, border, frame, collage, multiple panels, cartoon, illustration, CGI, 3d render, low-poly, painting, anime, surreal, deformed, duplicate objects, extra limbs, blurry, out of focus, noise, oversaturated, posterized, artifacts, jpeg artifacts"
8045,ship,fishing boat,seen from a distance,a gravel lot,3/4 view,sunny afternoon,clean,a professional photo,"a professional photo of a fishing boat ship seen from a distance in a gravel lot, 3/4 view, sunny afternoon. single main subject, photorealistic color photo, natural colors, realistic texture, sharp focus on subject, no people, no text, no watermark, no logo, no border, no collage, no CGI, no illustration.","text, watermark, logo, caption, signature, border, frame, collage, multiple panels, cartoon, illustration, CGI, 3d render, low-poly, painting, anime, surreal, deformed, duplicate objects, extra limbs, blurry, out of focus, noise, oversaturated, posterized, artifacts, jpeg artifacts"
8774,ship,cargo ship,docked,a backyard,side profile,rainy with wet reflections,clean,a high-quality image,"a high-quality image of a cargo ship docked in a backyard, side profile, rainy with wet reflections. single main subject, photorealistic color photo, natural colors, realistic texture, sharp focus on subject, no people, no text, no watermark, no logo, no border, no collage, no CGI, no illustration.","text, watermark, logo, caption, signature, border, frame, collage, multiple panels, cartoon, illustration, CGI, 3d render, low-poly, painting, anime, surreal, deformed, duplicate objects, extra limbs, blurry, out of focus, noise, oversaturated, posterized, artifacts, jpeg artifacts"
8668,ship,cruise ship,docked,an urban street,high angle,nighttime under streetlights,clean,a finely detailed photo,"a finely detailed photo of a cruise ship docked in an urban street, high angle, nighttime under streetlights. single main subject, photorealistic color photo, natural colors, realistic texture, sharp focus on subject, no people, no text, no watermark, no logo, no border, no collage, no CGI, no illustration.","text, watermark, logo, caption, signature, border, frame, collage, multiple panels, cartoon, illustration, CGI, 3d render, low-poly, painting, anime, surreal, deformed, duplicate objects, extra limbs, blurry, out of focus, noise, oversaturated, posterized, artifacts, jpeg artifacts"
8687,ship,small motorboat,anchored,a suburban neighborhood,wide shot,rainy with wet reflections,clean,a photorealistic color photo,"a photorealistic color photo of a small motorboat ship anchored in a suburban neighborhood, wide shot, rainy with wet reflections. single main subject, photorealistic color photo, natural colors, realistic texture, sharp focus on subject, no people, no text, no watermark, no logo, no border, no collage, no CGI, no illustration.","text, watermark, logo, caption, signature, border, frame, collage, multiple panels, cartoon, illustration, CGI, 3d render, low-poly, painting, anime, surreal, deformed, duplicate objects, extra limbs, blurry, out of focus, noise, oversaturated, posterized, artifacts, jpeg artifacts"
8327,ship,small motorboat,anchored,a sandy beach,side profile,nighttime under streetlights,clean,an ultra-realistic rendering,"an ultra-realistic rendering of a small motorboat ship anchored in a sandy beach, side profile, nighttime under streetlights. single main subject, photorealistic color photo, natural colors, realistic texture, sharp focus on subject, no people, no text, no watermark, no logo, no border, no collage, no CGI, no illustration.","text, watermark, logo, caption, signature, border, frame, collage, multiple panels, cartoon, illustration, CGI, 3d render, low-poly, painting, anime, surreal, deformed, duplicate objects, extra limbs, blurry, out of focus, noise, oversaturated, posterized, artifacts, jpeg artifacts"
8672,ship,fishing boat,moving through water,a quiet residential street,side profile,rainy with wet reflections,clean,an ultra-realistic rendering,"an ultra-realistic rendering of a fishing boat ship moving through water in a quiet residential street, side profile, rainy with wet reflections. single main subject, photorealistic color photo, natural colors, realistic texture, sharp focus on subject, no people, no text, no watermark, no logo, no border, no collage, no CGI, no illustration.","text, watermark, logo, caption, signature, border, frame, collage, multiple panels, cartoon, illustration, CGI, 3d render, low-poly, painting, anime, surreal, deformed, duplicate objects, extra limbs, blurry, out of focus, noise, oversaturated, posterized, artifacts, jpeg artifacts"
8139,ship,sailboat,anchored,a grassy field,high angle,golden hour,clean,a photorealistic color photo,"a photorealistic color photo of a sailboat ship anchored in a grassy field, high angle, golden hour. single main subject, photorealistic color photo, natural colors, realistic texture, sharp focus on subject, no people, no text, no watermark, no logo, no border, no collage, no CGI, no illustration.","text, watermark, logo, caption, signature, border, frame, collage, multiple panels, cartoon, illustration, CGI, 3d render, low-poly, painting, anime, surreal, deformed, duplicate objects, extra limbs, blurry, out of focus, noise, oversaturated, posterized, artifacts, jpeg artifacts"
8514,ship,cruise ship,docked,a lakeside shore,front view,indoor soft window light,clean,a high-quality image,"a high-quality image of a cruise ship docked in a lakeside shore, front view, indoor soft window light. single main subject, photorealistic color photo, natural colors, realistic texture, sharp focus on subject, no people, no text, no watermark, no logo, no border, no collage, no CGI, no illustration.","text, watermark, logo, caption, signature, border, frame, collage, multiple panels, cartoon, illustration, CGI, 3d render, low-poly, painting, anime, surreal, deformed, duplicate objects, extra limbs, blurry, out of focus, noise, oversaturated, posterized, artifacts, jpeg artifacts"
8525,ship,small motorboat,seen from a distance,a quiet residential street,wide shot,rainy with wet reflections,clean,an ultra-realistic rendering,"an ultra-realistic rendering of a small motorboat ship seen from a distance in a quiet residential street, wide shot, rainy with wet reflections. single main subject, photorealistic color photo, natural colors, realistic texture, sharp focus on subject, no people, no text, no watermark, no logo, no border, no collage, no CGI, no illustration.","text, watermark, logo, caption, signature, border, frame, collage, multiple panels, cartoon, illustration, CGI, 3d render, low-poly, painting, anime, surreal, deformed, duplicate objects, extra limbs, blurry, out of focus, noise, oversaturated, posterized, artifacts, jpeg artifacts"
8257,ship,ferry,anchored,a gravel lot,low angle,golden hour,clean,a detailed photograph,"a detailed photograph of a ferry ship anchored in a gravel lot, low angle, golden hour. single main subject, photorealistic color photo, natural colors, realistic texture, sharp focus on subject, no people, no text, no watermark, no logo, no border, no collage, no CGI, no illustration.","text, watermark, logo, caption, signature, border, frame, collage, multiple panels, cartoon, illustration, CGI, 3d render, low-poly, painting, anime, surreal, deformed, duplicate objects, extra limbs, blurry, out of focus, noise, oversaturated, posterized, artifacts, jpeg artifacts"
8546,ship,small motorboat,moving through water,a suburban neighborhood,slightly off-center framing,backlit rim light,clean,a professional photo,"a professional photo of a small motorboat ship moving through water in a suburban neighborhood, slightly off-center framing, backlit rim light. single main subject, photorealistic color photo, natural colors, realistic texture, sharp focus on subject, no people, no text, no watermark, no logo, no border, no collage, no CGI, no illustration.","text, watermark, logo, caption, signature, border, frame, collage, multiple panels, cartoon, illustration, CGI, 3d render, low-poly, painting, anime, surreal, deformed, duplicate objects, extra limbs, blurry, out of focus, noise, oversaturated, posterized, artifacts, jpeg artifacts"
8131,ship,fishing boat,anchored,a backyard,3/4 view,foggy morning,clean,an ultra-realistic rendering,"an ultra-realistic rendering of a fishing boat ship anchored in a backyard, 3/4 view, foggy morning. single main subject, photorealistic color photo, natural colors, realistic texture, sharp focus on subject, no people, no text, no watermark, no logo, no border, no collage, no CGI, no illustration.","text, watermark, logo, caption, signature, border, frame, collage, multiple panels, cartoon, illustration, CGI, 3d render, low-poly, painting, anime, surreal, deformed, duplicate objects, extra limbs, blurry, out of focus, noise, oversaturated, posterized, artifacts, jpeg artifacts"
8999,ship,ferry,docked,an industrial yard,3/4 view,golden hour,hard,a detailed photograph,"a detailed photograph of a ferry ship docked in an industrial yard, 3/4 view, golden hour. cropped slightly. single main subject, photorealistic color photo, natural colors, realistic texture, sharp focus on subject, no people, no text, no watermark, no logo, no border, no collage, no CGI, no illustration.","text, watermark, logo, caption, signature, border, frame, collage, multiple panels, cartoon, illustration, CGI, 3d render, low-poly, painting, anime, surreal, deformed, duplicate objects, extra limbs, blurry, out of focus, noise, oversaturated, posterized, artifacts, jpeg artifacts"
8507,ship,sailboat,seen from a distance,a city park,front view,backlit rim light,clean,a detailed photograph,"a detailed photograph of a sailboat ship seen from a distance in a city park, front view, backlit rim light. single main subject, photorealistic color photo, natural colors, realistic texture, sharp focus on subject, no people, no text, no watermark, no logo, no border, no collage, no CGI, no illustration.","text, watermark, logo, caption, signature, border, frame, collage, multiple panels, cartoon, illustration, CGI, 3d render, low-poly, painting, anime, surreal, deformed, duplicate objects, extra limbs, blurry, out of focus, noise, oversaturated, posterized, artifacts, jpeg artifacts"
8082,ship,ferry,seen from a distance,a forest clearing,slightly off-center framing,golden hour,clean,a photorealistic color photo,"a photorealistic color photo of a ferry ship seen from a distance in a forest clearing, slightly off-center framing, golden hour. single main subject, photorealistic color photo, natural colors, realistic texture, sharp focus on subject, no people, no text, no watermark, no logo, no border, no collage, no CGI, no illustration.","text, watermark, logo, caption, signature, border, frame, collage, multiple panels, cartoon, illustration, CGI, 3d render, low-poly, painting, anime, surreal, deformed, duplicate objects, extra limbs, blurry, out of focus, noise, oversaturated, posterized, artifacts, jpeg artifacts"
8047,ship,cargo ship,seen from a distance,a grassy field,front view,golden hour,clean,a high-quality image,"a high-quality image of a cargo ship seen from a distance in a grassy field, front view, golden hour. single main subject, photorealistic color photo, natural colors, realistic texture, sharp focus on subject, no people, no text, no watermark, no logo, no border, no collage, no CGI, no illustration.","text, watermark, logo, caption, signature, border, frame, collage, multiple panels, cartoon, illustration, CGI, 3d render, low-poly, painting, anime, surreal, deformed, duplicate objects, extra limbs, blurry, out of focus, noise, oversaturated, posterized, artifacts, jpeg artifacts"
8382,ship,fishing boat,moving through water,a wet roadway after rain,front view,backlit rim light,clean,a high-quality image,"a high-quality image of a fishing boat ship moving through water in a wet roadway after rain, front view, backlit rim light. single main subject, photorealistic color photo, natural colors, realistic texture, sharp focus on subject, no people, no text, no watermark, no logo, no border, no collage, no CGI, no illustration.","text, watermark, logo, caption, signature, border, frame, collage, multiple panels, cartoon, illustration, CGI, 3d render, low-poly, painting, anime, surreal, deformed, duplicate objects, extra limbs, blurry, out of focus, noise, oversaturated, posterized, artifacts, jpeg artifacts"
8566,ship,cruise ship,seen from a distance,a sandy beach,wide shot,indoor soft window light,clean,a detailed photograph,"a detailed photograph of a cruise ship seen from a distance in a sandy beach, wide shot, indoor soft window light. single main subject, photorealistic color photo, natural colors, realistic texture, sharp focus on subject, no people, no text, no watermark, no logo, no border, no collage, no CGI, no illustration.","text, watermark, logo, caption, signature, border, frame, collage, multiple panels, cartoon, illustration, CGI, 3d render, low-poly, painting, anime, surreal, deformed, duplicate objects, extra limbs, blurry, out of focus, noise, oversaturated, posterized, artifacts, jpeg artifacts"
8534,ship,small motorboat,moving through water,a gravel lot,close-up,overcast daylight,clean,a finely detailed photo,"a finely detailed photo of a small motorboat ship moving through water in a gravel lot, close-up, overcast daylight. single main subject, photorealistic color photo, natural colors, realistic texture, sharp focus on subject, no people, no text, no watermark, no logo, no border, no collage, no CGI, no illustration.","text, watermark, logo, caption, signature, border, frame, collage, multiple panels, cartoon, illustration, CGI, 3d render, low-poly, painting, anime, surreal, deformed, duplicate objects, extra limbs, blurry, out of focus, noise, oversaturated, posterized, artifacts, jpeg artifacts"
8816,ship,cruise ship,anchored,a sandy beach,cropped at the edge of the frame,foggy morning,hard,an ultra-realistic rendering,"an ultra-realistic rendering of a cruise ship anchored in a sandy beach, cropped at the edge of the frame, foggy morning. busy background but still one main subject. single main subject, photorealistic color photo, natural colors, realistic texture, sharp focus on subject, no people, no text, no watermark, no logo, no border, no collage, no CGI, no illustration.","text, watermark, logo, caption, signature, border, frame, collage, multiple panels, cartoon, illustration, CGI, 3d render, low-poly, painting, anime, surreal, deformed, duplicate objects, extra limbs, blurry, out of focus, noise, oversaturated, posterized, artifacts, jpeg artifacts"
8247,ship,sailboat,moving through water,a parking lot,slightly off-center framing,nighttime under streetlights,clean,a finely detailed photo,"a finely detailed photo of a sailboat ship moving through water in a parking lot, slightly off-center framing, nighttime under streetlights. single main subject, photorealistic color photo, natural colors, realistic texture, sharp focus on subject, no people, no text, no watermark, no logo, no border, no collage, no CGI, no illustration.","text, watermark, logo, caption, signature, border, frame, collage, multiple panels, cartoon, illustration, CGI, 3d render, low-poly, painting, anime, surreal, deformed, duplicate objects, extra limbs, blurry, out of focus, noise, oversaturated, posterized, artifacts, jpeg artifacts"
8540,ship,cruise ship,seen from a distance,a lakeside shore,front view,backlit rim light,clean,a high-quality image,"a high-quality image of a cruise ship seen from a distance in a lakeside shore, front view, backlit rim light. single main subject, photorealistic color photo, natural colors, realistic texture, sharp focus on subject, no people, no text, no watermark, no logo, no border, no collage, no CGI, no illustration.","text, watermark, logo, caption, signature, border, frame, collage, multiple panels, cartoon, illustration, CGI, 3d render, low-poly, painting, anime, surreal, deformed, duplicate objects, extra limbs, blurry, out of focus, noise, oversaturated, posterized, artifacts, jpeg artifacts"
8307,ship,ferry,seen from a distance,a grassy field,low angle,indoor soft window light,clean,a finely detailed photo,"a finely detailed photo of a ferry ship seen from a distance in a grassy field, low angle, indoor soft window light. single main subject, photorealistic color photo, natural colors, realistic texture, sharp focus on subject, no people, no text, no watermark, no logo, no border, no collage, no CGI, no illustration.","text, watermark, logo, caption, signature, border, frame, collage, multiple panels, cartoon, illustration, CGI, 3d render, low-poly, painting, anime, surreal, deformed, duplicate objects, extra limbs, blurry, out of focus, noise, oversaturated, posterized, artifacts, jpeg artifacts"
8114,ship,sailboat,docked,a quiet residential street,high angle,sunny afternoon,clean,a high-quality image,"a high-quality image of a sailboat ship docked in a quiet residential street, high angle, sunny afternoon. single main subject, photorealistic color photo, natural colors, realistic texture, sharp focus on subject, no people, no text, no watermark, no logo, no border, no collage, no CGI, no illustration.","text, watermark, logo, caption, signature, border, frame, collage, multiple panels, cartoon, illustration, CGI, 3d render, low-poly, painting, anime, surreal, deformed, duplicate objects, extra limbs, blurry, out of focus, noise, oversaturated, posterized, artifacts, jpeg artifacts"
8498,ship,sailboat,docked,a wet roadway after rain,side profile,nighttime under streetlights,clean,a finely detailed photo,"a finely detailed photo of a sailboat ship docked in a wet roadway after rain, side profile, nighttime under streetlights. single main subject, photorealistic color photo, natural colors, realistic texture, sharp focus on subject, no people, no text, no watermark, no logo, no border, no collage, no CGI, no illustration.","text, watermark, logo, caption, signature, border, frame, collage, multiple panels, cartoon, illustration, CGI, 3d render, low-poly, painting, anime, surreal, deformed, duplicate objects, extra limbs, blurry, out of focus, noise, oversaturated, posterized, artifacts, jpeg artifacts"
8135,ship,fishing boat,docked,a wet roadway after rain,close-up,backlit rim light,clean,a finely detailed photo,"a finely detailed photo of a fishing boat ship docked in a wet roadway after rain, close-up, backlit rim light. single main subject, photorealistic color photo, natural colors, realistic texture, sharp focus on subject, no people, no text, no watermark, no logo, no border, no collage, no CGI, no illustration.","text, watermark, logo, caption, signature, border, frame, collage, multiple panels, cartoon, illustration, CGI, 3d render, low-poly, painting, anime, surreal, deformed, duplicate objects, extra limbs, blurry, out of focus, noise, oversaturated, posterized, artifacts, jpeg artifacts"
8800,ship,cruise ship,anchored,a forest clearing,wide shot,indoor soft window light,hard,a finely detailed photo,"a finely detailed photo of a cruise ship anchored in a forest clearing, wide shot, indoor soft window light. busy background but still one main subject. single main subject, photorealistic color photo, natural colors, realistic texture, sharp focus on subject, no people, no text, no watermark, no logo, no border, no collage, no CGI, no illustration.","text, watermark, logo, caption, signature, border, frame, collage, multiple panels, cartoon, illustration, CGI, 3d render, low-poly, painting, anime, surreal, deformed, duplicate objects, extra limbs, blurry, out of focus, noise, oversaturated, posterized, artifacts, jpeg artifacts"
8881,ship,small motorboat,moving through water,a wet roadway after rain,cropped at the edge of the frame,backlit rim light,hard,a photorealistic color photo,"a photorealistic color photo of a small motorboat ship moving through water in a wet roadway after rain, cropped at the edge of the frame, backlit rim light. cropped slightly. single main subject, photorealistic color photo, natural colors, realistic texture, sharp focus on subject, no people, no text, no watermark, no logo, no border, no collage, no CGI, no illustration.","text, watermark, logo, caption, signature, border, frame, collage, multiple panels, cartoon, illustration, CGI, 3d render, low-poly, painting, anime, surreal, deformed, duplicate objects, extra limbs, blurry, out of focus, noise, oversaturated, posterized, artifacts, jpeg artifacts"
8116,ship,fishing boat,moving through water,a parking lot,low angle,sunny afternoon,clean,a detailed photograph,"a detailed photograph of a fishing boat ship moving through water in a parking lot, low angle, sunny afternoon. single main subject, photorealistic color photo, natural colors, realistic texture, sharp focus on subject, no people, no text, no watermark, no logo, no border, no collage, no CGI, no illustration.","text, watermark, logo, caption, signature, border, frame, collage, multiple panels, cartoon, illustration, CGI, 3d render, low-poly, painting, anime, surreal, deformed, duplicate objects, extra limbs, blurry, out of focus, noise, oversaturated, posterized, artifacts, jpeg artifacts"
8715,ship,sailboat,moving through water,a gravel lot,3/4 view,sunny afternoon,clean,a finely detailed photo,"a finely detailed photo of a sailboat ship moving through water in a gravel lot, 3/4 view, sunny afternoon. single main subject, photorealistic color photo, natural colors, realistic texture, sharp focus on subject, no people, no text, no watermark, no logo, no border, no collage, no CGI, no illustration.","text, watermark, logo, caption, signature, border, frame, collage, multiple panels, cartoon, illustration, CGI, 3d render, low-poly, painting, anime, surreal, deformed, duplicate objects, extra limbs, blurry, out of focus, noise, oversaturated, posterized, artifacts, jpeg artifacts"
8282,ship,ferry,moving through water,a suburban neighborhood,high angle,indoor soft window light,clean,a professional photo,"a professional photo of a ferry ship moving through water in a suburban neighborhood, high angle, indoor soft window light. single main subject, photorealistic color photo, natural colors, realistic texture, sharp focus on subject, no people, no text, no watermark, no logo, no border, no collage, no CGI, no illustration.","text, watermark, logo, caption, signature, border, frame, collage, multiple panels, cartoon, illustration, CGI, 3d render, low-poly, painting, anime, surreal, deformed, duplicate objects, extra limbs, blurry, out of focus, noise, oversaturated, posterized, artifacts, jpeg artifacts"
8646,ship,ferry,seen from a distance,a grassy field,slightly off-center framing,foggy morning,clean,an ultra-realistic rendering,"an ultra-realistic rendering of a ferry ship seen from a distance in a grassy field, slightly off-center framing, foggy morning. single main subject, photorealistic color photo, natural colors, realistic texture, sharp focus on subject, no people, no text, no watermark, no logo, no border, no collage, no CGI, no illustration.","text, watermark, logo, caption, signature, border, frame, collage, multiple panels, cartoon, illustration, CGI, 3d render, low-poly, painting, anime, surreal, deformed, duplicate objects, extra limbs, blurry, out of focus, noise, oversaturated, posterized, artifacts, jpeg artifacts"
8608,ship,small motorboat,seen from a distance,a backyard,close-up,foggy morning,clean,a finely detailed photo,"a finely detailed photo of a small motorboat ship seen from a distance in a backyard, close-up, foggy morning. single main subject, photorealistic color photo, natural colors, realistic texture, sharp focus on subject, no people, no text, no watermark, no logo, no border, no collage, no CGI, no illustration.","text, watermark, logo, caption, signature, border, frame, collage, multiple panels, cartoon, illustration, CGI, 3d render, low-poly, painting, anime, surreal, deformed, duplicate objects, extra limbs, blurry, out of focus, noise, oversaturated, posterized, artifacts, jpeg artifacts"
8402,ship,ferry,moving through water,a quiet residential street,side profile,rainy with wet reflections,clean,a finely detailed photo,"a finely detailed photo of a ferry ship moving through water in a quiet residential street, side profile, rainy with wet reflections. single main subject, photorealistic color photo, natural colors, realistic texture, sharp focus on subject, no people, no text, no watermark, no logo, no border, no collage, no CGI, no illustration.","text, watermark, logo, caption, signature, border, frame, collage, multiple panels, cartoon, illustration, CGI, 3d render, low-poly, painting, anime, surreal, deformed, duplicate objects, extra limbs, blurry, out of focus, noise, oversaturated, posterized, artifacts, jpeg artifacts"
8241,ship,ferry,docked,a wet roadway after rain,wide shot,sunny afternoon,clean,a photorealistic color photo,"a photorealistic color photo of a ferry ship docked in a wet roadway after rain, wide shot, sunny afternoon. single main subject, photorealistic color photo, natural colors, realistic texture, sharp focus on subject, no people, no text, no watermark, no logo, no border, no collage, no CGI, no illustration.","text, watermark, logo, caption, signature, border, frame, collage, multiple panels, cartoon, illustration, CGI, 3d render, low-poly, painting, anime, surreal, deformed, duplicate objects, extra limbs, blurry, out of focus, noise, oversaturated, posterized, artifacts, jpeg artifacts"
8524,ship,small motorboat,anchored,a city park,wide shot,foggy morning,clean,a finely detailed photo,"a finely detailed photo of a small motorboat ship anchored in a city park, wide shot, foggy morning. single main subject, photorealistic color photo, natural colors, realistic texture, sharp focus on subject, no people, no text, no watermark, no logo, no border, no collage, no CGI, no illustration.","text, watermark, logo, caption, signature, border, frame, collage, multiple panels, cartoon, illustration, CGI, 3d render, low-poly, painting, anime, surreal, deformed, duplicate objects, extra limbs, blurry, out of focus, noise, oversaturated, posterized, artifacts, jpeg artifacts"
8761,ship,sailboat,seen from a distance,an urban street,front view,golden hour,clean,a high-quality image,"a high-quality image of a sailboat ship seen from a distance in an urban street, front view, golden hour. single main subject, photorealistic color photo, natural colors, realistic texture, sharp focus on subject, no people, no text, no watermark, no logo, no border, no collage, no CGI, no illustration.","text, watermark, logo, caption, signature, border, frame, collage, multiple panels, cartoon, illustration, CGI, 3d render, low-poly, painting, anime, surreal, deformed, duplicate objects, extra limbs, blurry, out of focus, noise, oversaturated, posterized, artifacts, jpeg artifacts"
8298,ship,fishing boat,anchored,a sandy beach,wide shot,overcast daylight,clean,a photorealistic color photo,"a photorealistic color photo of a fishing boat ship anchored in a sandy beach, wide shot, overcast daylight. single main subject, photorealistic color photo, natural colors, realistic texture, sharp focus on subject, no people, no text, no watermark, no logo, no border, no collage, no CGI, no illustration.","text, watermark, logo, caption, signature, border, frame, collage, multiple panels, cartoon, illustration, CGI, 3d render, low-poly, painting, anime, surreal, deformed, duplicate objects, extra limbs, blurry, out of focus, noise, oversaturated, posterized, artifacts, jpeg artifacts"
8465,ship,ferry,anchored,a backyard,front view,foggy morning,clean,a detailed photograph,"a detailed photograph of a ferry ship anchored in a backyard, front view, foggy morning. single main subject, photorealistic color photo, natural colors, realistic texture, sharp focus on subject, no people, no text, no watermark, no logo, no border, no collage, no CGI, no illustration.","text, watermark, logo, caption, signature, border, frame, collage, multiple panels, cartoon, illustration, CGI, 3d render, low-poly, painting, anime, surreal, deformed, duplicate objects, extra limbs, blurry, out of focus, noise, oversaturated, posterized, artifacts, jpeg artifacts"
8829,ship,ferry,seen from a distance,a backyard,front view,rainy with wet reflections,hard,a high-quality image,"a high-quality image of a ferry ship seen from a distance in a backyard, front view, rainy with wet reflections. slight motion blur. single main subject, photorealistic color photo, natural colors, realistic texture, sharp focus on subject, no people, no text, no watermark, no logo, no border, no collage, no CGI, no illustration.","text, watermark, logo, caption, signature, border, frame, collage, multiple panels, cartoon, illustration, CGI, 3d render, low-poly, painting, anime, surreal, deformed, duplicate objects, extra limbs, blurry, out of focus, noise, oversaturated, posterized, artifacts, jpeg artifacts"
8876,ship,fishing boat,docked,a parking lot,slightly off-center framing,overcast daylight,hard,a photorealistic color photo,"a photorealistic color photo of a fishing boat ship docked in a parking lot, slightly off-center framing, overcast daylight. busy background but still one main subject. single main subject, photorealistic color photo, natural colors, realistic texture, sharp focus on subject, no people, no text, no watermark, no logo, no border, no collage, no CGI, no illustration.","text, watermark, logo, caption, signature, border, frame, collage, multiple panels, cartoon, illustration, CGI, 3d render, low-poly, painting, anime, surreal, deformed, duplicate objects, extra limbs, blurry, out of focus, noise, oversaturated, posterized, artifacts, jpeg artifacts"
8597,ship,ferry,moving through water,a backyard,slightly off-center framing,foggy morning,clean,a detailed photograph,"a detailed photograph of a ferry ship moving through water in a backyard, slightly off-center framing, foggy morning. single main subject, photorealistic color photo, natural colors, realistic texture, sharp focus on subject, no people, no text, no watermark, no logo, no border, no collage, no CGI, no illustration.","text, watermark, logo, caption, signature, border, frame, collage, multiple panels, cartoon, illustration, CGI, 3d render, low-poly, painting, anime, surreal, deformed, duplicate objects, extra limbs, blurry, out of focus, noise, oversaturated, posterized, artifacts, jpeg artifacts"
8682,ship,cargo ship,anchored,a gravel lot,side profile,backlit rim light,clean,an ultra-realistic rendering,"an ultra-realistic rendering of a cargo ship anchored in a gravel lot, side profile, backlit rim light. single main subject, photorealistic color photo, natural colors, realistic texture, sharp focus on subject, no people, no text, no watermark, no logo, no border, no collage, no CGI, no illustration.","text, watermark, logo, caption, signature, border, frame, collage, multiple panels, cartoon, illustration, CGI, 3d render, low-poly, painting, anime, surreal, deformed, duplicate objects, extra limbs, blurry, out of focus, noise, oversaturated, posterized, artifacts, jpeg artifacts"
8319,ship,ferry,anchored,a quiet residential street,low angle,foggy morning,clean,a finely detailed photo,"a finely detailed photo of a ferry ship anchored in a quiet residential street, low angle, foggy morning. single main subject, photorealistic color photo, natural colors, realistic texture, sharp focus on subject, no people, no text, no watermark, no logo, no border, no collage, no CGI, no illustration.","text, watermark, logo, caption, signature, border, frame, collage, multiple panels, cartoon, illustration, CGI, 3d render, low-poly, painting, anime, surreal, deformed, duplicate objects, extra limbs, blurry, out of focus, noise, oversaturated, posterized, artifacts, jpeg artifacts"
8953,ship,cruise ship,seen from a distance,a backyard,side profile,indoor soft window light,hard,an ultra-realistic rendering,"an ultra-realistic rendering of a cruise ship seen from a distance in a backyard, side profile, indoor soft window light. cropped slightly. single main subject, photorealistic color photo, natural colors, realistic texture, sharp focus on subject, no people, no text, no watermark, no logo, no border, no collage, no CGI, no illustration.","text, watermark, logo, caption, signature, border, frame, collage, multiple panels, cartoon, illustration, CGI, 3d render, low-poly, painting, anime, surreal, deformed, duplicate objects, extra limbs, blurry, out of focus, noise, oversaturated, posterized, artifacts, jpeg artifacts"
8884,ship,sailboat,docked,a forest clearing,low angle,backlit rim light,hard,a photorealistic color photo,"a photorealistic color photo of a sailboat ship docked in a forest clearing, low angle, backlit rim light. in the distance. single main subject, photorealistic color photo, natural colors, realistic texture, sharp focus on subject, no people, no text, no watermark, no logo, no border, no collage, no CGI, no illustration.","text, watermark, logo, caption, signature, border, frame, collage, multiple panels, cartoon, illustration, CGI, 3d render, low-poly, painting, anime, surreal, deformed, duplicate objects, extra limbs, blurry, out of focus, noise, oversaturated, posterized, artifacts, jpeg artifacts"
8038,ship,ferry,anchored,a parking lot,close-up,overcast daylight,clean,a detailed photograph,"a detailed photograph of a ferry ship anchored in a parking lot, close-up, overcast daylight. single main subject, photorealistic color photo, natural colors, realistic texture, sharp focus on subject, no people, no text, no watermark, no logo, no border, no collage, no CGI, no illustration.","text, watermark, logo, caption, signature, border, frame, collage, multiple panels, cartoon, illustration, CGI, 3d render, low-poly, painting, anime, surreal, deformed, duplicate objects, extra limbs, blurry, out of focus, noise, oversaturated, posterized, artifacts, jpeg artifacts"
8445,ship,fishing boat,anchored,a sandy beach,3/4 view,golden hour,clean,a finely detailed photo,"a finely detailed photo of a fishing boat ship anchored in a sandy beach, 3/4 view, golden hour. single main subject, photorealistic color photo, natural colors, realistic texture, sharp focus on subject, no people, no text, no watermark, no logo, no border, no collage, no CGI, no illustration.","text, watermark, logo, caption, signature, border, frame, collage, multiple panels, cartoon, illustration, CGI, 3d render, low-poly, painting, anime, surreal, deformed, duplicate objects, extra limbs, blurry, out of focus, noise, oversaturated, posterized, artifacts, jpeg artifacts"
8428,ship,small motorboat,anchored,an industrial yard,low angle,sunny afternoon,clean,an ultra-realistic rendering,"an ultra-realistic rendering of a small motorboat ship anchored in an industrial yard, low angle, sunny afternoon. single main subject, photorealistic color photo, natural colors, realistic texture, sharp focus on subject, no people, no text, no watermark, no logo, no border, no collage, no CGI, no illustration.","text, watermark, logo, caption, signature, border, frame, collage, multiple panels, cartoon, illustration, CGI, 3d render, low-poly, painting, anime, surreal, deformed, duplicate objects, extra limbs, blurry, out of focus, noise, oversaturated, posterized, artifacts, jpeg artifacts"
8798,ship,fishing boat,docked,an urban street,low angle,overcast daylight,clean,a finely detailed photo,"a finely detailed photo of a fishing boat ship docked in an urban street, low angle, overcast daylight. single main subject, photorealistic color photo, natural colors, realistic texture, sharp focus on subject, no people, no text, no watermark, no logo, no border, no collage, no CGI, no illustration.","text, watermark, logo, caption, signature, border, frame, collage, multiple panels, cartoon, illustration, CGI, 3d render, low-poly, painting, anime, surreal, deformed, duplicate objects, extra limbs, blurry, out of focus, noise, oversaturated, posterized, artifacts, jpeg artifacts"
8735,ship,cruise ship,anchored,a forest clearing,front view,sunny afternoon,clean,a professional photo,"a professional photo of a cruise ship anchored in a forest clearing, front view, sunny afternoon. single main subject, photorealistic color photo, natural colors, realistic texture, sharp focus on subject, no people, no text, no watermark, no logo, no border, no collage, no CGI, no illustration.","text, watermark, logo, caption, signature, border, frame, collage, multiple panels, cartoon, illustration, CGI, 3d render, low-poly, painting, anime, surreal, deformed, duplicate objects, extra limbs, blurry, out of focus, noise, oversaturated, posterized, artifacts, jpeg artifacts"
8014,ship,cargo ship,anchored,a countryside road,slightly off-center framing,nighttime under streetlights,clean,a photorealistic color photo,"a photorealistic color photo of a cargo ship anchored in a countryside road, slightly off-center framing, nighttime under streetlights. single main subject, photorealistic color photo, natural colors, realistic texture, sharp focus on subject, no people, no text, no watermark, no logo, no border, no collage, no CGI, no illustration.","text, watermark, logo, caption, signature, border, frame, collage, multiple panels, cartoon, illustration, CGI, 3d render, low-poly, painting, anime, surreal, deformed, duplicate objects, extra limbs, blurry, out of focus, noise, oversaturated, posterized, artifacts, jpeg artifacts"
8157,ship,fishing boat,anchored,an industrial yard,front view,rainy with wet reflections,clean,a photorealistic color photo,"a photorealistic color photo of a fishing boat ship anchored in an industrial yard, front view, rainy with wet reflections. single main subject, photorealistic color photo, natural colors, realistic texture, sharp focus on subject, no people, no text, no watermark, no logo, no border, no collage, no CGI, no illustration.","text, watermark, logo, caption, signature, border, frame, collage, multiple panels, cartoon, illustration, CGI, 3d render, low-poly, painting, anime, surreal, deformed, duplicate objects, extra limbs, blurry, out of focus, noise, oversaturated, posterized, artifacts, jpeg artifacts"
8391,ship,small motorboat,seen from a distance,an urban street,close-up,nighttime under streetlights,clean,a detailed photograph,"a detailed photograph of a small motorboat ship seen from a distance in an urban street, close-up, nighttime under streetlights. single main subject, photorealistic color photo, natural colors, realistic texture, sharp focus on subject, no people, no text, no watermark, no logo, no border, no collage, no CGI, no illustration.","text, watermark, logo, caption, signature, border, frame, collage, multiple panels, cartoon, illustration, CGI, 3d render, low-poly, painting, anime, surreal, deformed, duplicate objects, extra limbs, blurry, out of focus, noise, oversaturated, posterized, artifacts, jpeg artifacts"
8175,ship,fishing boat,docked,a lakeside shore,low angle,sunny afternoon,clean,a professional photo,"a professional photo of a fishing boat ship docked in a lakeside shore, low angle, sunny afternoon. single main subject, photorealistic color photo, natural colors, realistic texture, sharp focus on subject, no people, no text, no watermark, no logo, no border, no collage, no CGI, no illustration.","text, watermark, logo, caption, signature, border, frame, collage, multiple panels, cartoon, illustration, CGI, 3d render, low-poly, painting, anime, surreal, deformed, duplicate objects, extra limbs, blurry, out of focus, noise, oversaturated, posterized, artifacts, jpeg artifacts"
8339,ship,cruise ship,seen from a distance,a parking lot,front view,backlit rim light,clean,a finely detailed photo,"a finely detailed photo of a cruise ship seen from a distance in a parking lot, front view, backlit rim light. single main subject, photorealistic color photo, natural colors, realistic texture, sharp focus on subject, no people, no text, no watermark, no logo, no border, no collage, no CGI, no illustration.","text, watermark, logo, caption, signature, border, frame, collage, multiple panels, cartoon, illustration, CGI, 3d render, low-poly, painting, anime, surreal, deformed, duplicate objects, extra limbs, blurry, out of focus, noise, oversaturated, posterized, artifacts, jpeg artifacts"
8878,ship,cruise ship,anchored,a forest clearing,3/4 view,indoor soft window light,hard,a photorealistic color photo,"a photorealistic color photo of a cruise ship anchored in a forest clearing, 3/4 view, indoor soft window light. busy background but still one main subject. single main subject, photorealistic color photo, natural colors, realistic texture, sharp focus on subject, no people, no text, no watermark, no logo, no border, no collage, no CGI, no illustration.","text, watermark, logo, caption, signature, border, frame, collage, multiple panels, cartoon, illustration, CGI, 3d render, low-poly, painting, anime, surreal, deformed, duplicate objects, extra limbs, blurry, out of focus, noise, oversaturated, posterized, artifacts, jpeg artifacts"
8580,ship,ferry,moving through water,a grassy field,side profile,overcast daylight,clean,a detailed photograph,"a detailed photograph of a ferry ship moving through water in a grassy field, side profile, overcast daylight. single main subject, photorealistic color photo, natural colors, realistic texture, sharp focus on subject, no people, no text, no watermark, no logo, no border, no collage, no CGI, no illustration.","text, watermark, logo, caption, signature, border, frame, collage, multiple panels, cartoon, illustration, CGI, 3d render, low-poly, painting, anime, surreal, deformed, duplicate objects, extra limbs, blurry, out of focus, noise, oversaturated, posterized, artifacts, jpeg artifacts"
8831,ship,cargo ship,docked,a sandy beach,distant subject in the background,indoor soft window light,hard,a photorealistic color photo,"a photorealistic color photo of a cargo ship docked in a sandy beach, distant subject in the background, indoor soft window light. in the distance. single main subject, photorealistic color photo, natural colors, realistic texture, sharp focus on subject, no people, no text, no watermark, no logo, no border, no collage, no CGI, no illustration.","text, watermark, logo, caption, signature, border, frame, collage, multiple panels, cartoon, illustration, CGI, 3d render, low-poly, painting, anime, surreal, deformed, duplicate objects, extra limbs, blurry, out of focus, noise, oversaturated, posterized, artifacts, jpeg artifacts"
8992,ship,cargo ship,seen from a distance,an industrial yard,side profile,sunny afternoon,hard,an ultra-realistic rendering,"an ultra-realistic rendering of a cargo ship seen from a distance in an industrial yard, side profile, sunny afternoon. in the distance. single main subject, photorealistic color photo, natural colors, realistic texture, sharp focus on subject, no people, no text, no watermark, no logo, no border, no collage, no CGI, no illustration.","text, watermark, logo, caption, signature, border, frame, collage, multiple panels, cartoon, illustration, CGI, 3d render, low-poly, painting, anime, surreal, deformed, duplicate objects, extra limbs, blurry, out of focus, noise, oversaturated, posterized, artifacts, jpeg artifacts"
8452,ship,sailboat,seen from a distance,a sandy beach,low angle,golden hour,clean,a finely detailed photo,"a finely detailed photo of a sailboat ship seen from a distance in a sandy beach, low angle, golden hour. single main subject, photorealistic color photo, natural colors, realistic texture, sharp focus on subject, no people, no text, no watermark, no logo, no border, no collage, no CGI, no illustration.","text, watermark, logo, caption, signature, border, frame, collage, multiple panels, cartoon, illustration, CGI, 3d render, low-poly, painting, anime, surreal, deformed, duplicate objects, extra limbs, blurry, out of focus, noise, oversaturated, posterized, artifacts, jpeg artifacts"
8808,ship,sailboat,anchored,a grassy field,3/4 view,golden hour,hard,an ultra-realistic rendering,"an ultra-realistic rendering of a sailboat ship anchored in a grassy field, 3/4 view, golden hour. busy background but still one main subject. single main subject, photorealistic color photo, natural colors, realistic texture, sharp focus on subject, no people, no text, no watermark, no logo, no border, no collage, no CGI, no illustration.","text, watermark, logo, caption, signature, border, frame, collage, multiple panels, cartoon, illustration, CGI, 3d render, low-poly, painting, anime, surreal, deformed, duplicate objects, extra limbs, blurry, out of focus, noise, oversaturated, posterized, artifacts, jpeg artifacts"
8941,ship,cargo ship,seen from a distance,a countryside road,wide shot,golden hour,hard,a finely detailed photo,"a finely detailed photo of a cargo ship seen from a distance in a countryside road, wide shot, golden hour. busy background but still one main subject. single main subject, photorealistic color photo, natural colors, realistic texture, sharp focus on subject, no people, no text, no watermark, no logo, no border, no collage, no CGI, no illustration.","text, watermark, logo, caption, signature, border, frame, collage, multiple panels, cartoon, illustration, CGI, 3d render, low-poly, painting, anime, surreal, deformed, duplicate objects, extra limbs, blurry, out of focus, noise, oversaturated, posterized, artifacts, jpeg artifacts"
8251,ship,ferry,moving through water,a quiet residential street,high angle,backlit rim light,clean,an ultra-realistic rendering,"an ultra-realistic rendering of a ferry ship moving through water in a quiet residential street, high angle, backlit rim light. single main subject, photorealistic color photo, natural colors, realistic texture, sharp focus on subject, no people, no text, no watermark, no logo, no border, no collage, no CGI, no illustration.","text, watermark, logo, caption, signature, border, frame, collage, multiple panels, cartoon, illustration, CGI, 3d render, low-poly, painting, anime, surreal, deformed, duplicate objects, extra limbs, blurry, out of focus, noise, oversaturated, posterized, artifacts, jpeg artifacts"
8405,ship,ferry,seen from a distance,a gravel lot,slightly off-center framing,nighttime under streetlights,clean,a finely detailed photo,"a finely detailed photo of a ferry ship seen from a distance in a gravel lot, slightly off-center framing, nighttime under streetlights. single main subject, photorealistic color photo, natural colors, realistic texture, sharp focus on subject, no people, no text, no watermark, no logo, no border, no collage, no CGI, no illustration.","text, watermark, logo, caption, signature, border, frame, collage, multiple panels, cartoon, illustration, CGI, 3d render, low-poly, painting, anime, surreal, deformed, duplicate objects, extra limbs, blurry, out of focus, noise, oversaturated, posterized, artifacts, jpeg artifacts"
8877,ship,cruise ship,seen from a distance,a city park,wide shot,indoor soft window light,hard,a detailed photograph,"a detailed photograph of a cruise ship seen from a distance in a city park, wide shot, indoor soft window light. busy background but still one main subject. single main subject, photorealistic color photo, natural colors, realistic texture, sharp focus on subject, no people, no text, no watermark, no logo, no border, no collage, no CGI, no illustration.","text, watermark, logo, caption, signature, border, frame, collage, multiple panels, cartoon, illustration, CGI, 3d render, low-poly, painting, anime, surreal, deformed, duplicate objects, extra limbs, blurry, out of focus, noise, oversaturated, posterized, artifacts, jpeg artifacts"
8788,ship,cargo ship,docked,a wet roadway after rain,slightly off-center framing,rainy with wet reflections,clean,a detailed photograph,"a detailed photograph of a cargo ship docked in a wet roadway after rain, slightly off-center framing, rainy with wet reflections. single main subject, photorealistic color photo, natural colors, realistic texture, sharp focus on subject, no people, no text, no watermark, no logo, no border, no collage, no CGI, no illustration.","text, watermark, logo, caption, signature, border, frame, collage, multiple panels, cartoon, illustration, CGI, 3d render, low-poly, painting, anime, surreal, deformed, duplicate objects, extra limbs, blurry, out of focus, noise, oversaturated, posterized, artifacts, jpeg artifacts"
8984,ship,sailboat,seen from a distance,a gravel lot,distant subject in the background,golden hour,hard,a finely detailed photo,"a finely detailed photo of a sailboat ship seen from a distance in a gravel lot, distant subject in the background, golden hour. in the distance. single main subject, photorealistic color photo, natural colors, realistic texture, sharp focus on subject, no people, no text, no watermark, no logo, no border, no collage, no CGI, no illustration.","text, watermark, logo, caption, signature, border, frame, collage, multiple panels, cartoon, illustration, CGI, 3d render, low-poly, painting, anime, surreal, deformed, duplicate objects, extra limbs, blurry, out of focus, noise, oversaturated, posterized, artifacts, jpeg artifacts"
8036,ship,small motorboat,anchored,a parking lot,high angle,sunny afternoon,clean,a professional photo,"a professional photo of a small motorboat ship anchored in a parking lot, high angle, sunny afternoon. single main subject, photorealistic color photo, natural colors, realistic texture, sharp focus on subject, no people, no text, no watermark, no logo, no border, no collage, no CGI, no illustration.","text, watermark, logo, caption, signature, border, frame, collage, multiple panels, cartoon, illustration, CGI, 3d render, low-poly, painting, anime, surreal, deformed, duplicate objects, extra limbs, blurry, out of focus, noise, oversaturated, posterized, artifacts, jpeg artifacts"
8962,ship,ferry,moving through water,a wet roadway after rain,low angle,foggy morning,hard,a detailed photograph,"a detailed photograph of a ferry ship moving through water in a wet roadway after rain, low angle, foggy morning. in the distance. single main subject, photorealistic color photo, natural colors, realistic texture, sharp focus on subject, no people, no text, no watermark, no logo, no border, no collage, no CGI, no illustration.","text, watermark, logo, caption, signature, border, frame, collage, multiple panels, cartoon, illustration, CGI, 3d render, low-poly, painting, anime, surreal, deformed, duplicate objects, extra limbs, blurry, out of focus, noise, oversaturated, posterized, artifacts, jpeg artifacts"
8320,ship,small motorboat,docked,an urban street,close-up,rainy with wet reflections,clean,a detailed photograph,"a detailed photograph of a small motorboat ship docked in an urban street, close-up, rainy with wet reflections. single main subject, photorealistic color photo, natural colors, realistic texture, sharp focus on subject, no people, no text, no watermark, no logo, no border, no collage, no CGI, no illustration.","text, watermark, logo, caption, signature, border, frame, collage, multiple panels, cartoon, illustration, CGI, 3d render, low-poly, painting, anime, surreal, deformed, duplicate objects, extra limbs, blurry, out of focus, noise, oversaturated, posterized, artifacts, jpeg artifacts"
8858,ship,small motorboat,anchored,a quiet residential street,low angle,nighttime under streetlights,hard,a high-quality image,"a high-quality image of a small motorboat ship anchored in a quiet residential street, low angle, nighttime under streetlights. slight motion blur. single main subject, photorealistic color photo, natural colors, realistic texture, sharp focus on subject, no people, no text, no watermark, no logo, no border, no collage, no CGI, no illustration.","text, watermark, logo, caption, signature, border, frame, collage, multiple panels, cartoon, illustration, CGI, 3d render, low-poly, painting, anime, surreal, deformed, duplicate objects, extra limbs, blurry, out of focus, noise, oversaturated, posterized, artifacts, jpeg artifacts"
8652,ship,cruise ship,moving through water,a wet roadway after rain,wide shot,overcast daylight,clean,a high-quality image,"a high-quality image of a cruise ship moving through water in a wet roadway after rain, wide shot, overcast daylight. single main subject, photorealistic color photo, natural colors, realistic texture, sharp focus on subject, no people, no text, no watermark, no logo, no border, no collage, no CGI, no illustration.","text, watermark, logo, caption, signature, border, frame, collage, multiple panels, cartoon, illustration, CGI, 3d render, low-poly, painting, anime, surreal, deformed, duplicate objects, extra limbs, blurry, out of focus, noise, oversaturated, posterized, artifacts, jpeg artifacts"
8436,ship,small motorboat,seen from a distance,a grassy field,front view,rainy with wet reflections,clean,a high-quality image,"a high-quality image of a small motorboat ship seen from a distance in a grassy field, front view, rainy with wet reflections. single main subject, photorealistic color photo, natural colors, realistic texture, sharp focus on subject, no people, no text, no watermark, no logo, no border, no collage, no CGI, no illustration.","text, watermark, logo, caption, signature, border, frame, collage, multiple panels, cartoon, illustration, CGI, 3d render, low-poly, painting, anime, surreal, deformed, duplicate objects, extra limbs, blurry, out of focus, noise, oversaturated, posterized, artifacts, jpeg artifacts"
8407,ship,ferry,docked,a countryside road,high angle,overcast daylight,clean,a professional photo,"a professional photo of a ferry ship docked in a countryside road, high angle, overcast daylight. single main subject, photorealistic color photo, natural colors, realistic texture, sharp focus on subject, no people, no text, no watermark, no logo, no border, no collage, no CGI, no illustration.","text, watermark, logo, caption, signature, border, frame, collage, multiple panels, cartoon, illustration, CGI, 3d render, low-poly, painting, anime, surreal, deformed, duplicate objects, extra limbs, blurry, out of focus, noise, oversaturated, posterized, artifacts, jpeg artifacts"
8191,ship,fishing boat,seen from a distance,a countryside road,close-up,rainy with wet reflections,clean,an ultra-realistic rendering,"an ultra-realistic rendering of a fishing boat ship seen from a distance in a countryside road, close-up, rainy with wet reflections. single main subject, photorealistic color photo, natural colors, realistic texture, sharp focus on subject, no people, no text, no watermark, no logo, no border, no collage, no CGI, no illustration.","text, watermark, logo, caption, signature, border, frame, collage, multiple panels, cartoon, illustration, CGI, 3d render, low-poly, painting, anime, surreal, deformed, duplicate objects, extra limbs, blurry, out of focus, noise, oversaturated, posterized, artifacts, jpeg artifacts"
8781,ship,fishing boat,seen from a distance,a quiet residential street,high angle,backlit rim light,clean,a professional photo,"a professional photo of a fishing boat ship seen from a distance in a quiet residential street, high angle, backlit rim light. single main subject, photorealistic color photo, natural colors, realistic texture, sharp focus on subject, no people, no text, no watermark, no logo, no border, no collage, no CGI, no illustration.","text, watermark, logo, caption, signature, border, frame, collage, multiple panels, cartoon, illustration, CGI, 3d render, low-poly, painting, anime, surreal, deformed, duplicate objects, extra limbs, blurry, out of focus, noise, oversaturated, posterized, artifacts, jpeg artifacts"
8380,ship,fishing boat,anchored,a lakeside shore,slightly off-center framing,foggy morning,clean,a finely detailed photo,"a finely detailed photo of a fishing boat ship anchored in a lakeside shore, slightly off-center framing, foggy morning. single main subject, photorealistic color photo, natural colors, realistic texture, sharp focus on subject, no people, no text, no watermark, no logo, no border, no collage, no CGI, no illustration.","text, watermark, logo, caption, signature, border, frame, collage, multiple panels, cartoon, illustration, CGI, 3d render, low-poly, painting, anime, surreal, deformed, duplicate objects, extra limbs, blurry, out of focus, noise, oversaturated, posterized, artifacts, jpeg artifacts"
8413,ship,small motorboat,anchored,a grassy field,side profile,sunny afternoon,clean,a photorealistic color photo,"a photorealistic color photo of a small motorboat ship anchored in a grassy field, side profile, sunny afternoon. single main subject, photorealistic color photo, natural colors, realistic texture, sharp focus on subject, no people, no text, no watermark, no logo, no border, no collage, no CGI, no illustration.","text, watermark, logo, caption, signature, border, frame, collage, multiple panels, cartoon, illustration, CGI, 3d render, low-poly, painting, anime, surreal, deformed, duplicate objects, extra limbs, blurry, out of focus, noise, oversaturated, posterized, artifacts, jpeg artifacts"
8003,ship,cargo ship,docked,a lakeside shore,wide shot,overcast daylight,clean,a photorealistic color photo,"a photorealistic color photo of a cargo ship docked in a lakeside shore, wide shot, overcast daylight. single main subject, photorealistic color photo, natural colors, realistic texture, sharp focus on subject, no people, no text, no watermark, no logo, no border, no collage, no CGI, no illustration.","text, watermark, logo, caption, signature, border, frame, collage, multiple panels, cartoon, illustration, CGI, 3d render, low-poly, painting, anime, surreal, deformed, duplicate objects, extra limbs, blurry, out of focus, noise, oversaturated, posterized, artifacts, jpeg artifacts"
8373,ship,fishing boat,docked,a wet roadway after rain,3/4 view,sunny afternoon,clean,a high-quality image,"a high-quality image of a fishing boat ship docked in a wet roadway after rain, 3/4 view, sunny afternoon. single main subject, photorealistic color photo, natural colors, realistic texture, sharp focus on subject, no people, no text, no watermark, no logo, no border, no collage, no CGI, no illustration.","text, watermark, logo, caption, signature, border, frame, collage, multiple panels, cartoon, illustration, CGI, 3d render, low-poly, painting, anime, surreal, deformed, duplicate objects, extra limbs, blurry, out of focus, noise, oversaturated, posterized, artifacts, jpeg artifacts"
8362,ship,cruise ship,moving through water,a quiet residential street,side profile,nighttime under streetlights,clean,a finely detailed photo,"a finely detailed photo of a cruise ship moving through water in a quiet residential street, side profile, nighttime under streetlights. single main subject, photorealistic color photo, natural colors, realistic texture, sharp focus on subject, no people, no text, no watermark, no logo, no border, no collage, no CGI, no illustration.","text, watermark, logo, caption, signature, border, frame, collage, multiple panels, cartoon, illustration, CGI, 3d render, low-poly, painting, anime, surreal, deformed, duplicate objects, extra limbs, blurry, out of focus, noise, oversaturated, posterized, artifacts, jpeg artifacts"
8576,ship,small motorboat,seen from a distance,a parking lot,side profile,indoor soft window light,clean,a detailed photograph,"a detailed photograph of a small motorboat ship seen from a distance in a parking lot, side profile, indoor soft window light. single main subject, photorealistic color photo, natural colors, realistic texture, sharp focus on subject, no people, no text, no watermark, no logo, no border, no collage, no CGI, no illustration.","text, watermark, logo, caption, signature, border, frame, collage, multiple panels, cartoon, illustration, CGI, 3d render, low-poly, painting, anime, surreal, deformed, duplicate objects, extra limbs, blurry, out of focus, noise, oversaturated, posterized, artifacts, jpeg artifacts"
8361,ship,small motorboat,moving through water,a countryside road,3/4 view,foggy morning,clean,a high-quality image,"a high-quality image of a small motorboat ship moving through water in a countryside road, 3/4 view, foggy morning. single main subject, photorealistic color photo, natural colors, realistic texture, sharp focus on subject, no people, no text, no watermark, no logo, no border, no collage, no CGI, no illustration.","text, watermark, logo, caption, signature, border, frame, collage, multiple panels, cartoon, illustration, CGI, 3d render, low-poly, painting, anime, surreal, deformed, duplicate objects, extra limbs, blurry, out of focus, noise, oversaturated, posterized, artifacts, jpeg artifacts"
8273,ship,fishing boat,docked,a lakeside shore,3/4 view,overcast daylight,clean,a detailed photograph,"a detailed photograph of a fishing boat ship docked in a lakeside shore, 3/4 view, overcast daylight. single main subject, photorealistic color photo, natural colors, realistic texture, sharp focus on subject, no people, no text, no watermark, no logo, no border, no collage, no CGI, no illustration.","text, watermark, logo, caption, signature, border, frame, collage, multiple panels, cartoon, illustration, CGI, 3d render, low-poly, painting, anime, surreal, deformed, duplicate objects, extra limbs, blurry, out of focus, noise, oversaturated, posterized, artifacts, jpeg artifacts"
8280,ship,cruise ship,docked,a suburban neighborhood,close-up,foggy morning,clean,a finely detailed photo,"a finely detailed photo of a cruise ship docked in a suburban neighborhood, close-up, foggy morning. single main subject, photorealistic color photo, natural colors, realistic texture, sharp focus on subject, no people, no text, no watermark, no logo, no border, no collage, no CGI, no illustration.","text, watermark, logo, caption, signature, border, frame, collage, multiple panels, cartoon, illustration, CGI, 3d render, low-poly, painting, anime, surreal, deformed, duplicate objects, extra limbs, blurry, out of focus, noise, oversaturated, posterized, artifacts, jpeg artifacts"
8747,ship,sailboat,docked,a parking lot,high angle,rainy with wet reflections,clean,a detailed photograph,"a detailed photograph of a sailboat ship docked in a parking lot, high angle, rainy with wet reflections. single main subject, photorealistic color photo, natural colors, realistic texture, sharp focus on subject, no people, no text, no watermark, no logo, no border, no collage, no CGI, no illustration.","text, watermark, logo, caption, signature, border, frame, collage, multiple panels, cartoon, illustration, CGI, 3d render, low-poly, painting, anime, surreal, deformed, duplicate objects, extra limbs, blurry, out of focus, noise, oversaturated, posterized, artifacts, jpeg artifacts"
8214,ship,ferry,docked,a countryside road,close-up,backlit rim light,clean,a high-quality image,"a high-quality image of a ferry ship docked in a countryside road, close-up, backlit rim light. single main subject, photorealistic color photo, natural colors, realistic texture, sharp focus on subject, no people, no text, no watermark, no logo, no border, no collage, no CGI, no illustration.","text, watermark, logo, caption, signature, border, frame, collage, multiple panels, cartoon, illustration, CGI, 3d render, low-poly, painting, anime, surreal, deformed, duplicate objects, extra limbs, blurry, out of focus, noise, oversaturated, posterized, artifacts, jpeg artifacts"
8490,ship,fishing boat,seen from a distance,a suburban neighborhood,3/4 view,nighttime under streetlights,clean,a photorealistic color photo,"a photorealistic color photo of a fishing boat ship seen from a distance in a suburban neighborhood, 3/4 view, nighttime under streetlights. single main subject, photorealistic color photo, natural colors, realistic texture, sharp focus on subject, no people, no text, no watermark, no logo, no border, no collage, no CGI, no illustration.","text, watermark, logo, caption, signature, border, frame, collage, multiple panels, cartoon, illustration, CGI, 3d render, low-poly, painting, anime, surreal, deformed, duplicate objects, extra limbs, blurry, out of focus, noise, oversaturated, posterized, artifacts, jpeg artifacts"
8379,ship,ferry,docked,a suburban neighborhood,wide shot,foggy morning,clean,an ultra-realistic rendering,"an ultra-realistic rendering of a ferry ship docked in a suburban neighborhood, wide shot, foggy morning. single main subject, photorealistic color photo, natural colors, realistic texture, sharp focus on subject, no people, no text, no watermark, no logo, no border, no collage, no CGI, no illustration.","text, watermark, logo, caption, signature, border, frame, collage, multiple panels, cartoon, illustration, CGI, 3d render, low-poly, painting, anime, surreal, deformed, duplicate objects, extra limbs, blurry, out of focus, noise, oversaturated, posterized, artifacts, jpeg artifacts"
8478,ship,cruise ship,docked,a backyard,wide shot,golden hour,clean,a finely detailed photo,"a finely detailed photo of a cruise ship docked in a backyard, wide shot, golden hour. single main subject, photorealistic color photo, natural colors, realistic texture, sharp focus on subject, no people, no text, no watermark, no logo, no border, no collage, no CGI, no illustration.","text, watermark, logo, caption, signature, border, frame, collage, multiple panels, cartoon, illustration, CGI, 3d render, low-poly, painting, anime, surreal, deformed, duplicate objects, extra limbs, blurry, out of focus, noise, oversaturated, posterized, artifacts, jpeg artifacts"
8828,ship,cruise ship,seen from a distance,an urban street,distant subject in the background,backlit rim light,hard,a professional photo,"a professional photo of a cruise ship seen from a distance in an urban street, distant subject in the background, backlit rim light. slight motion blur. single main subject, photorealistic color photo, natural colors, realistic texture, sharp focus on subject, no people, no text, no watermark, no logo, no border, no collage, no CGI, no illustration.","text, watermark, logo, caption, signature, border, frame, collage, multiple panels, cartoon, illustration, CGI, 3d render, low-poly, painting, anime, surreal, deformed, duplicate objects, extra limbs, blurry, out of focus, noise, oversaturated, posterized, artifacts, jpeg artifacts"
8886,ship,ferry,anchored,a grassy field,high angle,foggy morning,hard,an ultra-realistic rendering,"an ultra-realistic rendering of a ferry ship anchored in a grassy field, high angle, foggy morning. partially occluded by a foreground object. single main subject, photorealistic color photo, natural colors, realistic texture, sharp focus on subject, no people, no text, no watermark, no logo, no border, no collage, no CGI, no illustration.","text, watermark, logo, caption, signature, border, frame, collage, multiple panels, cartoon, illustration, CGI, 3d render, low-poly, painting, anime, surreal, deformed, duplicate objects, extra limbs, blurry, out of focus, noise, oversaturated, posterized, artifacts, jpeg artifacts"
8551,ship,ferry,anchored,an urban street,low angle,rainy with wet reflections,clean,a high-quality image,"a high-quality image of a ferry ship anchored in an urban street, low angle, rainy with wet reflections. single main subject, photorealistic color photo, natural colors, realistic texture, sharp focus on subject, no people, no text, no watermark, no logo, no border, no collage, no CGI, no illustration.","text, watermark, logo, caption, signature, border, frame, collage, multiple panels, cartoon, illustration, CGI, 3d render, low-poly, painting, anime, surreal, deformed, duplicate objects, extra limbs, blurry, out of focus, noise, oversaturated, posterized, artifacts, jpeg artifacts"
8939,ship,fishing boat,docked,a quiet residential street,distant subject in the background,backlit rim light,hard,a high-quality image,"a high-quality image of a fishing boat ship docked in a quiet residential street, distant subject in the background, backlit rim light. partially occluded by a foreground object. single main subject, photorealistic color photo, natural colors, realistic texture, sharp focus on subject, no people, no text, no watermark, no logo, no border, no collage, no CGI, no illustration.","text, watermark, logo, caption, signature, border, frame, collage, multiple panels, cartoon, illustration, CGI, 3d render, low-poly, painting, anime, surreal, deformed, duplicate objects, extra limbs, blurry, out of focus, noise, oversaturated, posterized, artifacts, jpeg artifacts"
8171,ship,cruise ship,moving through water,an industrial yard,side profile,golden hour,clean,a detailed photograph,"a detailed photograph of a cruise ship moving through water in an industrial yard, side profile, golden hour. single main subject, photorealistic color photo, natural colors, realistic texture, sharp focus on subject, no people, no text, no watermark, no logo, no border, no collage, no CGI, no illustration.","text, watermark, logo, caption, signature, border, frame, collage, multiple panels, cartoon, illustration, CGI, 3d render, low-poly, painting, anime, surreal, deformed, duplicate objects, extra limbs, blurry, out of focus, noise, oversaturated, posterized, artifacts, jpeg artifacts"
8232,ship,sailboat,docked,a lakeside shore,slightly off-center framing,backlit rim light,clean,a high-quality image,"a high-quality image of a sailboat ship docked in a lakeside shore, slightly off-center framing, backlit rim light. single main subject, photorealistic color photo, natural colors, realistic texture, sharp focus on subject, no people, no text, no watermark, no logo, no border, no collage, no CGI, no illustration.","text, watermark, logo, caption, signature, border, frame, collage, multiple panels, cartoon, illustration, CGI, 3d render, low-poly, painting, anime, surreal, deformed, duplicate objects, extra limbs, blurry, out of focus, noise, oversaturated, posterized, artifacts, jpeg artifacts"
8021,ship,cargo ship,docked,a forest clearing,high angle,overcast daylight,clean,a professional photo,"a professional photo of a cargo ship docked in a forest clearing, high angle, overcast daylight. single main subject, photorealistic color photo, natural colors, realistic texture, sharp focus on subject, no people, no text, no watermark, no logo, no border, no collage, no CGI, no illustration.","text, watermark, logo, caption, signature, border, frame, collage, multiple panels, cartoon, illustration, CGI, 3d render, low-poly, painting, anime, surreal, deformed, duplicate objects, extra limbs, blurry, out of focus, noise, oversaturated, posterized, artifacts, jpeg artifacts"
8697,ship,sailboat,docked,an urban street,slightly off-center framing,foggy morning,clean,an ultra-realistic rendering,"an ultra-realistic rendering of a sailboat ship docked in an urban street, slightly off-center framing, foggy morning. single main subject, photorealistic color photo, natural colors, realistic texture, sharp focus on subject, no people, no text, no watermark, no logo, no border, no collage, no CGI, no illustration.","text, watermark, logo, caption, signature, border, frame, collage, multiple panels, cartoon, illustration, CGI, 3d render, low-poly, painting, anime, surreal, deformed, duplicate objects, extra limbs, blurry, out of focus, noise, oversaturated, posterized, artifacts, jpeg artifacts"
8807,ship,cargo ship,seen from a distance,a suburban neighborhood,wide shot,backlit rim light,hard,a high-quality image,"a high-quality image of a cargo ship seen from a distance in a suburban neighborhood, wide shot, backlit rim light. in the distance. single main subject, photorealistic color photo, natural colors, realistic texture, sharp focus on subject, no people, no text, no watermark, no logo, no border, no collage, no CGI, no illustration.","text, watermark, logo, caption, signature, border, frame, collage, multiple panels, cartoon, illustration, CGI, 3d render, low-poly, painting, anime, surreal, deformed, duplicate objects, extra limbs, blurry, out of focus, noise, oversaturated, posterized, artifacts, jpeg artifacts"
8737,ship,ferry,moving through water,a suburban neighborhood,close-up,nighttime under streetlights,clean,a photorealistic color photo,"a photorealistic color photo of a ferry ship moving through water in a suburban neighborhood, close-up, nighttime under streetlights. single main subject, photorealistic color photo, natural colors, realistic texture, sharp focus on subject, no people, no text, no watermark, no logo, no border, no collage, no CGI, no illustration.","text, watermark, logo, caption, signature, border, frame, collage, multiple panels, cartoon, illustration, CGI, 3d render, low-poly, painting, anime, surreal, deformed, duplicate objects, extra limbs, blurry, out of focus, noise, oversaturated, posterized, artifacts, jpeg artifacts"
8642,ship,sailboat,moving through water,a wet roadway after rain,side profile,nighttime under streetlights,clean,a photorealistic color photo,"a photorealistic color photo of a sailboat ship moving through water in a wet roadway after rain, side profile, nighttime under streetlights. single main subject, photorealistic color photo, natural colors, realistic texture, sharp focus on subject, no people, no text, no watermark, no logo, no border, no collage, no CGI, no illustration.","text, watermark, logo, caption, signature, border, frame, collage, multiple panels, cartoon, illustration, CGI, 3d render, low-poly, painting, anime, surreal, deformed, duplicate objects, extra limbs, blurry, out of focus, noise, oversaturated, posterized, artifacts, jpeg artifacts"
8061,ship,cruise ship,anchored,a quiet residential street,high angle,overcast daylight,clean,a detailed photograph,"a detailed photograph of a cruise ship anchored in a quiet residential street, high angle, overcast daylight. single main subject, photorealistic color photo, natural colors, realistic texture, sharp focus on subject, no people, no text, no watermark, no logo, no border, no collage, no CGI, no illustration.","text, watermark, logo, caption, signature, border, frame, collage, multiple panels, cartoon, illustration, CGI, 3d render, low-poly, painting, anime, surreal, deformed, duplicate objects, extra limbs, blurry, out of focus, noise, oversaturated, posterized, artifacts, jpeg artifacts"
8026,ship,sailboat,seen from a distance,a countryside road,wide shot,sunny afternoon,clean,a photorealistic color photo,"a photorealistic color photo of a sailboat ship seen from a distance in a countryside road, wide shot, sunny afternoon. single main subject, photorealistic color photo, natural colors, realistic texture, sharp focus on subject, no people, no text, no watermark, no logo, no border, no collage, no CGI, no illustration.","text, watermark, logo, caption, signature, border, frame, collage, multiple panels, cartoon, illustration, CGI, 3d render, low-poly, painting, anime, surreal, deformed, duplicate objects, extra limbs, blurry, out of focus, noise, oversaturated, posterized, artifacts, jpeg artifacts"
8821,ship,sailboat,anchored,a lakeside shore,side profile,golden hour,hard,a finely detailed photo,"a finely detailed photo of a sailboat ship anchored in a lakeside shore, side profile, golden hour. slight motion blur. single main subject, photorealistic color photo, natural colors, realistic texture, sharp focus on subject, no people, no text, no watermark, no logo, no border, no collage, no CGI, no illustration.","text, watermark, logo, caption, signature, border, frame, collage, multiple panels, cartoon, illustration, CGI, 3d render, low-poly, painting, anime, surreal, deformed, duplicate objects, extra limbs, blurry, out of focus, noise, oversaturated, posterized, artifacts, jpeg artifacts"
8512,ship,ferry,anchored,a city park,close-up,overcast daylight,clean,a professional photo,"a professional photo of a ferry ship anchored in a city park, close-up, overcast daylight. single main subject, photorealistic color photo, natural colors, realistic texture, sharp focus on subject, no people, no text, no watermark, no logo, no border, no collage, no CGI, no illustration.","text, watermark, logo, caption, signature, border, frame, collage, multiple panels, cartoon, illustration, CGI, 3d render, low-poly, painting, anime, surreal, deformed, duplicate objects, extra limbs, blurry, out of focus, noise, oversaturated, posterized, artifacts, jpeg artifacts"
8870,ship,ferry,seen from a distance,a grassy field,wide shot,backlit rim light,hard,a photorealistic color photo,"a photorealistic color photo of a ferry ship seen from a distance in a grassy field, wide shot, backlit rim light. partially occluded by a foreground object. single main subject, photorealistic color photo, natural colors, realistic texture, sharp focus on subject, no people, no text, no watermark, no logo, no border, no collage, no CGI, no illustration.","text, watermark, logo, caption, signature, border, frame, collage, multiple panels, cartoon, illustration, CGI, 3d render, low-poly, painting, anime, surreal, deformed, duplicate objects, extra limbs, blurry, out of focus, noise, oversaturated, posterized, artifacts, jpeg artifacts"
8166,ship,cruise ship,moving through water,a forest clearing,close-up,nighttime under streetlights,clean,a professional photo,"a professional photo of a cruise ship moving through water in a forest clearing, close-up, nighttime under streetlights. single main subject, photorealistic color photo, natural colors, realistic texture, sharp focus on subject, no people, no text, no watermark, no logo, no border, no collage, no CGI, no illustration.","text, watermark, logo, caption, signature, border, frame, collage, multiple panels, cartoon, illustration, CGI, 3d render, low-poly, painting, anime, surreal, deformed, duplicate objects, extra limbs, blurry, out of focus, noise, oversaturated, posterized, artifacts, jpeg artifacts"
8502,ship,small motorboat,docked,a parking lot,side profile,overcast daylight,clean,a finely detailed photo,"a finely detailed photo of a small motorboat ship docked in a parking lot, side profile, overcast daylight. single main subject, photorealistic color photo, natural colors, realistic texture, sharp focus on subject, no people, no text, no watermark, no logo, no border, no collage, no CGI, no illustration.","text, watermark, logo, caption, signature, border, frame, collage, multiple panels, cartoon, illustration, CGI, 3d render, low-poly, painting, anime, surreal, deformed, duplicate objects, extra limbs, blurry, out of focus, noise, oversaturated, posterized, artifacts, jpeg artifacts"
8915,ship,ferry,anchored,a suburban neighborhood,side profile,nighttime under streetlights,hard,a finely detailed photo,"a finely detailed photo of a ferry ship anchored in a suburban neighborhood, side profile, nighttime under streetlights. busy background but still one main subject. single main subject, photorealistic color photo, natural colors, realistic texture, sharp focus on subject, no people, no text, no watermark, no logo, no border, no collage, no CGI, no illustration.","text, watermark, logo, caption, signature, border, frame, collage, multiple panels, cartoon, illustration, CGI, 3d render, low-poly, painting, anime, surreal, deformed, duplicate objects, extra limbs, blurry, out of focus, noise, oversaturated, posterized, artifacts, jpeg artifacts"
8651,ship,small motorboat,anchored,a sandy beach,close-up,sunny afternoon,clean,a photorealistic color photo,"a photorealistic color photo of a small motorboat ship anchored in a sandy beach, close-up, sunny afternoon. single main subject, photorealistic color photo, natural colors, realistic texture, sharp focus on subject, no people, no text, no watermark, no logo, no border, no collage, no CGI, no illustration.","text, watermark, logo, caption, signature, border, frame, collage, multiple panels, cartoon, illustration, CGI, 3d render, low-poly, painting, anime, surreal, deformed, duplicate objects, extra limbs, blurry, out of focus, noise, oversaturated, posterized, artifacts, jpeg artifacts"
8922,ship,fishing boat,docked,an urban street,3/4 view,foggy morning,hard,a photorealistic color photo,"a photorealistic color photo of a fishing boat ship docked in an urban street, 3/4 view, foggy morning. cropped slightly. single main subject, photorealistic color photo, natural colors, realistic texture, sharp focus on subject, no people, no text, no watermark, no logo, no border, no collage, no CGI, no illustration.","text, watermark, logo, caption, signature, border, frame, collage, multiple panels, cartoon, illustration, CGI, 3d render, low-poly, painting, anime, surreal, deformed, duplicate objects, extra limbs, blurry, out of focus, noise, oversaturated, posterized, artifacts, jpeg artifacts"
8639,ship,cargo ship,docked,a countryside road,slightly off-center framing,golden hour,clean,an ultra-realistic rendering,"an ultra-realistic rendering of a cargo ship docked in a countryside road, slightly off-center framing, golden hour. single main subject, photorealistic color photo, natural colors, realistic texture, sharp focus on subject, no people, no text, no watermark, no logo, no border, no collage, no CGI, no illustration.","text, watermark, logo, caption, signature, border, frame, collage, multiple panels, cartoon, illustration, CGI, 3d render, low-poly, painting, anime, surreal, deformed, duplicate objects, extra limbs, blurry, out of focus, noise, oversaturated, posterized, artifacts, jpeg artifacts"
8531,ship,sailboat,seen from a distance,a grassy field,low angle,indoor soft window light,clean,a high-quality image,"a high-quality image of a sailboat ship seen from a distance in a grassy field, low angle, indoor soft window light. single main subject, photorealistic color photo, natural colors, realistic texture, sharp focus on subject, no people, no text, no watermark, no logo, no border, no collage, no CGI, no illustration.","text, watermark, logo, caption, signature, border, frame, collage, multiple panels, cartoon, illustration, CGI, 3d render, low-poly, painting, anime, surreal, deformed, duplicate objects, extra limbs, blurry, out of focus, noise, oversaturated, posterized, artifacts, jpeg artifacts"
8297,ship,ferry,seen from a distance,a wet roadway after rain,low angle,golden hour,clean,a high-quality image,"a high-quality image of a ferry ship seen from a distance in a wet roadway after rain, low angle, golden hour. single main subject, photorealistic color photo, natural colors, realistic texture, sharp focus on subject, no people, no text, no watermark, no logo, no border, no collage, no CGI, no illustration.","text, watermark, logo, caption, signature, border, frame, collage, multiple panels, cartoon, illustration, CGI, 3d render, low-poly, painting, anime, surreal, deformed, duplicate objects, extra limbs, blurry, out of focus, noise, oversaturated, posterized, artifacts, jpeg artifacts"
8121,ship,small motorboat,seen from a distance,a grassy field,low angle,backlit rim light,clean,a finely detailed photo,"a finely detailed photo of a small motorboat ship seen from a distance in a grassy field, low angle, backlit rim light. single main subject, photorealistic color photo, natural colors, realistic texture, sharp focus on subject, no people, no text, no watermark, no logo, no border, no collage, no CGI, no illustration.","text, watermark, logo, caption, signature, border, frame, collage, multiple panels, cartoon, illustration, CGI, 3d render, low-poly, painting, anime, surreal, deformed, duplicate objects, extra limbs, blurry, out of focus, noise, oversaturated, posterized, artifacts, jpeg artifacts"
8847,ship,small motorboat,seen from a distance,an industrial yard,close-up,foggy morning,hard,a high-quality image,"a high-quality image of a small motorboat ship seen from a distance in an industrial yard, close-up, foggy morning. cropped slightly. single main subject, photorealistic color photo, natural colors, realistic texture, sharp focus on subject, no people, no text, no watermark, no logo, no border, no collage, no CGI, no illustration.","text, watermark, logo, caption, signature, border, frame, collage, multiple panels, cartoon, illustration, CGI, 3d render, low-poly, painting, anime, surreal, deformed, duplicate objects, extra limbs, blurry, out of focus, noise, oversaturated, posterized, artifacts, jpeg artifacts"
8630,ship,cargo ship,seen from a distance,a grassy field,high angle,rainy with wet reflections,clean,a photorealistic color photo,"a photorealistic color photo of a cargo ship seen from a distance in a grassy field, high angle, rainy with wet reflections. single main subject, photorealistic color photo, natural colors, realistic texture, sharp focus on subject, no people, no text, no watermark, no logo, no border, no collage, no CGI, no illustration.","text, watermark, logo, caption, signature, border, frame, collage, multiple panels, cartoon, illustration, CGI, 3d render, low-poly, painting, anime, surreal, deformed, duplicate objects, extra limbs, blurry, out of focus, noise, oversaturated, posterized, artifacts, jpeg artifacts"
8080,ship,sailboat,docked,an industrial yard,slightly off-center framing,backlit rim light,clean,an ultra-realistic rendering,"an ultra-realistic rendering of a sailboat ship docked in an industrial yard, slightly off-center framing, backlit rim light. single main subject, photorealistic color photo, natural colors, realistic texture, sharp focus on subject, no people, no text, no watermark, no logo, no border, no collage, no CGI, no illustration.","text, watermark, logo, caption, signature, border, frame, collage, multiple panels, cartoon, illustration, CGI, 3d render, low-poly, painting, anime, surreal, deformed, duplicate objects, extra limbs, blurry, out of focus, noise, oversaturated, posterized, artifacts, jpeg artifacts"
8197,ship,cargo ship,anchored,an urban street,high angle,rainy with wet reflections,clean,a finely detailed photo,"a finely detailed photo of a cargo ship anchored in an urban street, high angle, rainy with wet reflections. single main subject, photorealistic color photo, natural colors, realistic texture, sharp focus on subject, no people, no text, no watermark, no logo, no border, no collage, no CGI, no illustration.","text, watermark, logo, caption, signature, border, frame, collage, multiple panels, cartoon, illustration, CGI, 3d render, low-poly, painting, anime, surreal, deformed, duplicate objects, extra limbs, blurry, out of focus, noise, oversaturated, posterized, artifacts, jpeg artifacts"
8384,ship,small motorboat,moving through water,a grassy field,low angle,rainy with wet reflections,clean,a finely detailed photo,"a finely detailed photo of a small motorboat ship moving through water in a grassy field, low angle, rainy with wet reflections. single main subject, photorealistic color photo, natural colors, realistic texture, sharp focus on subject, no people, no text, no watermark, no logo, no border, no collage, no CGI, no illustration.","text, watermark, logo, caption, signature, border, frame, collage, multiple panels, cartoon, illustration, CGI, 3d render, low-poly, painting, anime, surreal, deformed, duplicate objects, extra limbs, blurry, out of focus, noise, oversaturated, posterized, artifacts, jpeg artifacts"
8602,ship,fishing boat,moving through water,a city park,close-up,backlit rim light,clean,a finely detailed photo,"a finely detailed photo of a fishing boat ship moving through water in a city park, close-up, backlit rim light. single main subject, photorealistic color photo, natural colors, realistic texture, sharp focus on subject, no people, no text, no watermark, no logo, no border, no collage, no CGI, no illustration.","text, watermark, logo, caption, signature, border, frame, collage, multiple panels, cartoon, illustration, CGI, 3d render, low-poly, painting, anime, surreal, deformed, duplicate objects, extra limbs, blurry, out of focus, noise, oversaturated, posterized, artifacts, jpeg artifacts"
8419,ship,ferry,docked,an industrial yard,slightly off-center framing,backlit rim light,clean,a finely detailed photo,"a finely detailed photo of a ferry ship docked in an industrial yard, slightly off-center framing, backlit rim light. single main subject, photorealistic color photo, natural colors, realistic texture, sharp focus on subject, no people, no text, no watermark, no logo, no border, no collage, no CGI, no illustration.","text, watermark, logo, caption, signature, border, frame, collage, multiple panels, cartoon, illustration, CGI, 3d render, low-poly, painting, anime, surreal, deformed, duplicate objects, extra limbs, blurry, out of focus, noise, oversaturated, posterized, artifacts, jpeg artifacts"
8492,ship,cargo ship,anchored,an industrial yard,wide shot,backlit rim light,clean,a finely detailed photo,"a finely detailed photo of a cargo ship anchored in an industrial yard, wide shot, backlit rim light. single main subject, photorealistic color photo, natural colors, realistic texture, sharp focus on subject, no people, no text, no watermark, no logo, no border, no collage, no CGI, no illustration.","text, watermark, logo, caption, signature, border, frame, collage, multiple panels, cartoon, illustration, CGI, 3d render, low-poly, painting, anime, surreal, deformed, duplicate objects, extra limbs, blurry, out of focus, noise, oversaturated, posterized, artifacts, jpeg artifacts"
8264,ship,small motorboat,seen from a distance,an industrial yard,high angle,foggy morning,clean,a finely detailed photo,"a finely detailed photo of a small motorboat ship seen from a distance in an industrial yard, high angle, foggy morning. single main subject, photorealistic color photo, natural colors, realistic texture, sharp focus on subject, no people, no text, no watermark, no logo, no border, no collage, no CGI, no illustration.","text, watermark, logo, caption, signature, border, frame, collage, multiple panels, cartoon, illustration, CGI, 3d render, low-poly, painting, anime, surreal, deformed, duplicate objects, extra limbs, blurry, out of focus, noise, oversaturated, posterized, artifacts, jpeg artifacts"
8977,ship,ferry,seen from a distance,a grassy field,distant subject in the background,indoor soft window light,hard,an ultra-realistic rendering,"an ultra-realistic rendering of a ferry ship seen from a distance in a grassy field, distant subject in the background, indoor soft window light. slight motion blur. single main subject, photorealistic color photo, natural colors, realistic texture, sharp focus on subject, no people, no text, no watermark, no logo, no border, no collage, no CGI, no illustration.","text, watermark, logo, caption, signature, border, frame, collage, multiple panels, cartoon, illustration, CGI, 3d render, low-poly, painting, anime, surreal, deformed, duplicate objects, extra limbs, blurry, out of focus, noise, oversaturated, posterized, artifacts, jpeg artifacts"
8860,ship,fishing boat,docked,a backyard,high angle,rainy with wet reflections,hard,a professional photo,"a professional photo of a fishing boat ship docked in a backyard, high angle, rainy with wet reflections. partially occluded by a foreground object. single main subject, photorealistic color photo, natural colors, realistic texture, sharp focus on subject, no people, no text, no watermark, no logo, no border, no collage, no CGI, no illustration.","text, watermark, logo, caption, signature, border, frame, collage, multiple panels, cartoon, illustration, CGI, 3d render, low-poly, painting, anime, surreal, deformed, duplicate objects, extra limbs, blurry, out of focus, noise, oversaturated, posterized, artifacts, jpeg artifacts"
8227,ship,sailboat,anchored,a grassy field,side profile,golden hour,clean,a professional photo,"a professional photo of a sailboat ship anchored in a grassy field, side profile, golden hour. single main subject, photorealistic color photo, natural colors, realistic texture, sharp focus on subject, no people, no text, no watermark, no logo, no border, no collage, no CGI, no illustration.","text, watermark, logo, caption, signature, border, frame, collage, multiple panels, cartoon, illustration, CGI, 3d render, low-poly, painting, anime, surreal, deformed, duplicate objects, extra limbs, blurry, out of focus, noise, oversaturated, posterized, artifacts, jpeg artifacts"
8162,ship,small motorboat,docked,an urban street,wide shot,overcast daylight,clean,a high-quality image,"a high-quality image of a small motorboat ship docked in an urban street, wide shot, overcast daylight. single main subject, photorealistic color photo, natural colors, realistic texture, sharp focus on subject, no people, no text, no watermark, no logo, no border, no collage, no CGI, no illustration.","text, watermark, logo, caption, signature, border, frame, collage, multiple panels, cartoon, illustration, CGI, 3d render, low-poly, painting, anime, surreal, deformed, duplicate objects, extra limbs, blurry, out of focus, noise, oversaturated, posterized, artifacts, jpeg artifacts"
8387,ship,small motorboat,moving through water,a lakeside shore,wide shot,rainy with wet reflections,clean,a finely detailed photo,"a finely detailed photo of a small motorboat ship moving through water in a lakeside shore, wide shot, rainy with wet reflections. single main subject, photorealistic color photo, natural colors, realistic texture, sharp focus on subject, no people, no text, no watermark, no logo, no border, no collage, no CGI, no illustration.","text, watermark, logo, caption, signature, border, frame, collage, multiple panels, cartoon, illustration, CGI, 3d render, low-poly, painting, anime, surreal, deformed, duplicate objects, extra limbs, blurry, out of focus, noise, oversaturated, posterized, artifacts, jpeg artifacts"
8892,ship,ferry,anchored,a forest clearing,3/4 view,sunny afternoon,hard,an ultra-realistic rendering,"an ultra-realistic rendering of a ferry ship anchored in a forest clearing, 3/4 view, sunny afternoon. in the distance. single main subject, photorealistic color photo, natural colors, realistic texture, sharp focus on subject, no people, no text, no watermark, no logo, no border, no collage, no CGI, no illustration.","text, watermark, logo, caption, signature, border, frame, collage, multiple panels, cartoon, illustration, CGI, 3d render, low-poly, painting, anime, surreal, deformed, duplicate objects, extra limbs, blurry, out of focus, noise, oversaturated, posterized, artifacts, jpeg artifacts"
8863,ship,fishing boat,moving through water,a forest clearing,wide shot,foggy morning,hard,a professional photo,"a professional photo of a fishing boat ship moving through water in a forest clearing, wide shot, foggy morning. in the distance. single main subject, photorealistic color photo, natural colors, realistic texture, sharp focus on subject, no people, no text, no watermark, no logo, no border, no collage, no CGI, no illustration.","text, watermark, logo, caption, signature, border, frame, collage, multiple panels, cartoon, illustration, CGI, 3d render, low-poly, painting, anime, surreal, deformed, duplicate objects, extra limbs, blurry, out of focus, noise, oversaturated, posterized, artifacts, jpeg artifacts"
8272,ship,cargo ship,moving through water,a gravel lot,high angle,rainy with wet reflections,clean,a professional photo,"a professional photo of a cargo ship moving through water in a gravel lot, high angle, rainy with wet reflections. single main subject, photorealistic color photo, natural colors, realistic texture, sharp focus on subject, no people, no text, no watermark, no logo, no border, no collage, no CGI, no illustration.","text, watermark, logo, caption, signature, border, frame, collage, multiple panels, cartoon, illustration, CGI, 3d render, low-poly, painting, anime, surreal, deformed, duplicate objects, extra limbs, blurry, out of focus, noise, oversaturated, posterized, artifacts, jpeg artifacts"
8120,ship,sailboat,docked,a quiet residential street,front view,foggy morning,clean,a high-quality image,"a high-quality image of a sailboat ship docked in a quiet residential street, front view, foggy morning. single main subject, photorealistic color photo, natural colors, realistic texture, sharp focus on subject, no people, no text, no watermark, no logo, no border, no collage, no CGI, no illustration.","text, watermark, logo, caption, signature, border, frame, collage, multiple panels, cartoon, illustration, CGI, 3d render, low-poly, painting, anime, surreal, deformed, duplicate objects, extra limbs, blurry, out of focus, noise, oversaturated, posterized, artifacts, jpeg artifacts"
8438,ship,sailboat,moving through water,a wet roadway after rain,front view,sunny afternoon,clean,a high-quality image,"a high-quality image of a sailboat ship moving through water in a wet roadway after rain, front view, sunny afternoon. single main subject, photorealistic color photo, natural colors, realistic texture, sharp focus on subject, no people, no text, no watermark, no logo, no border, no collage, no CGI, no illustration.","text, watermark, logo, caption, signature, border, frame, collage, multiple panels, cartoon, illustration, CGI, 3d render, low-poly, painting, anime, surreal, deformed, duplicate objects, extra limbs, blurry, out of focus, noise, oversaturated, posterized, artifacts, jpeg artifacts"
8142,ship,ferry,anchored,a lakeside shore,close-up,golden hour,clean,a finely detailed photo,"a finely detailed photo of a ferry ship anchored in a lakeside shore, close-up, golden hour. single main subject, photorealistic color photo, natural colors, realistic texture, sharp focus on subject, no people, no text, no watermark, no logo, no border, no collage, no CGI, no illustration.","text, watermark, logo, caption, signature, border, frame, collage, multiple panels, cartoon, illustration, CGI, 3d render, low-poly, painting, anime, surreal, deformed, duplicate objects, extra limbs, blurry, out of focus, noise, oversaturated, posterized, artifacts, jpeg artifacts"
8674,ship,ferry,docked,a gravel lot,close-up,nighttime under streetlights,clean,a photorealistic color photo,"a photorealistic color photo of a ferry ship docked in a gravel lot, close-up, nighttime under streetlights. single main subject, photorealistic color photo, natural colors, realistic texture, sharp focus on subject, no people, no text, no watermark, no logo, no border, no collage, no CGI, no illustration.","text, watermark, logo, caption, signature, border, frame, collage, multiple panels, cartoon, illustration, CGI, 3d render, low-poly, painting, anime, surreal, deformed, duplicate objects, extra limbs, blurry, out of focus, noise, oversaturated, posterized, artifacts, jpeg artifacts"
8867,ship,sailboat,docked,a city park,front view,sunny afternoon,hard,an ultra-realistic rendering,"an ultra-realistic rendering of a sailboat ship docked in a city park, front view, sunny afternoon. in the distance. single main subject, photorealistic color photo, natural colors, realistic texture, sharp focus on subject, no people, no text, no watermark, no logo, no border, no collage, no CGI, no illustration.","text, watermark, logo, caption, signature, border, frame, collage, multiple panels, cartoon, illustration, CGI, 3d render, low-poly, painting, anime, surreal, deformed, duplicate objects, extra limbs, blurry, out of focus, noise, oversaturated, posterized, artifacts, jpeg artifacts"
8945,ship,ferry,seen from a distance,an industrial yard,cropped at the edge of the frame,nighttime under streetlights,hard,a photorealistic color photo,"a photorealistic color photo of a ferry ship seen from a distance in an industrial yard, cropped at the edge of the frame, nighttime under streetlights. slight motion blur. single main subject, photorealistic color photo, natural colors, realistic texture, sharp focus on subject, no people, no text, no watermark, no logo, no border, no collage, no CGI, no illustration.","text, watermark, logo, caption, signature, border, frame, collage, multiple panels, cartoon, illustration, CGI, 3d render, low-poly, painting, anime, surreal, deformed, duplicate objects, extra limbs, blurry, out of focus, noise, oversaturated, posterized, artifacts, jpeg artifacts"
8627,ship,small motorboat,docked,a suburban neighborhood,close-up,golden hour,clean,a photorealistic color photo,"a photorealistic color photo of a small motorboat ship docked in a suburban neighborhood, close-up, golden hour. single main subject, photorealistic color photo, natural colors, realistic texture, sharp focus on subject, no people, no text, no watermark, no logo, no border, no collage, no CGI, no illustration.","text, watermark, logo, caption, signature, border, frame, collage, multiple panels, cartoon, illustration, CGI, 3d render, low-poly, painting, anime, surreal, deformed, duplicate objects, extra limbs, blurry, out of focus, noise, oversaturated, posterized, artifacts, jpeg artifacts"
8770,ship,cruise ship,docked,a grassy field,slightly off-center framing,foggy morning,clean,an ultra-realistic rendering,"an ultra-realistic rendering of a cruise ship docked in a grassy field, slightly off-center framing, foggy morning. single main subject, photorealistic color photo, natural colors, realistic texture, sharp focus on subject, no people, no text, no watermark, no logo, no border, no collage, no CGI, no illustration.","text, watermark, logo, caption, signature, border, frame, collage, multiple panels, cartoon, illustration, CGI, 3d render, low-poly, painting, anime, surreal, deformed, duplicate objects, extra limbs, blurry, out of focus, noise, oversaturated, posterized, artifacts, jpeg artifacts"
8295,ship,small motorboat,moving through water,a wet roadway after rain,close-up,rainy with wet reflections,clean,a photorealistic color photo,"a photorealistic color photo of a small motorboat ship moving through water in a wet roadway after rain, close-up, rainy with wet reflections. single main subject, photorealistic color photo, natural colors, realistic texture, sharp focus on subject, no people, no text, no watermark, no logo, no border, no collage, no CGI, no illustration.","text, watermark, logo, caption, signature, border, frame, collage, multiple panels, cartoon, illustration, CGI, 3d render, low-poly, painting, anime, surreal, deformed, duplicate objects, extra limbs, blurry, out of focus, noise, oversaturated, posterized, artifacts, jpeg artifacts"
8710,ship,small motorboat,moving through water,a quiet residential street,high angle,overcast daylight,clean,a finely detailed photo,"a finely detailed photo of a small motorboat ship moving through water in a quiet residential street, high angle, overcast daylight. single main subject, photorealistic color photo, natural colors, realistic texture, sharp focus on subject, no people, no text, no watermark, no logo, no border, no collage, no CGI, no illustration.","text, watermark, logo, caption, signature, border, frame, collage, multiple panels, cartoon, illustration, CGI, 3d render, low-poly, painting, anime, surreal, deformed, duplicate objects, extra limbs, blurry, out of focus, noise, oversaturated, posterized, artifacts, jpeg artifacts"
8911,ship,cruise ship,docked,a parking lot,low angle,indoor soft window light,hard,an ultra-realistic rendering,"an ultra-realistic rendering of a cruise ship docked in a parking lot, low angle, indoor soft window light. partially occluded by a foreground object. single main subject, photorealistic color photo, natural colors, realistic texture, sharp focus on subject, no people, no text, no watermark, no logo, no border, no collage, no CGI, no illustration.","text, watermark, logo, caption, signature, border, frame, collage, multiple panels, cartoon, illustration, CGI, 3d render, low-poly, painting, anime, surreal, deformed, duplicate objects, extra limbs, blurry, out of focus, noise, oversaturated, posterized, artifacts, jpeg artifacts"
8299,ship,cruise ship,seen from a distance,a forest clearing,slightly off-center framing,overcast daylight,clean,an ultra-realistic rendering,"an ultra-realistic rendering of a cruise ship seen from a distance in a forest clearing, slightly off-center framing, overcast daylight. single main subject, photorealistic color photo, natural colors, realistic texture, sharp focus on subject, no people, no text, no watermark, no logo, no border, no collage, no CGI, no illustration.","text, watermark, logo, caption, signature, border, frame, collage, multiple panels, cartoon, illustration, CGI, 3d render, low-poly, painting, anime, surreal, deformed, duplicate objects, extra limbs, blurry, out of focus, noise, oversaturated, posterized, artifacts, jpeg artifacts"
8653,ship,cruise ship,moving through water,a parking lot,slightly off-center framing,backlit rim light,clean,a photorealistic color photo,"a photorealistic color photo of a cruise ship moving through water in a parking lot, slightly off-center framing, backlit rim light. single main subject, photorealistic color photo, natural colors, realistic texture, sharp focus on subject, no people, no text, no watermark, no logo, no border, no collage, no CGI, no illustration.","text, watermark, logo, caption, signature, border, frame, collage, multiple panels, cartoon, illustration, CGI, 3d render, low-poly, painting, anime, surreal, deformed, duplicate objects, extra limbs, blurry, out of focus, noise, oversaturated, posterized, artifacts, jpeg artifacts"
8618,ship,cruise ship,moving through water,a wet roadway after rain,close-up,rainy with wet reflections,clean,an ultra-realistic rendering,"an ultra-realistic rendering of a cruise ship moving through water in a wet roadway after rain, close-up, rainy with wet reflections. single main subject, photorealistic color photo, natural colors, realistic texture, sharp focus on subject, no people, no text, no watermark, no logo, no border, no collage, no CGI, no illustration.","text, watermark, logo, caption, signature, border, frame, collage, multiple panels, cartoon, illustration, CGI, 3d render, low-poly, painting, anime, surreal, deformed, duplicate objects, extra limbs, blurry, out of focus, noise, oversaturated, posterized, artifacts, jpeg artifacts"
8942,ship,cargo ship,moving through water,a city park,slightly off-center framing,indoor soft window light,hard,a finely detailed photo,"a finely detailed photo of a cargo ship moving through water in a city park, slightly off-center framing, indoor soft window light. partially occluded by a foreground object. single main subject, photorealistic color photo, natural colors, realistic texture, sharp focus on subject, no people, no text, no watermark, no logo, no border, no collage, no CGI, no illustration.","text, watermark, logo, caption, signature, border, frame, collage, multiple panels, cartoon, illustration, CGI, 3d render, low-poly, painting, anime, surreal, deformed, duplicate objects, extra limbs, blurry, out of focus, noise, oversaturated, posterized, artifacts, jpeg artifacts"
8397,ship,cruise ship,docked,a lakeside shore,slightly off-center framing,foggy morning,clean,a detailed photograph,"a detailed photograph of a cruise ship docked in a lakeside shore, slightly off-center framing, foggy morning. single main subject, photorealistic color photo, natural colors, realistic texture, sharp focus on subject, no people, no text, no watermark, no logo, no border, no collage, no CGI, no illustration.","text, watermark, logo, caption, signature, border, frame, collage, multiple panels, cartoon, illustration, CGI, 3d render, low-poly, painting, anime, surreal, deformed, duplicate objects, extra limbs, blurry, out of focus, noise, oversaturated, posterized, artifacts, jpeg artifacts"
8987,ship,sailboat,seen from a distance,an industrial yard,3/4 view,indoor soft window light,hard,an ultra-realistic rendering,"an ultra-realistic rendering of a sailboat ship seen from a distance in an industrial yard, 3/4 view, indoor soft window light. partially occluded by a foreground object. single main subject, photorealistic color photo, natural colors, realistic texture, sharp focus on subject, no people, no text, no watermark, no logo, no border, no collage, no CGI, no illustration.","text, watermark, logo, caption, signature, border, frame, collage, multiple panels, cartoon, illustration, CGI, 3d render, low-poly, painting, anime, surreal, deformed, duplicate objects, extra limbs, blurry, out of focus, noise, oversaturated, posterized, artifacts, jpeg artifacts"
8700,ship,sailboat,docked,an industrial yard,side profile,sunny afternoon,clean,a photorealistic color photo,"a photorealistic color photo of a sailboat ship docked in an industrial yard, side profile, sunny afternoon. single main subject, photorealistic color photo, natural colors, realistic texture, sharp focus on subject, no people, no text, no watermark, no logo, no border, no collage, no CGI, no illustration.","text, watermark, logo, caption, signature, border, frame, collage, multiple panels, cartoon, illustration, CGI, 3d render, low-poly, painting, anime, surreal, deformed, duplicate objects, extra limbs, blurry, out of focus, noise, oversaturated, posterized, artifacts, jpeg artifacts"
8548,ship,cruise ship,docked,a forest clearing,slightly off-center framing,foggy morning,clean,a detailed photograph,"a detailed photograph of a cruise ship docked in a forest clearing, slightly off-center framing, foggy morning. single main subject, photorealistic color photo, natural colors, realistic texture, sharp focus on subject, no people, no text, no watermark, no logo, no border, no collage, no CGI, no illustration.","text, watermark, logo, caption, signature, border, frame, collage, multiple panels, cartoon, illustration, CGI, 3d render, low-poly, painting, anime, surreal, deformed, duplicate objects, extra limbs, blurry, out of focus, noise, oversaturated, posterized, artifacts, jpeg artifacts"
8952,ship,small motorboat,moving through water,a sandy beach,distant subject in the background,golden hour,hard,a photorealistic color photo,"a photorealistic color photo of a small motorboat ship moving through water in a sandy beach, distant subject in the background, golden hour. busy background but still one main subject. single main subject, photorealistic color photo, natural colors, realistic texture, sharp focus on subject, no people, no text, no watermark, no logo, no border, no collage, no CGI, no illustration.","text, watermark, logo, caption, signature, border, frame, collage, multiple panels, cartoon, illustration, CGI, 3d render, low-poly, painting, anime, surreal, deformed, duplicate objects, extra limbs, blurry, out of focus, noise, oversaturated, posterized, artifacts, jpeg artifacts"
8673,ship,ferry,moving through water,an urban street,low angle,sunny afternoon,clean,a professional photo,"a professional photo of a ferry ship moving through water in an urban street, low angle, sunny afternoon. single main subject, photorealistic color photo, natural colors, realistic texture, sharp focus on subject, no people, no text, no watermark, no logo, no border, no collage, no CGI, no illustration.","text, watermark, logo, caption, signature, border, frame, collage, multiple panels, cartoon, illustration, CGI, 3d render, low-poly, painting, anime, surreal, deformed, duplicate objects, extra limbs, blurry, out of focus, noise, oversaturated, posterized, artifacts, jpeg artifacts"
8657,ship,small motorboat,seen from a distance,a city park,wide shot,rainy with wet reflections,clean,a finely detailed photo,"a finely detailed photo of a small motorboat ship seen from a distance in a city park, wide shot, rainy with wet reflections. single main subject, photorealistic color photo, natural colors, realistic texture, sharp focus on subject, no people, no text, no watermark, no logo, no border, no collage, no CGI, no illustration.","text, watermark, logo, caption, signature, border, frame, collage, multiple panels, cartoon, illustration, CGI, 3d render, low-poly, painting, anime, surreal, deformed, duplicate objects, extra limbs, blurry, out of focus, noise, oversaturated, posterized, artifacts, jpeg artifacts"
8920,ship,cargo ship,anchored,a suburban neighborhood,3/4 view,golden hour,hard,a finely detailed photo,"a finely detailed photo of a cargo ship anchored in a suburban neighborhood, 3/4 view, golden hour. cropped slightly. single main subject, photorealistic color photo, natural colors, realistic texture, sharp focus on subject, no people, no text, no watermark, no logo, no border, no collage, no CGI, no illustration.","text, watermark, logo, caption, signature, border, frame, collage, multiple panels, cartoon, illustration, CGI, 3d render, low-poly, painting, anime, surreal, deformed, duplicate objects, extra limbs, blurry, out of focus, noise, oversaturated, posterized, artifacts, jpeg artifacts"
8460,ship,ferry,docked,a lakeside shore,side profile,overcast daylight,clean,a professional photo,"a professional photo of a ferry ship docked in a lakeside shore, side profile, overcast daylight. single main subject, photorealistic color photo, natural colors, realistic texture, sharp focus on subject, no people, no text, no watermark, no logo, no border, no collage, no CGI, no illustration.","text, watermark, logo, caption, signature, border, frame, collage, multiple panels, cartoon, illustration, CGI, 3d render, low-poly, painting, anime, surreal, deformed, duplicate objects, extra limbs, blurry, out of focus, noise, oversaturated, posterized, artifacts, jpeg artifacts"
8160,ship,sailboat,seen from a distance,a quiet residential street,low angle,indoor soft window light,clean,a high-quality image,"a high-quality image of a sailboat ship seen from a distance in a quiet residential street, low angle, indoor soft window light. single main subject, photorealistic color photo, natural colors, realistic texture, sharp focus on subject, no people, no text, no watermark, no logo, no border, no collage, no CGI, no illustration.","text, watermark, logo, caption, signature, border, frame, collage, multiple panels, cartoon, illustration, CGI, 3d render, low-poly, painting, anime, surreal, deformed, duplicate objects, extra limbs, blurry, out of focus, noise, oversaturated, posterized, artifacts, jpeg artifacts"
8149,ship,small motorboat,moving through water,a wet roadway after rain,3/4 view,rainy with wet reflections,clean,an ultra-realistic rendering,"an ultra-realistic rendering of a small motorboat ship moving through water in a wet roadway after rain, 3/4 view, rainy with wet reflections. single main subject, photorealistic color photo, natural colors, realistic texture, sharp focus on subject, no people, no text, no watermark, no logo, no border, no collage, no CGI, no illustration.","text, watermark, logo, caption, signature, border, frame, collage, multiple panels, cartoon, illustration, CGI, 3d render, low-poly, painting, anime, surreal, deformed, duplicate objects, extra limbs, blurry, out of focus, noise, oversaturated, posterized, artifacts, jpeg artifacts"
8106,ship,fishing boat,anchored,a quiet residential street,close-up,nighttime under streetlights,clean,an ultra-realistic rendering,"an ultra-realistic rendering of a fishing boat ship anchored in a quiet residential street, close-up, nighttime under streetlights. single main subject, photorealistic color photo, natural colors, realistic texture, sharp focus on subject, no people, no text, no watermark, no logo, no border, no collage, no CGI, no illustration.","text, watermark, logo, caption, signature, border, frame, collage, multiple panels, cartoon, illustration, CGI, 3d render, low-poly, painting, anime, surreal, deformed, duplicate objects, extra limbs, blurry, out of focus, noise, oversaturated, posterized, artifacts, jpeg artifacts"
8400,ship,cruise ship,moving through water,a countryside road,high angle,backlit rim light,clean,a high-quality image,"a high-quality image of a cruise ship moving through water in a countryside road, high angle, backlit rim light. single main subject, photorealistic color photo, natural colors, realistic texture, sharp focus on subject, no people, no text, no watermark, no logo, no border, no collage, no CGI, no illustration.","text, watermark, logo, caption, signature, border, frame, collage, multiple panels, cartoon, illustration, CGI, 3d render, low-poly, painting, anime, surreal, deformed, duplicate objects, extra limbs, blurry, out of focus, noise, oversaturated, posterized, artifacts, jpeg artifacts"
8030,ship,small motorboat,moving through water,a city park,high angle,rainy with wet reflections,clean,an ultra-realistic rendering,"an ultra-realistic rendering of a small motorboat ship moving through water in a city park, high angle, rainy with wet reflections. single main subject, photorealistic color photo, natural colors, realistic texture, sharp focus on subject, no people, no text, no watermark, no logo, no border, no collage, no CGI, no illustration.","text, watermark, logo, caption, signature, border, frame, collage, multiple panels, cartoon, illustration, CGI, 3d render, low-poly, painting, anime, surreal, deformed, duplicate objects, extra limbs, blurry, out of focus, noise, oversaturated, posterized, artifacts, jpeg artifacts"
8363,ship,cargo ship,docked,a suburban neighborhood,front view,nighttime under streetlights,clean,a detailed photograph,"a detailed photograph of a cargo ship docked in a suburban neighborhood, front view, nighttime under streetlights. single main subject, photorealistic color photo, natural colors, realistic texture, sharp focus on subject, no people, no text, no watermark, no logo, no border, no collage, no CGI, no illustration.","text, watermark, logo, caption, signature, border, frame, collage, multiple panels, cartoon, illustration, CGI, 3d render, low-poly, painting, anime, surreal, deformed, duplicate objects, extra limbs, blurry, out of focus, noise, oversaturated, posterized, artifacts, jpeg artifacts"
8283,ship,cargo ship,anchored,a backyard,close-up,overcast daylight,clean,a high-quality image,"a high-quality image of a cargo ship anchored in a backyard, close-up, overcast daylight. single main subject, photorealistic color photo, natural colors, realistic texture, sharp focus on subject, no people, no text, no watermark, no logo, no border, no collage, no CGI, no illustration.","text, watermark, logo, caption, signature, border, frame, collage, multiple panels, cartoon, illustration, CGI, 3d render, low-poly, painting, anime, surreal, deformed, duplicate objects, extra limbs, blurry, out of focus, noise, oversaturated, posterized, artifacts, jpeg artifacts"
8875,ship,ferry,seen from a distance,an industrial yard,3/4 view,nighttime under streetlights,hard,a finely detailed photo,"a finely detailed photo of a ferry ship seen from a distance in an industrial yard, 3/4 view, nighttime under streetlights. in the distance. single main subject, photorealistic color photo, natural colors, realistic texture, sharp focus on subject, no people, no text, no watermark, no logo, no border, no collage, no CGI, no illustration.","text, watermark, logo, caption, signature, border, frame, collage, multiple panels, cartoon, illustration, CGI, 3d render, low-poly, painting, anime, surreal, deformed, duplicate objects, extra limbs, blurry, out of focus, noise, oversaturated, posterized, artifacts, jpeg artifacts"
8658,ship,fishing boat,docked,a parking lot,front view,foggy morning,clean,a high-quality image,"a high-quality image of a fishing boat ship docked in a parking lot, front view, foggy morning. single main subject, photorealistic color photo, natural colors, realistic texture, sharp focus on subject, no people, no text, no watermark, no logo, no border, no collage, no CGI, no illustration.","text, watermark, logo, caption, signature, border, frame, collage, multiple panels, cartoon, illustration, CGI, 3d render, low-poly, painting, anime, surreal, deformed, duplicate objects, extra limbs, blurry, out of focus, noise, oversaturated, posterized, artifacts, jpeg artifacts"
8899,ship,sailboat,anchored,a city park,close-up,nighttime under streetlights,hard,an ultra-realistic rendering,"an ultra-realistic rendering of a sailboat ship anchored in a city park, close-up, nighttime under streetlights. partially occluded by a foreground object. single main subject, photorealistic color photo, natural colors, realistic texture, sharp focus on subject, no people, no text, no watermark, no logo, no border, no collage, no CGI, no illustration.","text, watermark, logo, caption, signature, border, frame, collage, multiple panels, cartoon, illustration, CGI, 3d render, low-poly, painting, anime, surreal, deformed, duplicate objects, extra limbs, blurry, out of focus, noise, oversaturated, posterized, artifacts, jpeg artifacts"
8701,ship,sailboat,anchored,a suburban neighborhood,high angle,rainy with wet reflections,clean,an ultra-realistic rendering,"an ultra-realistic rendering of a sailboat ship anchored in a suburban neighborhood, high angle, rainy with wet reflections. single main subject, photorealistic color photo, natural colors, realistic texture, sharp focus on subject, no people, no text, no watermark, no logo, no border, no collage, no CGI, no illustration.","text, watermark, logo, caption, signature, border, frame, collage, multiple panels, cartoon, illustration, CGI, 3d render, low-poly, painting, anime, surreal, deformed, duplicate objects, extra limbs, blurry, out of focus, noise, oversaturated, posterized, artifacts, jpeg artifacts"
8944,ship,small motorboat,docked,a grassy field,wide shot,foggy morning,hard,a detailed photograph,"a detailed photograph of a small motorboat ship docked in a grassy field, wide shot, foggy morning. partially occluded by a foreground object. single main subject, photorealistic color photo, natural colors, realistic texture, sharp focus on subject, no people, no text, no watermark, no logo, no border, no collage, no CGI, no illustration.","text, watermark, logo, caption, signature, border, frame, collage, multiple panels, cartoon, illustration, CGI, 3d render, low-poly, painting, anime, surreal, deformed, duplicate objects, extra limbs, blurry, out of focus, noise, oversaturated, posterized, artifacts, jpeg artifacts"
8748,ship,ferry,docked,a city park,close-up,backlit rim light,clean,a detailed photograph,"a detailed photograph of a ferry ship docked in a city park, close-up, backlit rim light. single main subject, photorealistic color photo, natural colors, realistic texture, sharp focus on subject, no people, no text, no watermark, no logo, no border, no collage, no CGI, no illustration.","text, watermark, logo, caption, signature, border, frame, collage, multiple panels, cartoon, illustration, CGI, 3d render, low-poly, painting, anime, surreal, deformed, duplicate objects, extra limbs, blurry, out of focus, noise, oversaturated, posterized, artifacts, jpeg artifacts"
8599,ship,cargo ship,anchored,a sandy beach,low angle,rainy with wet reflections,clean,a high-quality image,"a high-quality image of a cargo ship anchored in a sandy beach, low angle, rainy with wet reflections. single main subject, photorealistic color photo, natural colors, realistic texture, sharp focus on subject, no people, no text, no watermark, no logo, no border, no collage, no CGI, no illustration.","text, watermark, logo, caption, signature, border, frame, collage, multiple panels, cartoon, illustration, CGI, 3d render, low-poly, painting, anime, surreal, deformed, duplicate objects, extra limbs, blurry, out of focus, noise, oversaturated, posterized, artifacts, jpeg artifacts"
8666,ship,fishing boat,docked,a sandy beach,slightly off-center framing,indoor soft window light,clean,a finely detailed photo,"a finely detailed photo of a fishing boat ship docked in a sandy beach, slightly off-center framing, indoor soft window light. single main subject, photorealistic color photo, natural colors, realistic texture, sharp focus on subject, no people, no text, no watermark, no logo, no border, no collage, no CGI, no illustration.","text, watermark, logo, caption, signature, border, frame, collage, multiple panels, cartoon, illustration, CGI, 3d render, low-poly, painting, anime, surreal, deformed, duplicate objects, extra limbs, blurry, out of focus, noise, oversaturated, posterized, artifacts, jpeg artifacts"
8035,ship,small motorboat,seen from a distance,a suburban neighborhood,low angle,sunny afternoon,clean,an ultra-realistic rendering,"an ultra-realistic rendering of a small motorboat ship seen from a distance in a suburban neighborhood, low angle, sunny afternoon. single main subject, photorealistic color photo, natural colors, realistic texture, sharp focus on subject, no people, no text, no watermark, no logo, no border, no collage, no CGI, no illustration.","text, watermark, logo, caption, signature, border, frame, collage, multiple panels, cartoon, illustration, CGI, 3d render, low-poly, painting, anime, surreal, deformed, duplicate objects, extra limbs, blurry, out of focus, noise, oversaturated, posterized, artifacts, jpeg artifacts"
8603,ship,cruise ship,docked,a city park,slightly off-center framing,foggy morning,clean,a professional photo,"a professional photo of a cruise ship docked in a city park, slightly off-center framing, foggy morning. single main subject, photorealistic color photo, natural colors, realistic texture, sharp focus on subject, no people, no text, no watermark, no logo, no border, no collage, no CGI, no illustration.","text, watermark, logo, caption, signature, border, frame, collage, multiple panels, cartoon, illustration, CGI, 3d render, low-poly, painting, anime, surreal, deformed, duplicate objects, extra limbs, blurry, out of focus, noise, oversaturated, posterized, artifacts, jpeg artifacts"
8553,ship,cruise ship,docked,a wet roadway after rain,3/4 view,golden hour,clean,a finely detailed photo,"a finely detailed photo of a cruise ship docked in a wet roadway after rain, 3/4 view, golden hour. single main subject, photorealistic color photo, natural colors, realistic texture, sharp focus on subject, no people, no text, no watermark, no logo, no border, no collage, no CGI, no illustration.","text, watermark, logo, caption, signature, border, frame, collage, multiple panels, cartoon, illustration, CGI, 3d render, low-poly, painting, anime, surreal, deformed, duplicate objects, extra limbs, blurry, out of focus, noise, oversaturated, posterized, artifacts, jpeg artifacts"
8406,ship,ferry,docked,an industrial yard,3/4 view,rainy with wet reflections,clean,a detailed photograph,"a detailed photograph of a ferry ship docked in an industrial yard, 3/4 view, rainy with wet reflections. single main subject, photorealistic color photo, natural colors, realistic texture, sharp focus on subject, no people, no text, no watermark, no logo, no border, no collage, no CGI, no illustration.","text, watermark, logo, caption, signature, border, frame, collage, multiple panels, cartoon, illustration, CGI, 3d render, low-poly, painting, anime, surreal, deformed, duplicate objects, extra limbs, blurry, out of focus, noise, oversaturated, posterized, artifacts, jpeg artifacts"
8629,ship,sailboat,seen from a distance,a forest clearing,low angle,foggy morning,clean,a high-quality image,"a high-quality image of a sailboat ship seen from a distance in a forest clearing, low angle, foggy morning. single main subject, photorealistic color photo, natural colors, realistic texture, sharp focus on subject, no people, no text, no watermark, no logo, no border, no collage, no CGI, no illustration.","text, watermark, logo, caption, signature, border, frame, collage, multiple panels, cartoon, illustration, CGI, 3d render, low-poly, painting, anime, surreal, deformed, duplicate objects, extra limbs, blurry, out of focus, noise, oversaturated, posterized, artifacts, jpeg artifacts"
8182,ship,sailboat,anchored,a lakeside shore,low angle,sunny afternoon,clean,an ultra-realistic rendering,"an ultra-realistic rendering of a sailboat ship anchored in a lakeside shore, low angle, sunny afternoon. single main subject, photorealistic color photo, natural colors, realistic texture, sharp focus on subject, no people, no text, no watermark, no logo, no border, no collage, no CGI, no illustration.","text, watermark, logo, caption, signature, border, frame, collage, multiple panels, cartoon, illustration, CGI, 3d render, low-poly, painting, anime, surreal, deformed, duplicate objects, extra limbs, blurry, out of focus, noise, oversaturated, posterized, artifacts, jpeg artifacts"
8660,ship,small motorboat,moving through water,a quiet residential street,low angle,backlit rim light,clean,a photorealistic color photo,"a photorealistic color photo of a small motorboat ship moving through water in a quiet residential street, low angle, backlit rim light. single main subject, photorealistic color photo, natural colors, realistic texture, sharp focus on subject, no people, no text, no watermark, no logo, no border, no collage, no CGI, no illustration.","text, watermark, logo, caption, signature, border, frame, collage, multiple panels, cartoon, illustration, CGI, 3d render, low-poly, painting, anime, surreal, deformed, duplicate objects, extra limbs, blurry, out of focus, noise, oversaturated, posterized, artifacts, jpeg artifacts"
8096,ship,sailboat,moving through water,a wet roadway after rain,close-up,rainy with wet reflections,clean,a photorealistic color photo,"a photorealistic color photo of a sailboat ship moving through water in a wet roadway after rain, close-up, rainy with wet reflections. single main subject, photorealistic color photo, natural colors, realistic texture, sharp focus on subject, no people, no text, no watermark, no logo, no border, no collage, no CGI, no illustration.","text, watermark, logo, caption, signature, border, frame, collage, multiple panels, cartoon, illustration, CGI, 3d render, low-poly, painting, anime, surreal, deformed, duplicate objects, extra limbs, blurry, out of focus, noise, oversaturated, posterized, artifacts, jpeg artifacts"
8614,ship,cargo ship,moving through water,an urban street,high angle,backlit rim light,clean,a finely detailed photo,"a finely detailed photo of a cargo ship moving through water in an urban street, high angle, backlit rim light. single main subject, photorealistic color photo, natural colors, realistic texture, sharp focus on subject, no people, no text, no watermark, no logo, no border, no collage, no CGI, no illustration.","text, watermark, logo, caption, signature, border, frame, collage, multiple panels, cartoon, illustration, CGI, 3d render, low-poly, painting, anime, surreal, deformed, duplicate objects, extra limbs, blurry, out of focus, noise, oversaturated, posterized, artifacts, jpeg artifacts"
8340,ship,small motorboat,anchored,an urban street,slightly off-center framing,indoor soft window light,clean,a photorealistic color photo,"a photorealistic color photo of a small motorboat ship anchored in an urban street, slightly off-center framing, indoor soft window light. single main subject, photorealistic color photo, natural colors, realistic texture, sharp focus on subject, no people, no text, no watermark, no logo, no border, no collage, no CGI, no illustration.","text, watermark, logo, caption, signature, border, frame, collage, multiple panels, cartoon, illustration, CGI, 3d render, low-poly, painting, anime, surreal, deformed, duplicate objects, extra limbs, blurry, out of focus, noise, oversaturated, posterized, artifacts, jpeg artifacts"
8722,ship,small motorboat,docked,an urban street,front view,foggy morning,clean,a photorealistic color photo,"a photorealistic color photo of a small motorboat ship docked in an urban street, front view, foggy morning. single main subject, photorealistic color photo, natural colors, realistic texture, sharp focus on subject, no people, no text, no watermark, no logo, no border, no collage, no CGI, no illustration.","text, watermark, logo, caption, signature, border, frame, collage, multiple panels, cartoon, illustration, CGI, 3d render, low-poly, painting, anime, surreal, deformed, duplicate objects, extra limbs, blurry, out of focus, noise, oversaturated, posterized, artifacts, jpeg artifacts"
8412,ship,cargo ship,seen from a distance,a gravel lot,front view,rainy with wet reflections,clean,a professional photo,"a professional photo of a cargo ship seen from a distance in a gravel lot, front view, rainy with wet reflections. single main subject, photorealistic color photo, natural colors, realistic texture, sharp focus on subject, no people, no text, no watermark, no logo, no border, no collage, no CGI, no illustration.","text, watermark, logo, caption, signature, border, frame, collage, multiple panels, cartoon, illustration, CGI, 3d render, low-poly, painting, anime, surreal, deformed, duplicate objects, extra limbs, blurry, out of focus, noise, oversaturated, posterized, artifacts, jpeg artifacts"
8973,ship,fishing boat,seen from a distance,a gravel lot,high angle,foggy morning,hard,a detailed photograph,"a detailed photograph of a fishing boat ship seen from a distance in a gravel lot, high angle, foggy morning. busy background but still one main subject. single main subject, photorealistic color photo, natural colors, realistic texture, sharp focus on subject, no people, no text, no watermark, no logo, no border, no collage, no CGI, no illustration.","text, watermark, logo, caption, signature, border, frame, collage, multiple panels, cartoon, illustration, CGI, 3d render, low-poly, painting, anime, surreal, deformed, duplicate objects, extra limbs, blurry, out of focus, noise, oversaturated, posterized, artifacts, jpeg artifacts"
8515,ship,cargo ship,moving through water,an urban street,front view,overcast daylight,clean,a professional photo,"a professional photo of a cargo ship moving through water in an urban street, front view, overcast daylight. single main subject, photorealistic color photo, natural colors, realistic texture, sharp focus on subject, no people, no text, no watermark, no logo, no border, no collage, no CGI, no illustration.","text, watermark, logo, caption, signature, border, frame, collage, multiple panels, cartoon, illustration, CGI, 3d render, low-poly, painting, anime, surreal, deformed, duplicate objects, extra limbs, blurry, out of focus, noise, oversaturated, posterized, artifacts, jpeg artifacts"
8034,ship,sailboat,seen from a distance,an urban street,wide shot,overcast daylight,clean,a finely detailed photo,"a finely detailed photo of a sailboat ship seen from a distance in an urban street, wide shot, overcast daylight. single main subject, photorealistic color photo, natural colors, realistic texture, sharp focus on subject, no people, no text, no watermark, no logo, no border, no collage, no CGI, no illustration.","text, watermark, logo, caption, signature, border, frame, collage, multiple panels, cartoon, illustration, CGI, 3d render, low-poly, painting, anime, surreal, deformed, duplicate objects, extra limbs, blurry, out of focus, noise, oversaturated, posterized, artifacts, jpeg artifacts"
8008,ship,cargo ship,seen from a distance,a parking lot,side profile,nighttime under streetlights,clean,a finely detailed photo,"a finely detailed photo of a cargo ship seen from a distance in a parking lot, side profile, nighttime under streetlights. single main subject, photorealistic color photo, natural colors, realistic texture, sharp focus on subject, no people, no text, no watermark, no logo, no border, no collage, no CGI, no illustration.","text, watermark, logo, caption, signature, border, frame, collage, multiple panels, cartoon, illustration, CGI, 3d render, low-poly, painting, anime, surreal, deformed, duplicate objects, extra limbs, blurry, out of focus, noise, oversaturated, posterized, artifacts, jpeg artifacts"
8188,ship,ferry,seen from a distance,a countryside road,side profile,indoor soft window light,clean,a photorealistic color photo,"a photorealistic color photo of a ferry ship seen from a distance in a countryside road, side profile, indoor soft window light. single main subject, photorealistic color photo, natural colors, realistic texture, sharp focus on subject, no people, no text, no watermark, no logo, no border, no collage, no CGI, no illustration.","text, watermark, logo, caption, signature, border, frame, collage, multiple panels, cartoon, illustration, CGI, 3d render, low-poly, painting, anime, surreal, deformed, duplicate objects, extra limbs, blurry, out of focus, noise, oversaturated, posterized, artifacts, jpeg artifacts"
8616,ship,fishing boat,seen from a distance,a backyard,low angle,foggy morning,clean,a photorealistic color photo,"a photorealistic color photo of a fishing boat ship seen from a distance in a backyard, low angle, foggy morning. single main subject, photorealistic color photo, natural colors, realistic texture, sharp focus on subject, no people, no text, no watermark, no logo, no border, no collage, no CGI, no illustration.","text, watermark, logo, caption, signature, border, frame, collage, multiple panels, cartoon, illustration, CGI, 3d render, low-poly, painting, anime, surreal, deformed, duplicate objects, extra limbs, blurry, out of focus, noise, oversaturated, posterized, artifacts, jpeg artifacts"
8527,ship,cargo ship,seen from a distance,a sandy beach,3/4 view,nighttime under streetlights,clean,a photorealistic color photo,"a photorealistic color photo of a cargo ship seen from a distance in a sandy beach, 3/4 view, nighttime under streetlights. single main subject, photorealistic color photo, natural colors, realistic texture, sharp focus on subject, no people, no text, no watermark, no logo, no border, no collage, no CGI, no illustration.","text, watermark, logo, caption, signature, border, frame, collage, multiple panels, cartoon, illustration, CGI, 3d render, low-poly, painting, anime, surreal, deformed, duplicate objects, extra limbs, blurry, out of focus, noise, oversaturated, posterized, artifacts, jpeg artifacts"
8570,ship,cruise ship,seen from a distance,a gravel lot,slightly off-center framing,sunny afternoon,clean,a detailed photograph,"a detailed photograph of a cruise ship seen from a distance in a gravel lot, slightly off-center framing, sunny afternoon. single main subject, photorealistic color photo, natural colors, realistic texture, sharp focus on subject, no people, no text, no watermark, no logo, no border, no collage, no CGI, no illustration.","text, watermark, logo, caption, signature, border, frame, collage, multiple panels, cartoon, illustration, CGI, 3d render, low-poly, painting, anime, surreal, deformed, duplicate objects, extra limbs, blurry, out of focus, noise, oversaturated, posterized, artifacts, jpeg artifacts"
8805,ship,cargo ship,moving through water,a parking lot,close-up,overcast daylight,hard,a high-quality image,"a high-quality image of a cargo ship moving through water in a parking lot, close-up, overcast daylight. busy background but still one main subject. single main subject, photorealistic color photo, natural colors, realistic texture, sharp focus on subject, no people, no text, no watermark, no logo, no border, no collage, no CGI, no illustration.","text, watermark, logo, caption, signature, border, frame, collage, multiple panels, cartoon, illustration, CGI, 3d render, low-poly, painting, anime, surreal, deformed, duplicate objects, extra limbs, blurry, out of focus, noise, oversaturated, posterized, artifacts, jpeg artifacts"
8253,ship,fishing boat,seen from a distance,a city park,3/4 view,overcast daylight,clean,a high-quality image,"a high-quality image of a fishing boat ship seen from a distance in a city park, 3/4 view, overcast daylight. single main subject, photorealistic color photo, natural colors, realistic texture, sharp focus on subject, no people, no text, no watermark, no logo, no border, no collage, no CGI, no illustration.","text, watermark, logo, caption, signature, border, frame, collage, multiple panels, cartoon, illustration, CGI, 3d render, low-poly, painting, anime, surreal, deformed, duplicate objects, extra limbs, blurry, out of focus, noise, oversaturated, posterized, artifacts, jpeg artifacts"
8434,ship,fishing boat,anchored,a grassy field,low angle,foggy morning,clean,a professional photo,"a professional photo of a fishing boat ship anchored in a grassy field, low angle, foggy morning. single main subject, photorealistic color photo, natural colors, realistic texture, sharp focus on subject, no people, no text, no watermark, no logo, no border, no collage, no CGI, no illustration.","text, watermark, logo, caption, signature, border, frame, collage, multiple panels, cartoon, illustration, CGI, 3d render, low-poly, painting, anime, surreal, deformed, duplicate objects, extra limbs, blurry, out of focus, noise, oversaturated, posterized, artifacts, jpeg artifacts"
8499,ship,cargo ship,moving through water,an industrial yard,close-up,golden hour,clean,a finely detailed photo,"a finely detailed photo of a cargo ship moving through water in an industrial yard, close-up, golden hour. single main subject, photorealistic color photo, natural colors, realistic texture, sharp focus on subject, no people, no text, no watermark, no logo, no border, no collage, no CGI, no illustration.","text, watermark, logo, caption, signature, border, frame, collage, multiple panels, cartoon, illustration, CGI, 3d render, low-poly, painting, anime, surreal, deformed, duplicate objects, extra limbs, blurry, out of focus, noise, oversaturated, posterized, artifacts, jpeg artifacts"
8712,ship,small motorboat,docked,a sandy beach,high angle,backlit rim light,clean,an ultra-realistic rendering,"an ultra-realistic rendering of a small motorboat ship docked in a sandy beach, high angle, backlit rim light. single main subject, photorealistic color photo, natural colors, realistic texture, sharp focus on subject, no people, no text, no watermark, no logo, no border, no collage, no CGI, no illustration.","text, watermark, logo, caption, signature, border, frame, collage, multiple panels, cartoon, illustration, CGI, 3d render, low-poly, painting, anime, surreal, deformed, duplicate objects, extra limbs, blurry, out of focus, noise, oversaturated, posterized, artifacts, jpeg artifacts"
8313,ship,cruise ship,anchored,a wet roadway after rain,front view,overcast daylight,clean,a finely detailed photo,"a finely detailed photo of a cruise ship anchored in a wet roadway after rain, front view, overcast daylight. single main subject, photorealistic color photo, natural colors, realistic texture, sharp focus on subject, no people, no text, no watermark, no logo, no border, no collage, no CGI, no illustration.","text, watermark, logo, caption, signature, border, frame, collage, multiple panels, cartoon, illustration, CGI, 3d render, low-poly, painting, anime, surreal, deformed, duplicate objects, extra limbs, blurry, out of focus, noise, oversaturated, posterized, artifacts, jpeg artifacts"
8925,ship,cargo ship,anchored,an industrial yard,slightly off-center framing,golden hour,hard,a detailed photograph,"a detailed photograph of a cargo ship anchored in an industrial yard, slightly off-center framing, golden hour. in the distance. single main subject, photorealistic color photo, natural colors, realistic texture, sharp focus on subject, no people, no text, no watermark, no logo, no border, no collage, no CGI, no illustration.","text, watermark, logo, caption, signature, border, frame, collage, multiple panels, cartoon, illustration, CGI, 3d render, low-poly, painting, anime, surreal, deformed, duplicate objects, extra limbs, blurry, out of focus, noise, oversaturated, posterized, artifacts, jpeg artifacts"
8509,ship,small motorboat,moving through water,an urban street,3/4 view,sunny afternoon,clean,a professional photo,"a professional photo of a small motorboat ship moving through water in an urban street, 3/4 view, sunny afternoon. single main subject, photorealistic color photo, natural colors, realistic texture, sharp focus on subject, no people, no text, no watermark, no logo, no border, no collage, no CGI, no illustration.","text, watermark, logo, caption, signature, border, frame, collage, multiple panels, cartoon, illustration, CGI, 3d render, low-poly, painting, anime, surreal, deformed, duplicate objects, extra limbs, blurry, out of focus, noise, oversaturated, posterized, artifacts, jpeg artifacts"
8138,ship,ferry,seen from a distance,an industrial yard,wide shot,nighttime under streetlights,clean,a detailed photograph,"a detailed photograph of a ferry ship seen from a distance in an industrial yard, wide shot, nighttime under streetlights. single main subject, photorealistic color photo, natural colors, realistic texture, sharp focus on subject, no people, no text, no watermark, no logo, no border, no collage, no CGI, no illustration.","text, watermark, logo, caption, signature, border, frame, collage, multiple panels, cartoon, illustration, CGI, 3d render, low-poly, painting, anime, surreal, deformed, duplicate objects, extra limbs, blurry, out of focus, noise, oversaturated, posterized, artifacts, jpeg artifacts"
8500,ship,small motorboat,moving through water,a quiet residential street,high angle,backlit rim light,clean,a professional photo,"a professional photo of a small motorboat ship moving through water in a quiet residential street, high angle, backlit rim light. single main subject, photorealistic color photo, natural colors, realistic texture, sharp focus on subject, no people, no text, no watermark, no logo, no border, no collage, no CGI, no illustration.","text, watermark, logo, caption, signature, border, frame, collage, multiple panels, cartoon, illustration, CGI, 3d render, low-poly, painting, anime, surreal, deformed, duplicate objects, extra limbs, blurry, out of focus, noise, oversaturated, posterized, artifacts, jpeg artifacts"
8246,ship,ferry,docked,a backyard,high angle,nighttime under streetlights,clean,an ultra-realistic rendering,"an ultra-realistic rendering of a ferry ship docked in a backyard, high angle, nighttime under streetlights. single main subject, photorealistic color photo, natural colors, realistic texture, sharp focus on subject, no people, no text, no watermark, no logo, no border, no collage, no CGI, no illustration.","text, watermark, logo, caption, signature, border, frame, collage, multiple panels, cartoon, illustration, CGI, 3d render, low-poly, painting, anime, surreal, deformed, duplicate objects, extra limbs, blurry, out of focus, noise, oversaturated, posterized, artifacts, jpeg artifacts"
8826,ship,sailboat,moving through water,an industrial yard,low angle,sunny afternoon,hard,a detailed photograph,"a detailed photograph of a sailboat ship moving through water in an industrial yard, low angle, sunny afternoon. slight motion blur. single main subject, photorealistic color photo, natural colors, realistic texture, sharp focus on subject, no people, no text, no watermark, no logo, no border, no collage, no CGI, no illustration.","text, watermark, logo, caption, signature, border, frame, collage, multiple panels, cartoon, illustration, CGI, 3d render, low-poly, painting, anime, surreal, deformed, duplicate objects, extra limbs, blurry, out of focus, noise, oversaturated, posterized, artifacts, jpeg artifacts"
8451,ship,cruise ship,docked,a city park,high angle,backlit rim light,clean,a professional photo,"a professional photo of a cruise ship docked in a city park, high angle, backlit rim light. single main subject, photorealistic color photo, natural colors, realistic texture, sharp focus on subject, no people, no text, no watermark, no logo, no border, no collage, no CGI, no illustration.","text, watermark, logo, caption, signature, border, frame, collage, multiple panels, cartoon, illustration, CGI, 3d render, low-poly, painting, anime, surreal, deformed, duplicate objects, extra limbs, blurry, out of focus, noise, oversaturated, posterized, artifacts, jpeg artifacts"
8954,ship,fishing boat,moving through water,a parking lot,slightly off-center framing,sunny afternoon,hard,a high-quality image,"a high-quality image of a fishing boat ship moving through water in a parking lot, slightly off-center framing, sunny afternoon. partially occluded by a foreground object. single main subject, photorealistic color photo, natural colors, realistic texture, sharp focus on subject, no people, no text, no watermark, no logo, no border, no collage, no CGI, no illustration.","text, watermark, logo, caption, signature, border, frame, collage, multiple panels, cartoon, illustration, CGI, 3d render, low-poly, painting, anime, surreal, deformed, duplicate objects, extra limbs, blurry, out of focus, noise, oversaturated, posterized, artifacts, jpeg artifacts"
8187,ship,small motorboat,docked,a forest clearing,wide shot,sunny afternoon,clean,a detailed photograph,"a detailed photograph of a small motorboat ship docked in a forest clearing, wide shot, sunny afternoon. single main subject, photorealistic color photo, natural colors, realistic texture, sharp focus on subject, no people, no text, no watermark, no logo, no border, no collage, no CGI, no illustration.","text, watermark, logo, caption, signature, border, frame, collage, multiple panels, cartoon, illustration, CGI, 3d render, low-poly, painting, anime, surreal, deformed, duplicate objects, extra limbs, blurry, out of focus, noise, oversaturated, posterized, artifacts, jpeg artifacts"
8830,ship,ferry,anchored,a forest clearing,distant subject in the background,nighttime under streetlights,hard,a photorealistic color photo,"a photorealistic color photo of a ferry ship anchored in a forest clearing, distant subject in the background, nighttime under streetlights. slight motion blur. single main subject, photorealistic color photo, natural colors, realistic texture, sharp focus on subject, no people, no text, no watermark, no logo, no border, no collage, no CGI, no illustration.","text, watermark, logo, caption, signature, border, frame, collage, multiple panels, cartoon, illustration, CGI, 3d render, low-poly, painting, anime, surreal, deformed, duplicate objects, extra limbs, blurry, out of focus, noise, oversaturated, posterized, artifacts, jpeg artifacts"
8146,ship,cargo ship,moving through water,a quiet residential street,front view,rainy with wet reflections,clean,a high-quality image,"a high-quality image of a cargo ship moving through water in a quiet residential street, front view, rainy with wet reflections. single main subject, photorealistic color photo, natural colors, realistic texture, sharp focus on subject, no people, no text, no watermark, no logo, no border, no collage, no CGI, no illustration.","text, watermark, logo, caption, signature, border, frame, collage, multiple panels, cartoon, illustration, CGI, 3d render, low-poly, painting, anime, surreal, deformed, duplicate objects, extra limbs, blurry, out of focus, noise, oversaturated, posterized, artifacts, jpeg artifacts"
8786,ship,small motorboat,anchored,a forest clearing,wide shot,indoor soft window light,clean,a photorealistic color photo,"a photorealistic color photo of a small motorboat ship anchored in a forest clearing, wide shot, indoor soft window light. single main subject, photorealistic color photo, natural colors, realistic texture, sharp focus on subject, no people, no text, no watermark, no logo, no border, no collage, no CGI, no illustration.","text, watermark, logo, caption, signature, border, frame, collage, multiple panels, cartoon, illustration, CGI, 3d render, low-poly, painting, anime, surreal, deformed, duplicate objects, extra limbs, blurry, out of focus, noise, oversaturated, posterized, artifacts, jpeg artifacts"
8293,ship,sailboat,seen from a distance,an urban street,3/4 view,indoor soft window light,clean,a high-quality image,"a high-quality image of a sailboat ship seen from a distance in an urban street, 3/4 view, indoor soft window light. single main subject, photorealistic color photo, natural colors, realistic texture, sharp focus on subject, no people, no text, no watermark, no logo, no border, no collage, no CGI, no illustration.","text, watermark, logo, caption, signature, border, frame, collage, multiple panels, cartoon, illustration, CGI, 3d render, low-poly, painting, anime, surreal, deformed, duplicate objects, extra limbs, blurry, out of focus, noise, oversaturated, posterized, artifacts, jpeg artifacts"
8453,ship,sailboat,moving through water,a backyard,front view,indoor soft window light,clean,a professional photo,"a professional photo of a sailboat ship moving through water in a backyard, front view, indoor soft window light. single main subject, photorealistic color photo, natural colors, realistic texture, sharp focus on subject, no people, no text, no watermark, no logo, no border, no collage, no CGI, no illustration.","text, watermark, logo, caption, signature, border, frame, collage, multiple panels, cartoon, illustration, CGI, 3d render, low-poly, painting, anime, surreal, deformed, duplicate objects, extra limbs, blurry, out of focus, noise, oversaturated, posterized, artifacts, jpeg artifacts"
8446,ship,cruise ship,docked,a wet roadway after rain,wide shot,golden hour,clean,a professional photo,"a professional photo of a cruise ship docked in a wet roadway after rain, wide shot, golden hour. single main subject, photorealistic color photo, natural colors, realistic texture, sharp focus on subject, no people, no text, no watermark, no logo, no border, no collage, no CGI, no illustration.","text, watermark, logo, caption, signature, border, frame, collage, multiple panels, cartoon, illustration, CGI, 3d render, low-poly, painting, anime, surreal, deformed, duplicate objects, extra limbs, blurry, out of focus, noise, oversaturated, posterized, artifacts, jpeg artifacts"
8242,ship,small motorboat,seen from a distance,a suburban neighborhood,wide shot,rainy with wet reflections,clean,a finely detailed photo,"a finely detailed photo of a small motorboat ship seen from a distance in a suburban neighborhood, wide shot, rainy with wet reflections. single main subject, photorealistic color photo, natural colors, realistic texture, sharp focus on subject, no people, no text, no watermark, no logo, no border, no collage, no CGI, no illustration.","text, watermark, logo, caption, signature, border, frame, collage, multiple panels, cartoon, illustration, CGI, 3d render, low-poly, painting, anime, surreal, deformed, duplicate objects, extra limbs, blurry, out of focus, noise, oversaturated, posterized, artifacts, jpeg artifacts"
8385,ship,sailboat,moving through water,a parking lot,wide shot,indoor soft window light,clean,a high-quality image,"a high-quality image of a sailboat ship moving through water in a parking lot, wide shot, indoor soft window light. single main subject, photorealistic color photo, natural colors, realistic texture, sharp focus on subject, no people, no text, no watermark, no logo, no border, no collage, no CGI, no illustration.","text, watermark, logo, caption, signature, border, frame, collage, multiple panels, cartoon, illustration, CGI, 3d render, low-poly, painting, anime, surreal, deformed, duplicate objects, extra limbs, blurry, out of focus, noise, oversaturated, posterized, artifacts, jpeg artifacts"
8274,ship,sailboat,seen from a distance,a gravel lot,close-up,overcast daylight,clean,an ultra-realistic rendering,"an ultra-realistic rendering of a sailboat ship seen from a distance in a gravel lot, close-up, overcast daylight. single main subject, photorealistic color photo, natural colors, realistic texture, sharp focus on subject, no people, no text, no watermark, no logo, no border, no collage, no CGI, no illustration.","text, watermark, logo, caption, signature, border, frame, collage, multiple panels, cartoon, illustration, CGI, 3d render, low-poly, painting, anime, surreal, deformed, duplicate objects, extra limbs, blurry, out of focus, noise, oversaturated, posterized, artifacts, jpeg artifacts"
8126,ship,fishing boat,seen from a distance,a wet roadway after rain,high angle,golden hour,clean,an ultra-realistic rendering,"an ultra-realistic rendering of a fishing boat ship seen from a distance in a wet roadway after rain, high angle, golden hour. single main subject, photorealistic color photo, natural colors, realistic texture, sharp focus on subject, no people, no text, no watermark, no logo, no border, no collage, no CGI, no illustration.","text, watermark, logo, caption, signature, border, frame, collage, multiple panels, cartoon, illustration, CGI, 3d render, low-poly, painting, anime, surreal, deformed, duplicate objects, extra limbs, blurry, out of focus, noise, oversaturated, posterized, artifacts, jpeg artifacts"
8358,ship,fishing boat,anchored,a sandy beach,front view,nighttime under streetlights,clean,a high-quality image,"a high-quality image of a fishing boat ship anchored in a sandy beach, front view, nighttime under streetlights. single main subject, photorealistic color photo, natural colors, realistic texture, sharp focus on subject, no people, no text, no watermark, no logo, no border, no collage, no CGI, no illustration.","text, watermark, logo, caption, signature, border, frame, collage, multiple panels, cartoon, illustration, CGI, 3d render, low-poly, painting, anime, surreal, deformed, duplicate objects, extra limbs, blurry, out of focus, noise, oversaturated, posterized, artifacts, jpeg artifacts"
8504,ship,small motorboat,docked,a suburban neighborhood,front view,nighttime under streetlights,clean,an ultra-realistic rendering,"an ultra-realistic rendering of a small motorboat ship docked in a suburban neighborhood, front view, nighttime under streetlights. single main subject, photorealistic color photo, natural colors, realistic texture, sharp focus on subject, no people, no text, no watermark, no logo, no border, no collage, no CGI, no illustration.","text, watermark, logo, caption, signature, border, frame, collage, multiple panels, cartoon, illustration, CGI, 3d render, low-poly, painting, anime, surreal, deformed, duplicate objects, extra limbs, blurry, out of focus, noise, oversaturated, posterized, artifacts, jpeg artifacts"
8302,ship,cruise ship,anchored,a parking lot,side profile,backlit rim light,clean,a photorealistic color photo,"a photorealistic color photo of a cruise ship anchored in a parking lot, side profile, backlit rim light. single main subject, photorealistic color photo, natural colors, realistic texture, sharp focus on subject, no people, no text, no watermark, no logo, no border, no collage, no CGI, no illustration.","text, watermark, logo, caption, signature, border, frame, collage, multiple panels, cartoon, illustration, CGI, 3d render, low-poly, painting, anime, surreal, deformed, duplicate objects, extra limbs, blurry, out of focus, noise, oversaturated, posterized, artifacts, jpeg artifacts"
8636,ship,cargo ship,docked,a grassy field,front view,golden hour,clean,a photorealistic color photo,"a photorealistic color photo of a cargo ship docked in a grassy field, front view, golden hour. single main subject, photorealistic color photo, natural colors, realistic texture, sharp focus on subject, no people, no text, no watermark, no logo, no border, no collage, no CGI, no illustration.","text, watermark, logo, caption, signature, border, frame, collage, multiple panels, cartoon, illustration, CGI, 3d render, low-poly, painting, anime, surreal, deformed, duplicate objects, extra limbs, blurry, out of focus, noise, oversaturated, posterized, artifacts, jpeg artifacts"
8204,ship,cargo ship,seen from a distance,a quiet residential street,low angle,sunny afternoon,clean,a high-quality image,"a high-quality image of a cargo ship seen from a distance in a quiet residential street, low angle, sunny afternoon. single main subject, photorealistic color photo, natural colors, realistic texture, sharp focus on subject, no people, no text, no watermark, no logo, no border, no collage, no CGI, no illustration.","text, watermark, logo, caption, signature, border, frame, collage, multiple panels, cartoon, illustration, CGI, 3d render, low-poly, painting, anime, surreal, deformed, duplicate objects, extra limbs, blurry, out of focus, noise, oversaturated, posterized, artifacts, jpeg artifacts"
8765,ship,sailboat,anchored,a lakeside shore,slightly off-center framing,foggy morning,clean,a finely detailed photo,"a finely detailed photo of a sailboat ship anchored in a lakeside shore, slightly off-center framing, foggy morning. single main subject, photorealistic color photo, natural colors, realistic texture, sharp focus on subject, no people, no text, no watermark, no logo, no border, no collage, no CGI, no illustration.","text, watermark, logo, caption, signature, border, frame, collage, multiple panels, cartoon, illustration, CGI, 3d render, low-poly, painting, anime, surreal, deformed, duplicate objects, extra limbs, blurry, out of focus, noise, oversaturated, posterized, artifacts, jpeg artifacts"
8437,ship,cruise ship,docked,a sandy beach,3/4 view,sunny afternoon,clean,a high-quality image,"a high-quality image of a cruise ship docked in a sandy beach, 3/4 view, sunny afternoon. single main subject, photorealistic color photo, natural colors, realistic texture, sharp focus on subject, no people, no text, no watermark, no logo, no border, no collage, no CGI, no illustration.","text, watermark, logo, caption, signature, border, frame, collage, multiple panels, cartoon, illustration, CGI, 3d render, low-poly, painting, anime, surreal, deformed, duplicate objects, extra limbs, blurry, out of focus, noise, oversaturated, posterized, artifacts, jpeg artifacts"
8526,ship,cruise ship,anchored,a countryside road,side profile,overcast daylight,clean,a finely detailed photo,"a finely detailed photo of a cruise ship anchored in a countryside road, side profile, overcast daylight. single main subject, photorealistic color photo, natural colors, realistic texture, sharp focus on subject, no people, no text, no watermark, no logo, no border, no collage, no CGI, no illustration.","text, watermark, logo, caption, signature, border, frame, collage, multiple panels, cartoon, illustration, CGI, 3d render, low-poly, painting, anime, surreal, deformed, duplicate objects, extra limbs, blurry, out of focus, noise, oversaturated, posterized, artifacts, jpeg artifacts"
8155,ship,fishing boat,moving through water,a lakeside shore,slightly off-center framing,nighttime under streetlights,clean,an ultra-realistic rendering,"an ultra-realistic rendering of a fishing boat ship moving through water in a lakeside shore, slightly off-center framing, nighttime under streetlights. single main subject, photorealistic color photo, natural colors, realistic texture, sharp focus on subject, no people, no text, no watermark, no logo, no border, no collage, no CGI, no illustration.","text, watermark, logo, caption, signature, border, frame, collage, multiple panels, cartoon, illustration, CGI, 3d render, low-poly, painting, anime, surreal, deformed, duplicate objects, extra limbs, blurry, out of focus, noise, oversaturated, posterized, artifacts, jpeg artifacts"
8883,ship,ferry,seen from a distance,a lakeside shore,close-up,overcast daylight,hard,a professional photo,"a professional photo of a ferry ship seen from a distance in a lakeside shore, close-up, overcast daylight. busy background but still one main subject. single main subject, photorealistic color photo, natural colors, realistic texture, sharp focus on subject, no people, no text, no watermark, no logo, no border, no collage, no CGI, no illustration.","text, watermark, logo, caption, signature, border, frame, collage, multiple panels, cartoon, illustration, CGI, 3d render, low-poly, painting, anime, surreal, deformed, duplicate objects, extra limbs, blurry, out of focus, noise, oversaturated, posterized, artifacts, jpeg artifacts"
8270,ship,cruise ship,seen from a distance,an industrial yard,slightly off-center framing,nighttime under streetlights,clean,a professional photo,"a professional photo of a cruise ship seen from a distance in an industrial yard, slightly off-center framing, nighttime under streetlights. single main subject, photorealistic color photo, natural colors, realistic texture, sharp focus on subject, no people, no text, no watermark, no logo, no border, no collage, no CGI, no illustration.","text, watermark, logo, caption, signature, border, frame, collage, multiple panels, cartoon, illustration, CGI, 3d render, low-poly, painting, anime, surreal, deformed, duplicate objects, extra limbs, blurry, out of focus, noise, oversaturated, posterized, artifacts, jpeg artifacts"
8827,ship,sailboat,moving through water,a gravel lot,cropped at the edge of the frame,indoor soft window light,hard,a high-quality image,"a high-quality image of a sailboat ship moving through water in a gravel lot, cropped at the edge of the frame, indoor soft window light. slight motion blur. single main subject, photorealistic color photo, natural colors, realistic texture, sharp focus on subject, no people, no text, no watermark, no logo, no border, no collage, no CGI, no illustration.","text, watermark, logo, caption, signature, border, frame, collage, multiple panels, cartoon, illustration, CGI, 3d render, low-poly, painting, anime, surreal, deformed, duplicate objects, extra limbs, blurry, out of focus, noise, oversaturated, posterized, artifacts, jpeg artifacts"
8950,ship,cruise ship,docked,a lakeside shore,wide shot,indoor soft window light,hard,a high-quality image,"a high-quality image of a cruise ship docked in a lakeside shore, wide shot, indoor soft window light. in the distance. single main subject, photorealistic color photo, natural colors, realistic texture, sharp focus on subject, no people, no text, no watermark, no logo, no border, no collage, no CGI, no illustration.","text, watermark, logo, caption, signature, border, frame, collage, multiple panels, cartoon, illustration, CGI, 3d render, low-poly, painting, anime, surreal, deformed, duplicate objects, extra limbs, blurry, out of focus, noise, oversaturated, posterized, artifacts, jpeg artifacts"
8912,ship,cargo ship,moving through water,a sandy beach,side profile,overcast daylight,hard,a finely detailed photo,"a finely detailed photo of a cargo ship moving through water in a sandy beach, side profile, overcast daylight. slight motion blur. single main subject, photorealistic color photo, natural colors, realistic texture, sharp focus on subject, no people, no text, no watermark, no logo, no border, no collage, no CGI, no illustration.","text, watermark, logo, caption, signature, border, frame, collage, multiple panels, cartoon, illustration, CGI, 3d render, low-poly, painting, anime, surreal, deformed, duplicate objects, extra limbs, blurry, out of focus, noise, oversaturated, posterized, artifacts, jpeg artifacts"
8037,ship,fishing boat,docked,a city park,slightly off-center framing,backlit rim light,clean,a photorealistic color photo,"a photorealistic color photo of a fishing boat ship docked in a city park, slightly off-center framing, backlit rim light. single main subject, photorealistic color photo, natural colors, realistic texture, sharp focus on subject, no people, no text, no watermark, no logo, no border, no collage, no CGI, no illustration.","text, watermark, logo, caption, signature, border, frame, collage, multiple panels, cartoon, illustration, CGI, 3d render, low-poly, painting, anime, surreal, deformed, duplicate objects, extra limbs, blurry, out of focus, noise, oversaturated, posterized, artifacts, jpeg artifacts"
8897,ship,sailboat,docked,a sandy beach,distant subject in the background,rainy with wet reflections,hard,a professional photo,"a professional photo of a sailboat ship docked in a sandy beach, distant subject in the background, rainy with wet reflections. partially occluded by a foreground object. single main subject, photorealistic color photo, natural colors, realistic texture, sharp focus on subject, no people, no text, no watermark, no logo, no border, no collage, no CGI, no illustration.","text, watermark, logo, caption, signature, border, frame, collage, multiple panels, cartoon, illustration, CGI, 3d render, low-poly, painting, anime, surreal, deformed, duplicate objects, extra limbs, blurry, out of focus, noise, oversaturated, posterized, artifacts, jpeg artifacts"
8318,ship,small motorboat,seen from a distance,an industrial yard,3/4 view,indoor soft window light,clean,a detailed photograph,"a detailed photograph of a small motorboat ship seen from a distance in an industrial yard, 3/4 view, indoor soft window light. single main subject, photorealistic color photo, natural colors, realistic texture, sharp focus on subject, no people, no text, no watermark, no logo, no border, no collage, no CGI, no illustration.","text, watermark, logo, caption, signature, border, frame, collage, multiple panels, cartoon, illustration, CGI, 3d render, low-poly, painting, anime, surreal, deformed, duplicate objects, extra limbs, blurry, out of focus, noise, oversaturated, posterized, artifacts, jpeg artifacts"
8936,ship,ferry,anchored,a countryside road,low angle,foggy morning,hard,a photorealistic color photo,"a photorealistic color photo of a ferry ship anchored in a countryside road, low angle, foggy morning. in the distance. single main subject, photorealistic color photo, natural colors, realistic texture, sharp focus on subject, no people, no text, no watermark, no logo, no border, no collage, no CGI, no illustration.","text, watermark, logo, caption, signature, border, frame, collage, multiple panels, cartoon, illustration, CGI, 3d render, low-poly, painting, anime, surreal, deformed, duplicate objects, extra limbs, blurry, out of focus, noise, oversaturated, posterized, artifacts, jpeg artifacts"
8317,ship,small motorboat,docked,a wet roadway after rain,close-up,indoor soft window light,clean,a photorealistic color photo,"a photorealistic color photo of a small motorboat ship docked in a wet roadway after rain, close-up, indoor soft window light. single main subject, photorealistic color photo, natural colors, realistic texture, sharp focus on subject, no people, no text, no watermark, no logo, no border, no collage, no CGI, no illustration.","text, watermark, logo, caption, signature, border, frame, collage, multiple panels, cartoon, illustration, CGI, 3d render, low-poly, painting, anime, surreal, deformed, duplicate objects, extra limbs, blurry, out of focus, noise, oversaturated, posterized, artifacts, jpeg artifacts"
8140,ship,ferry,moving through water,an industrial yard,wide shot,sunny afternoon,clean,a detailed photograph,"a detailed photograph of a ferry ship moving through water in an industrial yard, wide shot, sunny afternoon. single main subject, photorealistic color photo, natural colors, realistic texture, sharp focus on subject, no people, no text, no watermark, no logo, no border, no collage, no CGI, no illustration.","text, watermark, logo, caption, signature, border, frame, collage, multiple panels, cartoon, illustration, CGI, 3d render, low-poly, painting, anime, surreal, deformed, duplicate objects, extra limbs, blurry, out of focus, noise, oversaturated, posterized, artifacts, jpeg artifacts"
8067,ship,small motorboat,docked,a city park,3/4 view,nighttime under streetlights,clean,a professional photo,"a professional photo of a small motorboat ship docked in a city park, 3/4 view, nighttime under streetlights. single main subject, photorealistic color photo, natural colors, realistic texture, sharp focus on subject, no people, no text, no watermark, no logo, no border, no collage, no CGI, no illustration.","text, watermark, logo, caption, signature, border, frame, collage, multiple panels, cartoon, illustration, CGI, 3d render, low-poly, painting, anime, surreal, deformed, duplicate objects, extra limbs, blurry, out of focus, noise, oversaturated, posterized, artifacts, jpeg artifacts"
8342,ship,ferry,anchored,a backyard,3/4 view,backlit rim light,clean,a high-quality image,"a high-quality image of a ferry ship anchored in a backyard, 3/4 view, backlit rim light. single main subject, photorealistic color photo, natural colors, realistic texture, sharp focus on subject, no people, no text, no watermark, no logo, no border, no collage, no CGI, no illustration.","text, watermark, logo, caption, signature, border, frame, collage, multiple panels, cartoon, illustration, CGI, 3d render, low-poly, painting, anime, surreal, deformed, duplicate objects, extra limbs, blurry, out of focus, noise, oversaturated, posterized, artifacts, jpeg artifacts"
8189,ship,sailboat,docked,an urban street,slightly off-center framing,sunny afternoon,clean,an ultra-realistic rendering,"an ultra-realistic rendering of a sailboat ship docked in an urban street, slightly off-center framing, sunny afternoon. single main subject, photorealistic color photo, natural colors, realistic texture, sharp focus on subject, no people, no text, no watermark, no logo, no border, no collage, no CGI, no illustration.","text, watermark, logo, caption, signature, border, frame, collage, multiple panels, cartoon, illustration, CGI, 3d render, low-poly, painting, anime, surreal, deformed, duplicate objects, extra limbs, blurry, out of focus, noise, oversaturated, posterized, artifacts, jpeg artifacts"
8176,ship,small motorboat,docked,a sandy beach,front view,nighttime under streetlights,clean,a high-quality image,"a high-quality image of a small motorboat ship docked in a sandy beach, front view, nighttime under streetlights. single main subject, photorealistic color photo, natural colors, realistic texture, sharp focus on subject, no people, no text, no watermark, no logo, no border, no collage, no CGI, no illustration.","text, watermark, logo, caption, signature, border, frame, collage, multiple panels, cartoon, illustration, CGI, 3d render, low-poly, painting, anime, surreal, deformed, duplicate objects, extra limbs, blurry, out of focus, noise, oversaturated, posterized, artifacts, jpeg artifacts"
8056,ship,small motorboat,moving through water,a forest clearing,side profile,indoor soft window light,clean,a high-quality image,"a high-quality image of a small motorboat ship moving through water in a forest clearing, side profile, indoor soft window light. single main subject, photorealistic color photo, natural colors, realistic texture, sharp focus on subject, no people, no text, no watermark, no logo, no border, no collage, no CGI, no illustration.","text, watermark, logo, caption, signature, border, frame, collage, multiple panels, cartoon, illustration, CGI, 3d render, low-poly, painting, anime, surreal, deformed, duplicate objects, extra limbs, blurry, out of focus, noise, oversaturated, posterized, artifacts, jpeg artifacts"
8601,ship,cargo ship,moving through water,a gravel lot,side profile,golden hour,clean,a detailed photograph,"a detailed photograph of a cargo ship moving through water in a gravel lot, side profile, golden hour. single main subject, photorealistic color photo, natural colors, realistic texture, sharp focus on subject, no people, no text, no watermark, no logo, no border, no collage, no CGI, no illustration.","text, watermark, logo, caption, signature, border, frame, collage, multiple panels, cartoon, illustration, CGI, 3d render, low-poly, painting, anime, surreal, deformed, duplicate objects, extra limbs, blurry, out of focus, noise, oversaturated, posterized, artifacts, jpeg artifacts"
8144,ship,sailboat,anchored,a lakeside shore,3/4 view,nighttime under streetlights,clean,a high-quality image,"a high-quality image of a sailboat ship anchored in a lakeside shore, 3/4 view, nighttime under streetlights. single main subject, photorealistic color photo, natural colors, realistic texture, sharp focus on subject, no people, no text, no watermark, no logo, no border, no collage, no CGI, no illustration.","text, watermark, logo, caption, signature, border, frame, collage, multiple panels, cartoon, illustration, CGI, 3d render, low-poly, painting, anime, surreal, deformed, duplicate objects, extra limbs, blurry, out of focus, noise, oversaturated, posterized, artifacts, jpeg artifacts"
8859,ship,small motorboat,moving through water,a sandy beach,3/4 view,indoor soft window light,hard,a finely detailed photo,"a finely detailed photo of a small motorboat ship moving through water in a sandy beach, 3/4 view, indoor soft window light. cropped slightly. single main subject, photorealistic color photo, natural colors, realistic texture, sharp focus on subject, no people, no text, no watermark, no logo, no border, no collage, no CGI, no illustration.","text, watermark, logo, caption, signature, border, frame, collage, multiple panels, cartoon, illustration, CGI, 3d render, low-poly, painting, anime, surreal, deformed, duplicate objects, extra limbs, blurry, out of focus, noise, oversaturated, posterized, artifacts, jpeg artifacts"
8059,ship,ferry,docked,a sandy beach,low angle,rainy with wet reflections,clean,a detailed photograph,"a detailed photograph of a ferry ship docked in a sandy beach, low angle, rainy with wet reflections. single main subject, photorealistic color photo, natural colors, realistic texture, sharp focus on subject, no people, no text, no watermark, no logo, no border, no collage, no CGI, no illustration.","text, watermark, logo, caption, signature, border, frame, collage, multiple panels, cartoon, illustration, CGI, 3d render, low-poly, painting, anime, surreal, deformed, duplicate objects, extra limbs, blurry, out of focus, noise, oversaturated, posterized, artifacts, jpeg artifacts"
8137,ship,fishing boat,seen from a distance,a city park,high angle,backlit rim light,clean,a photorealistic color photo,"a photorealistic color photo of a fishing boat ship seen from a distance in a city park, high angle, backlit rim light. single main subject, photorealistic color photo, natural colors, realistic texture, sharp focus on subject, no people, no text, no watermark, no logo, no border, no collage, no CGI, no illustration.","text, watermark, logo, caption, signature, border, frame, collage, multiple panels, cartoon, illustration, CGI, 3d render, low-poly, painting, anime, surreal, deformed, duplicate objects, extra limbs, blurry, out of focus, noise, oversaturated, posterized, artifacts, jpeg artifacts"
8228,ship,ferry,anchored,a lakeside shore,3/4 view,foggy morning,clean,a photorealistic color photo,"a photorealistic color photo of a ferry ship anchored in a lakeside shore, 3/4 view, foggy morning. single main subject, photorealistic color photo, natural colors, realistic texture, sharp focus on subject, no people, no text, no watermark, no logo, no border, no collage, no CGI, no illustration.","text, watermark, logo, caption, signature, border, frame, collage, multiple panels, cartoon, illustration, CGI, 3d render, low-poly, painting, anime, surreal, deformed, duplicate objects, extra limbs, blurry, out of focus, noise, oversaturated, posterized, artifacts, jpeg artifacts"
8202,ship,cruise ship,moving through water,a city park,low angle,nighttime under streetlights,clean,a professional photo,"a professional photo of a cruise ship moving through water in a city park, low angle, nighttime under streetlights. single main subject, photorealistic color photo, natural colors, realistic texture, sharp focus on subject, no people, no text, no watermark, no logo, no border, no collage, no CGI, no illustration.","text, watermark, logo, caption, signature, border, frame, collage, multiple panels, cartoon, illustration, CGI, 3d render, low-poly, painting, anime, surreal, deformed, duplicate objects, extra limbs, blurry, out of focus, noise, oversaturated, posterized, artifacts, jpeg artifacts"
8744,ship,small motorboat,docked,a forest clearing,front view,indoor soft window light,clean,a finely detailed photo,"a finely detailed photo of a small motorboat ship docked in a forest clearing, front view, indoor soft window light. single main subject, photorealistic color photo, natural colors, realistic texture, sharp focus on subject, no people, no text, no watermark, no logo, no border, no collage, no CGI, no illustration.","text, watermark, logo, caption, signature, border, frame, collage, multiple panels, cartoon, illustration, CGI, 3d render, low-poly, painting, anime, surreal, deformed, duplicate objects, extra limbs, blurry, out of focus, noise, oversaturated, posterized, artifacts, jpeg artifacts"
8073,ship,small motorboat,seen from a distance,a backyard,low angle,golden hour,clean,a photorealistic color photo,"a photorealistic color photo of a small motorboat ship seen from a distance in a backyard, low angle, golden hour. single main subject, photorealistic color photo, natural colors, realistic texture, sharp focus on subject, no people, no text, no watermark, no logo, no border, no collage, no CGI, no illustration.","text, watermark, logo, caption, signature, border, frame, collage, multiple panels, cartoon, illustration, CGI, 3d render, low-poly, painting, anime, surreal, deformed, duplicate objects, extra limbs, blurry, out of focus, noise, oversaturated, posterized, artifacts, jpeg artifacts"
8686,ship,cruise ship,seen from a distance,a countryside road,high angle,indoor soft window light,clean,a high-quality image,"a high-quality image of a cruise ship seen from a distance in a countryside road, high angle, indoor soft window light. single main subject, photorealistic color photo, natural colors, realistic texture, sharp focus on subject, no people, no text, no watermark, no logo, no border, no collage, no CGI, no illustration.","text, watermark, logo, caption, signature, border, frame, collage, multiple panels, cartoon, illustration, CGI, 3d render, low-poly, painting, anime, surreal, deformed, duplicate objects, extra limbs, blurry, out of focus, noise, oversaturated, posterized, artifacts, jpeg artifacts"
8216,ship,cargo ship,anchored,a gravel lot,close-up,overcast daylight,clean,a professional photo,"a professional photo of a cargo ship anchored in a gravel lot, close-up, overcast daylight. single main subject, photorealistic color photo, natural colors, realistic texture, sharp focus on subject, no people, no text, no watermark, no logo, no border, no collage, no CGI, no illustration.","text, watermark, logo, caption, signature, border, frame, collage, multiple panels, cartoon, illustration, CGI, 3d render, low-poly, painting, anime, surreal, deformed, duplicate objects, extra limbs, blurry, out of focus, noise, oversaturated, posterized, artifacts, jpeg artifacts"
8020,ship,small motorboat,seen from a distance,a wet roadway after rain,slightly off-center framing,sunny afternoon,clean,a photorealistic color photo,"a photorealistic color photo of a small motorboat ship seen from a distance in a wet roadway after rain, slightly off-center framing, sunny afternoon. single main subject, photorealistic color photo, natural colors, realistic texture, sharp focus on subject, no people, no text, no watermark, no logo, no border, no collage, no CGI, no illustration.","text, watermark, logo, caption, signature, border, frame, collage, multiple panels, cartoon, illustration, CGI, 3d render, low-poly, painting, anime, surreal, deformed, duplicate objects, extra limbs, blurry, out of focus, noise, oversaturated, posterized, artifacts, jpeg artifacts"
8423,ship,fishing boat,moving through water,a wet roadway after rain,side profile,backlit rim light,clean,a detailed photograph,"a detailed photograph of a fishing boat ship moving through water in a wet roadway after rain, side profile, backlit rim light. single main subject, photorealistic color photo, natural colors, realistic texture, sharp focus on subject, no people, no text, no watermark, no logo, no border, no collage, no CGI, no illustration.","text, watermark, logo, caption, signature, border, frame, collage, multiple panels, cartoon, illustration, CGI, 3d render, low-poly, painting, anime, surreal, deformed, duplicate objects, extra limbs, blurry, out of focus, noise, oversaturated, posterized, artifacts, jpeg artifacts"
8904,ship,cruise ship,seen from a distance,a parking lot,close-up,foggy morning,hard,a professional photo,"a professional photo of a cruise ship seen from a distance in a parking lot, close-up, foggy morning. slight motion blur. single main subject, photorealistic color photo, natural colors, realistic texture, sharp focus on subject, no people, no text, no watermark, no logo, no border, no collage, no CGI, no illustration.","text, watermark, logo, caption, signature, border, frame, collage, multiple panels, cartoon, illustration, CGI, 3d render, low-poly, painting, anime, surreal, deformed, duplicate objects, extra limbs, blurry, out of focus, noise, oversaturated, posterized, artifacts, jpeg artifacts"
8482,ship,sailboat,docked,a countryside road,close-up,foggy morning,clean,a high-quality image,"a high-quality image of a sailboat ship docked in a countryside road, close-up, foggy morning. single main subject, photorealistic color photo, natural colors, realistic texture, sharp focus on subject, no people, no text, no watermark, no logo, no border, no collage, no CGI, no illustration.","text, watermark, logo, caption, signature, border, frame, collage, multiple panels, cartoon, illustration, CGI, 3d render, low-poly, painting, anime, surreal, deformed, duplicate objects, extra limbs, blurry, out of focus, noise, oversaturated, posterized, artifacts, jpeg artifacts"
8104,ship,cruise ship,seen from a distance,a forest clearing,wide shot,foggy morning,clean,a photorealistic color photo,"a photorealistic color photo of a cruise ship seen from a distance in a forest clearing, wide shot, foggy morning. single main subject, photorealistic color photo, natural colors, realistic texture, sharp focus on subject, no people, no text, no watermark, no logo, no border, no collage, no CGI, no illustration.","text, watermark, logo, caption, signature, border, frame, collage, multiple panels, cartoon, illustration, CGI, 3d render, low-poly, painting, anime, surreal, deformed, duplicate objects, extra limbs, blurry, out of focus, noise, oversaturated, posterized, artifacts, jpeg artifacts"
8955,ship,small motorboat,docked,a suburban neighborhood,3/4 view,indoor soft window light,hard,a detailed photograph,"a detailed photograph of a small motorboat ship docked in a suburban neighborhood, 3/4 view, indoor soft window light. cropped slightly. single main subject, photorealistic color photo, natural colors, realistic texture, sharp focus on subject, no people, no text, no watermark, no logo, no border, no collage, no CGI, no illustration.","text, watermark, logo, caption, signature, border, frame, collage, multiple panels, cartoon, illustration, CGI, 3d render, low-poly, painting, anime, surreal, deformed, duplicate objects, extra limbs, blurry, out of focus, noise, oversaturated, posterized, artifacts, jpeg artifacts"
8659,ship,ferry,docked,an urban street,front view,nighttime under streetlights,clean,a professional photo,"a professional photo of a ferry ship docked in an urban street, front view, nighttime under streetlights. single main subject, photorealistic color photo, natural colors, realistic texture, sharp focus on subject, no people, no text, no watermark, no logo, no border, no collage, no CGI, no illustration.","text, watermark, logo, caption, signature, border, frame, collage, multiple panels, cartoon, illustration, CGI, 3d render, low-poly, painting, anime, surreal, deformed, duplicate objects, extra limbs, blurry, out of focus, noise, oversaturated, posterized, artifacts, jpeg artifacts"
8693,ship,fishing boat,moving through water,a city park,high angle,overcast daylight,clean,a detailed photograph,"a detailed photograph of a fishing boat ship moving through water in a city park, high angle, overcast daylight. single main subject, photorealistic color photo, natural colors, realistic texture, sharp focus on subject, no people, no text, no watermark, no logo, no border, no collage, no CGI, no illustration.","text, watermark, logo, caption, signature, border, frame, collage, multiple panels, cartoon, illustration, CGI, 3d render, low-poly, painting, anime, surreal, deformed, duplicate objects, extra limbs, blurry, out of focus, noise, oversaturated, posterized, artifacts, jpeg artifacts"
8594,ship,ferry,docked,a forest clearing,side profile,foggy morning,clean,a finely detailed photo,"a finely detailed photo of a ferry ship docked in a forest clearing, side profile, foggy morning. single main subject, photorealistic color photo, natural colors, realistic texture, sharp focus on subject, no people, no text, no watermark, no logo, no border, no collage, no CGI, no illustration.","text, watermark, logo, caption, signature, border, frame, collage, multiple panels, cartoon, illustration, CGI, 3d render, low-poly, painting, anime, surreal, deformed, duplicate objects, extra limbs, blurry, out of focus, noise, oversaturated, posterized, artifacts, jpeg artifacts"
8091,ship,cargo ship,anchored,a parking lot,low angle,backlit rim light,clean,a photorealistic color photo,"a photorealistic color photo of a cargo ship anchored in a parking lot, low angle, backlit rim light. single main subject, photorealistic color photo, natural colors, realistic texture, sharp focus on subject, no people, no text, no watermark, no logo, no border, no collage, no CGI, no illustration.","text, watermark, logo, caption, signature, border, frame, collage, multiple panels, cartoon, illustration, CGI, 3d render, low-poly, painting, anime, surreal, deformed, duplicate objects, extra limbs, blurry, out of focus, noise, oversaturated, posterized, artifacts, jpeg artifacts"
8011,ship,fishing boat,anchored,a backyard,high angle,rainy with wet reflections,clean,a finely detailed photo,"a finely detailed photo of a fishing boat ship anchored in a backyard, high angle, rainy with wet reflections. single main subject, photorealistic color photo, natural colors, realistic texture, sharp focus on subject, no people, no text, no watermark, no logo, no border, no collage, no CGI, no illustration.","text, watermark, logo, caption, signature, border, frame, collage, multiple panels, cartoon, illustration, CGI, 3d render, low-poly, painting, anime, surreal, deformed, duplicate objects, extra limbs, blurry, out of focus, noise, oversaturated, posterized, artifacts, jpeg artifacts"
8797,ship,fishing boat,moving through water,a countryside road,close-up,golden hour,clean,an ultra-realistic rendering,"an ultra-realistic rendering of a fishing boat ship moving through water in a countryside road, close-up, golden hour. single main subject, photorealistic color photo, natural colors, realistic texture, sharp focus on subject, no people, no text, no watermark, no logo, no border, no collage, no CGI, no illustration.","text, watermark, logo, caption, signature, border, frame, collage, multiple panels, cartoon, illustration, CGI, 3d render, low-poly, painting, anime, surreal, deformed, duplicate objects, extra limbs, blurry, out of focus, noise, oversaturated, posterized, artifacts, jpeg artifacts"
8919,ship,sailboat,seen from a distance,a suburban neighborhood,front view,rainy with wet reflections,hard,an ultra-realistic rendering,"an ultra-realistic rendering of a sailboat ship seen from a distance in a suburban neighborhood, front view, rainy with wet reflections. slight motion blur. single main subject, photorealistic color photo, natural colors, realistic texture, sharp focus on subject, no people, no text, no watermark, no logo, no border, no collage, no CGI, no illustration.","text, watermark, logo, caption, signature, border, frame, collage, multiple panels, cartoon, illustration, CGI, 3d render, low-poly, painting, anime, surreal, deformed, duplicate objects, extra limbs, blurry, out of focus, noise, oversaturated, posterized, artifacts, jpeg artifacts"
8046,ship,ferry,moving through water,a forest clearing,3/4 view,overcast daylight,clean,an ultra-realistic rendering,"an ultra-realistic rendering of a ferry ship moving through water in a forest clearing, 3/4 view, overcast daylight. single main subject, photorealistic color photo, natural colors, realistic texture, sharp focus on subject, no people, no text, no watermark, no logo, no border, no collage, no CGI, no illustration.","text, watermark, logo, caption, signature, border, frame, collage, multiple panels, cartoon, illustration, CGI, 3d render, low-poly, painting, anime, surreal, deformed, duplicate objects, extra limbs, blurry, out of focus, noise, oversaturated, posterized, artifacts, jpeg artifacts"
8217,ship,fishing boat,docked,a lakeside shore,high angle,foggy morning,clean,a photorealistic color photo,"a photorealistic color photo of a fishing boat ship docked in a lakeside shore, high angle, foggy morning. single main subject, photorealistic color photo, natural colors, realistic texture, sharp focus on subject, no people, no text, no watermark, no logo, no border, no collage, no CGI, no illustration.","text, watermark, logo, caption, signature, border, frame, collage, multiple panels, cartoon, illustration, CGI, 3d render, low-poly, painting, anime, surreal, deformed, duplicate objects, extra limbs, blurry, out of focus, noise, oversaturated, posterized, artifacts, jpeg artifacts"
8133,ship,small motorboat,docked,a city park,low angle,rainy with wet reflections,clean,a high-quality image,"a high-quality image of a small motorboat ship docked in a city park, low angle, rainy with wet reflections. single main subject, photorealistic color photo, natural colors, realistic texture, sharp focus on subject, no people, no text, no watermark, no logo, no border, no collage, no CGI, no illustration.","text, watermark, logo, caption, signature, border, frame, collage, multiple panels, cartoon, illustration, CGI, 3d render, low-poly, painting, anime, surreal, deformed, duplicate objects, extra limbs, blurry, out of focus, noise, oversaturated, posterized, artifacts, jpeg artifacts"
8326,ship,fishing boat,docked,a suburban neighborhood,3/4 view,backlit rim light,clean,a finely detailed photo,"a finely detailed photo of a fishing boat ship docked in a suburban neighborhood, 3/4 view, backlit rim light. single main subject, photorealistic color photo, natural colors, realistic texture, sharp focus on subject, no people, no text, no watermark, no logo, no border, no collage, no CGI, no illustration.","text, watermark, logo, caption, signature, border, frame, collage, multiple panels, cartoon, illustration, CGI, 3d render, low-poly, painting, anime, surreal, deformed, duplicate objects, extra limbs, blurry, out of focus, noise, oversaturated, posterized, artifacts, jpeg artifacts"
8967,ship,cruise ship,moving through water,a quiet residential street,slightly off-center framing,rainy with wet reflections,hard,an ultra-realistic rendering,"an ultra-realistic rendering of a cruise ship moving through water in a quiet residential street, slightly off-center framing, rainy with wet reflections. cropped slightly. single main subject, photorealistic color photo, natural colors, realistic texture, sharp focus on subject, no people, no text, no watermark, no logo, no border, no collage, no CGI, no illustration.","text, watermark, logo, caption, signature, border, frame, collage, multiple panels, cartoon, illustration, CGI, 3d render, low-poly, painting, anime, surreal, deformed, duplicate objects, extra limbs, blurry, out of focus, noise, oversaturated, posterized, artifacts, jpeg artifacts"
8910,ship,small motorboat,docked,a backyard,side profile,golden hour,hard,a photorealistic color photo,"a photorealistic color photo of a small motorboat ship docked in a backyard, side profile, golden hour. cropped slightly. single main subject, photorealistic color photo, natural colors, realistic texture, sharp focus on subject, no people, no text, no watermark, no logo, no border, no collage, no CGI, no illustration.","text, watermark, logo, caption, signature, border, frame, collage, multiple panels, cartoon, illustration, CGI, 3d render, low-poly, painting, anime, surreal, deformed, duplicate objects, extra limbs, blurry, out of focus, noise, oversaturated, posterized, artifacts, jpeg artifacts"
8611,ship,cruise ship,docked,a sandy beach,close-up,foggy morning,clean,a photorealistic color photo,"a photorealistic color photo of a cruise ship docked in a sandy beach, close-up, foggy morning. single main subject, photorealistic color photo, natural colors, realistic texture, sharp focus on subject, no people, no text, no watermark, no logo, no border, no collage, no CGI, no illustration.","text, watermark, logo, caption, signature, border, frame, collage, multiple panels, cartoon, illustration, CGI, 3d render, low-poly, painting, anime, surreal, deformed, duplicate objects, extra limbs, blurry, out of focus, noise, oversaturated, posterized, artifacts, jpeg artifacts"
8552,ship,fishing boat,seen from a distance,an industrial yard,front view,indoor soft window light,clean,a finely detailed photo,"a finely detailed photo of a fishing boat ship seen from a distance in an industrial yard, front view, indoor soft window light. single main subject, photorealistic color photo, natural colors, realistic texture, sharp focus on subject, no people, no text, no watermark, no logo, no border, no collage, no CGI, no illustration.","text, watermark, logo, caption, signature, border, frame, collage, multiple panels, cartoon, illustration, CGI, 3d render, low-poly, painting, anime, surreal, deformed, duplicate objects, extra limbs, blurry, out of focus, noise, oversaturated, posterized, artifacts, jpeg artifacts"
8586,ship,ferry,anchored,a gravel lot,low angle,nighttime under streetlights,clean,a finely detailed photo,"a finely detailed photo of a ferry ship anchored in a gravel lot, low angle, nighttime under streetlights. single main subject, photorealistic color photo, natural colors, realistic texture, sharp focus on subject, no people, no text, no watermark, no logo, no border, no collage, no CGI, no illustration.","text, watermark, logo, caption, signature, border, frame, collage, multiple panels, cartoon, illustration, CGI, 3d render, low-poly, painting, anime, surreal, deformed, duplicate objects, extra limbs, blurry, out of focus, noise, oversaturated, posterized, artifacts, jpeg artifacts"
8843,ship,fishing boat,anchored,a parking lot,high angle,golden hour,hard,a finely detailed photo,"a finely detailed photo of a fishing boat ship anchored in a parking lot, high angle, golden hour. busy background but still one main subject. single main subject, photorealistic color photo, natural colors, realistic texture, sharp focus on subject, no people, no text, no watermark, no logo, no border, no collage, no CGI, no illustration.","text, watermark, logo, caption, signature, border, frame, collage, multiple panels, cartoon, illustration, CGI, 3d render, low-poly, painting, anime, surreal, deformed, duplicate objects, extra limbs, blurry, out of focus, noise, oversaturated, posterized, artifacts, jpeg artifacts"
8288,ship,ferry,seen from a distance,a parking lot,wide shot,overcast daylight,clean,a photorealistic color photo,"a photorealistic color photo of a ferry ship seen from a distance in a parking lot, wide shot, overcast daylight. single main subject, photorealistic color photo, natural colors, realistic texture, sharp focus on subject, no people, no text, no watermark, no logo, no border, no collage, no CGI, no illustration.","text, watermark, logo, caption, signature, border, frame, collage, multiple panels, cartoon, illustration, CGI, 3d render, low-poly, painting, anime, surreal, deformed, duplicate objects, extra limbs, blurry, out of focus, noise, oversaturated, posterized, artifacts, jpeg artifacts"
8244,ship,cruise ship,seen from a distance,a forest clearing,wide shot,backlit rim light,clean,a finely detailed photo,"a finely detailed photo of a cruise ship seen from a distance in a forest clearing, wide shot, backlit rim light. single main subject, photorealistic color photo, natural colors, realistic texture, sharp focus on subject, no people, no text, no watermark, no logo, no border, no collage, no CGI, no illustration.","text, watermark, logo, caption, signature, border, frame, collage, multiple panels, cartoon, illustration, CGI, 3d render, low-poly, painting, anime, surreal, deformed, duplicate objects, extra limbs, blurry, out of focus, noise, oversaturated, posterized, artifacts, jpeg artifacts"
8192,ship,ferry,moving through water,a grassy field,high angle,nighttime under streetlights,clean,a finely detailed photo,"a finely detailed photo of a ferry ship moving through water in a grassy field, high angle, nighttime under streetlights. single main subject, photorealistic color photo, natural colors, realistic texture, sharp focus on subject, no people, no text, no watermark, no logo, no border, no collage, no CGI, no illustration.","text, watermark, logo, caption, signature, border, frame, collage, multiple panels, cartoon, illustration, CGI, 3d render, low-poly, painting, anime, surreal, deformed, duplicate objects, extra limbs, blurry, out of focus, noise, oversaturated, posterized, artifacts, jpeg artifacts"
8865,ship,cargo ship,docked,a city park,wide shot,sunny afternoon,hard,a high-quality image,"a high-quality image of a cargo ship docked in a city park, wide shot, sunny afternoon. partially occluded by a foreground object. single main subject, photorealistic color photo, natural colors, realistic texture, sharp focus on subject, no people, no text, no watermark, no logo, no border, no collage, no CGI, no illustration.","text, watermark, logo, caption, signature, border, frame, collage, multiple panels, cartoon, illustration, CGI, 3d render, low-poly, painting, anime, surreal, deformed, duplicate objects, extra limbs, blurry, out of focus, noise, oversaturated, posterized, artifacts, jpeg artifacts"
8200,ship,fishing boat,seen from a distance,a parking lot,front view,overcast daylight,clean,a high-quality image,"a high-quality image of a fishing boat ship seen from a distance in a parking lot, front view, overcast daylight. single main subject, photorealistic color photo, natural colors, realistic texture, sharp focus on subject, no people, no text, no watermark, no logo, no border, no collage, no CGI, no illustration.","text, watermark, logo, caption, signature, border, frame, collage, multiple panels, cartoon, illustration, CGI, 3d render, low-poly, painting, anime, surreal, deformed, duplicate objects, extra limbs, blurry, out of focus, noise, oversaturated, posterized, artifacts, jpeg artifacts"
8128,ship,small motorboat,moving through water,an industrial yard,slightly off-center framing,indoor soft window light,clean,a detailed photograph,"a detailed photograph of a small motorboat ship moving through water in an industrial yard, slightly off-center framing, indoor soft window light. single main subject, photorealistic color photo, natural colors, realistic texture, sharp focus on subject, no people, no text, no watermark, no logo, no border, no collage, no CGI, no illustration.","text, watermark, logo, caption, signature, border, frame, collage, multiple panels, cartoon, illustration, CGI, 3d render, low-poly, painting, anime, surreal, deformed, duplicate objects, extra limbs, blurry, out of focus, noise, oversaturated, posterized, artifacts, jpeg artifacts"
8812,ship,fishing boat,docked,a wet roadway after rain,close-up,overcast daylight,hard,a high-quality image,"a high-quality image of a fishing boat ship docked in a wet roadway after rain, close-up, overcast daylight. cropped slightly. single main subject, photorealistic color photo, natural colors, realistic texture, sharp focus on subject, no people, no text, no watermark, no logo, no border, no collage, no CGI, no illustration.","text, watermark, logo, caption, signature, border, frame, collage, multiple panels, cartoon, illustration, CGI, 3d render, low-poly, painting, anime, surreal, deformed, duplicate objects, extra limbs, blurry, out of focus, noise, oversaturated, posterized, artifacts, jpeg artifacts"
8555,ship,sailboat,moving through water,a lakeside shore,low angle,nighttime under streetlights,clean,a detailed photograph,"a detailed photograph of a sailboat ship moving through water in a lakeside shore, low angle, nighttime under streetlights. single main subject, photorealistic color photo, natural colors, realistic texture, sharp focus on subject, no people, no text, no watermark, no logo, no border, no collage, no CGI, no illustration.","text, watermark, logo, caption, signature, border, frame, collage, multiple panels, cartoon, illustration, CGI, 3d render, low-poly, painting, anime, surreal, deformed, duplicate objects, extra limbs, blurry, out of focus, noise, oversaturated, posterized, artifacts, jpeg artifacts"
8730,ship,ferry,docked,a forest clearing,wide shot,indoor soft window light,clean,a photorealistic color photo,"a photorealistic color photo of a ferry ship docked in a forest clearing, wide shot, indoor soft window light. single main subject, photorealistic color photo, natural colors, realistic texture, sharp focus on subject, no people, no text, no watermark, no logo, no border, no collage, no CGI, no illustration.","text, watermark, logo, caption, signature, border, frame, collage, multiple panels, cartoon, illustration, CGI, 3d render, low-poly, painting, anime, surreal, deformed, duplicate objects, extra limbs, blurry, out of focus, noise, oversaturated, posterized, artifacts, jpeg artifacts"
8707,ship,small motorboat,anchored,a backyard,front view,rainy with wet reflections,clean,a finely detailed photo,"a finely detailed photo of a small motorboat ship anchored in a backyard, front view, rainy with wet reflections. single main subject, photorealistic color photo, natural colors, realistic texture, sharp focus on subject, no people, no text, no watermark, no logo, no border, no collage, no CGI, no illustration.","text, watermark, logo, caption, signature, border, frame, collage, multiple panels, cartoon, illustration, CGI, 3d render, low-poly, painting, anime, surreal, deformed, duplicate objects, extra limbs, blurry, out of focus, noise, oversaturated, posterized, artifacts, jpeg artifacts"
8448,ship,cargo ship,seen from a distance,a quiet residential street,high angle,overcast daylight,clean,an ultra-realistic rendering,"an ultra-realistic rendering of a cargo ship seen from a distance in a quiet residential street, high angle, overcast daylight. single main subject, photorealistic color photo, natural colors, realistic texture, sharp focus on subject, no people, no text, no watermark, no logo, no border, no collage, no CGI, no illustration.","text, watermark, logo, caption, signature, border, frame, collage, multiple panels, cartoon, illustration, CGI, 3d render, low-poly, painting, anime, surreal, deformed, duplicate objects, extra limbs, blurry, out of focus, noise, oversaturated, posterized, artifacts, jpeg artifacts"
8975,ship,cargo ship,seen from a distance,an urban street,side profile,sunny afternoon,hard,a professional photo,"a professional photo of a cargo ship seen from a distance in an urban street, side profile, sunny afternoon. partially occluded by a foreground object. single main subject, photorealistic color photo, natural colors, realistic texture, sharp focus on subject, no people, no text, no watermark, no logo, no border, no collage, no CGI, no illustration.","text, watermark, logo, caption, signature, border, frame, collage, multiple panels, cartoon, illustration, CGI, 3d render, low-poly, painting, anime, surreal, deformed, duplicate objects, extra limbs, blurry, out of focus, noise, oversaturated, posterized, artifacts, jpeg artifacts"
8388,ship,small motorboat,seen from a distance,a parking lot,close-up,overcast daylight,clean,a finely detailed photo,"a finely detailed photo of a small motorboat ship seen from a distance in a parking lot, close-up, overcast daylight. single main subject, photorealistic color photo, natural colors, realistic texture, sharp focus on subject, no people, no text, no watermark, no logo, no border, no collage, no CGI, no illustration.","text, watermark, logo, caption, signature, border, frame, collage, multiple panels, cartoon, illustration, CGI, 3d render, low-poly, painting, anime, surreal, deformed, duplicate objects, extra limbs, blurry, out of focus, noise, oversaturated, posterized, artifacts, jpeg artifacts"
8108,ship,fishing boat,docked,a suburban neighborhood,low angle,golden hour,clean,a professional photo,"a professional photo of a fishing boat ship docked in a suburban neighborhood, low angle, golden hour. single main subject, photorealistic color photo, natural colors, realistic texture, sharp focus on subject, no people, no text, no watermark, no logo, no border, no collage, no CGI, no illustration.","text, watermark, logo, caption, signature, border, frame, collage, multiple panels, cartoon, illustration, CGI, 3d render, low-poly, painting, anime, surreal, deformed, duplicate objects, extra limbs, blurry, out of focus, noise, oversaturated, posterized, artifacts, jpeg artifacts"
8291,ship,cargo ship,moving through water,a wet roadway after rain,high angle,indoor soft window light,clean,a professional photo,"a professional photo of a cargo ship moving through water in a wet roadway after rain, high angle, indoor soft window light. single main subject, photorealistic color photo, natural colors, realistic texture, sharp focus on subject, no people, no text, no watermark, no logo, no border, no collage, no CGI, no illustration.","text, watermark, logo, caption, signature, border, frame, collage, multiple panels, cartoon, illustration, CGI, 3d render, low-poly, painting, anime, surreal, deformed, duplicate objects, extra limbs, blurry, out of focus, noise, oversaturated, posterized, artifacts, jpeg artifacts"
8495,ship,fishing boat,moving through water,a sandy beach,3/4 view,rainy with wet reflections,clean,an ultra-realistic rendering,"an ultra-realistic rendering of a fishing boat ship moving through water in a sandy beach, 3/4 view, rainy with wet reflections. single main subject, photorealistic color photo, natural colors, realistic texture, sharp focus on subject, no people, no text, no watermark, no logo, no border, no collage, no CGI, no illustration.","text, watermark, logo, caption, signature, border, frame, collage, multiple panels, cartoon, illustration, CGI, 3d render, low-poly, painting, anime, surreal, deformed, duplicate objects, extra limbs, blurry, out of focus, noise, oversaturated, posterized, artifacts, jpeg artifacts"
8926,ship,cargo ship,seen from a distance,a suburban neighborhood,front view,foggy morning,hard,a finely detailed photo,"a finely detailed photo of a cargo ship seen from a distance in a suburban neighborhood, front view, foggy morning. partially occluded by a foreground object. single main subject, photorealistic color photo, natural colors, realistic texture, sharp focus on subject, no people, no text, no watermark, no logo, no border, no collage, no CGI, no illustration.","text, watermark, logo, caption, signature, border, frame, collage, multiple panels, cartoon, illustration, CGI, 3d render, low-poly, painting, anime, surreal, deformed, duplicate objects, extra limbs, blurry, out of focus, noise, oversaturated, posterized, artifacts, jpeg artifacts"
8024,ship,fishing boat,anchored,a forest clearing,low angle,rainy with wet reflections,clean,a high-quality image,"a high-quality image of a fishing boat ship anchored in a forest clearing, low angle, rainy with wet reflections. single main subject, photorealistic color photo, natural colors, realistic texture, sharp focus on subject, no people, no text, no watermark, no logo, no border, no collage, no CGI, no illustration.","text, watermark, logo, caption, signature, border, frame, collage, multiple panels, cartoon, illustration, CGI, 3d render, low-poly, painting, anime, surreal, deformed, duplicate objects, extra limbs, blurry, out of focus, noise, oversaturated, posterized, artifacts, jpeg artifacts"
8640,ship,cargo ship,moving through water,a quiet residential street,wide shot,indoor soft window light,clean,a finely detailed photo,"a finely detailed photo of a cargo ship moving through water in a quiet residential street, wide shot, indoor soft window light. single main subject, photorealistic color photo, natural colors, realistic texture, sharp focus on subject, no people, no text, no watermark, no logo, no border, no collage, no CGI, no illustration.","text, watermark, logo, caption, signature, border, frame, collage, multiple panels, cartoon, illustration, CGI, 3d render, low-poly, painting, anime, surreal, deformed, duplicate objects, extra limbs, blurry, out of focus, noise, oversaturated, posterized, artifacts, jpeg artifacts"
8496,ship,fishing boat,moving through water,an urban street,slightly off-center framing,indoor soft window light,clean,a finely detailed photo,"a finely detailed photo of a fishing boat ship moving through water in an urban street, slightly off-center framing, indoor soft window light. single main subject, photorealistic color photo, natural colors, realistic texture, sharp focus on subject, no people, no text, no watermark, no logo, no border, no collage, no CGI, no illustration.","text, watermark, logo, caption, signature, border, frame, collage, multiple panels, cartoon, illustration, CGI, 3d render, low-poly, painting, anime, surreal, deformed, duplicate objects, extra limbs, blurry, out of focus, noise, oversaturated, posterized, artifacts, jpeg artifacts"
8650,ship,small motorboat,moving through water,a suburban neighborhood,front view,indoor soft window light,clean,a finely detailed photo,"a finely detailed photo of a small motorboat ship moving through water in a suburban neighborhood, front view, indoor soft window light. single main subject, photorealistic color photo, natural colors, realistic texture, sharp focus on subject, no people, no text, no watermark, no logo, no border, no collage, no CGI, no illustration.","text, watermark, logo, caption, signature, border, frame, collage, multiple panels, cartoon, illustration, CGI, 3d render, low-poly, painting, anime, surreal, deformed, duplicate objects, extra limbs, blurry, out of focus, noise, oversaturated, posterized, artifacts, jpeg artifacts"
8620,ship,cruise ship,seen from a distance,a gravel lot,slightly off-center framing,golden hour,clean,a photorealistic color photo,"a photorealistic color photo of a cruise ship seen from a distance in a gravel lot, slightly off-center framing, golden hour. single main subject, photorealistic color photo, natural colors, realistic texture, sharp focus on subject, no people, no text, no watermark, no logo, no border, no collage, no CGI, no illustration.","text, watermark, logo, caption, signature, border, frame, collage, multiple panels, cartoon, illustration, CGI, 3d render, low-poly, painting, anime, surreal, deformed, duplicate objects, extra limbs, blurry, out of focus, noise, oversaturated, posterized, artifacts, jpeg artifacts"
8792,ship,cargo ship,seen from a distance,a gravel lot,high angle,foggy morning,clean,an ultra-realistic rendering,"an ultra-realistic rendering of a cargo ship seen from a distance in a gravel lot, high angle, foggy morning. single main subject, photorealistic color photo, natural colors, realistic texture, sharp focus on subject, no people, no text, no watermark, no logo, no border, no collage, no CGI, no illustration.","text, watermark, logo, caption, signature, border, frame, collage, multiple panels, cartoon, illustration, CGI, 3d render, low-poly, painting, anime, surreal, deformed, duplicate objects, extra limbs, blurry, out of focus, noise, oversaturated, posterized, artifacts, jpeg artifacts"
8702,ship,sailboat,moving through water,a parking lot,front view,backlit rim light,clean,a detailed photograph,"a detailed photograph of a sailboat ship moving through water in a parking lot, front view, backlit rim light. single main subject, photorealistic color photo, natural colors, realistic texture, sharp focus on subject, no people, no text, no watermark, no logo, no border, no collage, no CGI, no illustration.","text, watermark, logo, caption, signature, border, frame, collage, multiple panels, cartoon, illustration, CGI, 3d render, low-poly, painting, anime, surreal, deformed, duplicate objects, extra limbs, blurry, out of focus, noise, oversaturated, posterized, artifacts, jpeg artifacts"
8256,ship,fishing boat,anchored,a gravel lot,3/4 view,backlit rim light,clean,a photorealistic color photo,"a photorealistic color photo of a fishing boat ship anchored in a gravel lot, 3/4 view, backlit rim light. single main subject, photorealistic color photo, natural colors, realistic texture, sharp focus on subject, no people, no text, no watermark, no logo, no border, no collage, no CGI, no illustration.","text, watermark, logo, caption, signature, border, frame, collage, multiple panels, cartoon, illustration, CGI, 3d render, low-poly, painting, anime, surreal, deformed, duplicate objects, extra limbs, blurry, out of focus, noise, oversaturated, posterized, artifacts, jpeg artifacts"
8641,ship,fishing boat,anchored,a gravel lot,3/4 view,foggy morning,clean,a finely detailed photo,"a finely detailed photo of a fishing boat ship anchored in a gravel lot, 3/4 view, foggy morning. single main subject, photorealistic color photo, natural colors, realistic texture, sharp focus on subject, no people, no text, no watermark, no logo, no border, no collage, no CGI, no illustration.","text, watermark, logo, caption, signature, border, frame, collage, multiple panels, cartoon, illustration, CGI, 3d render, low-poly, painting, anime, surreal, deformed, duplicate objects, extra limbs, blurry, out of focus, noise, oversaturated, posterized, artifacts, jpeg artifacts"
8483,ship,small motorboat,moving through water,a quiet residential street,3/4 view,golden hour,clean,a photorealistic color photo,"a photorealistic color photo of a small motorboat ship moving through water in a quiet residential street, 3/4 view, golden hour. single main subject, photorealistic color photo, natural colors, realistic texture, sharp focus on subject, no people, no text, no watermark, no logo, no border, no collage, no CGI, no illustration.","text, watermark, logo, caption, signature, border, frame, collage, multiple panels, cartoon, illustration, CGI, 3d render, low-poly, painting, anime, surreal, deformed, duplicate objects, extra limbs, blurry, out of focus, noise, oversaturated, posterized, artifacts, jpeg artifacts"
8092,ship,fishing boat,docked,a forest clearing,close-up,rainy with wet reflections,clean,an ultra-realistic rendering,"an ultra-realistic rendering of a fishing boat ship docked in a forest clearing, close-up, rainy with wet reflections. single main subject, photorealistic color photo, natural colors, realistic texture, sharp focus on subject, no people, no text, no watermark, no logo, no border, no collage, no CGI, no illustration.","text, watermark, logo, caption, signature, border, frame, collage, multiple panels, cartoon, illustration, CGI, 3d render, low-poly, painting, anime, surreal, deformed, duplicate objects, extra limbs, blurry, out of focus, noise, oversaturated, posterized, artifacts, jpeg artifacts"
8921,ship,sailboat,moving through water,a parking lot,slightly off-center framing,indoor soft window light,hard,a high-quality image,"a high-quality image of a sailboat ship moving through water in a parking lot, slightly off-center framing, indoor soft window light. busy background but still one main subject. single main subject, photorealistic color photo, natural colors, realistic texture, sharp focus on subject, no people, no text, no watermark, no logo, no border, no collage, no CGI, no illustration.","text, watermark, logo, caption, signature, border, frame, collage, multiple panels, cartoon, illustration, CGI, 3d render, low-poly, painting, anime, surreal, deformed, duplicate objects, extra limbs, blurry, out of focus, noise, oversaturated, posterized, artifacts, jpeg artifacts"
8374,ship,cargo ship,docked,a backyard,wide shot,sunny afternoon,clean,a finely detailed photo,"a finely detailed photo of a cargo ship docked in a backyard, wide shot, sunny afternoon. single main subject, photorealistic color photo, natural colors, realistic texture, sharp focus on subject, no people, no text, no watermark, no logo, no border, no collage, no CGI, no illustration.","text, watermark, logo, caption, signature, border, frame, collage, multiple panels, cartoon, illustration, CGI, 3d render, low-poly, painting, anime, surreal, deformed, duplicate objects, extra limbs, blurry, out of focus, noise, oversaturated, posterized, artifacts, jpeg artifacts"
8528,ship,ferry,moving through water,a wet roadway after rain,high angle,foggy morning,clean,a high-quality image,"a high-quality image of a ferry ship moving through water in a wet roadway after rain, high angle, foggy morning. single main subject, photorealistic color photo, natural colors, realistic texture, sharp focus on subject, no people, no text, no watermark, no logo, no border, no collage, no CGI, no illustration.","text, watermark, logo, caption, signature, border, frame, collage, multiple panels, cartoon, illustration, CGI, 3d render, low-poly, painting, anime, surreal, deformed, duplicate objects, extra limbs, blurry, out of focus, noise, oversaturated, posterized, artifacts, jpeg artifacts"
8154,ship,cargo ship,seen from a distance,a countryside road,wide shot,nighttime under streetlights,clean,a finely detailed photo,"a finely detailed photo of a cargo ship seen from a distance in a countryside road, wide shot, nighttime under streetlights. single main subject, photorealistic color photo, natural colors, realistic texture, sharp focus on subject, no people, no text, no watermark, no logo, no border, no collage, no CGI, no illustration.","text, watermark, logo, caption, signature, border, frame, collage, multiple panels, cartoon, illustration, CGI, 3d render, low-poly, painting, anime, surreal, deformed, duplicate objects, extra limbs, blurry, out of focus, noise, oversaturated, posterized, artifacts, jpeg artifacts"
8134,ship,cruise ship,anchored,a backyard,low angle,indoor soft window light,clean,an ultra-realistic rendering,"an ultra-realistic rendering of a cruise ship anchored in a backyard, low angle, indoor soft window light. single main subject, photorealistic color photo, natural colors, realistic texture, sharp focus on subject, no people, no text, no watermark, no logo, no border, no collage, no CGI, no illustration.","text, watermark, logo, caption, signature, border, frame, collage, multiple panels, cartoon, illustration, CGI, 3d render, low-poly, painting, anime, surreal, deformed, duplicate objects, extra limbs, blurry, out of focus, noise, oversaturated, posterized, artifacts, jpeg artifacts"
8998,ship,cargo ship,anchored,a countryside road,cropped at the edge of the frame,backlit rim light,hard,a detailed photograph,"a detailed photograph of a cargo ship anchored in a countryside road, cropped at the edge of the frame, backlit rim light. cropped slightly. single main subject, photorealistic color photo, natural colors, realistic texture, sharp focus on subject, no people, no text, no watermark, no logo, no border, no collage, no CGI, no illustration.","text, watermark, logo, caption, signature, border, frame, collage, multiple panels, cartoon, illustration, CGI, 3d render, low-poly, painting, anime, surreal, deformed, duplicate objects, extra limbs, blurry, out of focus, noise, oversaturated, posterized, artifacts, jpeg artifacts"
8902,ship,sailboat,docked,a grassy field,front view,foggy morning,hard,a detailed photograph,"a detailed photograph of a sailboat ship docked in a grassy field, front view, foggy morning. busy background but still one main subject. single main subject, photorealistic color photo, natural colors, realistic texture, sharp focus on subject, no people, no text, no watermark, no logo, no border, no collage, no CGI, no illustration.","text, watermark, logo, caption, signature, border, frame, collage, multiple panels, cartoon, illustration, CGI, 3d render, low-poly, painting, anime, surreal, deformed, duplicate objects, extra limbs, blurry, out of focus, noise, oversaturated, posterized, artifacts, jpeg artifacts"
8638,ship,fishing boat,moving through water,a parking lot,front view,overcast daylight,clean,a detailed photograph,"a detailed photograph of a fishing boat ship moving through water in a parking lot, front view, overcast daylight. single main subject, photorealistic color photo, natural colors, realistic texture, sharp focus on subject, no people, no text, no watermark, no logo, no border, no collage, no CGI, no illustration.","text, watermark, logo, caption, signature, border, frame, collage, multiple panels, cartoon, illustration, CGI, 3d render, low-poly, painting, anime, surreal, deformed, duplicate objects, extra limbs, blurry, out of focus, noise, oversaturated, posterized, artifacts, jpeg artifacts"
8976,ship,sailboat,moving through water,a backyard,cropped at the edge of the frame,foggy morning,hard,a high-quality image,"a high-quality image of a sailboat ship moving through water in a backyard, cropped at the edge of the frame, foggy morning. cropped slightly. single main subject, photorealistic color photo, natural colors, realistic texture, sharp focus on subject, no people, no text, no watermark, no logo, no border, no collage, no CGI, no illustration.","text, watermark, logo, caption, signature, border, frame, collage, multiple panels, cartoon, illustration, CGI, 3d render, low-poly, painting, anime, surreal, deformed, duplicate objects, extra limbs, blurry, out of focus, noise, oversaturated, posterized, artifacts, jpeg artifacts"
8664,ship,ferry,seen from a distance,a sandy beach,low angle,golden hour,clean,a professional photo,"a professional photo of a ferry ship seen from a distance in a sandy beach, low angle, golden hour. single main subject, photorealistic color photo, natural colors, realistic texture, sharp focus on subject, no people, no text, no watermark, no logo, no border, no collage, no CGI, no illustration.","text, watermark, logo, caption, signature, border, frame, collage, multiple panels, cartoon, illustration, CGI, 3d render, low-poly, painting, anime, surreal, deformed, duplicate objects, extra limbs, blurry, out of focus, noise, oversaturated, posterized, artifacts, jpeg artifacts"
8619,ship,fishing boat,anchored,a lakeside shore,high angle,nighttime under streetlights,clean,an ultra-realistic rendering,"an ultra-realistic rendering of a fishing boat ship anchored in a lakeside shore, high angle, nighttime under streetlights. single main subject, photorealistic color photo, natural colors, realistic texture, sharp focus on subject, no people, no text, no watermark, no logo, no border, no collage, no CGI, no illustration.","text, watermark, logo, caption, signature, border, frame, collage, multiple panels, cartoon, illustration, CGI, 3d render, low-poly, painting, anime, surreal, deformed, duplicate objects, extra limbs, blurry, out of focus, noise, oversaturated, posterized, artifacts, jpeg artifacts"
8869,ship,cargo ship,anchored,a city park,low angle,sunny afternoon,hard,a detailed photograph,"a detailed photograph of a cargo ship anchored in a city park, low angle, sunny afternoon. slight motion blur. single main subject, photorealistic color photo, natural colors, realistic texture, sharp focus on subject, no people, no text, no watermark, no logo, no border, no collage, no CGI, no illustration.","text, watermark, logo, caption, signature, border, frame, collage, multiple panels, cartoon, illustration, CGI, 3d render, low-poly, painting, anime, surreal, deformed, duplicate objects, extra limbs, blurry, out of focus, noise, oversaturated, posterized, artifacts, jpeg artifacts"
8225,ship,ferry,seen from a distance,a suburban neighborhood,side profile,nighttime under streetlights,clean,an ultra-realistic rendering,"an ultra-realistic rendering of a ferry ship seen from a distance in a suburban neighborhood, side profile, nighttime under streetlights. single main subject, photorealistic color photo, natural colors, realistic texture, sharp focus on subject, no people, no text, no watermark, no logo, no border, no collage, no CGI, no illustration.","text, watermark, logo, caption, signature, border, frame, collage, multiple panels, cartoon, illustration, CGI, 3d render, low-poly, painting, anime, surreal, deformed, duplicate objects, extra limbs, blurry, out of focus, noise, oversaturated, posterized, artifacts, jpeg artifacts"
8255,ship,sailboat,seen from a distance,a quiet residential street,wide shot,foggy morning,clean,a photorealistic color photo,"a photorealistic color photo of a sailboat ship seen from a distance in a quiet residential street, wide shot, foggy morning. single main subject, photorealistic color photo, natural colors, realistic texture, sharp focus on subject, no people, no text, no watermark, no logo, no border, no collage, no CGI, no illustration.","text, watermark, logo, caption, signature, border, frame, collage, multiple panels, cartoon, illustration, CGI, 3d render, low-poly, painting, anime, surreal, deformed, duplicate objects, extra limbs, blurry, out of focus, noise, oversaturated, posterized, artifacts, jpeg artifacts"
8323,ship,sailboat,docked,an urban street,side profile,overcast daylight,clean,a finely detailed photo,"a finely detailed photo of a sailboat ship docked in an urban street, side profile, overcast daylight. single main subject, photorealistic color photo, natural colors, realistic texture, sharp focus on subject, no people, no text, no watermark, no logo, no border, no collage, no CGI, no illustration.","text, watermark, logo, caption, signature, border, frame, collage, multiple panels, cartoon, illustration, CGI, 3d render, low-poly, painting, anime, surreal, deformed, duplicate objects, extra limbs, blurry, out of focus, noise, oversaturated, posterized, artifacts, jpeg artifacts"
8600,ship,fishing boat,moving through water,a gravel lot,3/4 view,rainy with wet reflections,clean,an ultra-realistic rendering,"an ultra-realistic rendering of a fishing boat ship moving through water in a gravel lot, 3/4 view, rainy with wet reflections. single main subject, photorealistic color photo, natural colors, realistic texture, sharp focus on subject, no people, no text, no watermark, no logo, no border, no collage, no CGI, no illustration.","text, watermark, logo, caption, signature, border, frame, collage, multiple panels, cartoon, illustration, CGI, 3d render, low-poly, painting, anime, surreal, deformed, duplicate objects, extra limbs, blurry, out of focus, noise, oversaturated, posterized, artifacts, jpeg artifacts"
8366,ship,fishing boat,anchored,a grassy field,3/4 view,rainy with wet reflections,clean,a photorealistic color photo,"a photorealistic color photo of a fishing boat ship anchored in a grassy field, 3/4 view, rainy with wet reflections. single main subject, photorealistic color photo, natural colors, realistic texture, sharp focus on subject, no people, no text, no watermark, no logo, no border, no collage, no CGI, no illustration.","text, watermark, logo, caption, signature, border, frame, collage, multiple panels, cartoon, illustration, CGI, 3d render, low-poly, painting, anime, surreal, deformed, duplicate objects, extra limbs, blurry, out of focus, noise, oversaturated, posterized, artifacts, jpeg artifacts"
8017,ship,sailboat,anchored,a lakeside shore,slightly off-center framing,golden hour,clean,a detailed photograph,"a detailed photograph of a sailboat ship anchored in a lakeside shore, slightly off-center framing, golden hour. single main subject, photorealistic color photo, natural colors, realistic texture, sharp focus on subject, no people, no text, no watermark, no logo, no border, no collage, no CGI, no illustration.","text, watermark, logo, caption, signature, border, frame, collage, multiple panels, cartoon, illustration, CGI, 3d render, low-poly, painting, anime, surreal, deformed, duplicate objects, extra limbs, blurry, out of focus, noise, oversaturated, posterized, artifacts, jpeg artifacts"
8463,ship,sailboat,moving through water,an urban street,high angle,sunny afternoon,clean,a detailed photograph,"a detailed photograph of a sailboat ship moving through water in an urban street, high angle, sunny afternoon. single main subject, photorealistic color photo, natural colors, realistic texture, sharp focus on subject, no people, no text, no watermark, no logo, no border, no collage, no CGI, no illustration.","text, watermark, logo, caption, signature, border, frame, collage, multiple panels, cartoon, illustration, CGI, 3d render, low-poly, painting, anime, surreal, deformed, duplicate objects, extra limbs, blurry, out of focus, noise, oversaturated, posterized, artifacts, jpeg artifacts"
8311,ship,fishing boat,moving through water,a quiet residential street,close-up,backlit rim light,clean,a professional photo,"a professional photo of a fishing boat ship moving through water in a quiet residential street, close-up, backlit rim light. single main subject, photorealistic color photo, natural colors, realistic texture, sharp focus on subject, no people, no text, no watermark, no logo, no border, no collage, no CGI, no illustration.","text, watermark, logo, caption, signature, border, frame, collage, multiple panels, cartoon, illustration, CGI, 3d render, low-poly, painting, anime, surreal, deformed, duplicate objects, extra limbs, blurry, out of focus, noise, oversaturated, posterized, artifacts, jpeg artifacts"
8637,ship,sailboat,docked,a backyard,high angle,indoor soft window light,clean,a detailed photograph,"a detailed photograph of a sailboat ship docked in a backyard, high angle, indoor soft window light. single main subject, photorealistic color photo, natural colors, realistic texture, sharp focus on subject, no people, no text, no watermark, no logo, no border, no collage, no CGI, no illustration.","text, watermark, logo, caption, signature, border, frame, collage, multiple panels, cartoon, illustration, CGI, 3d render, low-poly, painting, anime, surreal, deformed, duplicate objects, extra limbs, blurry, out of focus, noise, oversaturated, posterized, artifacts, jpeg artifacts"
8486,ship,small motorboat,anchored,a gravel lot,high angle,backlit rim light,clean,a detailed photograph,"a detailed photograph of a small motorboat ship anchored in a gravel lot, high angle, backlit rim light. single main subject, photorealistic color photo, natural colors, realistic texture, sharp focus on subject, no people, no text, no watermark, no logo, no border, no collage, no CGI, no illustration.","text, watermark, logo, caption, signature, border, frame, collage, multiple panels, cartoon, illustration, CGI, 3d render, low-poly, painting, anime, surreal, deformed, duplicate objects, extra limbs, blurry, out of focus, noise, oversaturated, posterized, artifacts, jpeg artifacts"
8817,ship,cruise ship,anchored,a countryside road,front view,sunny afternoon,hard,a high-quality image,"a high-quality image of a cruise ship anchored in a countryside road, front view, sunny afternoon. busy background but still one main subject. single main subject, photorealistic color photo, natural colors, realistic texture, sharp focus on subject, no people, no text, no watermark, no logo, no border, no collage, no CGI, no illustration.","text, watermark, logo, caption, signature, border, frame, collage, multiple panels, cartoon, illustration, CGI, 3d render, low-poly, painting, anime, surreal, deformed, duplicate objects, extra limbs, blurry, out of focus, noise, oversaturated, posterized, artifacts, jpeg artifacts"
8396,ship,fishing boat,anchored,a city park,side profile,foggy morning,clean,a high-quality image,"a high-quality image of a fishing boat ship anchored in a city park, side profile, foggy morning. single main subject, photorealistic color photo, natural colors, realistic texture, sharp focus on subject, no people, no text, no watermark, no logo, no border, no collage, no CGI, no illustration.","text, watermark, logo, caption, signature, border, frame, collage, multiple panels, cartoon, illustration, CGI, 3d render, low-poly, painting, anime, surreal, deformed, duplicate objects, extra limbs, blurry, out of focus, noise, oversaturated, posterized, artifacts, jpeg artifacts"
8784,ship,cargo ship,anchored,a forest clearing,wide shot,nighttime under streetlights,clean,an ultra-realistic rendering,"an ultra-realistic rendering of a cargo ship anchored in a forest clearing, wide shot, nighttime under streetlights. single main subject, photorealistic color photo, natural colors, realistic texture, sharp focus on subject, no people, no text, no watermark, no logo, no border, no collage, no CGI, no illustration.","text, watermark, logo, caption, signature, border, frame, collage, multiple panels, cartoon, illustration, CGI, 3d render, low-poly, painting, anime, surreal, deformed, duplicate objects, extra limbs, blurry, out of focus, noise, oversaturated, posterized, artifacts, jpeg artifacts"
8394,ship,cruise ship,seen from a distance,a sandy beach,low angle,foggy morning,clean,a professional photo,"a professional photo of a cruise ship seen from a distance in a sandy beach, low angle, foggy morning. single main subject, photorealistic color photo, natural colors, realistic texture, sharp focus on subject, no people, no text, no watermark, no logo, no border, no collage, no CGI, no illustration.","text, watermark, logo, caption, signature, border, frame, collage, multiple panels, cartoon, illustration, CGI, 3d render, low-poly, painting, anime, surreal, deformed, duplicate objects, extra limbs, blurry, out of focus, noise, oversaturated, posterized, artifacts, jpeg artifacts"
8809,ship,cargo ship,seen from a distance,a grassy field,side profile,foggy morning,hard,a photorealistic color photo,"a photorealistic color photo of a cargo ship seen from a distance in a grassy field, side profile, foggy morning. slight motion blur. single main subject, photorealistic color photo, natural colors, realistic texture, sharp focus on subject, no people, no text, no watermark, no logo, no border, no collage, no CGI, no illustration.","text, watermark, logo, caption, signature, border, frame, collage, multiple panels, cartoon, illustration, CGI, 3d render, low-poly, painting, anime, surreal, deformed, duplicate objects, extra limbs, blurry, out of focus, noise, oversaturated, posterized, artifacts, jpeg artifacts"
8015,ship,sailboat,seen from a distance,a parking lot,3/4 view,backlit rim light,clean,a detailed photograph,"a detailed photograph of a sailboat ship seen from a distance in a parking lot, 3/4 view, backlit rim light. single main subject, photorealistic color photo, natural colors, realistic texture, sharp focus on subject, no people, no text, no watermark, no logo, no border, no collage, no CGI, no illustration.","text, watermark, logo, caption, signature, border, frame, collage, multiple panels, cartoon, illustration, CGI, 3d render, low-poly, painting, anime, surreal, deformed, duplicate objects, extra limbs, blurry, out of focus, noise, oversaturated, posterized, artifacts, jpeg artifacts"
8844,ship,sailboat,anchored,a gravel lot,side profile,golden hour,hard,a professional photo,"a professional photo of a sailboat ship anchored in a gravel lot, side profile, golden hour. cropped slightly. single main subject, photorealistic color photo, natural colors, realistic texture, sharp focus on subject, no people, no text, no watermark, no logo, no border, no collage, no CGI, no illustration.","text, watermark, logo, caption, signature, border, frame, collage, multiple panels, cartoon, illustration, CGI, 3d render, low-poly, painting, anime, surreal, deformed, duplicate objects, extra limbs, blurry, out of focus, noise, oversaturated, posterized, artifacts, jpeg artifacts"
8390,ship,cargo ship,seen from a distance,a grassy field,slightly off-center framing,overcast daylight,clean,a photorealistic color photo,"a photorealistic color photo of a cargo ship seen from a distance in a grassy field, slightly off-center framing, overcast daylight. single main subject, photorealistic color photo, natural colors, realistic texture, sharp focus on subject, no people, no text, no watermark, no logo, no border, no collage, no CGI, no illustration.","text, watermark, logo, caption, signature, border, frame, collage, multiple panels, cartoon, illustration, CGI, 3d render, low-poly, painting, anime, surreal, deformed, duplicate objects, extra limbs, blurry, out of focus, noise, oversaturated, posterized, artifacts, jpeg artifacts"
8741,ship,cruise ship,seen from a distance,a lakeside shore,slightly off-center framing,backlit rim light,clean,an ultra-realistic rendering,"an ultra-realistic rendering of a cruise ship seen from a distance in a lakeside shore, slightly off-center framing, backlit rim light. single main subject, photorealistic color photo, natural colors, realistic texture, sharp focus on subject, no people, no text, no watermark, no logo, no border, no collage, no CGI, no illustration.","text, watermark, logo, caption, signature, border, frame, collage, multiple panels, cartoon, illustration, CGI, 3d render, low-poly, painting, anime, surreal, deformed, duplicate objects, extra limbs, blurry, out of focus, noise, oversaturated, posterized, artifacts, jpeg artifacts"
8533,ship,ferry,seen from a distance,a backyard,front view,nighttime under streetlights,clean,a finely detailed photo,"a finely detailed photo of a ferry ship seen from a distance in a backyard, front view, nighttime under streetlights. single main subject, photorealistic color photo, natural colors, realistic texture, sharp focus on subject, no people, no text, no watermark, no logo, no border, no collage, no CGI, no illustration.","text, watermark, logo, caption, signature, border, frame, collage, multiple panels, cartoon, illustration, CGI, 3d render, low-poly, painting, anime, surreal, deformed, duplicate objects, extra limbs, blurry, out of focus, noise, oversaturated, posterized, artifacts, jpeg artifacts"
8239,ship,ferry,seen from a distance,a parking lot,front view,nighttime under streetlights,clean,an ultra-realistic rendering,"an ultra-realistic rendering of a ferry ship seen from a distance in a parking lot, front view, nighttime under streetlights. single main subject, photorealistic color photo, natural colors, realistic texture, sharp focus on subject, no people, no text, no watermark, no logo, no border, no collage, no CGI, no illustration.","text, watermark, logo, caption, signature, border, frame, collage, multiple panels, cartoon, illustration, CGI, 3d render, low-poly, painting, anime, surreal, deformed, duplicate objects, extra limbs, blurry, out of focus, noise, oversaturated, posterized, artifacts, jpeg artifacts"
8832,ship,sailboat,seen from a distance,an industrial yard,distant subject in the background,nighttime under streetlights,hard,a professional photo,"a professional photo of a sailboat ship seen from a distance in an industrial yard, distant subject in the background, nighttime under streetlights. cropped slightly. single main subject, photorealistic color photo, natural colors, realistic texture, sharp focus on subject, no people, no text, no watermark, no logo, no border, no collage, no CGI, no illustration.","text, watermark, logo, caption, signature, border, frame, collage, multiple panels, cartoon, illustration, CGI, 3d render, low-poly, painting, anime, surreal, deformed, duplicate objects, extra limbs, blurry, out of focus, noise, oversaturated, posterized, artifacts, jpeg artifacts"
8398,ship,ferry,seen from a distance,a forest clearing,high angle,indoor soft window light,clean,a detailed photograph,"a detailed photograph of a ferry ship seen from a distance in a forest clearing, high angle, indoor soft window light. single main subject, photorealistic color photo, natural colors, realistic texture, sharp focus on subject, no people, no text, no watermark, no logo, no border, no collage, no CGI, no illustration.","text, watermark, logo, caption, signature, border, frame, collage, multiple panels, cartoon, illustration, CGI, 3d render, low-poly, painting, anime, surreal, deformed, duplicate objects, extra limbs, blurry, out of focus, noise, oversaturated, posterized, artifacts, jpeg artifacts"
8862,ship,small motorboat,docked,a quiet residential street,front view,foggy morning,hard,a high-quality image,"a high-quality image of a small motorboat ship docked in a quiet residential street, front view, foggy morning. partially occluded by a foreground object. single main subject, photorealistic color photo, natural colors, realistic texture, sharp focus on subject, no people, no text, no watermark, no logo, no border, no collage, no CGI, no illustration.","text, watermark, logo, caption, signature, border, frame, collage, multiple panels, cartoon, illustration, CGI, 3d render, low-poly, painting, anime, surreal, deformed, duplicate objects, extra limbs, blurry, out of focus, noise, oversaturated, posterized, artifacts, jpeg artifacts"
8378,ship,ferry,moving through water,a sandy beach,wide shot,rainy with wet reflections,clean,a photorealistic color photo,"a photorealistic color photo of a ferry ship moving through water in a sandy beach, wide shot, rainy with wet reflections. single main subject, photorealistic color photo, natural colors, realistic texture, sharp focus on subject, no people, no text, no watermark, no logo, no border, no collage, no CGI, no illustration.","text, watermark, logo, caption, signature, border, frame, collage, multiple panels, cartoon, illustration, CGI, 3d render, low-poly, painting, anime, surreal, deformed, duplicate objects, extra limbs, blurry, out of focus, noise, oversaturated, posterized, artifacts, jpeg artifacts"
8456,ship,ferry,moving through water,a lakeside shore,low angle,foggy morning,clean,a detailed photograph,"a detailed photograph of a ferry ship moving through water in a lakeside shore, low angle, foggy morning. single main subject, photorealistic color photo, natural colors, realistic texture, sharp focus on subject, no people, no text, no watermark, no logo, no border, no collage, no CGI, no illustration.","text, watermark, logo, caption, signature, border, frame, collage, multiple panels, cartoon, illustration, CGI, 3d render, low-poly, painting, anime, surreal, deformed, duplicate objects, extra limbs, blurry, out of focus, noise, oversaturated, posterized, artifacts, jpeg artifacts"
8714,ship,small motorboat,anchored,a grassy field,side profile,overcast daylight,clean,a detailed photograph,"a detailed photograph of a small motorboat ship anchored in a grassy field, side profile, overcast daylight. single main subject, photorealistic color photo, natural colors, realistic texture, sharp focus on subject, no people, no text, no watermark, no logo, no border, no collage, no CGI, no illustration.","text, watermark, logo, caption, signature, border, frame, collage, multiple panels, cartoon, illustration, CGI, 3d render, low-poly, painting, anime, surreal, deformed, duplicate objects, extra limbs, blurry, out of focus, noise, oversaturated, posterized, artifacts, jpeg artifacts"
8684,ship,small motorboat,anchored,a lakeside shore,low angle,golden hour,clean,a photorealistic color photo,"a photorealistic color photo of a small motorboat ship anchored in a lakeside shore, low angle, golden hour. single main subject, photorealistic color photo, natural colors, realistic texture, sharp focus on subject, no people, no text, no watermark, no logo, no border, no collage, no CGI, no illustration.","text, watermark, logo, caption, signature, border, frame, collage, multiple panels, cartoon, illustration, CGI, 3d render, low-poly, painting, anime, surreal, deformed, duplicate objects, extra limbs, blurry, out of focus, noise, oversaturated, posterized, artifacts, jpeg artifacts"
8203,ship,sailboat,moving through water,a grassy field,close-up,rainy with wet reflections,clean,a photorealistic color photo,"a photorealistic color photo of a sailboat ship moving through water in a grassy field, close-up, rainy with wet reflections. single main subject, photorealistic color photo, natural colors, realistic texture, sharp focus on subject, no people, no text, no watermark, no logo, no border, no collage, no CGI, no illustration.","text, watermark, logo, caption, signature, border, frame, collage, multiple panels, cartoon, illustration, CGI, 3d render, low-poly, painting, anime, surreal, deformed, duplicate objects, extra limbs, blurry, out of focus, noise, oversaturated, posterized, artifacts, jpeg artifacts"
8471,ship,sailboat,moving through water,a backyard,front view,backlit rim light,clean,a professional photo,"a professional photo of a sailboat ship moving through water in a backyard, front view, backlit rim light. single main subject, photorealistic color photo, natural colors, realistic texture, sharp focus on subject, no people, no text, no watermark, no logo, no border, no collage, no CGI, no illustration.","text, watermark, logo, caption, signature, border, frame, collage, multiple panels, cartoon, illustration, CGI, 3d render, low-poly, painting, anime, surreal, deformed, duplicate objects, extra limbs, blurry, out of focus, noise, oversaturated, posterized, artifacts, jpeg artifacts"
8980,ship,cruise ship,moving through water,an urban street,distant subject in the background,indoor soft window light,hard,a detailed photograph,"a detailed photograph of a cruise ship moving through water in an urban street, distant subject in the background, indoor soft window light. in the distance. single main subject, photorealistic color photo, natural colors, realistic texture, sharp focus on subject, no people, no text, no watermark, no logo, no border, no collage, no CGI, no illustration.","text, watermark, logo, caption, signature, border, frame, collage, multiple panels, cartoon, illustration, CGI, 3d render, low-poly, painting, anime, surreal, deformed, duplicate objects, extra limbs, blurry, out of focus, noise, oversaturated, posterized, artifacts, jpeg artifacts"
8689,ship,small motorboat,moving through water,a quiet residential street,wide shot,indoor soft window light,clean,an ultra-realistic rendering,"an ultra-realistic rendering of a small motorboat ship moving through water in a quiet residential street, wide shot, indoor soft window light. single main subject, photorealistic color photo, natural colors, realistic texture, sharp focus on subject, no people, no text, no watermark, no logo, no border, no collage, no CGI, no illustration.","text, watermark, logo, caption, signature, border, frame, collage, multiple panels, cartoon, illustration, CGI, 3d render, low-poly, painting, anime, surreal, deformed, duplicate objects, extra limbs, blurry, out of focus, noise, oversaturated, posterized, artifacts, jpeg artifacts"
8281,ship,ferry,anchored,a sandy beach,3/4 view,foggy morning,clean,a detailed photograph,"a detailed photograph of a ferry ship anchored in a sandy beach, 3/4 view, foggy morning. single main subject, photorealistic color photo, natural colors, realistic texture, sharp focus on subject, no people, no text, no watermark, no logo, no border, no collage, no CGI, no illustration.","text, watermark, logo, caption, signature, border, frame, collage, multiple panels, cartoon, illustration, CGI, 3d render, low-poly, painting, anime, surreal, deformed, duplicate objects, extra limbs, blurry, out of focus, noise, oversaturated, posterized, artifacts, jpeg artifacts"
8424,ship,fishing boat,anchored,a quiet residential street,front view,backlit rim light,clean,a photorealistic color photo,"a photorealistic color photo of a fishing boat ship anchored in a quiet residential street, front view, backlit rim light. single main subject, photorealistic color photo, natural colors, realistic texture, sharp focus on subject, no people, no text, no watermark, no logo, no border, no collage, no CGI, no illustration.","text, watermark, logo, caption, signature, border, frame, collage, multiple panels, cartoon, illustration, CGI, 3d render, low-poly, painting, anime, surreal, deformed, duplicate objects, extra limbs, blurry, out of focus, noise, oversaturated, posterized, artifacts, jpeg artifacts"
8386,ship,small motorboat,moving through water,a backyard,wide shot,rainy with wet reflections,clean,a professional photo,"a professional photo of a small motorboat ship moving through water in a backyard, wide shot, rainy with wet reflections. single main subject, photorealistic color photo, natural colors, realistic texture, sharp focus on subject, no people, no text, no watermark, no logo, no border, no collage, no CGI, no illustration.","text, watermark, logo, caption, signature, border, frame, collage, multiple panels, cartoon, illustration, CGI, 3d render, low-poly, painting, anime, surreal, deformed, duplicate objects, extra limbs, blurry, out of focus, noise, oversaturated, posterized, artifacts, jpeg artifacts"
8703,ship,sailboat,seen from a distance,a grassy field,low angle,sunny afternoon,clean,an ultra-realistic rendering,"an ultra-realistic rendering of a sailboat ship seen from a distance in a grassy field, low angle, sunny afternoon. single main subject, photorealistic color photo, natural colors, realistic texture, sharp focus on subject, no people, no text, no watermark, no logo, no border, no collage, no CGI, no illustration.","text, watermark, logo, caption, signature, border, frame, collage, multiple panels, cartoon, illustration, CGI, 3d render, low-poly, painting, anime, surreal, deformed, duplicate objects, extra limbs, blurry, out of focus, noise, oversaturated, posterized, artifacts, jpeg artifacts"
8115,ship,cruise ship,anchored,a grassy field,close-up,indoor soft window light,clean,a detailed photograph,"a detailed photograph of a cruise ship anchored in a grassy field, close-up, indoor soft window light. single main subject, photorealistic color photo, natural colors, realistic texture, sharp focus on subject, no people, no text, no watermark, no logo, no border, no collage, no CGI, no illustration.","text, watermark, logo, caption, signature, border, frame, collage, multiple panels, cartoon, illustration, CGI, 3d render, low-poly, painting, anime, surreal, deformed, duplicate objects, extra limbs, blurry, out of focus, noise, oversaturated, posterized, artifacts, jpeg artifacts"
8940,ship,small motorboat,docked,a lakeside shore,high angle,nighttime under streetlights,hard,a professional photo,"a professional photo of a small motorboat ship docked in a lakeside shore, high angle, nighttime under streetlights. partially occluded by a foreground object. single main subject, photorealistic color photo, natural colors, realistic texture, sharp focus on subject, no people, no text, no watermark, no logo, no border, no collage, no CGI, no illustration.","text, watermark, logo, caption, signature, border, frame, collage, multiple panels, cartoon, illustration, CGI, 3d render, low-poly, painting, anime, surreal, deformed, duplicate objects, extra limbs, blurry, out of focus, noise, oversaturated, posterized, artifacts, jpeg artifacts"
8677,ship,fishing boat,seen from a distance,a parking lot,close-up,foggy morning,clean,a detailed photograph,"a detailed photograph of a fishing boat ship seen from a distance in a parking lot, close-up, foggy morning. single main subject, photorealistic color photo, natural colors, realistic texture, sharp focus on subject, no people, no text, no watermark, no logo, no border, no collage, no CGI, no illustration.","text, watermark, logo, caption, signature, border, frame, collage, multiple panels, cartoon, illustration, CGI, 3d render, low-poly, painting, anime, surreal, deformed, duplicate objects, extra limbs, blurry, out of focus, noise, oversaturated, posterized, artifacts, jpeg artifacts"
8174,ship,sailboat,moving through water,a city park,close-up,indoor soft window light,clean,a professional photo,"a professional photo of a sailboat ship moving through water in a city park, close-up, indoor soft window light. single main subject, photorealistic color photo, natural colors, realistic texture, sharp focus on subject, no people, no text, no watermark, no logo, no border, no collage, no CGI, no illustration.","text, watermark, logo, caption, signature, border, frame, collage, multiple panels, cartoon, illustration, CGI, 3d render, low-poly, painting, anime, surreal, deformed, duplicate objects, extra limbs, blurry, out of focus, noise, oversaturated, posterized, artifacts, jpeg artifacts"
8009,ship,small motorboat,moving through water,a gravel lot,side profile,sunny afternoon,clean,a detailed photograph,"a detailed photograph of a small motorboat ship moving through water in a gravel lot, side profile, sunny afternoon. single main subject, photorealistic color photo, natural colors, realistic texture, sharp focus on subject, no people, no text, no watermark, no logo, no border, no collage, no CGI, no illustration.","text, watermark, logo, caption, signature, border, frame, collage, multiple panels, cartoon, illustration, CGI, 3d render, low-poly, painting, anime, surreal, deformed, duplicate objects, extra limbs, blurry, out of focus, noise, oversaturated, posterized, artifacts, jpeg artifacts"
8923,ship,cruise ship,docked,a forest clearing,wide shot,sunny afternoon,hard,an ultra-realistic rendering,"an ultra-realistic rendering of a cruise ship docked in a forest clearing, wide shot, sunny afternoon. cropped slightly. single main subject, photorealistic color photo, natural colors, realistic texture, sharp focus on subject, no people, no text, no watermark, no logo, no border, no collage, no CGI, no illustration.","text, watermark, logo, caption, signature, border, frame, collage, multiple panels, cartoon, illustration, CGI, 3d render, low-poly, painting, anime, surreal, deformed, duplicate objects, extra limbs, blurry, out of focus, noise, oversaturated, posterized, artifacts, jpeg artifacts"
8124,ship,fishing boat,docked,a countryside road,high angle,nighttime under streetlights,clean,a detailed photograph,"a detailed photograph of a fishing boat ship docked in a countryside road, high angle, nighttime under streetlights. single main subject, photorealistic color photo, natural colors, realistic texture, sharp focus on subject, no people, no text, no watermark, no logo, no border, no collage, no CGI, no illustration.","text, watermark, logo, caption, signature, border, frame, collage, multiple panels, cartoon, illustration, CGI, 3d render, low-poly, painting, anime, surreal, deformed, duplicate objects, extra limbs, blurry, out of focus, noise, oversaturated, posterized, artifacts, jpeg artifacts"
8102,ship,cargo ship,anchored,a gravel lot,front view,golden hour,clean,a professional photo,"a professional photo of a cargo ship anchored in a gravel lot, front view, golden hour. single main subject, photorealistic color photo, natural colors, realistic texture, sharp focus on subject, no people, no text, no watermark, no logo, no border, no collage, no CGI, no illustration.","text, watermark, logo, caption, signature, border, frame, collage, multiple panels, cartoon, illustration, CGI, 3d render, low-poly, painting, anime, surreal, deformed, duplicate objects, extra limbs, blurry, out of focus, noise, oversaturated, posterized, artifacts, jpeg artifacts"
8052,ship,fishing boat,seen from a distance,an urban street,low angle,overcast daylight,clean,a high-quality image,"a high-quality image of a fishing boat ship seen from a distance in an urban street, low angle, overcast daylight. single main subject, photorealistic color photo, natural colors, realistic texture, sharp focus on subject, no people, no text, no watermark, no logo, no border, no collage, no CGI, no illustration.","text, watermark, logo, caption, signature, border, frame, collage, multiple panels, cartoon, illustration, CGI, 3d render, low-poly, painting, anime, surreal, deformed, duplicate objects, extra limbs, blurry, out of focus, noise, oversaturated, posterized, artifacts, jpeg artifacts"
8410,ship,cargo ship,moving through water,an industrial yard,close-up,overcast daylight,clean,a detailed photograph,"a detailed photograph of a cargo ship moving through water in an industrial yard, close-up, overcast daylight. single main subject, photorealistic color photo, natural colors, realistic texture, sharp focus on subject, no people, no text, no watermark, no logo, no border, no collage, no CGI, no illustration.","text, watermark, logo, caption, signature, border, frame, collage, multiple panels, cartoon, illustration, CGI, 3d render, low-poly, painting, anime, surreal, deformed, duplicate objects, extra limbs, blurry, out of focus, noise, oversaturated, posterized, artifacts, jpeg artifacts"
8245,ship,fishing boat,moving through water,a lakeside shore,wide shot,nighttime under streetlights,clean,an ultra-realistic rendering,"an ultra-realistic rendering of a fishing boat ship moving through water in a lakeside shore, wide shot, nighttime under streetlights. single main subject, photorealistic color photo, natural colors, realistic texture, sharp focus on subject, no people, no text, no watermark, no logo, no border, no collage, no CGI, no illustration.","text, watermark, logo, caption, signature, border, frame, collage, multiple panels, cartoon, illustration, CGI, 3d render, low-poly, painting, anime, surreal, deformed, duplicate objects, extra limbs, blurry, out of focus, noise, oversaturated, posterized, artifacts, jpeg artifacts"
8584,ship,fishing boat,docked,a wet roadway after rain,close-up,nighttime under streetlights,clean,a professional photo,"a professional photo of a fishing boat ship docked in a wet roadway after rain, close-up, nighttime under streetlights. single main subject, photorealistic color photo, natural colors, realistic texture, sharp focus on subject, no people, no text, no watermark, no logo, no border, no collage, no CGI, no illustration.","text, watermark, logo, caption, signature, border, frame, collage, multiple panels, cartoon, illustration, CGI, 3d render, low-poly, painting, anime, surreal, deformed, duplicate objects, extra limbs, blurry, out of focus, noise, oversaturated, posterized, artifacts, jpeg artifacts"
8213,ship,ferry,anchored,a parking lot,high angle,sunny afternoon,clean,a professional photo,"a professional photo of a ferry ship anchored in a parking lot, high angle, sunny afternoon. single main subject, photorealistic color photo, natural colors, realistic texture, sharp focus on subject, no people, no text, no watermark, no logo, no border, no collage, no CGI, no illustration.","text, watermark, logo, caption, signature, border, frame, collage, multiple panels, cartoon, illustration, CGI, 3d render, low-poly, painting, anime, surreal, deformed, duplicate objects, extra limbs, blurry, out of focus, noise, oversaturated, posterized, artifacts, jpeg artifacts"
8510,ship,cruise ship,anchored,a countryside road,front view,golden hour,clean,a professional photo,"a professional photo of a cruise ship anchored in a countryside road, front view, golden hour. single main subject, photorealistic color photo, natural colors, realistic texture, sharp focus on subject, no people, no text, no watermark, no logo, no border, no collage, no CGI, no illustration.","text, watermark, logo, caption, signature, border, frame, collage, multiple panels, cartoon, illustration, CGI, 3d render, low-poly, painting, anime, surreal, deformed, duplicate objects, extra limbs, blurry, out of focus, noise, oversaturated, posterized, artifacts, jpeg artifacts"
8376,ship,cargo ship,moving through water,a sandy beach,3/4 view,backlit rim light,clean,a finely detailed photo,"a finely detailed photo of a cargo ship moving through water in a sandy beach, 3/4 view, backlit rim light. single main subject, photorealistic color photo, natural colors, realistic texture, sharp focus on subject, no people, no text, no watermark, no logo, no border, no collage, no CGI, no illustration.","text, watermark, logo, caption, signature, border, frame, collage, multiple panels, cartoon, illustration, CGI, 3d render, low-poly, painting, anime, surreal, deformed, duplicate objects, extra limbs, blurry, out of focus, noise, oversaturated, posterized, artifacts, jpeg artifacts"
8360,ship,cargo ship,docked,a quiet residential street,side profile,nighttime under streetlights,clean,an ultra-realistic rendering,"an ultra-realistic rendering of a cargo ship docked in a quiet residential street, side profile, nighttime under streetlights. single main subject, photorealistic color photo, natural colors, realistic texture, sharp focus on subject, no people, no text, no watermark, no logo, no border, no collage, no CGI, no illustration.","text, watermark, logo, caption, signature, border, frame, collage, multiple panels, cartoon, illustration, CGI, 3d render, low-poly, painting, anime, surreal, deformed, duplicate objects, extra limbs, blurry, out of focus, noise, oversaturated, posterized, artifacts, jpeg artifacts"
8086,ship,ferry,moving through water,a gravel lot,high angle,foggy morning,clean,a detailed photograph,"a detailed photograph of a ferry ship moving through water in a gravel lot, high angle, foggy morning. single main subject, photorealistic color photo, natural colors, realistic texture, sharp focus on subject, no people, no text, no watermark, no logo, no border, no collage, no CGI, no illustration.","text, watermark, logo, caption, signature, border, frame, collage, multiple panels, cartoon, illustration, CGI, 3d render, low-poly, painting, anime, surreal, deformed, duplicate objects, extra limbs, blurry, out of focus, noise, oversaturated, posterized, artifacts, jpeg artifacts"
8079,ship,fishing boat,docked,a gravel lot,close-up,nighttime under streetlights,clean,an ultra-realistic rendering,"an ultra-realistic rendering of a fishing boat ship docked in a gravel lot, close-up, nighttime under streetlights. single main subject, photorealistic color photo, natural colors, realistic texture, sharp focus on subject, no people, no text, no watermark, no logo, no border, no collage, no CGI, no illustration.","text, watermark, logo, caption, signature, border, frame, collage, multiple panels, cartoon, illustration, CGI, 3d render, low-poly, painting, anime, surreal, deformed, duplicate objects, extra limbs, blurry, out of focus, noise, oversaturated, posterized, artifacts, jpeg artifacts"
8764,ship,ferry,seen from a distance,an urban street,close-up,golden hour,clean,an ultra-realistic rendering,"an ultra-realistic rendering of a ferry ship seen from a distance in an urban street, close-up, golden hour. single main subject, photorealistic color photo, natural colors, realistic texture, sharp focus on subject, no people, no text, no watermark, no logo, no border, no collage, no CGI, no illustration.","text, watermark, logo, caption, signature, border, frame, collage, multiple panels, cartoon, illustration, CGI, 3d render, low-poly, painting, anime, surreal, deformed, duplicate objects, extra limbs, blurry, out of focus, noise, oversaturated, posterized, artifacts, jpeg artifacts"
8688,ship,small motorboat,moving through water,a lakeside shore,high angle,sunny afternoon,clean,a professional photo,"a professional photo of a small motorboat ship moving through water in a lakeside shore, high angle, sunny afternoon. single main subject, photorealistic color photo, natural colors, realistic texture, sharp focus on subject, no people, no text, no watermark, no logo, no border, no collage, no CGI, no illustration.","text, watermark, logo, caption, signature, border, frame, collage, multiple panels, cartoon, illustration, CGI, 3d render, low-poly, painting, anime, surreal, deformed, duplicate objects, extra limbs, blurry, out of focus, noise, oversaturated, posterized, artifacts, jpeg artifacts"
8156,ship,ferry,anchored,a city park,slightly off-center framing,golden hour,clean,a photorealistic color photo,"a photorealistic color photo of a ferry ship anchored in a city park, slightly off-center framing, golden hour. single main subject, photorealistic color photo, natural colors, realistic texture, sharp focus on subject, no people, no text, no watermark, no logo, no border, no collage, no CGI, no illustration.","text, watermark, logo, caption, signature, border, frame, collage, multiple panels, cartoon, illustration, CGI, 3d render, low-poly, painting, anime, surreal, deformed, duplicate objects, extra limbs, blurry, out of focus, noise, oversaturated, posterized, artifacts, jpeg artifacts"
8294,ship,sailboat,moving through water,a forest clearing,side profile,nighttime under streetlights,clean,a high-quality image,"a high-quality image of a sailboat ship moving through water in a forest clearing, side profile, nighttime under streetlights. single main subject, photorealistic color photo, natural colors, realistic texture, sharp focus on subject, no people, no text, no watermark, no logo, no border, no collage, no CGI, no illustration.","text, watermark, logo, caption, signature, border, frame, collage, multiple panels, cartoon, illustration, CGI, 3d render, low-poly, painting, anime, surreal, deformed, duplicate objects, extra limbs, blurry, out of focus, noise, oversaturated, posterized, artifacts, jpeg artifacts"
8894,ship,cruise ship,anchored,a city park,distant subject in the background,foggy morning,hard,a detailed photograph,"a detailed photograph of a cruise ship anchored in a city park, distant subject in the background, foggy morning. slight motion blur. single main subject, photorealistic color photo, natural colors, realistic texture, sharp focus on subject, no people, no text, no watermark, no logo, no border, no collage, no CGI, no illustration.","text, watermark, logo, caption, signature, border, frame, collage, multiple panels, cartoon, illustration, CGI, 3d render, low-poly, painting, anime, surreal, deformed, duplicate objects, extra limbs, blurry, out of focus, noise, oversaturated, posterized, artifacts, jpeg artifacts"
8431,ship,fishing boat,docked,an industrial yard,front view,sunny afternoon,clean,a photorealistic color photo,"a photorealistic color photo of a fishing boat ship docked in an industrial yard, front view, sunny afternoon. single main subject, photorealistic color photo, natural colors, realistic texture, sharp focus on subject, no people, no text, no watermark, no logo, no border, no collage, no CGI, no illustration.","text, watermark, logo, caption, signature, border, frame, collage, multiple panels, cartoon, illustration, CGI, 3d render, low-poly, painting, anime, surreal, deformed, duplicate objects, extra limbs, blurry, out of focus, noise, oversaturated, posterized, artifacts, jpeg artifacts"
8988,ship,small motorboat,anchored,a city park,3/4 view,nighttime under streetlights,hard,a detailed photograph,"a detailed photograph of a small motorboat ship anchored in a city park, 3/4 view, nighttime under streetlights. busy background but still one main subject. single main subject, photorealistic color photo, natural colors, realistic texture, sharp focus on subject, no people, no text, no watermark, no logo, no border, no collage, no CGI, no illustration.","text, watermark, logo, caption, signature, border, frame, collage, multiple panels, cartoon, illustration, CGI, 3d render, low-poly, painting, anime, surreal, deformed, duplicate objects, extra limbs, blurry, out of focus, noise, oversaturated, posterized, artifacts, jpeg artifacts"
8866,ship,fishing boat,anchored,a parking lot,distant subject in the background,foggy morning,hard,a professional photo,"a professional photo of a fishing boat ship anchored in a parking lot, distant subject in the background, foggy morning. in the distance. single main subject, photorealistic color photo, natural colors, realistic texture, sharp focus on subject, no people, no text, no watermark, no logo, no border, no collage, no CGI, no illustration.","text, watermark, logo, caption, signature, border, frame, collage, multiple panels, cartoon, illustration, CGI, 3d render, low-poly, painting, anime, surreal, deformed, duplicate objects, extra limbs, blurry, out of focus, noise, oversaturated, posterized, artifacts, jpeg artifacts"
8177,ship,ferry,moving through water,a forest clearing,wide shot,sunny afternoon,clean,a professional photo,"a professional photo of a ferry ship moving through water in a forest clearing, wide shot, sunny afternoon. single main subject, photorealistic color photo, natural colors, realistic texture, sharp focus on subject, no people, no text, no watermark, no logo, no border, no collage, no CGI, no illustration.","text, watermark, logo, caption, signature, border, frame, collage, multiple panels, cartoon, illustration, CGI, 3d render, low-poly, painting, anime, surreal, deformed, duplicate objects, extra limbs, blurry, out of focus, noise, oversaturated, posterized, artifacts, jpeg artifacts"
8772,ship,ferry,moving through water,a quiet residential street,high angle,golden hour,clean,a high-quality image,"a high-quality image of a ferry ship moving through water in a quiet residential street, high angle, golden hour. single main subject, photorealistic color photo, natural colors, realistic texture, sharp focus on subject, no people, no text, no watermark, no logo, no border, no collage, no CGI, no illustration.","text, watermark, logo, caption, signature, border, frame, collage, multiple panels, cartoon, illustration, CGI, 3d render, low-poly, painting, anime, surreal, deformed, duplicate objects, extra limbs, blurry, out of focus, noise, oversaturated, posterized, artifacts, jpeg artifacts"
8757,ship,cruise ship,docked,a sandy beach,side profile,backlit rim light,clean,an ultra-realistic rendering,"an ultra-realistic rendering of a cruise ship docked in a sandy beach, side profile, backlit rim light. single main subject, photorealistic color photo, natural colors, realistic texture, sharp focus on subject, no people, no text, no watermark, no logo, no border, no collage, no CGI, no illustration.","text, watermark, logo, caption, signature, border, frame, collage, multiple panels, cartoon, illustration, CGI, 3d render, low-poly, painting, anime, surreal, deformed, duplicate objects, extra limbs, blurry, out of focus, noise, oversaturated, posterized, artifacts, jpeg artifacts"
8421,ship,ferry,anchored,a city park,front view,overcast daylight,clean,a high-quality image,"a high-quality image of a ferry ship anchored in a city park, front view, overcast daylight. single main subject, photorealistic color photo, natural colors, realistic texture, sharp focus on subject, no people, no text, no watermark, no logo, no border, no collage, no CGI, no illustration.","text, watermark, logo, caption, signature, border, frame, collage, multiple panels, cartoon, illustration, CGI, 3d render, low-poly, painting, anime, surreal, deformed, duplicate objects, extra limbs, blurry, out of focus, noise, oversaturated, posterized, artifacts, jpeg artifacts"
8018,ship,sailboat,docked,a forest clearing,low angle,indoor soft window light,clean,an ultra-realistic rendering,"an ultra-realistic rendering of a sailboat ship docked in a forest clearing, low angle, indoor soft window light. single main subject, photorealistic color photo, natural colors, realistic texture, sharp focus on subject, no people, no text, no watermark, no logo, no border, no collage, no CGI, no illustration.","text, watermark, logo, caption, signature, border, frame, collage, multiple panels, cartoon, illustration, CGI, 3d render, low-poly, painting, anime, surreal, deformed, duplicate objects, extra limbs, blurry, out of focus, noise, oversaturated, posterized, artifacts, jpeg artifacts"
8705,ship,cargo ship,anchored,a suburban neighborhood,front view,backlit rim light,clean,a finely detailed photo,"a finely detailed photo of a cargo ship anchored in a suburban neighborhood, front view, backlit rim light. single main subject, photorealistic color photo, natural colors, realistic texture, sharp focus on subject, no people, no text, no watermark, no logo, no border, no collage, no CGI, no illustration.","text, watermark, logo, caption, signature, border, frame, collage, multiple panels, cartoon, illustration, CGI, 3d render, low-poly, painting, anime, surreal, deformed, duplicate objects, extra limbs, blurry, out of focus, noise, oversaturated, posterized, artifacts, jpeg artifacts"
8050,ship,sailboat,docked,a forest clearing,slightly off-center framing,indoor soft window light,clean,a detailed photograph,"a detailed photograph of a sailboat ship docked in a forest clearing, slightly off-center framing, indoor soft window light. single main subject, photorealistic color photo, natural colors, realistic texture, sharp focus on subject, no people, no text, no watermark, no logo, no border, no collage, no CGI, no illustration.","text, watermark, logo, caption, signature, border, frame, collage, multiple panels, cartoon, illustration, CGI, 3d render, low-poly, painting, anime, surreal, deformed, duplicate objects, extra limbs, blurry, out of focus, noise, oversaturated, posterized, artifacts, jpeg artifacts"
8006,ship,fishing boat,anchored,a backyard,close-up,foggy morning,clean,an ultra-realistic rendering,"an ultra-realistic rendering of a fishing boat ship anchored in a backyard, close-up, foggy morning. single main subject, photorealistic color photo, natural colors, realistic texture, sharp focus on subject, no people, no text, no watermark, no logo, no border, no collage, no CGI, no illustration.","text, watermark, logo, caption, signature, border, frame, collage, multiple panels, cartoon, illustration, CGI, 3d render, low-poly, painting, anime, surreal, deformed, duplicate objects, extra limbs, blurry, out of focus, noise, oversaturated, posterized, artifacts, jpeg artifacts"
8095,ship,sailboat,moving through water,a grassy field,3/4 view,overcast daylight,clean,a high-quality image,"a high-quality image of a sailboat ship moving through water in a grassy field, 3/4 view, overcast daylight. single main subject, photorealistic color photo, natural colors, realistic texture, sharp focus on subject, no people, no text, no watermark, no logo, no border, no collage, no CGI, no illustration.","text, watermark, logo, caption, signature, border, frame, collage, multiple panels, cartoon, illustration, CGI, 3d render, low-poly, painting, anime, surreal, deformed, duplicate objects, extra limbs, blurry, out of focus, noise, oversaturated, posterized, artifacts, jpeg artifacts"
8269,ship,cruise ship,moving through water,an urban street,slightly off-center framing,indoor soft window light,clean,an ultra-realistic rendering,"an ultra-realistic rendering of a cruise ship moving through water in an urban street, slightly off-center framing, indoor soft window light. single main subject, photorealistic color photo, natural colors, realistic texture, sharp focus on subject, no people, no text, no watermark, no logo, no border, no collage, no CGI, no illustration.","text, watermark, logo, caption, signature, border, frame, collage, multiple panels, cartoon, illustration, CGI, 3d render, low-poly, painting, anime, surreal, deformed, duplicate objects, extra limbs, blurry, out of focus, noise, oversaturated, posterized, artifacts, jpeg artifacts"
8276,ship,cruise ship,anchored,a wet roadway after rain,wide shot,indoor soft window light,clean,a professional photo,"a professional photo of a cruise ship anchored in a wet roadway after rain, wide shot, indoor soft window light. single main subject, photorealistic color photo, natural colors, realistic texture, sharp focus on subject, no people, no text, no watermark, no logo, no border, no collage, no CGI, no illustration.","text, watermark, logo, caption, signature, border, frame, collage, multiple panels, cartoon, illustration, CGI, 3d render, low-poly, painting, anime, surreal, deformed, duplicate objects, extra limbs, blurry, out of focus, noise, oversaturated, posterized, artifacts, jpeg artifacts"
8990,ship,sailboat,moving through water,a city park,distant subject in the background,rainy with wet reflections,hard,a detailed photograph,"a detailed photograph of a sailboat ship moving through water in a city park, distant subject in the background, rainy with wet reflections. partially occluded by a foreground object. single main subject, photorealistic color photo, natural colors, realistic texture, sharp focus on subject, no people, no text, no watermark, no logo, no border, no collage, no CGI, no illustration.","text, watermark, logo, caption, signature, border, frame, collage, multiple panels, cartoon, illustration, CGI, 3d render, low-poly, painting, anime, surreal, deformed, duplicate objects, extra limbs, blurry, out of focus, noise, oversaturated, posterized, artifacts, jpeg artifacts"
8554,ship,cruise ship,docked,a suburban neighborhood,close-up,backlit rim light,clean,a photorealistic color photo,"a photorealistic color photo of a cruise ship docked in a suburban neighborhood, close-up, backlit rim light. single main subject, photorealistic color photo, natural colors, realistic texture, sharp focus on subject, no people, no text, no watermark, no logo, no border, no collage, no CGI, no illustration.","text, watermark, logo, caption, signature, border, frame, collage, multiple panels, cartoon, illustration, CGI, 3d render, low-poly, painting, anime, surreal, deformed, duplicate objects, extra limbs, blurry, out of focus, noise, oversaturated, posterized, artifacts, jpeg artifacts"
8450,ship,cargo ship,moving through water,a grassy field,3/4 view,foggy morning,clean,a detailed photograph,"a detailed photograph of a cargo ship moving through water in a grassy field, 3/4 view, foggy morning. single main subject, photorealistic color photo, natural colors, realistic texture, sharp focus on subject, no people, no text, no watermark, no logo, no border, no collage, no CGI, no illustration.","text, watermark, logo, caption, signature, border, frame, collage, multiple panels, cartoon, illustration, CGI, 3d render, low-poly, painting, anime, surreal, deformed, duplicate objects, extra limbs, blurry, out of focus, noise, oversaturated, posterized, artifacts, jpeg artifacts"
8468,ship,cruise ship,anchored,an industrial yard,low angle,rainy with wet reflections,clean,a photorealistic color photo,"a photorealistic color photo of a cruise ship anchored in an industrial yard, low angle, rainy with wet reflections. single main subject, photorealistic color photo, natural colors, realistic texture, sharp focus on subject, no people, no text, no watermark, no logo, no border, no collage, no CGI, no illustration.","text, watermark, logo, caption, signature, border, frame, collage, multiple panels, cartoon, illustration, CGI, 3d render, low-poly, painting, anime, surreal, deformed, duplicate objects, extra limbs, blurry, out of focus, noise, oversaturated, posterized, artifacts, jpeg artifacts"
8690,ship,fishing boat,moving through water,a grassy field,close-up,foggy morning,clean,a professional photo,"a professional photo of a fishing boat ship moving through water in a grassy field, close-up, foggy morning. single main subject, photorealistic color photo, natural colors, realistic texture, sharp focus on subject, no people, no text, no watermark, no logo, no border, no collage, no CGI, no illustration.","text, watermark, logo, caption, signature, border, frame, collage, multiple panels, cartoon, illustration, CGI, 3d render, low-poly, painting, anime, surreal, deformed, duplicate objects, extra limbs, blurry, out of focus, noise, oversaturated, posterized, artifacts, jpeg artifacts"
8033,ship,cargo ship,moving through water,a forest clearing,front view,backlit rim light,clean,a high-quality image,"a high-quality image of a cargo ship moving through water in a forest clearing, front view, backlit rim light. single main subject, photorealistic color photo, natural colors, realistic texture, sharp focus on subject, no people, no text, no watermark, no logo, no border, no collage, no CGI, no illustration.","text, watermark, logo, caption, signature, border, frame, collage, multiple panels, cartoon, illustration, CGI, 3d render, low-poly, painting, anime, surreal, deformed, duplicate objects, extra limbs, blurry, out of focus, noise, oversaturated, posterized, artifacts, jpeg artifacts"
8344,ship,sailboat,anchored,a sandy beach,side profile,backlit rim light,clean,a detailed photograph,"a detailed photograph of a sailboat ship anchored in a sandy beach, side profile, backlit rim light. single main subject, photorealistic color photo, natural colors, realistic texture, sharp focus on subject, no people, no text, no watermark, no logo, no border, no collage, no CGI, no illustration.","text, watermark, logo, caption, signature, border, frame, collage, multiple panels, cartoon, illustration, CGI, 3d render, low-poly, painting, anime, surreal, deformed, duplicate objects, extra limbs, blurry, out of focus, noise, oversaturated, posterized, artifacts, jpeg artifacts"
8785,ship,ferry,docked,a backyard,slightly off-center framing,foggy morning,clean,a detailed photograph,"a detailed photograph of a ferry ship docked in a backyard, slightly off-center framing, foggy morning. single main subject, photorealistic color photo, natural colors, realistic texture, sharp focus on subject, no people, no text, no watermark, no logo, no border, no collage, no CGI, no illustration.","text, watermark, logo, caption, signature, border, frame, collage, multiple panels, cartoon, illustration, CGI, 3d render, low-poly, painting, anime, surreal, deformed, duplicate objects, extra limbs, blurry, out of focus, noise, oversaturated, posterized, artifacts, jpeg artifacts"
8130,ship,sailboat,docked,a gravel lot,close-up,indoor soft window light,clean,a detailed photograph,"a detailed photograph of a sailboat ship docked in a gravel lot, close-up, indoor soft window light. single main subject, photorealistic color photo, natural colors, realistic texture, sharp focus on subject, no people, no text, no watermark, no logo, no border, no collage, no CGI, no illustration.","text, watermark, logo, caption, signature, border, frame, collage, multiple panels, cartoon, illustration, CGI, 3d render, low-poly, painting, anime, surreal, deformed, duplicate objects, extra limbs, blurry, out of focus, noise, oversaturated, posterized, artifacts, jpeg artifacts"
8181,ship,ferry,moving through water,a lakeside shore,close-up,backlit rim light,clean,a professional photo,"a professional photo of a ferry ship moving through water in a lakeside shore, close-up, backlit rim light. single main subject, photorealistic color photo, natural colors, realistic texture, sharp focus on subject, no people, no text, no watermark, no logo, no border, no collage, no CGI, no illustration.","text, watermark, logo, caption, signature, border, frame, collage, multiple panels, cartoon, illustration, CGI, 3d render, low-poly, painting, anime, surreal, deformed, duplicate objects, extra limbs, blurry, out of focus, noise, oversaturated, posterized, artifacts, jpeg artifacts"
8427,ship,ferry,anchored,a suburban neighborhood,close-up,rainy with wet reflections,clean,a finely detailed photo,"a finely detailed photo of a ferry ship anchored in a suburban neighborhood, close-up, rainy with wet reflections. single main subject, photorealistic color photo, natural colors, realistic texture, sharp focus on subject, no people, no text, no watermark, no logo, no border, no collage, no CGI, no illustration.","text, watermark, logo, caption, signature, border, frame, collage, multiple panels, cartoon, illustration, CGI, 3d render, low-poly, painting, anime, surreal, deformed, duplicate objects, extra limbs, blurry, out of focus, noise, oversaturated, posterized, artifacts, jpeg artifacts"
8746,ship,cargo ship,seen from a distance,a suburban neighborhood,side profile,nighttime under streetlights,clean,a photorealistic color photo,"a photorealistic color photo of a cargo ship seen from a distance in a suburban neighborhood, side profile, nighttime under streetlights. single main subject, photorealistic color photo, natural colors, realistic texture, sharp focus on subject, no people, no text, no watermark, no logo, no border, no collage, no CGI, no illustration.","text, watermark, logo, caption, signature, border, frame, collage, multiple panels, cartoon, illustration, CGI, 3d render, low-poly, painting, anime, surreal, deformed, duplicate objects, extra limbs, blurry, out of focus, noise, oversaturated, posterized, artifacts, jpeg artifacts"
8336,ship,sailboat,moving through water,a forest clearing,3/4 view,overcast daylight,clean,a high-quality image,"a high-quality image of a sailboat ship moving through water in a forest clearing, 3/4 view, overcast daylight. single main subject, photorealistic color photo, natural colors, realistic texture, sharp focus on subject, no people, no text, no watermark, no logo, no border, no collage, no CGI, no illustration.","text, watermark, logo, caption, signature, border, frame, collage, multiple panels, cartoon, illustration, CGI, 3d render, low-poly, painting, anime, surreal, deformed, duplicate objects, extra limbs, blurry, out of focus, noise, oversaturated, posterized, artifacts, jpeg artifacts"
8823,ship,cargo ship,anchored,a grassy field,high angle,backlit rim light,hard,a photorealistic color photo,"a photorealistic color photo of a cargo ship anchored in a grassy field, high angle, backlit rim light. in the distance. single main subject, photorealistic color photo, natural colors, realistic texture, sharp focus on subject, no people, no text, no watermark, no logo, no border, no collage, no CGI, no illustration.","text, watermark, logo, caption, signature, border, frame, collage, multiple panels, cartoon, illustration, CGI, 3d render, low-poly, painting, anime, surreal, deformed, duplicate objects, extra limbs, blurry, out of focus, noise, oversaturated, posterized, artifacts, jpeg artifacts"
8695,ship,fishing boat,seen from a distance,a parking lot,slightly off-center framing,nighttime under streetlights,clean,a finely detailed photo,"a finely detailed photo of a fishing boat ship seen from a distance in a parking lot, slightly off-center framing, nighttime under streetlights. single main subject, photorealistic color photo, natural colors, realistic texture, sharp focus on subject, no people, no text, no watermark, no logo, no border, no collage, no CGI, no illustration.","text, watermark, logo, caption, signature, border, frame, collage, multiple panels, cartoon, illustration, CGI, 3d render, low-poly, painting, anime, surreal, deformed, duplicate objects, extra limbs, blurry, out of focus, noise, oversaturated, posterized, artifacts, jpeg artifacts"
8404,ship,ferry,seen from a distance,a suburban neighborhood,low angle,indoor soft window light,clean,a finely detailed photo,"a finely detailed photo of a ferry ship seen from a distance in a suburban neighborhood, low angle, indoor soft window light. single main subject, photorealistic color photo, natural colors, realistic texture, sharp focus on subject, no people, no text, no watermark, no logo, no border, no collage, no CGI, no illustration.","text, watermark, logo, caption, signature, border, frame, collage, multiple panels, cartoon, illustration, CGI, 3d render, low-poly, painting, anime, surreal, deformed, duplicate objects, extra limbs, blurry, out of focus, noise, oversaturated, posterized, artifacts, jpeg artifacts"
8487,ship,cargo ship,anchored,a lakeside shore,low angle,rainy with wet reflections,clean,a finely detailed photo,"a finely detailed photo of a cargo ship anchored in a lakeside shore, low angle, rainy with wet reflections. single main subject, photorealistic color photo, natural colors, realistic texture, sharp focus on subject, no people, no text, no watermark, no logo, no border, no collage, no CGI, no illustration.","text, watermark, logo, caption, signature, border, frame, collage, multiple panels, cartoon, illustration, CGI, 3d render, low-poly, painting, anime, surreal, deformed, duplicate objects, extra limbs, blurry, out of focus, noise, oversaturated, posterized, artifacts, jpeg artifacts"
8447,ship,sailboat,anchored,a parking lot,3/4 view,nighttime under streetlights,clean,a high-quality image,"a high-quality image of a sailboat ship anchored in a parking lot, 3/4 view, nighttime under streetlights. single main subject, photorealistic color photo, natural colors, realistic texture, sharp focus on subject, no people, no text, no watermark, no logo, no border, no collage, no CGI, no illustration.","text, watermark, logo, caption, signature, border, frame, collage, multiple panels, cartoon, illustration, CGI, 3d render, low-poly, painting, anime, surreal, deformed, duplicate objects, extra limbs, blurry, out of focus, noise, oversaturated, posterized, artifacts, jpeg artifacts"
8845,ship,small motorboat,docked,a parking lot,high angle,sunny afternoon,hard,a finely detailed photo,"a finely detailed photo of a small motorboat ship docked in a parking lot, high angle, sunny afternoon. cropped slightly. single main subject, photorealistic color photo, natural colors, realistic texture, sharp focus on subject, no people, no text, no watermark, no logo, no border, no collage, no CGI, no illustration.","text, watermark, logo, caption, signature, border, frame, collage, multiple panels, cartoon, illustration, CGI, 3d render, low-poly, painting, anime, surreal, deformed, duplicate objects, extra limbs, blurry, out of focus, noise, oversaturated, posterized, artifacts, jpeg artifacts"
8951,ship,cargo ship,anchored,a city park,low angle,golden hour,hard,a finely detailed photo,"a finely detailed photo of a cargo ship anchored in a city park, low angle, golden hour. busy background but still one main subject. single main subject, photorealistic color photo, natural colors, realistic texture, sharp focus on subject, no people, no text, no watermark, no logo, no border, no collage, no CGI, no illustration.","text, watermark, logo, caption, signature, border, frame, collage, multiple panels, cartoon, illustration, CGI, 3d render, low-poly, painting, anime, surreal, deformed, duplicate objects, extra limbs, blurry, out of focus, noise, oversaturated, posterized, artifacts, jpeg artifacts"
8031,ship,fishing boat,seen from a distance,a grassy field,low angle,golden hour,clean,a professional photo,"a professional photo of a fishing boat ship seen from a distance in a grassy field, low angle, golden hour. single main subject, photorealistic color photo, natural colors, realistic texture, sharp focus on subject, no people, no text, no watermark, no logo, no border, no collage, no CGI, no illustration.","text, watermark, logo, caption, signature, border, frame, collage, multiple panels, cartoon, illustration, CGI, 3d render, low-poly, painting, anime, surreal, deformed, duplicate objects, extra limbs, blurry, out of focus, noise, oversaturated, posterized, artifacts, jpeg artifacts"
8698,ship,sailboat,anchored,a gravel lot,wide shot,foggy morning,clean,a professional photo,"a professional photo of a sailboat ship anchored in a gravel lot, wide shot, foggy morning. single main subject, photorealistic color photo, natural colors, realistic texture, sharp focus on subject, no people, no text, no watermark, no logo, no border, no collage, no CGI, no illustration.","text, watermark, logo, caption, signature, border, frame, collage, multiple panels, cartoon, illustration, CGI, 3d render, low-poly, painting, anime, surreal, deformed, duplicate objects, extra limbs, blurry, out of focus, noise, oversaturated, posterized, artifacts, jpeg artifacts"
8159,ship,ferry,docked,a grassy field,side profile,sunny afternoon,clean,a detailed photograph,"a detailed photograph of a ferry ship docked in a grassy field, side profile, sunny afternoon. single main subject, photorealistic color photo, natural colors, realistic texture, sharp focus on subject, no people, no text, no watermark, no logo, no border, no collage, no CGI, no illustration.","text, watermark, logo, caption, signature, border, frame, collage, multiple panels, cartoon, illustration, CGI, 3d render, low-poly, painting, anime, surreal, deformed, duplicate objects, extra limbs, blurry, out of focus, noise, oversaturated, posterized, artifacts, jpeg artifacts"
8418,ship,small motorboat,moving through water,a suburban neighborhood,wide shot,rainy with wet reflections,clean,a professional photo,"a professional photo of a small motorboat ship moving through water in a suburban neighborhood, wide shot, rainy with wet reflections. single main subject, photorealistic color photo, natural colors, realistic texture, sharp focus on subject, no people, no text, no watermark, no logo, no border, no collage, no CGI, no illustration.","text, watermark, logo, caption, signature, border, frame, collage, multiple panels, cartoon, illustration, CGI, 3d render, low-poly, painting, anime, surreal, deformed, duplicate objects, extra limbs, blurry, out of focus, noise, oversaturated, posterized, artifacts, jpeg artifacts"
8028,ship,ferry,anchored,a gravel lot,high angle,golden hour,clean,a finely detailed photo,"a finely detailed photo of a ferry ship anchored in a gravel lot, high angle, golden hour. single main subject, photorealistic color photo, natural colors, realistic texture, sharp focus on subject, no people, no text, no watermark, no logo, no border, no collage, no CGI, no illustration.","text, watermark, logo, caption, signature, border, frame, collage, multiple panels, cartoon, illustration, CGI, 3d render, low-poly, painting, anime, surreal, deformed, duplicate objects, extra limbs, blurry, out of focus, noise, oversaturated, posterized, artifacts, jpeg artifacts"
8230,ship,cruise ship,anchored,a lakeside shore,wide shot,indoor soft window light,clean,an ultra-realistic rendering,"an ultra-realistic rendering of a cruise ship anchored in a lakeside shore, wide shot, indoor soft window light. single main subject, photorealistic color photo, natural colors, realistic texture, sharp focus on subject, no people, no text, no watermark, no logo, no border, no collage, no CGI, no illustration.","text, watermark, logo, caption, signature, border, frame, collage, multiple panels, cartoon, illustration, CGI, 3d render, low-poly, painting, anime, surreal, deformed, duplicate objects, extra limbs, blurry, out of focus, noise, oversaturated, posterized, artifacts, jpeg artifacts"
8908,ship,ferry,docked,a city park,close-up,overcast daylight,hard,a photorealistic color photo,"a photorealistic color photo of a ferry ship docked in a city park, close-up, overcast daylight. partially occluded by a foreground object. single main subject, photorealistic color photo, natural colors, realistic texture, sharp focus on subject, no people, no text, no watermark, no logo, no border, no collage, no CGI, no illustration.","text, watermark, logo, caption, signature, border, frame, collage, multiple panels, cartoon, illustration, CGI, 3d render, low-poly, painting, anime, surreal, deformed, duplicate objects, extra limbs, blurry, out of focus, noise, oversaturated, posterized, artifacts, jpeg artifacts"
8517,ship,cargo ship,moving through water,a suburban neighborhood,front view,indoor soft window light,clean,a detailed photograph,"a detailed photograph of a cargo ship moving through water in a suburban neighborhood, front view, indoor soft window light. single main subject, photorealistic color photo, natural colors, realistic texture, sharp focus on subject, no people, no text, no watermark, no logo, no border, no collage, no CGI, no illustration.","text, watermark, logo, caption, signature, border, frame, collage, multiple panels, cartoon, illustration, CGI, 3d render, low-poly, painting, anime, surreal, deformed, duplicate objects, extra limbs, blurry, out of focus, noise, oversaturated, posterized, artifacts, jpeg artifacts"
8745,ship,sailboat,docked,a gravel lot,side profile,golden hour,clean,a finely detailed photo,"a finely detailed photo of a sailboat ship docked in a gravel lot, side profile, golden hour. single main subject, photorealistic color photo, natural colors, realistic texture, sharp focus on subject, no people, no text, no watermark, no logo, no border, no collage, no CGI, no illustration.","text, watermark, logo, caption, signature, border, frame, collage, multiple panels, cartoon, illustration, CGI, 3d render, low-poly, painting, anime, surreal, deformed, duplicate objects, extra limbs, blurry, out of focus, noise, oversaturated, posterized, artifacts, jpeg artifacts"
8931,ship,ferry,seen from a distance,a wet roadway after rain,cropped at the edge of the frame,overcast daylight,hard,a photorealistic color photo,"a photorealistic color photo of a ferry ship seen from a distance in a wet roadway after rain, cropped at the edge of the frame, overcast daylight. in the distance. single main subject, photorealistic color photo, natural colors, realistic texture, sharp focus on subject, no people, no text, no watermark, no logo, no border, no collage, no CGI, no illustration.","text, watermark, logo, caption, signature, border, frame, collage, multiple panels, cartoon, illustration, CGI, 3d render, low-poly, painting, anime, surreal, deformed, duplicate objects, extra limbs, blurry, out of focus, noise, oversaturated, posterized, artifacts, jpeg artifacts"
8271,ship,cargo ship,anchored,a forest clearing,3/4 view,nighttime under streetlights,clean,a detailed photograph,"a detailed photograph of a cargo ship anchored in a forest clearing, 3/4 view, nighttime under streetlights. single main subject, photorealistic color photo, natural colors, realistic texture, sharp focus on subject, no people, no text, no watermark, no logo, no border, no collage, no CGI, no illustration.","text, watermark, logo, caption, signature, border, frame, collage, multiple panels, cartoon, illustration, CGI, 3d render, low-poly, painting, anime, surreal, deformed, duplicate objects, extra limbs, blurry, out of focus, noise, oversaturated, posterized, artifacts, jpeg artifacts"
8198,ship,cruise ship,moving through water,a sandy beach,wide shot,rainy with wet reflections,clean,an ultra-realistic rendering,"an ultra-realistic rendering of a cruise ship moving through water in a sandy beach, wide shot, rainy with wet reflections. single main subject, photorealistic color photo, natural colors, realistic texture, sharp focus on subject, no people, no text, no watermark, no logo, no border, no collage, no CGI, no illustration.","text, watermark, logo, caption, signature, border, frame, collage, multiple panels, cartoon, illustration, CGI, 3d render, low-poly, painting, anime, surreal, deformed, duplicate objects, extra limbs, blurry, out of focus, noise, oversaturated, posterized, artifacts, jpeg artifacts"
8607,ship,small motorboat,moving through water,an industrial yard,front view,overcast daylight,clean,a professional photo,"a professional photo of a small motorboat ship moving through water in an industrial yard, front view, overcast daylight. single main subject, photorealistic color photo, natural colors, realistic texture, sharp focus on subject, no people, no text, no watermark, no logo, no border, no collage, no CGI, no illustration.","text, watermark, logo, caption, signature, border, frame, collage, multiple panels, cartoon, illustration, CGI, 3d render, low-poly, painting, anime, surreal, deformed, duplicate objects, extra limbs, blurry, out of focus, noise, oversaturated, posterized, artifacts, jpeg artifacts"
8868,ship,fishing boat,anchored,a gravel lot,slightly off-center framing,nighttime under streetlights,hard,a photorealistic color photo,"a photorealistic color photo of a fishing boat ship anchored in a gravel lot, slightly off-center framing, nighttime under streetlights. busy background but still one main subject. single main subject, photorealistic color photo, natural colors, realistic texture, sharp focus on subject, no people, no text, no watermark, no logo, no border, no collage, no CGI, no illustration.","text, watermark, logo, caption, signature, border, frame, collage, multiple panels, cartoon, illustration, CGI, 3d render, low-poly, painting, anime, surreal, deformed, duplicate objects, extra limbs, blurry, out of focus, noise, oversaturated, posterized, artifacts, jpeg artifacts"
8960,ship,fishing boat,moving through water,a countryside road,wide shot,backlit rim light,hard,an ultra-realistic rendering,"an ultra-realistic rendering of a fishing boat ship moving through water in a countryside road, wide shot, backlit rim light. partially occluded by a foreground object. single main subject, photorealistic color photo, natural colors, realistic texture, sharp focus on subject, no people, no text, no watermark, no logo, no border, no collage, no CGI, no illustration.","text, watermark, logo, caption, signature, border, frame, collage, multiple panels, cartoon, illustration, CGI, 3d render, low-poly, painting, anime, surreal, deformed, duplicate objects, extra limbs, blurry, out of focus, noise, oversaturated, posterized, artifacts, jpeg artifacts"
8656,ship,small motorboat,moving through water,a suburban neighborhood,high angle,sunny afternoon,clean,a finely detailed photo,"a finely detailed photo of a small motorboat ship moving through water in a suburban neighborhood, high angle, sunny afternoon. single main subject, photorealistic color photo, natural colors, realistic texture, sharp focus on subject, no people, no text, no watermark, no logo, no border, no collage, no CGI, no illustration.","text, watermark, logo, caption, signature, border, frame, collage, multiple panels, cartoon, illustration, CGI, 3d render, low-poly, painting, anime, surreal, deformed, duplicate objects, extra limbs, blurry, out of focus, noise, oversaturated, posterized, artifacts, jpeg artifacts"
8606,ship,sailboat,anchored,a forest clearing,wide shot,golden hour,clean,a detailed photograph,"a detailed photograph of a sailboat ship anchored in a forest clearing, wide shot, golden hour. single main subject, photorealistic color photo, natural colors, realistic texture, sharp focus on subject, no people, no text, no watermark, no logo, no border, no collage, no CGI, no illustration.","text, watermark, logo, caption, signature, border, frame, collage, multiple panels, cartoon, illustration, CGI, 3d render, low-poly, painting, anime, surreal, deformed, duplicate objects, extra limbs, blurry, out of focus, noise, oversaturated, posterized, artifacts, jpeg artifacts"
8621,ship,fishing boat,seen from a distance,a gravel lot,wide shot,foggy morning,clean,a finely detailed photo,"a finely detailed photo of a fishing boat ship seen from a distance in a gravel lot, wide shot, foggy morning. single main subject, photorealistic color photo, natural colors, realistic texture, sharp focus on subject, no people, no text, no watermark, no logo, no border, no collage, no CGI, no illustration.","text, watermark, logo, caption, signature, border, frame, collage, multiple panels, cartoon, illustration, CGI, 3d render, low-poly, painting, anime, surreal, deformed, duplicate objects, extra limbs, blurry, out of focus, noise, oversaturated, posterized, artifacts, jpeg artifacts"
8268,ship,ferry,docked,an industrial yard,side profile,rainy with wet reflections,clean,a finely detailed photo,"a finely detailed photo of a ferry ship docked in an industrial yard, side profile, rainy with wet reflections. single main subject, photorealistic color photo, natural colors, realistic texture, sharp focus on subject, no people, no text, no watermark, no logo, no border, no collage, no CGI, no illustration.","text, watermark, logo, caption, signature, border, frame, collage, multiple panels, cartoon, illustration, CGI, 3d render, low-poly, painting, anime, surreal, deformed, duplicate objects, extra limbs, blurry, out of focus, noise, oversaturated, posterized, artifacts, jpeg artifacts"
8415,ship,sailboat,docked,a grassy field,slightly off-center framing,indoor soft window light,clean,an ultra-realistic rendering,"an ultra-realistic rendering of a sailboat ship docked in a grassy field, slightly off-center framing, indoor soft window light. single main subject, photorealistic color photo, natural colors, realistic texture, sharp focus on subject, no people, no text, no watermark, no logo, no border, no collage, no CGI, no illustration.","text, watermark, logo, caption, signature, border, frame, collage, multiple panels, cartoon, illustration, CGI, 3d render, low-poly, painting, anime, surreal, deformed, duplicate objects, extra limbs, blurry, out of focus, noise, oversaturated, posterized, artifacts, jpeg artifacts"
8824,ship,sailboat,docked,an industrial yard,3/4 view,nighttime under streetlights,hard,a professional photo,"a professional photo of a sailboat ship docked in an industrial yard, 3/4 view, nighttime under streetlights. slight motion blur. single main subject, photorealistic color photo, natural colors, realistic texture, sharp focus on subject, no people, no text, no watermark, no logo, no border, no collage, no CGI, no illustration.","text, watermark, logo, caption, signature, border, frame, collage, multiple panels, cartoon, illustration, CGI, 3d render, low-poly, painting, anime, surreal, deformed, duplicate objects, extra limbs, blurry, out of focus, noise, oversaturated, posterized, artifacts, jpeg artifacts"
8751,ship,small motorboat,moving through water,a gravel lot,front view,foggy morning,clean,an ultra-realistic rendering,"an ultra-realistic rendering of a small motorboat ship moving through water in a gravel lot, front view, foggy morning. single main subject, photorealistic color photo, natural colors, realistic texture, sharp focus on subject, no people, no text, no watermark, no logo, no border, no collage, no CGI, no illustration.","text, watermark, logo, caption, signature, border, frame, collage, multiple panels, cartoon, illustration, CGI, 3d render, low-poly, painting, anime, surreal, deformed, duplicate objects, extra limbs, blurry, out of focus, noise, oversaturated, posterized, artifacts, jpeg artifacts"
8708,ship,ferry,moving through water,a lakeside shore,side profile,backlit rim light,clean,a high-quality image,"a high-quality image of a ferry ship moving through water in a lakeside shore, side profile, backlit rim light. single main subject, photorealistic color photo, natural colors, realistic texture, sharp focus on subject, no people, no text, no watermark, no logo, no border, no collage, no CGI, no illustration.","text, watermark, logo, caption, signature, border, frame, collage, multiple panels, cartoon, illustration, CGI, 3d render, low-poly, painting, anime, surreal, deformed, duplicate objects, extra limbs, blurry, out of focus, noise, oversaturated, posterized, artifacts, jpeg artifacts"
8105,ship,cruise ship,anchored,a grassy field,close-up,backlit rim light,clean,a finely detailed photo,"a finely detailed photo of a cruise ship anchored in a grassy field, close-up, backlit rim light. single main subject, photorealistic color photo, natural colors, realistic texture, sharp focus on subject, no people, no text, no watermark, no logo, no border, no collage, no CGI, no illustration.","text, watermark, logo, caption, signature, border, frame, collage, multiple panels, cartoon, illustration, CGI, 3d render, low-poly, painting, anime, surreal, deformed, duplicate objects, extra limbs, blurry, out of focus, noise, oversaturated, posterized, artifacts, jpeg artifacts"
8706,ship,sailboat,seen from a distance,a countryside road,front view,rainy with wet reflections,clean,an ultra-realistic rendering,"an ultra-realistic rendering of a sailboat ship seen from a distance in a countryside road, front view, rainy with wet reflections. single main subject, photorealistic color photo, natural colors, realistic texture, sharp focus on subject, no people, no text, no watermark, no logo, no border, no collage, no CGI, no illustration.","text, watermark, logo, caption, signature, border, frame, collage, multiple panels, cartoon, illustration, CGI, 3d render, low-poly, painting, anime, surreal, deformed, duplicate objects, extra limbs, blurry, out of focus, noise, oversaturated, posterized, artifacts, jpeg artifacts"
8729,ship,ferry,anchored,a grassy field,close-up,foggy morning,clean,a photorealistic color photo,"a photorealistic color photo of a ferry ship anchored in a grassy field, close-up, foggy morning. single main subject, photorealistic color photo, natural colors, realistic texture, sharp focus on subject, no people, no text, no watermark, no logo, no border, no collage, no CGI, no illustration.","text, watermark, logo, caption, signature, border, frame, collage, multiple panels, cartoon, illustration, CGI, 3d render, low-poly, painting, anime, surreal, deformed, duplicate objects, extra limbs, blurry, out of focus, noise, oversaturated, posterized, artifacts, jpeg artifacts"
8972,ship,ferry,anchored,a wet roadway after rain,front view,overcast daylight,hard,an ultra-realistic rendering,"an ultra-realistic rendering of a ferry ship anchored in a wet roadway after rain, front view, overcast daylight. partially occluded by a foreground object. single main subject, photorealistic color photo, natural colors, realistic texture, sharp focus on subject, no people, no text, no watermark, no logo, no border, no collage, no CGI, no illustration.","text, watermark, logo, caption, signature, border, frame, collage, multiple panels, cartoon, illustration, CGI, 3d render, low-poly, painting, anime, surreal, deformed, duplicate objects, extra limbs, blurry, out of focus, noise, oversaturated, posterized, artifacts, jpeg artifacts"
8226,ship,fishing boat,docked,a grassy field,close-up,foggy morning,clean,a finely detailed photo,"a finely detailed photo of a fishing boat ship docked in a grassy field, close-up, foggy morning. single main subject, photorealistic color photo, natural colors, realistic texture, sharp focus on subject, no people, no text, no watermark, no logo, no border, no collage, no CGI, no illustration.","text, watermark, logo, caption, signature, border, frame, collage, multiple panels, cartoon, illustration, CGI, 3d render, low-poly, painting, anime, surreal, deformed, duplicate objects, extra limbs, blurry, out of focus, noise, oversaturated, posterized, artifacts, jpeg artifacts"
8212,ship,fishing boat,docked,an urban street,low angle,golden hour,clean,a high-quality image,"a high-quality image of a fishing boat ship docked in an urban street, low angle, golden hour. single main subject, photorealistic color photo, natural colors, realistic texture, sharp focus on subject, no people, no text, no watermark, no logo, no border, no collage, no CGI, no illustration.","text, watermark, logo, caption, signature, border, frame, collage, multiple panels, cartoon, illustration, CGI, 3d render, low-poly, painting, anime, surreal, deformed, duplicate objects, extra limbs, blurry, out of focus, noise, oversaturated, posterized, artifacts, jpeg artifacts"
8605,ship,sailboat,docked,a wet roadway after rain,low angle,golden hour,clean,a high-quality image,"a high-quality image of a sailboat ship docked in a wet roadway after rain, low angle, golden hour. single main subject, photorealistic color photo, natural colors, realistic texture, sharp focus on subject, no people, no text, no watermark, no logo, no border, no collage, no CGI, no illustration.","text, watermark, logo, caption, signature, border, frame, collage, multiple panels, cartoon, illustration, CGI, 3d render, low-poly, painting, anime, surreal, deformed, duplicate objects, extra limbs, blurry, out of focus, noise, oversaturated, posterized, artifacts, jpeg artifacts"
8588,ship,cruise ship,anchored,a city park,low angle,overcast daylight,clean,a detailed photograph,"a detailed photograph of a cruise ship anchored in a city park, low angle, overcast daylight. single main subject, photorealistic color photo, natural colors, realistic texture, sharp focus on subject, no people, no text, no watermark, no logo, no border, no collage, no CGI, no illustration.","text, watermark, logo, caption, signature, border, frame, collage, multiple panels, cartoon, illustration, CGI, 3d render, low-poly, painting, anime, surreal, deformed, duplicate objects, extra limbs, blurry, out of focus, noise, oversaturated, posterized, artifacts, jpeg artifacts"
8849,ship,cargo ship,docked,a forest clearing,low angle,rainy with wet reflections,hard,an ultra-realistic rendering,"an ultra-realistic rendering of a cargo ship docked in a forest clearing, low angle, rainy with wet reflections. partially occluded by a foreground object. single main subject, photorealistic color photo, natural colors, realistic texture, sharp focus on subject, no people, no text, no watermark, no logo, no border, no collage, no CGI, no illustration.","text, watermark, logo, caption, signature, border, frame, collage, multiple panels, cartoon, illustration, CGI, 3d render, low-poly, painting, anime, surreal, deformed, duplicate objects, extra limbs, blurry, out of focus, noise, oversaturated, posterized, artifacts, jpeg artifacts"
8433,ship,cargo ship,docked,a quiet residential street,3/4 view,backlit rim light,clean,a high-quality image,"a high-quality image of a cargo ship docked in a quiet residential street, 3/4 view, backlit rim light. single main subject, photorealistic color photo, natural colors, realistic texture, sharp focus on subject, no people, no text, no watermark, no logo, no border, no collage, no CGI, no illustration.","text, watermark, logo, caption, signature, border, frame, collage, multiple panels, cartoon, illustration, CGI, 3d render, low-poly, painting, anime, surreal, deformed, duplicate objects, extra limbs, blurry, out of focus, noise, oversaturated, posterized, artifacts, jpeg artifacts"
8579,ship,ferry,seen from a distance,a backyard,slightly off-center framing,nighttime under streetlights,clean,a professional photo,"a professional photo of a ferry ship seen from a distance in a backyard, slightly off-center framing, nighttime under streetlights. single main subject, photorealistic color photo, natural colors, realistic texture, sharp focus on subject, no people, no text, no watermark, no logo, no border, no collage, no CGI, no illustration.","text, watermark, logo, caption, signature, border, frame, collage, multiple panels, cartoon, illustration, CGI, 3d render, low-poly, painting, anime, surreal, deformed, duplicate objects, extra limbs, blurry, out of focus, noise, oversaturated, posterized, artifacts, jpeg artifacts"
8222,ship,sailboat,anchored,a grassy field,wide shot,golden hour,clean,a photorealistic color photo,"a photorealistic color photo of a sailboat ship anchored in a grassy field, wide shot, golden hour. single main subject, photorealistic color photo, natural colors, realistic texture, sharp focus on subject, no people, no text, no watermark, no logo, no border, no collage, no CGI, no illustration.","text, watermark, logo, caption, signature, border, frame, collage, multiple panels, cartoon, illustration, CGI, 3d render, low-poly, painting, anime, surreal, deformed, duplicate objects, extra limbs, blurry, out of focus, noise, oversaturated, posterized, artifacts, jpeg artifacts"
8158,ship,small motorboat,docked,a quiet residential street,side profile,backlit rim light,clean,an ultra-realistic rendering,"an ultra-realistic rendering of a small motorboat ship docked in a quiet residential street, side profile, backlit rim light. single main subject, photorealistic color photo, natural colors, realistic texture, sharp focus on subject, no people, no text, no watermark, no logo, no border, no collage, no CGI, no illustration.","text, watermark, logo, caption, signature, border, frame, collage, multiple panels, cartoon, illustration, CGI, 3d render, low-poly, painting, anime, surreal, deformed, duplicate objects, extra limbs, blurry, out of focus, noise, oversaturated, posterized, artifacts, jpeg artifacts"
8581,ship,small motorboat,anchored,an urban street,high angle,golden hour,clean,an ultra-realistic rendering,"an ultra-realistic rendering of a small motorboat ship anchored in an urban street, high angle, golden hour. single main subject, photorealistic color photo, natural colors, realistic texture, sharp focus on subject, no people, no text, no watermark, no logo, no border, no collage, no CGI, no illustration.","text, watermark, logo, caption, signature, border, frame, collage, multiple panels, cartoon, illustration, CGI, 3d render, low-poly, painting, anime, surreal, deformed, duplicate objects, extra limbs, blurry, out of focus, noise, oversaturated, posterized, artifacts, jpeg artifacts"
8316,ship,cargo ship,moving through water,a wet roadway after rain,close-up,rainy with wet reflections,clean,a photorealistic color photo,"a photorealistic color photo of a cargo ship moving through water in a wet roadway after rain, close-up, rainy with wet reflections. single main subject, photorealistic color photo, natural colors, realistic texture, sharp focus on subject, no people, no text, no watermark, no logo, no border, no collage, no CGI, no illustration.","text, watermark, logo, caption, signature, border, frame, collage, multiple panels, cartoon, illustration, CGI, 3d render, low-poly, painting, anime, surreal, deformed, duplicate objects, extra limbs, blurry, out of focus, noise, oversaturated, posterized, artifacts, jpeg artifacts"
8206,ship,cargo ship,docked,a parking lot,front view,foggy morning,clean,a finely detailed photo,"a finely detailed photo of a cargo ship docked in a parking lot, front view, foggy morning. single main subject, photorealistic color photo, natural colors, realistic texture, sharp focus on subject, no people, no text, no watermark, no logo, no border, no collage, no CGI, no illustration.","text, watermark, logo, caption, signature, border, frame, collage, multiple panels, cartoon, illustration, CGI, 3d render, low-poly, painting, anime, surreal, deformed, duplicate objects, extra limbs, blurry, out of focus, noise, oversaturated, posterized, artifacts, jpeg artifacts"
8767,ship,fishing boat,seen from a distance,a parking lot,front view,foggy morning,clean,a detailed photograph,"a detailed photograph of a fishing boat ship seen from a distance in a parking lot, front view, foggy morning. single main subject, photorealistic color photo, natural colors, realistic texture, sharp focus on subject, no people, no text, no watermark, no logo, no border, no collage, no CGI, no illustration.","text, watermark, logo, caption, signature, border, frame, collage, multiple panels, cartoon, illustration, CGI, 3d render, low-poly, painting, anime, surreal, deformed, duplicate objects, extra limbs, blurry, out of focus, noise, oversaturated, posterized, artifacts, jpeg artifacts"
8889,ship,cargo ship,moving through water,a lakeside shore,3/4 view,sunny afternoon,hard,an ultra-realistic rendering,"an ultra-realistic rendering of a cargo ship moving through water in a lakeside shore, 3/4 view, sunny afternoon. busy background but still one main subject. single main subject, photorealistic color photo, natural colors, realistic texture, sharp focus on subject, no people, no text, no watermark, no logo, no border, no collage, no CGI, no illustration.","text, watermark, logo, caption, signature, border, frame, collage, multiple panels, cartoon, illustration, CGI, 3d render, low-poly, painting, anime, surreal, deformed, duplicate objects, extra limbs, blurry, out of focus, noise, oversaturated, posterized, artifacts, jpeg artifacts"
8851,ship,fishing boat,anchored,a suburban neighborhood,wide shot,indoor soft window light,hard,an ultra-realistic rendering,"an ultra-realistic rendering of a fishing boat ship anchored in a suburban neighborhood, wide shot, indoor soft window light. in the distance. single main subject, photorealistic color photo, natural colors, realistic texture, sharp focus on subject, no people, no text, no watermark, no logo, no border, no collage, no CGI, no illustration.","text, watermark, logo, caption, signature, border, frame, collage, multiple panels, cartoon, illustration, CGI, 3d render, low-poly, painting, anime, surreal, deformed, duplicate objects, extra limbs, blurry, out of focus, noise, oversaturated, posterized, artifacts, jpeg artifacts"
8901,ship,sailboat,anchored,a grassy field,cropped at the edge of the frame,golden hour,hard,an ultra-realistic rendering,"an ultra-realistic rendering of a sailboat ship anchored in a grassy field, cropped at the edge of the frame, golden hour. partially occluded by a foreground object. single main subject, photorealistic color photo, natural colors, realistic texture, sharp focus on subject, no people, no text, no watermark, no logo, no border, no collage, no CGI, no illustration.","text, watermark, logo, caption, signature, border, frame, collage, multiple panels, cartoon, illustration, CGI, 3d render, low-poly, painting, anime, surreal, deformed, duplicate objects, extra limbs, blurry, out of focus, noise, oversaturated, posterized, artifacts, jpeg artifacts"
8655,ship,small motorboat,seen from a distance,a grassy field,side profile,backlit rim light,clean,a finely detailed photo,"a finely detailed photo of a small motorboat ship seen from a distance in a grassy field, side profile, backlit rim light. single main subject, photorealistic color photo, natural colors, realistic texture, sharp focus on subject, no people, no text, no watermark, no logo, no border, no collage, no CGI, no illustration.","text, watermark, logo, caption, signature, border, frame, collage, multiple panels, cartoon, illustration, CGI, 3d render, low-poly, painting, anime, surreal, deformed, duplicate objects, extra limbs, blurry, out of focus, noise, oversaturated, posterized, artifacts, jpeg artifacts"
8938,ship,ferry,docked,a wet roadway after rain,front view,rainy with wet reflections,hard,a high-quality image,"a high-quality image of a ferry ship docked in a wet roadway after rain, front view, rainy with wet reflections. slight motion blur. single main subject, photorealistic color photo, natural colors, realistic texture, sharp focus on subject, no people, no text, no watermark, no logo, no border, no collage, no CGI, no illustration.","text, watermark, logo, caption, signature, border, frame, collage, multiple panels, cartoon, illustration, CGI, 3d render, low-poly, painting, anime, surreal, deformed, duplicate objects, extra limbs, blurry, out of focus, noise, oversaturated, posterized, artifacts, jpeg artifacts"
8458,ship,small motorboat,moving through water,a sandy beach,high angle,rainy with wet reflections,clean,a professional photo,"a professional photo of a small motorboat ship moving through water in a sandy beach, high angle, rainy with wet reflections. single main subject, photorealistic color photo, natural colors, realistic texture, sharp focus on subject, no people, no text, no watermark, no logo, no border, no collage, no CGI, no illustration.","text, watermark, logo, caption, signature, border, frame, collage, multiple panels, cartoon, illustration, CGI, 3d render, low-poly, painting, anime, surreal, deformed, duplicate objects, extra limbs, blurry, out of focus, noise, oversaturated, posterized, artifacts, jpeg artifacts"
8530,ship,ferry,docked,a lakeside shore,close-up,sunny afternoon,clean,a detailed photograph,"a detailed photograph of a ferry ship docked in a lakeside shore, close-up, sunny afternoon. single main subject, photorealistic color photo, natural colors, realistic texture, sharp focus on subject, no people, no text, no watermark, no logo, no border, no collage, no CGI, no illustration.","text, watermark, logo, caption, signature, border, frame, collage, multiple panels, cartoon, illustration, CGI, 3d render, low-poly, painting, anime, surreal, deformed, duplicate objects, extra limbs, blurry, out of focus, noise, oversaturated, posterized, artifacts, jpeg artifacts"
8150,ship,fishing boat,moving through water,a countryside road,side profile,sunny afternoon,clean,a finely detailed photo,"a finely detailed photo of a fishing boat ship moving through water in a countryside road, side profile, sunny afternoon. single main subject, photorealistic color photo, natural colors, realistic texture, sharp focus on subject, no people, no text, no watermark, no logo, no border, no collage, no CGI, no illustration.","text, watermark, logo, caption, signature, border, frame, collage, multiple panels, cartoon, illustration, CGI, 3d render, low-poly, painting, anime, surreal, deformed, duplicate objects, extra limbs, blurry, out of focus, noise, oversaturated, posterized, artifacts, jpeg artifacts"
8148,ship,cargo ship,moving through water,a forest clearing,side profile,indoor soft window light,clean,a professional photo,"a professional photo of a cargo ship moving through water in a forest clearing, side profile, indoor soft window light. single main subject, photorealistic color photo, natural colors, realistic texture, sharp focus on subject, no people, no text, no watermark, no logo, no border, no collage, no CGI, no illustration.","text, watermark, logo, caption, signature, border, frame, collage, multiple panels, cartoon, illustration, CGI, 3d render, low-poly, painting, anime, surreal, deformed, duplicate objects, extra limbs, blurry, out of focus, noise, oversaturated, posterized, artifacts, jpeg artifacts"
8119,ship,small motorboat,docked,a lakeside shore,low angle,rainy with wet reflections,clean,a high-quality image,"a high-quality image of a small motorboat ship docked in a lakeside shore, low angle, rainy with wet reflections. single main subject, photorealistic color photo, natural colors, realistic texture, sharp focus on subject, no people, no text, no watermark, no logo, no border, no collage, no CGI, no illustration.","text, watermark, logo, caption, signature, border, frame, collage, multiple panels, cartoon, illustration, CGI, 3d render, low-poly, painting, anime, surreal, deformed, duplicate objects, extra limbs, blurry, out of focus, noise, oversaturated, posterized, artifacts, jpeg artifacts"
8233,ship,sailboat,docked,a city park,close-up,foggy morning,clean,a detailed photograph,"a detailed photograph of a sailboat ship docked in a city park, close-up, foggy morning. single main subject, photorealistic color photo, natural colors, realistic texture, sharp focus on subject, no people, no text, no watermark, no logo, no border, no collage, no CGI, no illustration.","text, watermark, logo, caption, signature, border, frame, collage, multiple panels, cartoon, illustration, CGI, 3d render, low-poly, painting, anime, surreal, deformed, duplicate objects, extra limbs, blurry, out of focus, noise, oversaturated, posterized, artifacts, jpeg artifacts"
8760,ship,sailboat,seen from a distance,a wet roadway after rain,front view,rainy with wet reflections,clean,a high-quality image,"a high-quality image of a sailboat ship seen from a distance in a wet roadway after rain, front view, rainy with wet reflections. single main subject, photorealistic color photo, natural colors, realistic texture, sharp focus on subject, no people, no text, no watermark, no logo, no border, no collage, no CGI, no illustration.","text, watermark, logo, caption, signature, border, frame, collage, multiple panels, cartoon, illustration, CGI, 3d render, low-poly, painting, anime, surreal, deformed, duplicate objects, extra limbs, blurry, out of focus, noise, oversaturated, posterized, artifacts, jpeg artifacts"
8085,ship,sailboat,moving through water,a city park,high angle,rainy with wet reflections,clean,a finely detailed photo,"a finely detailed photo of a sailboat ship moving through water in a city park, high angle, rainy with wet reflections. single main subject, photorealistic color photo, natural colors, realistic texture, sharp focus on subject, no people, no text, no watermark, no logo, no border, no collage, no CGI, no illustration.","text, watermark, logo, caption, signature, border, frame, collage, multiple panels, cartoon, illustration, CGI, 3d render, low-poly, painting, anime, surreal, deformed, duplicate objects, extra limbs, blurry, out of focus, noise, oversaturated, posterized, artifacts, jpeg artifacts"
8521,ship,ferry,docked,a quiet residential street,side profile,indoor soft window light,clean,a finely detailed photo,"a finely detailed photo of a ferry ship docked in a quiet residential street, side profile, indoor soft window light. single main subject, photorealistic color photo, natural colors, realistic texture, sharp focus on subject, no people, no text, no watermark, no logo, no border, no collage, no CGI, no illustration.","text, watermark, logo, caption, signature, border, frame, collage, multiple panels, cartoon, illustration, CGI, 3d render, low-poly, painting, anime, surreal, deformed, duplicate objects, extra limbs, blurry, out of focus, noise, oversaturated, posterized, artifacts, jpeg artifacts"
8062,ship,cruise ship,anchored,a city park,wide shot,overcast daylight,clean,a professional photo,"a professional photo of a cruise ship anchored in a city park, wide shot, overcast daylight. single main subject, photorealistic color photo, natural colors, realistic texture, sharp focus on subject, no people, no text, no watermark, no logo, no border, no collage, no CGI, no illustration.","text, watermark, logo, caption, signature, border, frame, collage, multiple panels, cartoon, illustration, CGI, 3d render, low-poly, painting, anime, surreal, deformed, duplicate objects, extra limbs, blurry, out of focus, noise, oversaturated, posterized, artifacts, jpeg artifacts"
8290,ship,fishing boat,seen from a distance,a sandy beach,wide shot,nighttime under streetlights,clean,a high-quality image,"a high-quality image of a fishing boat ship seen from a distance in a sandy beach, wide shot, nighttime under streetlights. single main subject, photorealistic color photo, natural colors, realistic texture, sharp focus on subject, no people, no text, no watermark, no logo, no border, no collage, no CGI, no illustration.","text, watermark, logo, caption, signature, border, frame, collage, multiple panels, cartoon, illustration, CGI, 3d render, low-poly, painting, anime, surreal, deformed, duplicate objects, extra limbs, blurry, out of focus, noise, oversaturated, posterized, artifacts, jpeg artifacts"
8464,ship,fishing boat,anchored,a parking lot,front view,indoor soft window light,clean,a detailed photograph,"a detailed photograph of a fishing boat ship anchored in a parking lot, front view, indoor soft window light. single main subject, photorealistic color photo, natural colors, realistic texture, sharp focus on subject, no people, no text, no watermark, no logo, no border, no collage, no CGI, no illustration.","text, watermark, logo, caption, signature, border, frame, collage, multiple panels, cartoon, illustration, CGI, 3d render, low-poly, painting, anime, surreal, deformed, duplicate objects, extra limbs, blurry, out of focus, noise, oversaturated, posterized, artifacts, jpeg artifacts"
8071,ship,fishing boat,anchored,a gravel lot,close-up,indoor soft window light,clean,a professional photo,"a professional photo of a fishing boat ship anchored in a gravel lot, close-up, indoor soft window light. single main subject, photorealistic color photo, natural colors, realistic texture, sharp focus on subject, no people, no text, no watermark, no logo, no border, no collage, no CGI, no illustration.","text, watermark, logo, caption, signature, border, frame, collage, multiple panels, cartoon, illustration, CGI, 3d render, low-poly, painting, anime, surreal, deformed, duplicate objects, extra limbs, blurry, out of focus, noise, oversaturated, posterized, artifacts, jpeg artifacts"
8147,ship,cruise ship,seen from a distance,an industrial yard,3/4 view,golden hour,clean,a photorealistic color photo,"a photorealistic color photo of a cruise ship seen from a distance in an industrial yard, 3/4 view, golden hour. single main subject, photorealistic color photo, natural colors, realistic texture, sharp focus on subject, no people, no text, no watermark, no logo, no border, no collage, no CGI, no illustration.","text, watermark, logo, caption, signature, border, frame, collage, multiple panels, cartoon, illustration, CGI, 3d render, low-poly, painting, anime, surreal, deformed, duplicate objects, extra limbs, blurry, out of focus, noise, oversaturated, posterized, artifacts, jpeg artifacts"
8559,ship,cruise ship,moving through water,an urban street,3/4 view,indoor soft window light,clean,a high-quality image,"a high-quality image of a cruise ship moving through water in an urban street, 3/4 view, indoor soft window light. single main subject, photorealistic color photo, natural colors, realistic texture, sharp focus on subject, no people, no text, no watermark, no logo, no border, no collage, no CGI, no illustration.","text, watermark, logo, caption, signature, border, frame, collage, multiple panels, cartoon, illustration, CGI, 3d render, low-poly, painting, anime, surreal, deformed, duplicate objects, extra limbs, blurry, out of focus, noise, oversaturated, posterized, artifacts, jpeg artifacts"
8564,ship,small motorboat,docked,a parking lot,front view,indoor soft window light,clean,an ultra-realistic rendering,"an ultra-realistic rendering of a small motorboat ship docked in a parking lot, front view, indoor soft window light. single main subject, photorealistic color photo, natural colors, realistic texture, sharp focus on subject, no people, no text, no watermark, no logo, no border, no collage, no CGI, no illustration.","text, watermark, logo, caption, signature, border, frame, collage, multiple panels, cartoon, illustration, CGI, 3d render, low-poly, painting, anime, surreal, deformed, duplicate objects, extra limbs, blurry, out of focus, noise, oversaturated, posterized, artifacts, jpeg artifacts"
8058,ship,sailboat,docked,a city park,low angle,foggy morning,clean,a photorealistic color photo,"a photorealistic color photo of a sailboat ship docked in a city park, low angle, foggy morning. single main subject, photorealistic color photo, natural colors, realistic texture, sharp focus on subject, no people, no text, no watermark, no logo, no border, no collage, no CGI, no illustration.","text, watermark, logo, caption, signature, border, frame, collage, multiple panels, cartoon, illustration, CGI, 3d render, low-poly, painting, anime, surreal, deformed, duplicate objects, extra limbs, blurry, out of focus, noise, oversaturated, posterized, artifacts, jpeg artifacts"
8633,ship,fishing boat,anchored,a parking lot,low angle,rainy with wet reflections,clean,a detailed photograph,"a detailed photograph of a fishing boat ship anchored in a parking lot, low angle, rainy with wet reflections. single main subject, photorealistic color photo, natural colors, realistic texture, sharp focus on subject, no people, no text, no watermark, no logo, no border, no collage, no CGI, no illustration.","text, watermark, logo, caption, signature, border, frame, collage, multiple panels, cartoon, illustration, CGI, 3d render, low-poly, painting, anime, surreal, deformed, duplicate objects, extra limbs, blurry, out of focus, noise, oversaturated, posterized, artifacts, jpeg artifacts"
8183,ship,cargo ship,docked,a gravel lot,slightly off-center framing,nighttime under streetlights,clean,a professional photo,"a professional photo of a cargo ship docked in a gravel lot, slightly off-center framing, nighttime under streetlights. single main subject, photorealistic color photo, natural colors, realistic texture, sharp focus on subject, no people, no text, no watermark, no logo, no border, no collage, no CGI, no illustration.","text, watermark, logo, caption, signature, border, frame, collage, multiple panels, cartoon, illustration, CGI, 3d render, low-poly, painting, anime, surreal, deformed, duplicate objects, extra limbs, blurry, out of focus, noise, oversaturated, posterized, artifacts, jpeg artifacts"
8569,ship,small motorboat,seen from a distance,a city park,3/4 view,golden hour,clean,a detailed photograph,"a detailed photograph of a small motorboat ship seen from a distance in a city park, 3/4 view, golden hour. single main subject, photorealistic color photo, natural colors, realistic texture, sharp focus on subject, no people, no text, no watermark, no logo, no border, no collage, no CGI, no illustration.","text, watermark, logo, caption, signature, border, frame, collage, multiple panels, cartoon, illustration, CGI, 3d render, low-poly, painting, anime, surreal, deformed, duplicate objects, extra limbs, blurry, out of focus, noise, oversaturated, posterized, artifacts, jpeg artifacts"
8644,ship,sailboat,seen from a distance,a sandy beach,3/4 view,overcast daylight,clean,a finely detailed photo,"a finely detailed photo of a sailboat ship seen from a distance in a sandy beach, 3/4 view, overcast daylight. single main subject, photorealistic color photo, natural colors, realistic texture, sharp focus on subject, no people, no text, no watermark, no logo, no border, no collage, no CGI, no illustration.","text, watermark, logo, caption, signature, border, frame, collage, multiple panels, cartoon, illustration, CGI, 3d render, low-poly, painting, anime, surreal, deformed, duplicate objects, extra limbs, blurry, out of focus, noise, oversaturated, posterized, artifacts, jpeg artifacts"
8906,ship,small motorboat,moving through water,an industrial yard,distant subject in the background,backlit rim light,hard,a professional photo,"a professional photo of a small motorboat ship moving through water in an industrial yard, distant subject in the background, backlit rim light. in the distance. single main subject, photorealistic color photo, natural colors, realistic texture, sharp focus on subject, no people, no text, no watermark, no logo, no border, no collage, no CGI, no illustration.","text, watermark, logo, caption, signature, border, frame, collage, multiple panels, cartoon, illustration, CGI, 3d render, low-poly, painting, anime, surreal, deformed, duplicate objects, extra limbs, blurry, out of focus, noise, oversaturated, posterized, artifacts, jpeg artifacts"
8804,ship,small motorboat,anchored,an urban street,distant subject in the background,sunny afternoon,hard,a photorealistic color photo,"a photorealistic color photo of a small motorboat ship anchored in an urban street, distant subject in the background, sunny afternoon. busy background but still one main subject. single main subject, photorealistic color photo, natural colors, realistic texture, sharp focus on subject, no people, no text, no watermark, no logo, no border, no collage, no CGI, no illustration.","text, watermark, logo, caption, signature, border, frame, collage, multiple panels, cartoon, illustration, CGI, 3d render, low-poly, painting, anime, surreal, deformed, duplicate objects, extra limbs, blurry, out of focus, noise, oversaturated, posterized, artifacts, jpeg artifacts"
8598,ship,small motorboat,docked,a lakeside shore,side profile,rainy with wet reflections,clean,a detailed photograph,"a detailed photograph of a small motorboat ship docked in a lakeside shore, side profile, rainy with wet reflections. single main subject, photorealistic color photo, natural colors, realistic texture, sharp focus on subject, no people, no text, no watermark, no logo, no border, no collage, no CGI, no illustration.","text, watermark, logo, caption, signature, border, frame, collage, multiple panels, cartoon, illustration, CGI, 3d render, low-poly, painting, anime, surreal, deformed, duplicate objects, extra limbs, blurry, out of focus, noise, oversaturated, posterized, artifacts, jpeg artifacts"
8536,ship,fishing boat,seen from a distance,a city park,3/4 view,golden hour,clean,a finely detailed photo,"a finely detailed photo of a fishing boat ship seen from a distance in a city park, 3/4 view, golden hour. single main subject, photorealistic color photo, natural colors, realistic texture, sharp focus on subject, no people, no text, no watermark, no logo, no border, no collage, no CGI, no illustration.","text, watermark, logo, caption, signature, border, frame, collage, multiple panels, cartoon, illustration, CGI, 3d render, low-poly, painting, anime, surreal, deformed, duplicate objects, extra limbs, blurry, out of focus, noise, oversaturated, posterized, artifacts, jpeg artifacts"
8068,ship,small motorboat,anchored,an industrial yard,front view,sunny afternoon,clean,a detailed photograph,"a detailed photograph of a small motorboat ship anchored in an industrial yard, front view, sunny afternoon. single main subject, photorealistic color photo, natural colors, realistic texture, sharp focus on subject, no people, no text, no watermark, no logo, no border, no collage, no CGI, no illustration.","text, watermark, logo, caption, signature, border, frame, collage, multiple panels, cartoon, illustration, CGI, 3d render, low-poly, painting, anime, surreal, deformed, duplicate objects, extra limbs, blurry, out of focus, noise, oversaturated, posterized, artifacts, jpeg artifacts"
8076,ship,cargo ship,seen from a distance,a parking lot,front view,rainy with wet reflections,clean,a high-quality image,"a high-quality image of a cargo ship seen from a distance in a parking lot, front view, rainy with wet reflections. single main subject, photorealistic color photo, natural colors, realistic texture, sharp focus on subject, no people, no text, no watermark, no logo, no border, no collage, no CGI, no illustration.","text, watermark, logo, caption, signature, border, frame, collage, multiple panels, cartoon, illustration, CGI, 3d render, low-poly, painting, anime, surreal, deformed, duplicate objects, extra limbs, blurry, out of focus, noise, oversaturated, posterized, artifacts, jpeg artifacts"
8853,ship,fishing boat,docked,a parking lot,cropped at the edge of the frame,foggy morning,hard,a professional photo,"a professional photo of a fishing boat ship docked in a parking lot, cropped at the edge of the frame, foggy morning. busy background but still one main subject. single main subject, photorealistic color photo, natural colors, realistic texture, sharp focus on subject, no people, no text, no watermark, no logo, no border, no collage, no CGI, no illustration.","text, watermark, logo, caption, signature, border, frame, collage, multiple panels, cartoon, illustration, CGI, 3d render, low-poly, painting, anime, surreal, deformed, duplicate objects, extra limbs, blurry, out of focus, noise, oversaturated, posterized, artifacts, jpeg artifacts"
8671,ship,fishing boat,docked,a lakeside shore,low angle,golden hour,clean,a detailed photograph,"a detailed photograph of a fishing boat ship docked in a lakeside shore, low angle, golden hour. single main subject, photorealistic color photo, natural colors, realistic texture, sharp focus on subject, no people, no text, no watermark, no logo, no border, no collage, no CGI, no illustration.","text, watermark, logo, caption, signature, border, frame, collage, multiple panels, cartoon, illustration, CGI, 3d render, low-poly, painting, anime, surreal, deformed, duplicate objects, extra limbs, blurry, out of focus, noise, oversaturated, posterized, artifacts, jpeg artifacts"
8590,ship,small motorboat,seen from a distance,a forest clearing,side profile,backlit rim light,clean,a photorealistic color photo,"a photorealistic color photo of a small motorboat ship seen from a distance in a forest clearing, side profile, backlit rim light. single main subject, photorealistic color photo, natural colors, realistic texture, sharp focus on subject, no people, no text, no watermark, no logo, no border, no collage, no CGI, no illustration.","text, watermark, logo, caption, signature, border, frame, collage, multiple panels, cartoon, illustration, CGI, 3d render, low-poly, painting, anime, surreal, deformed, duplicate objects, extra limbs, blurry, out of focus, noise, oversaturated, posterized, artifacts, jpeg artifacts"
8948,ship,fishing boat,docked,a suburban neighborhood,cropped at the edge of the frame,sunny afternoon,hard,a finely detailed photo,"a finely detailed photo of a fishing boat ship docked in a suburban neighborhood, cropped at the edge of the frame, sunny afternoon. busy background but still one main subject. single main subject, photorealistic color photo, natural colors, realistic texture, sharp focus on subject, no people, no text, no watermark, no logo, no border, no collage, no CGI, no illustration.","text, watermark, logo, caption, signature, border, frame, collage, multiple panels, cartoon, illustration, CGI, 3d render, low-poly, painting, anime, surreal, deformed, duplicate objects, extra limbs, blurry, out of focus, noise, oversaturated, posterized, artifacts, jpeg artifacts"
8993,ship,sailboat,moving through water,a city park,side profile,backlit rim light,hard,an ultra-realistic rendering,"an ultra-realistic rendering of a sailboat ship moving through water in a city park, side profile, backlit rim light. cropped slightly. single main subject, photorealistic color photo, natural colors, realistic texture, sharp focus on subject, no people, no text, no watermark, no logo, no border, no collage, no CGI, no illustration.","text, watermark, logo, caption, signature, border, frame, collage, multiple panels, cartoon, illustration, CGI, 3d render, low-poly, painting, anime, surreal, deformed, duplicate objects, extra limbs, blurry, out of focus, noise, oversaturated, posterized, artifacts, jpeg artifacts"
8170,ship,cargo ship,moving through water,a lakeside shore,slightly off-center framing,indoor soft window light,clean,a high-quality image,"a high-quality image of a cargo ship moving through water in a lakeside shore, slightly off-center framing, indoor soft window light. single main subject, photorealistic color photo, natural colors, realistic texture, sharp focus on subject, no people, no text, no watermark, no logo, no border, no collage, no CGI, no illustration.","text, watermark, logo, caption, signature, border, frame, collage, multiple panels, cartoon, illustration, CGI, 3d render, low-poly, painting, anime, surreal, deformed, duplicate objects, extra limbs, blurry, out of focus, noise, oversaturated, posterized, artifacts, jpeg artifacts"
8694,ship,sailboat,anchored,a forest clearing,3/4 view,foggy morning,clean,a photorealistic color photo,"a photorealistic color photo of a sailboat ship anchored in a forest clearing, 3/4 view, foggy morning. single main subject, photorealistic color photo, natural colors, realistic texture, sharp focus on subject, no people, no text, no watermark, no logo, no border, no collage, no CGI, no illustration.","text, watermark, logo, caption, signature, border, frame, collage, multiple panels, cartoon, illustration, CGI, 3d render, low-poly, painting, anime, surreal, deformed, duplicate objects, extra limbs, blurry, out of focus, noise, oversaturated, posterized, artifacts, jpeg artifacts"
8726,ship,cargo ship,moving through water,an industrial yard,wide shot,golden hour,clean,a detailed photograph,"a detailed photograph of a cargo ship moving through water in an industrial yard, wide shot, golden hour. single main subject, photorealistic color photo, natural colors, realistic texture, sharp focus on subject, no people, no text, no watermark, no logo, no border, no collage, no CGI, no illustration.","text, watermark, logo, caption, signature, border, frame, collage, multiple panels, cartoon, illustration, CGI, 3d render, low-poly, painting, anime, surreal, deformed, duplicate objects, extra limbs, blurry, out of focus, noise, oversaturated, posterized, artifacts, jpeg artifacts"
8186,ship,cruise ship,seen from a distance,a gravel lot,wide shot,sunny afternoon,clean,a detailed photograph,"a detailed photograph of a cruise ship seen from a distance in a gravel lot, wide shot, sunny afternoon. single main subject, photorealistic color photo, natural colors, realistic texture, sharp focus on subject, no people, no text, no watermark, no logo, no border, no collage, no CGI, no illustration.","text, watermark, logo, caption, signature, border, frame, collage, multiple panels, cartoon, illustration, CGI, 3d render, low-poly, painting, anime, surreal, deformed, duplicate objects, extra limbs, blurry, out of focus, noise, oversaturated, posterized, artifacts, jpeg artifacts"
8087,ship,sailboat,anchored,a forest clearing,3/4 view,backlit rim light,clean,a finely detailed photo,"a finely detailed photo of a sailboat ship anchored in a forest clearing, 3/4 view, backlit rim light. single main subject, photorealistic color photo, natural colors, realistic texture, sharp focus on subject, no people, no text, no watermark, no logo, no border, no collage, no CGI, no illustration.","text, watermark, logo, caption, signature, border, frame, collage, multiple panels, cartoon, illustration, CGI, 3d render, low-poly, painting, anime, surreal, deformed, duplicate objects, extra limbs, blurry, out of focus, noise, oversaturated, posterized, artifacts, jpeg artifacts"
8190,ship,ferry,docked,a city park,high angle,foggy morning,clean,a professional photo,"a professional photo of a ferry ship docked in a city park, high angle, foggy morning. single main subject, photorealistic color photo, natural colors, realistic texture, sharp focus on subject, no people, no text, no watermark, no logo, no border, no collage, no CGI, no illustration.","text, watermark, logo, caption, signature, border, frame, collage, multiple panels, cartoon, illustration, CGI, 3d render, low-poly, painting, anime, surreal, deformed, duplicate objects, extra limbs, blurry, out of focus, noise, oversaturated, posterized, artifacts, jpeg artifacts"
8069,ship,cargo ship,seen from a distance,an industrial yard,3/4 view,foggy morning,clean,a high-quality image,"a high-quality image of a cargo ship seen from a distance in an industrial yard, 3/4 view, foggy morning. single main subject, photorealistic color photo, natural colors, realistic texture, sharp focus on subject, no people, no text, no watermark, no logo, no border, no collage, no CGI, no illustration.","text, watermark, logo, caption, signature, border, frame, collage, multiple panels, cartoon, illustration, CGI, 3d render, low-poly, painting, anime, surreal, deformed, duplicate objects, extra limbs, blurry, out of focus, noise, oversaturated, posterized, artifacts, jpeg artifacts"
8315,ship,ferry,anchored,a lakeside shore,side profile,backlit rim light,clean,a professional photo,"a professional photo of a ferry ship anchored in a lakeside shore, side profile, backlit rim light. single main subject, photorealistic color photo, natural colors, realistic texture, sharp focus on subject, no people, no text, no watermark, no logo, no border, no collage, no CGI, no illustration.","text, watermark, logo, caption, signature, border, frame, collage, multiple panels, cartoon, illustration, CGI, 3d render, low-poly, painting, anime, surreal, deformed, duplicate objects, extra limbs, blurry, out of focus, noise, oversaturated, posterized, artifacts, jpeg artifacts"
8060,ship,cargo ship,seen from a distance,a suburban neighborhood,slightly off-center framing,indoor soft window light,clean,a high-quality image,"a high-quality image of a cargo ship seen from a distance in a suburban neighborhood, slightly off-center framing, indoor soft window light. single main subject, photorealistic color photo, natural colors, realistic texture, sharp focus on subject, no people, no text, no watermark, no logo, no border, no collage, no CGI, no illustration.","text, watermark, logo, caption, signature, border, frame, collage, multiple panels, cartoon, illustration, CGI, 3d render, low-poly, painting, anime, surreal, deformed, duplicate objects, extra limbs, blurry, out of focus, noise, oversaturated, posterized, artifacts, jpeg artifacts"
8408,ship,ferry,docked,a gravel lot,close-up,sunny afternoon,clean,a high-quality image,"a high-quality image of a ferry ship docked in a gravel lot, close-up, sunny afternoon. single main subject, photorealistic color photo, natural colors, realistic texture, sharp focus on subject, no people, no text, no watermark, no logo, no border, no collage, no CGI, no illustration.","text, watermark, logo, caption, signature, border, frame, collage, multiple panels, cartoon, illustration, CGI, 3d render, low-poly, painting, anime, surreal, deformed, duplicate objects, extra limbs, blurry, out of focus, noise, oversaturated, posterized, artifacts, jpeg artifacts"
8466,ship,fishing boat,anchored,a suburban neighborhood,low angle,rainy with wet reflections,clean,a photorealistic color photo,"a photorealistic color photo of a fishing boat ship anchored in a suburban neighborhood, low angle, rainy with wet reflections. single main subject, photorealistic color photo, natural colors, realistic texture, sharp focus on subject, no people, no text, no watermark, no logo, no border, no collage, no CGI, no illustration.","text, watermark, logo, caption, signature, border, frame, collage, multiple panels, cartoon, illustration, CGI, 3d render, low-poly, painting, anime, surreal, deformed, duplicate objects, extra limbs, blurry, out of focus, noise, oversaturated, posterized, artifacts, jpeg artifacts"
8310,ship,fishing boat,moving through water,a suburban neighborhood,side profile,rainy with wet reflections,clean,an ultra-realistic rendering,"an ultra-realistic rendering of a fishing boat ship moving through water in a suburban neighborhood, side profile, rainy with wet reflections. single main subject, photorealistic color photo, natural colors, realistic texture, sharp focus on subject, no people, no text, no watermark, no logo, no border, no collage, no CGI, no illustration.","text, watermark, logo, caption, signature, border, frame, collage, multiple panels, cartoon, illustration, CGI, 3d render, low-poly, painting, anime, surreal, deformed, duplicate objects, extra limbs, blurry, out of focus, noise, oversaturated, posterized, artifacts, jpeg artifacts"
8375,ship,cargo ship,seen from a distance,an industrial yard,high angle,overcast daylight,clean,a high-quality image,"a high-quality image of a cargo ship seen from a distance in an industrial yard, high angle, overcast daylight. single main subject, photorealistic color photo, natural colors, realistic texture, sharp focus on subject, no people, no text, no watermark, no logo, no border, no collage, no CGI, no illustration.","text, watermark, logo, caption, signature, border, frame, collage, multiple panels, cartoon, illustration, CGI, 3d render, low-poly, painting, anime, surreal, deformed, duplicate objects, extra limbs, blurry, out of focus, noise, oversaturated, posterized, artifacts, jpeg artifacts"
8820,ship,cargo ship,seen from a distance,a backyard,high angle,backlit rim light,hard,a professional photo,"a professional photo of a cargo ship seen from a distance in a backyard, high angle, backlit rim light. cropped slightly. single main subject, photorealistic color photo, natural colors, realistic texture, sharp focus on subject, no people, no text, no watermark, no logo, no border, no collage, no CGI, no illustration.","text, watermark, logo, caption, signature, border, frame, collage, multiple panels, cartoon, illustration, CGI, 3d render, low-poly, painting, anime, surreal, deformed, duplicate objects, extra limbs, blurry, out of focus, noise, oversaturated, posterized, artifacts, jpeg artifacts"
8787,ship,sailboat,moving through water,a countryside road,low angle,overcast daylight,clean,an ultra-realistic rendering,"an ultra-realistic rendering of a sailboat ship moving through water in a countryside road, low angle, overcast daylight. single main subject, photorealistic color photo, natural colors, realistic texture, sharp focus on subject, no people, no text, no watermark, no logo, no border, no collage, no CGI, no illustration.","text, watermark, logo, caption, signature, border, frame, collage, multiple panels, cartoon, illustration, CGI, 3d render, low-poly, painting, anime, surreal, deformed, duplicate objects, extra limbs, blurry, out of focus, noise, oversaturated, posterized, artifacts, jpeg artifacts"
8141,ship,cargo ship,anchored,a gravel lot,low angle,backlit rim light,clean,an ultra-realistic rendering,"an ultra-realistic rendering of a cargo ship anchored in a gravel lot, low angle, backlit rim light. single main subject, photorealistic color photo, natural colors, realistic texture, sharp focus on subject, no people, no text, no watermark, no logo, no border, no collage, no CGI, no illustration.","text, watermark, logo, caption, signature, border, frame, collage, multiple panels, cartoon, illustration, CGI, 3d render, low-poly, painting, anime, surreal, deformed, duplicate objects, extra limbs, blurry, out of focus, noise, oversaturated, posterized, artifacts, jpeg artifacts"
8643,ship,fishing boat,moving through water,a gravel lot,close-up,backlit rim light,clean,a photorealistic color photo,"a photorealistic color photo of a fishing boat ship moving through water in a gravel lot, close-up, backlit rim light. single main subject, photorealistic color photo, natural colors, realistic texture, sharp focus on subject, no people, no text, no watermark, no logo, no border, no collage, no CGI, no illustration.","text, watermark, logo, caption, signature, border, frame, collage, multiple panels, cartoon, illustration, CGI, 3d render, low-poly, painting, anime, surreal, deformed, duplicate objects, extra limbs, blurry, out of focus, noise, oversaturated, posterized, artifacts, jpeg artifacts"
8401,ship,sailboat,docked,an industrial yard,low angle,foggy morning,clean,a high-quality image,"a high-quality image of a sailboat ship docked in an industrial yard, low angle, foggy morning. single main subject, photorealistic color photo, natural colors, realistic texture, sharp focus on subject, no people, no text, no watermark, no logo, no border, no collage, no CGI, no illustration.","text, watermark, logo, caption, signature, border, frame, collage, multiple panels, cartoon, illustration, CGI, 3d render, low-poly, painting, anime, surreal, deformed, duplicate objects, extra limbs, blurry, out of focus, noise, oversaturated, posterized, artifacts, jpeg artifacts"
8064,ship,cargo ship,docked,a lakeside shore,side profile,backlit rim light,clean,a professional photo,"a professional photo of a cargo ship docked in a lakeside shore, side profile, backlit rim light. single main subject, photorealistic color photo, natural colors, realistic texture, sharp focus on subject, no people, no text, no watermark, no logo, no border, no collage, no CGI, no illustration.","text, watermark, logo, caption, signature, border, frame, collage, multiple panels, cartoon, illustration, CGI, 3d render, low-poly, painting, anime, surreal, deformed, duplicate objects, extra limbs, blurry, out of focus, noise, oversaturated, posterized, artifacts, jpeg artifacts"
8389,ship,ferry,anchored,a suburban neighborhood,close-up,sunny afternoon,clean,a photorealistic color photo,"a photorealistic color photo of a ferry ship anchored in a suburban neighborhood, close-up, sunny afternoon. single main subject, photorealistic color photo, natural colors, realistic texture, sharp focus on subject, no people, no text, no watermark, no logo, no border, no collage, no CGI, no illustration.","text, watermark, logo, caption, signature, border, frame, collage, multiple panels, cartoon, illustration, CGI, 3d render, low-poly, painting, anime, surreal, deformed, duplicate objects, extra limbs, blurry, out of focus, noise, oversaturated, posterized, artifacts, jpeg artifacts"
8356,ship,fishing boat,moving through water,a quiet residential street,3/4 view,rainy with wet reflections,clean,a high-quality image,"a high-quality image of a fishing boat ship moving through water in a quiet residential street, 3/4 view, rainy with wet reflections. single main subject, photorealistic color photo, natural colors, realistic texture, sharp focus on subject, no people, no text, no watermark, no logo, no border, no collage, no CGI, no illustration.","text, watermark, logo, caption, signature, border, frame, collage, multiple panels, cartoon, illustration, CGI, 3d render, low-poly, painting, anime, surreal, deformed, duplicate objects, extra limbs, blurry, out of focus, noise, oversaturated, posterized, artifacts, jpeg artifacts"
8083,ship,small motorboat,moving through water,a lakeside shore,high angle,nighttime under streetlights,clean,an ultra-realistic rendering,"an ultra-realistic rendering of a small motorboat ship moving through water in a lakeside shore, high angle, nighttime under streetlights. single main subject, photorealistic color photo, natural colors, realistic texture, sharp focus on subject, no people, no text, no watermark, no logo, no border, no collage, no CGI, no illustration.","text, watermark, logo, caption, signature, border, frame, collage, multiple panels, cartoon, illustration, CGI, 3d render, low-poly, painting, anime, surreal, deformed, duplicate objects, extra limbs, blurry, out of focus, noise, oversaturated, posterized, artifacts, jpeg artifacts"
8716,ship,sailboat,docked,a lakeside shore,front view,rainy with wet reflections,clean,a photorealistic color photo,"a photorealistic color photo of a sailboat ship docked in a lakeside shore, front view, rainy with wet reflections. single main subject, photorealistic color photo, natural colors, realistic texture, sharp focus on subject, no people, no text, no watermark, no logo, no border, no collage, no CGI, no illustration.","text, watermark, logo, caption, signature, border, frame, collage, multiple panels, cartoon, illustration, CGI, 3d render, low-poly, painting, anime, surreal, deformed, duplicate objects, extra limbs, blurry, out of focus, noise, oversaturated, posterized, artifacts, jpeg artifacts"
8582,ship,cargo ship,seen from a distance,a forest clearing,slightly off-center framing,nighttime under streetlights,clean,a finely detailed photo,"a finely detailed photo of a cargo ship seen from a distance in a forest clearing, slightly off-center framing, nighttime under streetlights. single main subject, photorealistic color photo, natural colors, realistic texture, sharp focus on subject, no people, no text, no watermark, no logo, no border, no collage, no CGI, no illustration.","text, watermark, logo, caption, signature, border, frame, collage, multiple panels, cartoon, illustration, CGI, 3d render, low-poly, painting, anime, surreal, deformed, duplicate objects, extra limbs, blurry, out of focus, noise, oversaturated, posterized, artifacts, jpeg artifacts"
8855,ship,cargo ship,anchored,a forest clearing,cropped at the edge of the frame,indoor soft window light,hard,a finely detailed photo,"a finely detailed photo of a cargo ship anchored in a forest clearing, cropped at the edge of the frame, indoor soft window light. cropped slightly. single main subject, photorealistic color photo, natural colors, realistic texture, sharp focus on subject, no people, no text, no watermark, no logo, no border, no collage, no CGI, no illustration.","text, watermark, logo, caption, signature, border, frame, collage, multiple panels, cartoon, illustration, CGI, 3d render, low-poly, painting, anime, surreal, deformed, duplicate objects, extra limbs, blurry, out of focus, noise, oversaturated, posterized, artifacts, jpeg artifacts"
8753,ship,ferry,moving through water,a city park,side profile,rainy with wet reflections,clean,a finely detailed photo,"a finely detailed photo of a ferry ship moving through water in a city park, side profile, rainy with wet reflections. single main subject, photorealistic color photo, natural colors, realistic texture, sharp focus on subject, no people, no text, no watermark, no logo, no border, no collage, no CGI, no illustration.","text, watermark, logo, caption, signature, border, frame, collage, multiple panels, cartoon, illustration, CGI, 3d render, low-poly, painting, anime, surreal, deformed, duplicate objects, extra limbs, blurry, out of focus, noise, oversaturated, posterized, artifacts, jpeg artifacts"
8352,ship,fishing boat,seen from a distance,a lakeside shore,close-up,nighttime under streetlights,clean,a photorealistic color photo,"a photorealistic color photo of a fishing boat ship seen from a distance in a lakeside shore, close-up, nighttime under streetlights. single main subject, photorealistic color photo, natural colors, realistic texture, sharp focus on subject, no people, no text, no watermark, no logo, no border, no collage, no CGI, no illustration.","text, watermark, logo, caption, signature, border, frame, collage, multiple panels, cartoon, illustration, CGI, 3d render, low-poly, painting, anime, surreal, deformed, duplicate objects, extra limbs, blurry, out of focus, noise, oversaturated, posterized, artifacts, jpeg artifacts"
8300,ship,small motorboat,anchored,a wet roadway after rain,front view,indoor soft window light,clean,a professional photo,"a professional photo of a small motorboat ship anchored in a wet roadway after rain, front view, indoor soft window light. single main subject, photorealistic color photo, natural colors, realistic texture, sharp focus on subject, no people, no text, no watermark, no logo, no border, no collage, no CGI, no illustration.","text, watermark, logo, caption, signature, border, frame, collage, multiple panels, cartoon, illustration, CGI, 3d render, low-poly, painting, anime, surreal, deformed, duplicate objects, extra limbs, blurry, out of focus, noise, oversaturated, posterized, artifacts, jpeg artifacts"
8208,ship,small motorboat,seen from a distance,an industrial yard,high angle,indoor soft window light,clean,a photorealistic color photo,"a photorealistic color photo of a small motorboat ship seen from a distance in an industrial yard, high angle, indoor soft window light. single main subject, photorealistic color photo, natural colors, realistic texture, sharp focus on subject, no people, no text, no watermark, no logo, no border, no collage, no CGI, no illustration.","text, watermark, logo, caption, signature, border, frame, collage, multiple panels, cartoon, illustration, CGI, 3d render, low-poly, painting, anime, surreal, deformed, duplicate objects, extra limbs, blurry, out of focus, noise, oversaturated, posterized, artifacts, jpeg artifacts"
8368,ship,cruise ship,anchored,a countryside road,slightly off-center framing,overcast daylight,clean,a professional photo,"a professional photo of a cruise ship anchored in a countryside road, slightly off-center framing, overcast daylight. single main subject, photorealistic color photo, natural colors, realistic texture, sharp focus on subject, no people, no text, no watermark, no logo, no border, no collage, no CGI, no illustration.","text, watermark, logo, caption, signature, border, frame, collage, multiple panels, cartoon, illustration, CGI, 3d render, low-poly, painting, anime, surreal, deformed, duplicate objects, extra limbs, blurry, out of focus, noise, oversaturated, posterized, artifacts, jpeg artifacts"
8543,ship,cruise ship,moving through water,an industrial yard,low angle,overcast daylight,clean,a professional photo,"a professional photo of a cruise ship moving through water in an industrial yard, low angle, overcast daylight. single main subject, photorealistic color photo, natural colors, realistic texture, sharp focus on subject, no people, no text, no watermark, no logo, no border, no collage, no CGI, no illustration.","text, watermark, logo, caption, signature, border, frame, collage, multiple panels, cartoon, illustration, CGI, 3d render, low-poly, painting, anime, surreal, deformed, duplicate objects, extra limbs, blurry, out of focus, noise, oversaturated, posterized, artifacts, jpeg artifacts"
8341,ship,small motorboat,anchored,a grassy field,front view,sunny afternoon,clean,a photorealistic color photo,"a photorealistic color photo of a small motorboat ship anchored in a grassy field, front view, sunny afternoon. single main subject, photorealistic color photo, natural colors, realistic texture, sharp focus on subject, no people, no text, no watermark, no logo, no border, no collage, no CGI, no illustration.","text, watermark, logo, caption, signature, border, frame, collage, multiple panels, cartoon, illustration, CGI, 3d render, low-poly, painting, anime, surreal, deformed, duplicate objects, extra limbs, blurry, out of focus, noise, oversaturated, posterized, artifacts, jpeg artifacts"
8289,ship,ferry,moving through water,a backyard,low angle,overcast daylight,clean,a finely detailed photo,"a finely detailed photo of a ferry ship moving through water in a backyard, low angle, overcast daylight. single main subject, photorealistic color photo, natural colors, realistic texture, sharp focus on subject, no people, no text, no watermark, no logo, no border, no collage, no CGI, no illustration.","text, watermark, logo, caption, signature, border, frame, collage, multiple panels, cartoon, illustration, CGI, 3d render, low-poly, painting, anime, surreal, deformed, duplicate objects, extra limbs, blurry, out of focus, noise, oversaturated, posterized, artifacts, jpeg artifacts"
8544,ship,fishing boat,anchored,a quiet residential street,wide shot,backlit rim light,clean,a detailed photograph,"a detailed photograph of a fishing boat ship anchored in a quiet residential street, wide shot, backlit rim light. single main subject, photorealistic color photo, natural colors, realistic texture, sharp focus on subject, no people, no text, no watermark, no logo, no border, no collage, no CGI, no illustration.","text, watermark, logo, caption, signature, border, frame, collage, multiple panels, cartoon, illustration, CGI, 3d render, low-poly, painting, anime, surreal, deformed, duplicate objects, extra limbs, blurry, out of focus, noise, oversaturated, posterized, artifacts, jpeg artifacts"
8335,ship,cruise ship,moving through water,a countryside road,close-up,golden hour,clean,a professional photo,"a professional photo of a cruise ship moving through water in a countryside road, close-up, golden hour. single main subject, photorealistic color photo, natural colors, realistic texture, sharp focus on subject, no people, no text, no watermark, no logo, no border, no collage, no CGI, no illustration.","text, watermark, logo, caption, signature, border, frame, collage, multiple panels, cartoon, illustration, CGI, 3d render, low-poly, painting, anime, surreal, deformed, duplicate objects, extra limbs, blurry, out of focus, noise, oversaturated, posterized, artifacts, jpeg artifacts"
8900,ship,cargo ship,docked,an urban street,low angle,backlit rim light,hard,a high-quality image,"a high-quality image of a cargo ship docked in an urban street, low angle, backlit rim light. in the distance. single main subject, photorealistic color photo, natural colors, realistic texture, sharp focus on subject, no people, no text, no watermark, no logo, no border, no collage, no CGI, no illustration.","text, watermark, logo, caption, signature, border, frame, collage, multiple panels, cartoon, illustration, CGI, 3d render, low-poly, painting, anime, surreal, deformed, duplicate objects, extra limbs, blurry, out of focus, noise, oversaturated, posterized, artifacts, jpeg artifacts"
8422,ship,ferry,anchored,a sandy beach,low angle,rainy with wet reflections,clean,a detailed photograph,"a detailed photograph of a ferry ship anchored in a sandy beach, low angle, rainy with wet reflections. single main subject, photorealistic color photo, natural colors, realistic texture, sharp focus on subject, no people, no text, no watermark, no logo, no border, no collage, no CGI, no illustration.","text, watermark, logo, caption, signature, border, frame, collage, multiple panels, cartoon, illustration, CGI, 3d render, low-poly, painting, anime, surreal, deformed, duplicate objects, extra limbs, blurry, out of focus, noise, oversaturated, posterized, artifacts, jpeg artifacts"
8631,ship,fishing boat,seen from a distance,a forest clearing,slightly off-center framing,indoor soft window light,clean,a photorealistic color photo,"a photorealistic color photo of a fishing boat ship seen from a distance in a forest clearing, slightly off-center framing, indoor soft window light. single main subject, photorealistic color photo, natural colors, realistic texture, sharp focus on subject, no people, no text, no watermark, no logo, no border, no collage, no CGI, no illustration.","text, watermark, logo, caption, signature, border, frame, collage, multiple panels, cartoon, illustration, CGI, 3d render, low-poly, painting, anime, surreal, deformed, duplicate objects, extra limbs, blurry, out of focus, noise, oversaturated, posterized, artifacts, jpeg artifacts"
8023,ship,fishing boat,seen from a distance,a city park,slightly off-center framing,golden hour,clean,a finely detailed photo,"a finely detailed photo of a fishing boat ship seen from a distance in a city park, slightly off-center framing, golden hour. single main subject, photorealistic color photo, natural colors, realistic texture, sharp focus on subject, no people, no text, no watermark, no logo, no border, no collage, no CGI, no illustration.","text, watermark, logo, caption, signature, border, frame, collage, multiple panels, cartoon, illustration, CGI, 3d render, low-poly, painting, anime, surreal, deformed, duplicate objects, extra limbs, blurry, out of focus, noise, oversaturated, posterized, artifacts, jpeg artifacts"
8667,ship,small motorboat,docked,a suburban neighborhood,slightly off-center framing,overcast daylight,clean,a high-quality image,"a high-quality image of a small motorboat ship docked in a suburban neighborhood, slightly off-center framing, overcast daylight. single main subject, photorealistic color photo, natural colors, realistic texture, sharp focus on subject, no people, no text, no watermark, no logo, no border, no collage, no CGI, no illustration.","text, watermark, logo, caption, signature, border, frame, collage, multiple panels, cartoon, illustration, CGI, 3d render, low-poly, painting, anime, surreal, deformed, duplicate objects, extra limbs, blurry, out of focus, noise, oversaturated, posterized, artifacts, jpeg artifacts"
8277,ship,cargo ship,docked,a suburban neighborhood,front view,backlit rim light,clean,an ultra-realistic rendering,"an ultra-realistic rendering of a cargo ship docked in a suburban neighborhood, front view, backlit rim light. single main subject, photorealistic color photo, natural colors, realistic texture, sharp focus on subject, no people, no text, no watermark, no logo, no border, no collage, no CGI, no illustration.","text, watermark, logo, caption, signature, border, frame, collage, multiple panels, cartoon, illustration, CGI, 3d render, low-poly, painting, anime, surreal, deformed, duplicate objects, extra limbs, blurry, out of focus, noise, oversaturated, posterized, artifacts, jpeg artifacts"
8099,ship,cargo ship,docked,a grassy field,wide shot,golden hour,clean,a professional photo,"a professional photo of a cargo ship docked in a grassy field, wide shot, golden hour. single main subject, photorealistic color photo, natural colors, realistic texture, sharp focus on subject, no people, no text, no watermark, no logo, no border, no collage, no CGI, no illustration.","text, watermark, logo, caption, signature, border, frame, collage, multiple panels, cartoon, illustration, CGI, 3d render, low-poly, painting, anime, surreal, deformed, duplicate objects, extra limbs, blurry, out of focus, noise, oversaturated, posterized, artifacts, jpeg artifacts"
8347,ship,sailboat,moving through water,a parking lot,close-up,nighttime under streetlights,clean,a professional photo,"a professional photo of a sailboat ship moving through water in a parking lot, close-up, nighttime under streetlights. single main subject, photorealistic color photo, natural colors, realistic texture, sharp focus on subject, no people, no text, no watermark, no logo, no border, no collage, no CGI, no illustration.","text, watermark, logo, caption, signature, border, frame, collage, multiple panels, cartoon, illustration, CGI, 3d render, low-poly, painting, anime, surreal, deformed, duplicate objects, extra limbs, blurry, out of focus, noise, oversaturated, posterized, artifacts, jpeg artifacts"
8209,ship,ferry,moving through water,a lakeside shore,low angle,rainy with wet reflections,clean,an ultra-realistic rendering,"an ultra-realistic rendering of a ferry ship moving through water in a lakeside shore, low angle, rainy with wet reflections. single main subject, photorealistic color photo, natural colors, realistic texture, sharp focus on subject, no people, no text, no watermark, no logo, no border, no collage, no CGI, no illustration.","text, watermark, logo, caption, signature, border, frame, collage, multiple panels, cartoon, illustration, CGI, 3d render, low-poly, painting, anime, surreal, deformed, duplicate objects, extra limbs, blurry, out of focus, noise, oversaturated, posterized, artifacts, jpeg artifacts"
8613,ship,cargo ship,docked,a quiet residential street,high angle,nighttime under streetlights,clean,an ultra-realistic rendering,"an ultra-realistic rendering of a cargo ship docked in a quiet residential street, high angle, nighttime under streetlights. single main subject, photorealistic color photo, natural colors, realistic texture, sharp focus on subject, no people, no text, no watermark, no logo, no border, no collage, no CGI, no illustration.","text, watermark, logo, caption, signature, border, frame, collage, multiple panels, cartoon, illustration, CGI, 3d render, low-poly, painting, anime, surreal, deformed, duplicate objects, extra limbs, blurry, out of focus, noise, oversaturated, posterized, artifacts, jpeg artifacts"
8414,ship,sailboat,anchored,a suburban neighborhood,high angle,overcast daylight,clean,a finely detailed photo,"a finely detailed photo of a sailboat ship anchored in a suburban neighborhood, high angle, overcast daylight. single main subject, photorealistic color photo, natural colors, realistic texture, sharp focus on subject, no people, no text, no watermark, no logo, no border, no collage, no CGI, no illustration.","text, watermark, logo, caption, signature, border, frame, collage, multiple panels, cartoon, illustration, CGI, 3d render, low-poly, painting, anime, surreal, deformed, duplicate objects, extra limbs, blurry, out of focus, noise, oversaturated, posterized, artifacts, jpeg artifacts"
8508,ship,cruise ship,moving through water,a lakeside shore,wide shot,rainy with wet reflections,clean,a high-quality image,"a high-quality image of a cruise ship moving through water in a lakeside shore, wide shot, rainy with wet reflections. single main subject, photorealistic color photo, natural colors, realistic texture, sharp focus on subject, no people, no text, no watermark, no logo, no border, no collage, no CGI, no illustration.","text, watermark, logo, caption, signature, border, frame, collage, multiple panels, cartoon, illustration, CGI, 3d render, low-poly, painting, anime, surreal, deformed, duplicate objects, extra limbs, blurry, out of focus, noise, oversaturated, posterized, artifacts, jpeg artifacts"
8219,ship,cruise ship,moving through water,a forest clearing,close-up,indoor soft window light,clean,a high-quality image,"a high-quality image of a cruise ship moving through water in a forest clearing, close-up, indoor soft window light. single main subject, photorealistic color photo, natural colors, realistic texture, sharp focus on subject, no people, no text, no watermark, no logo, no border, no collage, no CGI, no illustration.","text, watermark, logo, caption, signature, border, frame, collage, multiple panels, cartoon, illustration, CGI, 3d render, low-poly, painting, anime, surreal, deformed, duplicate objects, extra limbs, blurry, out of focus, noise, oversaturated, posterized, artifacts, jpeg artifacts"
8924,ship,sailboat,docked,a gravel lot,side profile,overcast daylight,hard,a high-quality image,"a high-quality image of a sailboat ship docked in a gravel lot, side profile, overcast daylight. cropped slightly. single main subject, photorealistic color photo, natural colors, realistic texture, sharp focus on subject, no people, no text, no watermark, no logo, no border, no collage, no CGI, no illustration.","text, watermark, logo, caption, signature, border, frame, collage, multiple panels, cartoon, illustration, CGI, 3d render, low-poly, painting, anime, surreal, deformed, duplicate objects, extra limbs, blurry, out of focus, noise, oversaturated, posterized, artifacts, jpeg artifacts"
8718,ship,small motorboat,docked,a countryside road,side profile,foggy morning,clean,a detailed photograph,"a detailed photograph of a small motorboat ship docked in a countryside road, side profile, foggy morning. single main subject, photorealistic color photo, natural colors, realistic texture, sharp focus on subject, no people, no text, no watermark, no logo, no border, no collage, no CGI, no illustration.","text, watermark, logo, caption, signature, border, frame, collage, multiple panels, cartoon, illustration, CGI, 3d render, low-poly, painting, anime, surreal, deformed, duplicate objects, extra limbs, blurry, out of focus, noise, oversaturated, posterized, artifacts, jpeg artifacts"
8683,ship,sailboat,seen from a distance,a lakeside shore,wide shot,overcast daylight,clean,a photorealistic color photo,"a photorealistic color photo of a sailboat ship seen from a distance in a lakeside shore, wide shot, overcast daylight. single main subject, photorealistic color photo, natural colors, realistic texture, sharp focus on subject, no people, no text, no watermark, no logo, no border, no collage, no CGI, no illustration.","text, watermark, logo, caption, signature, border, frame, collage, multiple panels, cartoon, illustration, CGI, 3d render, low-poly, painting, anime, surreal, deformed, duplicate objects, extra limbs, blurry, out of focus, noise, oversaturated, posterized, artifacts, jpeg artifacts"
8267,ship,fishing boat,docked,an urban street,wide shot,rainy with wet reflections,clean,an ultra-realistic rendering,"an ultra-realistic rendering of a fishing boat ship docked in an urban street, wide shot, rainy with wet reflections. single main subject, photorealistic color photo, natural colors, realistic texture, sharp focus on subject, no people, no text, no watermark, no logo, no border, no collage, no CGI, no illustration.","text, watermark, logo, caption, signature, border, frame, collage, multiple panels, cartoon, illustration, CGI, 3d render, low-poly, painting, anime, surreal, deformed, duplicate objects, extra limbs, blurry, out of focus, noise, oversaturated, posterized, artifacts, jpeg artifacts"
8372,ship,ferry,seen from a distance,a forest clearing,front view,foggy morning,clean,an ultra-realistic rendering,"an ultra-realistic rendering of a ferry ship seen from a distance in a forest clearing, front view, foggy morning. single main subject, photorealistic color photo, natural colors, realistic texture, sharp focus on subject, no people, no text, no watermark, no logo, no border, no collage, no CGI, no illustration.","text, watermark, logo, caption, signature, border, frame, collage, multiple panels, cartoon, illustration, CGI, 3d render, low-poly, painting, anime, surreal, deformed, duplicate objects, extra limbs, blurry, out of focus, noise, oversaturated, posterized, artifacts, jpeg artifacts"
8041,ship,ferry,moving through water,a city park,front view,golden hour,clean,a high-quality image,"a high-quality image of a ferry ship moving through water in a city park, front view, golden hour. single main subject, photorealistic color photo, natural colors, realistic texture, sharp focus on subject, no people, no text, no watermark, no logo, no border, no collage, no CGI, no illustration.","text, watermark, logo, caption, signature, border, frame, collage, multiple panels, cartoon, illustration, CGI, 3d render, low-poly, painting, anime, surreal, deformed, duplicate objects, extra limbs, blurry, out of focus, noise, oversaturated, posterized, artifacts, jpeg artifacts"
8850,ship,cargo ship,docked,a sandy beach,high angle,sunny afternoon,hard,a finely detailed photo,"a finely detailed photo of a cargo ship docked in a sandy beach, high angle, sunny afternoon. cropped slightly. single main subject, photorealistic color photo, natural colors, realistic texture, sharp focus on subject, no people, no text, no watermark, no logo, no border, no collage, no CGI, no illustration.","text, watermark, logo, caption, signature, border, frame, collage, multiple panels, cartoon, illustration, CGI, 3d render, low-poly, painting, anime, surreal, deformed, duplicate objects, extra limbs, blurry, out of focus, noise, oversaturated, posterized, artifacts, jpeg artifacts"
8720,ship,sailboat,anchored,a backyard,slightly off-center framing,rainy with wet reflections,clean,a photorealistic color photo,"a photorealistic color photo of a sailboat ship anchored in a backyard, slightly off-center framing, rainy with wet reflections. single main subject, photorealistic color photo, natural colors, realistic texture, sharp focus on subject, no people, no text, no watermark, no logo, no border, no collage, no CGI, no illustration.","text, watermark, logo, caption, signature, border, frame, collage, multiple panels, cartoon, illustration, CGI, 3d render, low-poly, painting, anime, surreal, deformed, duplicate objects, extra limbs, blurry, out of focus, noise, oversaturated, posterized, artifacts, jpeg artifacts"
8343,ship,cargo ship,moving through water,an urban street,close-up,foggy morning,clean,a detailed photograph,"a detailed photograph of a cargo ship moving through water in an urban street, close-up, foggy morning. single main subject, photorealistic color photo, natural colors, realistic texture, sharp focus on subject, no people, no text, no watermark, no logo, no border, no collage, no CGI, no illustration.","text, watermark, logo, caption, signature, border, frame, collage, multiple panels, cartoon, illustration, CGI, 3d render, low-poly, painting, anime, surreal, deformed, duplicate objects, extra limbs, blurry, out of focus, noise, oversaturated, posterized, artifacts, jpeg artifacts"
8055,ship,small motorboat,seen from a distance,a wet roadway after rain,3/4 view,sunny afternoon,clean,an ultra-realistic rendering,"an ultra-realistic rendering of a small motorboat ship seen from a distance in a wet roadway after rain, 3/4 view, sunny afternoon. single main subject, photorealistic color photo, natural colors, realistic texture, sharp focus on subject, no people, no text, no watermark, no logo, no border, no collage, no CGI, no illustration.","text, watermark, logo, caption, signature, border, frame, collage, multiple panels, cartoon, illustration, CGI, 3d render, low-poly, painting, anime, surreal, deformed, duplicate objects, extra limbs, blurry, out of focus, noise, oversaturated, posterized, artifacts, jpeg artifacts"
8494,ship,small motorboat,moving through water,a suburban neighborhood,slightly off-center framing,golden hour,clean,a photorealistic color photo,"a photorealistic color photo of a small motorboat ship moving through water in a suburban neighborhood, slightly off-center framing, golden hour. single main subject, photorealistic color photo, natural colors, realistic texture, sharp focus on subject, no people, no text, no watermark, no logo, no border, no collage, no CGI, no illustration.","text, watermark, logo, caption, signature, border, frame, collage, multiple panels, cartoon, illustration, CGI, 3d render, low-poly, painting, anime, surreal, deformed, duplicate objects, extra limbs, blurry, out of focus, noise, oversaturated, posterized, artifacts, jpeg artifacts"
8663,ship,sailboat,seen from a distance,a city park,low angle,overcast daylight,clean,an ultra-realistic rendering,"an ultra-realistic rendering of a sailboat ship seen from a distance in a city park, low angle, overcast daylight. single main subject, photorealistic color photo, natural colors, realistic texture, sharp focus on subject, no people, no text, no watermark, no logo, no border, no collage, no CGI, no illustration.","text, watermark, logo, caption, signature, border, frame, collage, multiple panels, cartoon, illustration, CGI, 3d render, low-poly, painting, anime, surreal, deformed, duplicate objects, extra limbs, blurry, out of focus, noise, oversaturated, posterized, artifacts, jpeg artifacts"
8218,ship,small motorboat,moving through water,a parking lot,side profile,rainy with wet reflections,clean,a high-quality image,"a high-quality image of a small motorboat ship moving through water in a parking lot, side profile, rainy with wet reflections. single main subject, photorealistic color photo, natural colors, realistic texture, sharp focus on subject, no people, no text, no watermark, no logo, no border, no collage, no CGI, no illustration.","text, watermark, logo, caption, signature, border, frame, collage, multiple panels, cartoon, illustration, CGI, 3d render, low-poly, painting, anime, surreal, deformed, duplicate objects, extra limbs, blurry, out of focus, noise, oversaturated, posterized, artifacts, jpeg artifacts"
8846,ship,cruise ship,seen from a distance,a lakeside shore,high angle,overcast daylight,hard,a professional photo,"a professional photo of a cruise ship seen from a distance in a lakeside shore, high angle, overcast daylight. cropped slightly. single main subject, photorealistic color photo, natural colors, realistic texture, sharp focus on subject, no people, no text, no watermark, no logo, no border, no collage, no CGI, no illustration.","text, watermark, logo, caption, signature, border, frame, collage, multiple panels, cartoon, illustration, CGI, 3d render, low-poly, painting, anime, surreal, deformed, duplicate objects, extra limbs, blurry, out of focus, noise, oversaturated, posterized, artifacts, jpeg artifacts"
8001,ship,fishing boat,anchored,a backyard,front view,foggy morning,clean,a detailed photograph,"a detailed photograph of a fishing boat ship anchored in a backyard, front view, foggy morning. single main subject, photorealistic color photo, natural colors, realistic texture, sharp focus on subject, no people, no text, no watermark, no logo, no border, no collage, no CGI, no illustration.","text, watermark, logo, caption, signature, border, frame, collage, multiple panels, cartoon, illustration, CGI, 3d render, low-poly, painting, anime, surreal, deformed, duplicate objects, extra limbs, blurry, out of focus, noise, oversaturated, posterized, artifacts, jpeg artifacts"
8349,ship,sailboat,moving through water,a grassy field,low angle,rainy with wet reflections,clean,a professional photo,"a professional photo of a sailboat ship moving through water in a grassy field, low angle, rainy with wet reflections. single main subject, photorealistic color photo, natural colors, realistic texture, sharp focus on subject, no people, no text, no watermark, no logo, no border, no collage, no CGI, no illustration.","text, watermark, logo, caption, signature, border, frame, collage, multiple panels, cartoon, illustration, CGI, 3d render, low-poly, painting, anime, surreal, deformed, duplicate objects, extra limbs, blurry, out of focus, noise, oversaturated, posterized, artifacts, jpeg artifacts"
8963,ship,sailboat,moving through water,a sandy beach,cropped at the edge of the frame,nighttime under streetlights,hard,a high-quality image,"a high-quality image of a sailboat ship moving through water in a sandy beach, cropped at the edge of the frame, nighttime under streetlights. partially occluded by a foreground object. single main subject, photorealistic color photo, natural colors, realistic texture, sharp focus on subject, no people, no text, no watermark, no logo, no border, no collage, no CGI, no illustration.","text, watermark, logo, caption, signature, border, frame, collage, multiple panels, cartoon, illustration, CGI, 3d render, low-poly, painting, anime, surreal, deformed, duplicate objects, extra limbs, blurry, out of focus, noise, oversaturated, posterized, artifacts, jpeg artifacts"
8476,ship,sailboat,seen from a distance,a lakeside shore,close-up,indoor soft window light,clean,a professional photo,"a professional photo of a sailboat ship seen from a distance in a lakeside shore, close-up, indoor soft window light. single main subject, photorealistic color photo, natural colors, realistic texture, sharp focus on subject, no people, no text, no watermark, no logo, no border, no collage, no CGI, no illustration.","text, watermark, logo, caption, signature, border, frame, collage, multiple panels, cartoon, illustration, CGI, 3d render, low-poly, painting, anime, surreal, deformed, duplicate objects, extra limbs, blurry, out of focus, noise, oversaturated, posterized, artifacts, jpeg artifacts"
8815,ship,fishing boat,seen from a distance,a forest clearing,high angle,rainy with wet reflections,hard,a professional photo,"a professional photo of a fishing boat ship seen from a distance in a forest clearing, high angle, rainy with wet reflections. in the distance. single main subject, photorealistic color photo, natural colors, realistic texture, sharp focus on subject, no people, no text, no watermark, no logo, no border, no collage, no CGI, no illustration.","text, watermark, logo, caption, signature, border, frame, collage, multiple panels, cartoon, illustration, CGI, 3d render, low-poly, painting, anime, surreal, deformed, duplicate objects, extra limbs, blurry, out of focus, noise, oversaturated, posterized, artifacts, jpeg artifacts"
8571,ship,fishing boat,seen from a distance,a backyard,3/4 view,foggy morning,clean,a photorealistic color photo,"a photorealistic color photo of a fishing boat ship seen from a distance in a backyard, 3/4 view, foggy morning. single main subject, photorealistic color photo, natural colors, realistic texture, sharp focus on subject, no people, no text, no watermark, no logo, no border, no collage, no CGI, no illustration.","text, watermark, logo, caption, signature, border, frame, collage, multiple panels, cartoon, illustration, CGI, 3d render, low-poly, painting, anime, surreal, deformed, duplicate objects, extra limbs, blurry, out of focus, noise, oversaturated, posterized, artifacts, jpeg artifacts"
8759,ship,cruise ship,docked,a sandy beach,3/4 view,rainy with wet reflections,clean,a detailed photograph,"a detailed photograph of a cruise ship docked in a sandy beach, 3/4 view, rainy with wet reflections. single main subject, photorealistic color photo, natural colors, realistic texture, sharp focus on subject, no people, no text, no watermark, no logo, no border, no collage, no CGI, no illustration.","text, watermark, logo, caption, signature, border, frame, collage, multiple panels, cartoon, illustration, CGI, 3d render, low-poly, painting, anime, surreal, deformed, duplicate objects, extra limbs, blurry, out of focus, noise, oversaturated, posterized, artifacts, jpeg artifacts"
8679,ship,fishing boat,seen from a distance,an industrial yard,low angle,overcast daylight,clean,a photorealistic color photo,"a photorealistic color photo of a fishing boat ship seen from a distance in an industrial yard, low angle, overcast daylight. single main subject, photorealistic color photo, natural colors, realistic texture, sharp focus on subject, no people, no text, no watermark, no logo, no border, no collage, no CGI, no illustration.","text, watermark, logo, caption, signature, border, frame, collage, multiple panels, cartoon, illustration, CGI, 3d render, low-poly, painting, anime, surreal, deformed, duplicate objects, extra limbs, blurry, out of focus, noise, oversaturated, posterized, artifacts, jpeg artifacts"
8122,ship,fishing boat,moving through water,a grassy field,wide shot,overcast daylight,clean,a professional photo,"a professional photo of a fishing boat ship moving through water in a grassy field, wide shot, overcast daylight. single main subject, photorealistic color photo, natural colors, realistic texture, sharp focus on subject, no people, no text, no watermark, no logo, no border, no collage, no CGI, no illustration.","text, watermark, logo, caption, signature, border, frame, collage, multiple panels, cartoon, illustration, CGI, 3d render, low-poly, painting, anime, surreal, deformed, duplicate objects, extra limbs, blurry, out of focus, noise, oversaturated, posterized, artifacts, jpeg artifacts"
8321,ship,small motorboat,seen from a distance,a parking lot,3/4 view,golden hour,clean,a high-quality image,"a high-quality image of a small motorboat ship seen from a distance in a parking lot, 3/4 view, golden hour. single main subject, photorealistic color photo, natural colors, realistic texture, sharp focus on subject, no people, no text, no watermark, no logo, no border, no collage, no CGI, no illustration.","text, watermark, logo, caption, signature, border, frame, collage, multiple panels, cartoon, illustration, CGI, 3d render, low-poly, painting, anime, surreal, deformed, duplicate objects, extra limbs, blurry, out of focus, noise, oversaturated, posterized, artifacts, jpeg artifacts"
8888,ship,sailboat,anchored,a wet roadway after rain,front view,sunny afternoon,hard,a photorealistic color photo,"a photorealistic color photo of a sailboat ship anchored in a wet roadway after rain, front view, sunny afternoon. busy background but still one main subject. single main subject, photorealistic color photo, natural colors, realistic texture, sharp focus on subject, no people, no text, no watermark, no logo, no border, no collage, no CGI, no illustration.","text, watermark, logo, caption, signature, border, frame, collage, multiple panels, cartoon, illustration, CGI, 3d render, low-poly, painting, anime, surreal, deformed, duplicate objects, extra limbs, blurry, out of focus, noise, oversaturated, posterized, artifacts, jpeg artifacts"
8561,ship,cargo ship,docked,an urban street,low angle,backlit rim light,clean,a detailed photograph,"a detailed photograph of a cargo ship docked in an urban street, low angle, backlit rim light. single main subject, photorealistic color photo, natural colors, realistic texture, sharp focus on subject, no people, no text, no watermark, no logo, no border, no collage, no CGI, no illustration.","text, watermark, logo, caption, signature, border, frame, collage, multiple panels, cartoon, illustration, CGI, 3d render, low-poly, painting, anime, surreal, deformed, duplicate objects, extra limbs, blurry, out of focus, noise, oversaturated, posterized, artifacts, jpeg artifacts"
8777,ship,cargo ship,docked,a sandy beach,slightly off-center framing,foggy morning,clean,a photorealistic color photo,"a photorealistic color photo of a cargo ship docked in a sandy beach, slightly off-center framing, foggy morning. single main subject, photorealistic color photo, natural colors, realistic texture, sharp focus on subject, no people, no text, no watermark, no logo, no border, no collage, no CGI, no illustration.","text, watermark, logo, caption, signature, border, frame, collage, multiple panels, cartoon, illustration, CGI, 3d render, low-poly, painting, anime, surreal, deformed, duplicate objects, extra limbs, blurry, out of focus, noise, oversaturated, posterized, artifacts, jpeg artifacts"
8511,ship,fishing boat,docked,a parking lot,3/4 view,golden hour,clean,a photorealistic color photo,"a photorealistic color photo of a fishing boat ship docked in a parking lot, 3/4 view, golden hour. single main subject, photorealistic color photo, natural colors, realistic texture, sharp focus on subject, no people, no text, no watermark, no logo, no border, no collage, no CGI, no illustration.","text, watermark, logo, caption, signature, border, frame, collage, multiple panels, cartoon, illustration, CGI, 3d render, low-poly, painting, anime, surreal, deformed, duplicate objects, extra limbs, blurry, out of focus, noise, oversaturated, posterized, artifacts, jpeg artifacts"
8454,ship,small motorboat,moving through water,a lakeside shore,3/4 view,overcast daylight,clean,a photorealistic color photo,"a photorealistic color photo of a small motorboat ship moving through water in a lakeside shore, 3/4 view, overcast daylight. single main subject, photorealistic color photo, natural colors, realistic texture, sharp focus on subject, no people, no text, no watermark, no logo, no border, no collage, no CGI, no illustration.","text, watermark, logo, caption, signature, border, frame, collage, multiple panels, cartoon, illustration, CGI, 3d render, low-poly, painting, anime, surreal, deformed, duplicate objects, extra limbs, blurry, out of focus, noise, oversaturated, posterized, artifacts, jpeg artifacts"
8444,ship,sailboat,docked,a wet roadway after rain,side profile,golden hour,clean,a finely detailed photo,"a finely detailed photo of a sailboat ship docked in a wet roadway after rain, side profile, golden hour. single main subject, photorealistic color photo, natural colors, realistic texture, sharp focus on subject, no people, no text, no watermark, no logo, no border, no collage, no CGI, no illustration.","text, watermark, logo, caption, signature, border, frame, collage, multiple panels, cartoon, illustration, CGI, 3d render, low-poly, painting, anime, surreal, deformed, duplicate objects, extra limbs, blurry, out of focus, noise, oversaturated, posterized, artifacts, jpeg artifacts"
8801,ship,sailboat,moving through water,a gravel lot,slightly off-center framing,overcast daylight,hard,a detailed photograph,"a detailed photograph of a sailboat ship moving through water in a gravel lot, slightly off-center framing, overcast daylight. cropped slightly. single main subject, photorealistic color photo, natural colors, realistic texture, sharp focus on subject, no people, no text, no watermark, no logo, no border, no collage, no CGI, no illustration.","text, watermark, logo, caption, signature, border, frame, collage, multiple panels, cartoon, illustration, CGI, 3d render, low-poly, painting, anime, surreal, deformed, duplicate objects, extra limbs, blurry, out of focus, noise, oversaturated, posterized, artifacts, jpeg artifacts"
8775,ship,sailboat,moving through water,a wet roadway after rain,3/4 view,overcast daylight,clean,a photorealistic color photo,"a photorealistic color photo of a sailboat ship moving through water in a wet roadway after rain, 3/4 view, overcast daylight. single main subject, photorealistic color photo, natural colors, realistic texture, sharp focus on subject, no people, no text, no watermark, no logo, no border, no collage, no CGI, no illustration.","text, watermark, logo, caption, signature, border, frame, collage, multiple panels, cartoon, illustration, CGI, 3d render, low-poly, painting, anime, surreal, deformed, duplicate objects, extra limbs, blurry, out of focus, noise, oversaturated, posterized, artifacts, jpeg artifacts"
8070,ship,small motorboat,anchored,a city park,wide shot,backlit rim light,clean,a high-quality image,"a high-quality image of a small motorboat ship anchored in a city park, wide shot, backlit rim light. single main subject, photorealistic color photo, natural colors, realistic texture, sharp focus on subject, no people, no text, no watermark, no logo, no border, no collage, no CGI, no illustration.","text, watermark, logo, caption, signature, border, frame, collage, multiple panels, cartoon, illustration, CGI, 3d render, low-poly, painting, anime, surreal, deformed, duplicate objects, extra limbs, blurry, out of focus, noise, oversaturated, posterized, artifacts, jpeg artifacts"
8793,ship,ferry,moving through water,a wet roadway after rain,wide shot,nighttime under streetlights,clean,a finely detailed photo,"a finely detailed photo of a ferry ship moving through water in a wet roadway after rain, wide shot, nighttime under streetlights. single main subject, photorealistic color photo, natural colors, realistic texture, sharp focus on subject, no people, no text, no watermark, no logo, no border, no collage, no CGI, no illustration.","text, watermark, logo, caption, signature, border, frame, collage, multiple panels, cartoon, illustration, CGI, 3d render, low-poly, painting, anime, surreal, deformed, duplicate objects, extra limbs, blurry, out of focus, noise, oversaturated, posterized, artifacts, jpeg artifacts"
8252,ship,small motorboat,docked,a parking lot,high angle,rainy with wet reflections,clean,an ultra-realistic rendering,"an ultra-realistic rendering of a small motorboat ship docked in a parking lot, high angle, rainy with wet reflections. single main subject, photorealistic color photo, natural colors, realistic texture, sharp focus on subject, no people, no text, no watermark, no logo, no border, no collage, no CGI, no illustration.","text, watermark, logo, caption, signature, border, frame, collage, multiple panels, cartoon, illustration, CGI, 3d render, low-poly, painting, anime, surreal, deformed, duplicate objects, extra limbs, blurry, out of focus, noise, oversaturated, posterized, artifacts, jpeg artifacts"
8562,ship,cruise ship,moving through water,a quiet residential street,close-up,rainy with wet reflections,clean,a detailed photograph,"a detailed photograph of a cruise ship moving through water in a quiet residential street, close-up, rainy with wet reflections. single main subject, photorealistic color photo, natural colors, realistic texture, sharp focus on subject, no people, no text, no watermark, no logo, no border, no collage, no CGI, no illustration.","text, watermark, logo, caption, signature, border, frame, collage, multiple panels, cartoon, illustration, CGI, 3d render, low-poly, painting, anime, surreal, deformed, duplicate objects, extra limbs, blurry, out of focus, noise, oversaturated, posterized, artifacts, jpeg artifacts"
8513,ship,cargo ship,anchored,a countryside road,wide shot,nighttime under streetlights,clean,a professional photo,"a professional photo of a cargo ship anchored in a countryside road, wide shot, nighttime under streetlights. single main subject, photorealistic color photo, natural colors, realistic texture, sharp focus on subject, no people, no text, no watermark, no logo, no border, no collage, no CGI, no illustration.","text, watermark, logo, caption, signature, border, frame, collage, multiple panels, cartoon, illustration, CGI, 3d render, low-poly, painting, anime, surreal, deformed, duplicate objects, extra limbs, blurry, out of focus, noise, oversaturated, posterized, artifacts, jpeg artifacts"
8440,ship,small motorboat,seen from a distance,a suburban neighborhood,close-up,overcast daylight,clean,a finely detailed photo,"a finely detailed photo of a small motorboat ship seen from a distance in a suburban neighborhood, close-up, overcast daylight. single main subject, photorealistic color photo, natural colors, realistic texture, sharp focus on subject, no people, no text, no watermark, no logo, no border, no collage, no CGI, no illustration.","text, watermark, logo, caption, signature, border, frame, collage, multiple panels, cartoon, illustration, CGI, 3d render, low-poly, painting, anime, surreal, deformed, duplicate objects, extra limbs, blurry, out of focus, noise, oversaturated, posterized, artifacts, jpeg artifacts"
8549,ship,ferry,seen from a distance,a gravel lot,low angle,overcast daylight,clean,a professional photo,"a professional photo of a ferry ship seen from a distance in a gravel lot, low angle, overcast daylight. single main subject, photorealistic color photo, natural colors, realistic texture, sharp focus on subject, no people, no text, no watermark, no logo, no border, no collage, no CGI, no illustration.","text, watermark, logo, caption, signature, border, frame, collage, multiple panels, cartoon, illustration, CGI, 3d render, low-poly, painting, anime, surreal, deformed, duplicate objects, extra limbs, blurry, out of focus, noise, oversaturated, posterized, artifacts, jpeg artifacts"
8093,ship,cruise ship,seen from a distance,a lakeside shore,3/4 view,nighttime under streetlights,clean,a detailed photograph,"a detailed photograph of a cruise ship seen from a distance in a lakeside shore, 3/4 view, nighttime under streetlights. single main subject, photorealistic color photo, natural colors, realistic texture, sharp focus on subject, no people, no text, no watermark, no logo, no border, no collage, no CGI, no illustration.","text, watermark, logo, caption, signature, border, frame, collage, multiple panels, cartoon, illustration, CGI, 3d render, low-poly, painting, anime, surreal, deformed, duplicate objects, extra limbs, blurry, out of focus, noise, oversaturated, posterized, artifacts, jpeg artifacts"
8996,ship,cargo ship,seen from a distance,a wet roadway after rain,high angle,sunny afternoon,hard,a photorealistic color photo,"a photorealistic color photo of a cargo ship seen from a distance in a wet roadway after rain, high angle, sunny afternoon. partially occluded by a foreground object. single main subject, photorealistic color photo, natural colors, realistic texture, sharp focus on subject, no people, no text, no watermark, no logo, no border, no collage, no CGI, no illustration.","text, watermark, logo, caption, signature, border, frame, collage, multiple panels, cartoon, illustration, CGI, 3d render, low-poly, painting, anime, surreal, deformed, duplicate objects, extra limbs, blurry, out of focus, noise, oversaturated, posterized, artifacts, jpeg artifacts"
8756,ship,ferry,moving through water,a countryside road,slightly off-center framing,rainy with wet reflections,clean,a high-quality image,"a high-quality image of a ferry ship moving through water in a countryside road, slightly off-center framing, rainy with wet reflections. single main subject, photorealistic color photo, natural colors, realistic texture, sharp focus on subject, no people, no text, no watermark, no logo, no border, no collage, no CGI, no illustration.","text, watermark, logo, caption, signature, border, frame, collage, multiple panels, cartoon, illustration, CGI, 3d render, low-poly, painting, anime, surreal, deformed, duplicate objects, extra limbs, blurry, out of focus, noise, oversaturated, posterized, artifacts, jpeg artifacts"
8355,ship,cruise ship,anchored,a sandy beach,close-up,foggy morning,clean,an ultra-realistic rendering,"an ultra-realistic rendering of a cruise ship anchored in a sandy beach, close-up, foggy morning. single main subject, photorealistic color photo, natural colors, realistic texture, sharp focus on subject, no people, no text, no watermark, no logo, no border, no collage, no CGI, no illustration.","text, watermark, logo, caption, signature, border, frame, collage, multiple panels, cartoon, illustration, CGI, 3d render, low-poly, painting, anime, surreal, deformed, duplicate objects, extra limbs, blurry, out of focus, noise, oversaturated, posterized, artifacts, jpeg artifacts"
8094,ship,sailboat,moving through water,an industrial yard,wide shot,sunny afternoon,clean,a photorealistic color photo,"a photorealistic color photo of a sailboat ship moving through water in an industrial yard, wide shot, sunny afternoon. single main subject, photorealistic color photo, natural colors, realistic texture, sharp focus on subject, no people, no text, no watermark, no logo, no border, no collage, no CGI, no illustration.","text, watermark, logo, caption, signature, border, frame, collage, multiple panels, cartoon, illustration, CGI, 3d render, low-poly, painting, anime, surreal, deformed, duplicate objects, extra limbs, blurry, out of focus, noise, oversaturated, posterized, artifacts, jpeg artifacts"
8357,ship,cruise ship,docked,a countryside road,low angle,overcast daylight,clean,a professional photo,"a professional photo of a cruise ship docked in a countryside road, low angle, overcast daylight. single main subject, photorealistic color photo, natural colors, realistic texture, sharp focus on subject, no people, no text, no watermark, no logo, no border, no collage, no CGI, no illustration.","text, watermark, logo, caption, signature, border, frame, collage, multiple panels, cartoon, illustration, CGI, 3d render, low-poly, painting, anime, surreal, deformed, duplicate objects, extra limbs, blurry, out of focus, noise, oversaturated, posterized, artifacts, jpeg artifacts"
8090,ship,fishing boat,docked,a backyard,3/4 view,rainy with wet reflections,clean,an ultra-realistic rendering,"an ultra-realistic rendering of a fishing boat ship docked in a backyard, 3/4 view, rainy with wet reflections. single main subject, photorealistic color photo, natural colors, realistic texture, sharp focus on subject, no people, no text, no watermark, no logo, no border, no collage, no CGI, no illustration.","text, watermark, logo, caption, signature, border, frame, collage, multiple panels, cartoon, illustration, CGI, 3d render, low-poly, painting, anime, surreal, deformed, duplicate objects, extra limbs, blurry, out of focus, noise, oversaturated, posterized, artifacts, jpeg artifacts"
8946,ship,ferry,seen from a distance,a suburban neighborhood,side profile,backlit rim light,hard,a finely detailed photo,"a finely detailed photo of a ferry ship seen from a distance in a suburban neighborhood, side profile, backlit rim light. slight motion blur. single main subject, photorealistic color photo, natural colors, realistic texture, sharp focus on subject, no people, no text, no watermark, no logo, no border, no collage, no CGI, no illustration.","text, watermark, logo, caption, signature, border, frame, collage, multiple panels, cartoon, illustration, CGI, 3d render, low-poly, painting, anime, surreal, deformed, duplicate objects, extra limbs, blurry, out of focus, noise, oversaturated, posterized, artifacts, jpeg artifacts"
8732,ship,cargo ship,docked,a city park,low angle,nighttime under streetlights,clean,a high-quality image,"a high-quality image of a cargo ship docked in a city park, low angle, nighttime under streetlights. single main subject, photorealistic color photo, natural colors, realistic texture, sharp focus on subject, no people, no text, no watermark, no logo, no border, no collage, no CGI, no illustration.","text, watermark, logo, caption, signature, border, frame, collage, multiple panels, cartoon, illustration, CGI, 3d render, low-poly, painting, anime, surreal, deformed, duplicate objects, extra limbs, blurry, out of focus, noise, oversaturated, posterized, artifacts, jpeg artifacts"
8019,ship,sailboat,anchored,a wet roadway after rain,wide shot,foggy morning,clean,a professional photo,"a professional photo of a sailboat ship anchored in a wet roadway after rain, wide shot, foggy morning. single main subject, photorealistic color photo, natural colors, realistic texture, sharp focus on subject, no people, no text, no watermark, no logo, no border, no collage, no CGI, no illustration.","text, watermark, logo, caption, signature, border, frame, collage, multiple panels, cartoon, illustration, CGI, 3d render, low-poly, painting, anime, surreal, deformed, duplicate objects, extra limbs, blurry, out of focus, noise, oversaturated, posterized, artifacts, jpeg artifacts"
8768,ship,fishing boat,docked,a sandy beach,close-up,rainy with wet reflections,clean,a detailed photograph,"a detailed photograph of a fishing boat ship docked in a sandy beach, close-up, rainy with wet reflections. single main subject, photorealistic color photo, natural colors, realistic texture, sharp focus on subject, no people, no text, no watermark, no logo, no border, no collage, no CGI, no illustration.","text, watermark, logo, caption, signature, border, frame, collage, multiple panels, cartoon, illustration, CGI, 3d render, low-poly, painting, anime, surreal, deformed, duplicate objects, extra limbs, blurry, out of focus, noise, oversaturated, posterized, artifacts, jpeg artifacts"
8016,ship,small motorboat,docked,a grassy field,high angle,rainy with wet reflections,clean,a photorealistic color photo,"a photorealistic color photo of a small motorboat ship docked in a grassy field, high angle, rainy with wet reflections. single main subject, photorealistic color photo, natural colors, realistic texture, sharp focus on subject, no people, no text, no watermark, no logo, no border, no collage, no CGI, no illustration.","text, watermark, logo, caption, signature, border, frame, collage, multiple panels, cartoon, illustration, CGI, 3d render, low-poly, painting, anime, surreal, deformed, duplicate objects, extra limbs, blurry, out of focus, noise, oversaturated, posterized, artifacts, jpeg artifacts"
8430,ship,ferry,seen from a distance,a city park,side profile,nighttime under streetlights,clean,a photorealistic color photo,"a photorealistic color photo of a ferry ship seen from a distance in a city park, side profile, nighttime under streetlights. single main subject, photorealistic color photo, natural colors, realistic texture, sharp focus on subject, no people, no text, no watermark, no logo, no border, no collage, no CGI, no illustration.","text, watermark, logo, caption, signature, border, frame, collage, multiple panels, cartoon, illustration, CGI, 3d render, low-poly, painting, anime, surreal, deformed, duplicate objects, extra limbs, blurry, out of focus, noise, oversaturated, posterized, artifacts, jpeg artifacts"
8013,ship,fishing boat,docked,a grassy field,3/4 view,indoor soft window light,clean,a professional photo,"a professional photo of a fishing boat ship docked in a grassy field, 3/4 view, indoor soft window light. single main subject, photorealistic color photo, natural colors, realistic texture, sharp focus on subject, no people, no text, no watermark, no logo, no border, no collage, no CGI, no illustration.","text, watermark, logo, caption, signature, border, frame, collage, multiple panels, cartoon, illustration, CGI, 3d render, low-poly, painting, anime, surreal, deformed, duplicate objects, extra limbs, blurry, out of focus, noise, oversaturated, posterized, artifacts, jpeg artifacts"
8473,ship,fishing boat,docked,a backyard,side profile,nighttime under streetlights,clean,a finely detailed photo,"a finely detailed photo of a fishing boat ship docked in a backyard, side profile, nighttime under streetlights. single main subject, photorealistic color photo, natural colors, realistic texture, sharp focus on subject, no people, no text, no watermark, no logo, no border, no collage, no CGI, no illustration.","text, watermark, logo, caption, signature, border, frame, collage, multiple panels, cartoon, illustration, CGI, 3d render, low-poly, painting, anime, surreal, deformed, duplicate objects, extra limbs, blurry, out of focus, noise, oversaturated, posterized, artifacts, jpeg artifacts"
8516,ship,ferry,docked,an urban street,3/4 view,nighttime under streetlights,clean,a detailed photograph,"a detailed photograph of a ferry ship docked in an urban street, 3/4 view, nighttime under streetlights. single main subject, photorealistic color photo, natural colors, realistic texture, sharp focus on subject, no people, no text, no watermark, no logo, no border, no collage, no CGI, no illustration.","text, watermark, logo, caption, signature, border, frame, collage, multiple panels, cartoon, illustration, CGI, 3d render, low-poly, painting, anime, surreal, deformed, duplicate objects, extra limbs, blurry, out of focus, noise, oversaturated, posterized, artifacts, jpeg artifacts"
8898,ship,cargo ship,moving through water,a lakeside shore,close-up,golden hour,hard,a high-quality image,"a high-quality image of a cargo ship moving through water in a lakeside shore, close-up, golden hour. slight motion blur. single main subject, photorealistic color photo, natural colors, realistic texture, sharp focus on subject, no people, no text, no watermark, no logo, no border, no collage, no CGI, no illustration.","text, watermark, logo, caption, signature, border, frame, collage, multiple panels, cartoon, illustration, CGI, 3d render, low-poly, painting, anime, surreal, deformed, duplicate objects, extra limbs, blurry, out of focus, noise, oversaturated, posterized, artifacts, jpeg artifacts"
8153,ship,cruise ship,anchored,an industrial yard,side profile,backlit rim light,clean,a high-quality image,"a high-quality image of a cruise ship anchored in an industrial yard, side profile, backlit rim light. single main subject, photorealistic color photo, natural colors, realistic texture, sharp focus on subject, no people, no text, no watermark, no logo, no border, no collage, no CGI, no illustration.","text, watermark, logo, caption, signature, border, frame, collage, multiple panels, cartoon, illustration, CGI, 3d render, low-poly, painting, anime, surreal, deformed, duplicate objects, extra limbs, blurry, out of focus, noise, oversaturated, posterized, artifacts, jpeg artifacts"
8733,ship,small motorboat,docked,a suburban neighborhood,wide shot,overcast daylight,clean,a detailed photograph,"a detailed photograph of a small motorboat ship docked in a suburban neighborhood, wide shot, overcast daylight. single main subject, photorealistic color photo, natural colors, realistic texture, sharp focus on subject, no people, no text, no watermark, no logo, no border, no collage, no CGI, no illustration.","text, watermark, logo, caption, signature, border, frame, collage, multiple panels, cartoon, illustration, CGI, 3d render, low-poly, painting, anime, surreal, deformed, duplicate objects, extra limbs, blurry, out of focus, noise, oversaturated, posterized, artifacts, jpeg artifacts"
8834,ship,fishing boat,anchored,a sandy beach,3/4 view,foggy morning,hard,a high-quality image,"a high-quality image of a fishing boat ship anchored in a sandy beach, 3/4 view, foggy morning. slight motion blur. single main subject, photorealistic color photo, natural colors, realistic texture, sharp focus on subject, no people, no text, no watermark, no logo, no border, no collage, no CGI, no illustration.","text, watermark, logo, caption, signature, border, frame, collage, multiple panels, cartoon, illustration, CGI, 3d render, low-poly, painting, anime, surreal, deformed, duplicate objects, extra limbs, blurry, out of focus, noise, oversaturated, posterized, artifacts, jpeg artifacts"
8991,ship,small motorboat,docked,a parking lot,cropped at the edge of the frame,sunny afternoon,hard,a high-quality image,"a high-quality image of a small motorboat ship docked in a parking lot, cropped at the edge of the frame, sunny afternoon. in the distance. single main subject, photorealistic color photo, natural colors, realistic texture, sharp focus on subject, no people, no text, no watermark, no logo, no border, no collage, no CGI, no illustration.","text, watermark, logo, caption, signature, border, frame, collage, multiple panels, cartoon, illustration, CGI, 3d render, low-poly, painting, anime, surreal, deformed, duplicate objects, extra limbs, blurry, out of focus, noise, oversaturated, posterized, artifacts, jpeg artifacts"
8152,ship,sailboat,seen from a distance,a countryside road,wide shot,foggy morning,clean,a high-quality image,"a high-quality image of a sailboat ship seen from a distance in a countryside road, wide shot, foggy morning. single main subject, photorealistic color photo, natural colors, realistic texture, sharp focus on subject, no people, no text, no watermark, no logo, no border, no collage, no CGI, no illustration.","text, watermark, logo, caption, signature, border, frame, collage, multiple panels, cartoon, illustration, CGI, 3d render, low-poly, painting, anime, surreal, deformed, duplicate objects, extra limbs, blurry, out of focus, noise, oversaturated, posterized, artifacts, jpeg artifacts"
8449,ship,sailboat,moving through water,an industrial yard,slightly off-center framing,backlit rim light,clean,a high-quality image,"a high-quality image of a sailboat ship moving through water in an industrial yard, slightly off-center framing, backlit rim light. single main subject, photorealistic color photo, natural colors, realistic texture, sharp focus on subject, no people, no text, no watermark, no logo, no border, no collage, no CGI, no illustration.","text, watermark, logo, caption, signature, border, frame, collage, multiple panels, cartoon, illustration, CGI, 3d render, low-poly, painting, anime, surreal, deformed, duplicate objects, extra limbs, blurry, out of focus, noise, oversaturated, posterized, artifacts, jpeg artifacts"
8420,ship,small motorboat,seen from a distance,a parking lot,3/4 view,backlit rim light,clean,a detailed photograph,"a detailed photograph of a small motorboat ship seen from a distance in a parking lot, 3/4 view, backlit rim light. single main subject, photorealistic color photo, natural colors, realistic texture, sharp focus on subject, no people, no text, no watermark, no logo, no border, no collage, no CGI, no illustration.","text, watermark, logo, caption, signature, border, frame, collage, multiple panels, cartoon, illustration, CGI, 3d render, low-poly, painting, anime, surreal, deformed, duplicate objects, extra limbs, blurry, out of focus, noise, oversaturated, posterized, artifacts, jpeg artifacts"
8649,ship,sailboat,docked,a wet roadway after rain,low angle,rainy with wet reflections,clean,an ultra-realistic rendering,"an ultra-realistic rendering of a sailboat ship docked in a wet roadway after rain, low angle, rainy with wet reflections. single main subject, photorealistic color photo, natural colors, realistic texture, sharp focus on subject, no people, no text, no watermark, no logo, no border, no collage, no CGI, no illustration.","text, watermark, logo, caption, signature, border, frame, collage, multiple panels, cartoon, illustration, CGI, 3d render, low-poly, painting, anime, surreal, deformed, duplicate objects, extra limbs, blurry, out of focus, noise, oversaturated, posterized, artifacts, jpeg artifacts"
8110,ship,fishing boat,docked,a sandy beach,front view,rainy with wet reflections,clean,a detailed photograph,"a detailed photograph of a fishing boat ship docked in a sandy beach, front view, rainy with wet reflections. single main subject, photorealistic color photo, natural colors, realistic texture, sharp focus on subject, no people, no text, no watermark, no logo, no border, no collage, no CGI, no illustration.","text, watermark, logo, caption, signature, border, frame, collage, multiple panels, cartoon, illustration, CGI, 3d render, low-poly, painting, anime, surreal, deformed, duplicate objects, extra limbs, blurry, out of focus, noise, oversaturated, posterized, artifacts, jpeg artifacts"
8978,ship,fishing boat,anchored,a quiet residential street,close-up,overcast daylight,hard,a professional photo,"a professional photo of a fishing boat ship anchored in a quiet residential street, close-up, overcast daylight. cropped slightly. single main subject, photorealistic color photo, natural colors, realistic texture, sharp focus on subject, no people, no text, no watermark, no logo, no border, no collage, no CGI, no illustration.","text, watermark, logo, caption, signature, border, frame, collage, multiple panels, cartoon, illustration, CGI, 3d render, low-poly, painting, anime, surreal, deformed, duplicate objects, extra limbs, blurry, out of focus, noise, oversaturated, posterized, artifacts, jpeg artifacts"
8728,ship,small motorboat,moving through water,a sandy beach,low angle,golden hour,clean,a photorealistic color photo,"a photorealistic color photo of a small motorboat ship moving through water in a sandy beach, low angle, golden hour. single main subject, photorealistic color photo, natural colors, realistic texture, sharp focus on subject, no people, no text, no watermark, no logo, no border, no collage, no CGI, no illustration.","text, watermark, logo, caption, signature, border, frame, collage, multiple panels, cartoon, illustration, CGI, 3d render, low-poly, painting, anime, surreal, deformed, duplicate objects, extra limbs, blurry, out of focus, noise, oversaturated, posterized, artifacts, jpeg artifacts"
8381,ship,cargo ship,seen from a distance,a suburban neighborhood,side profile,rainy with wet reflections,clean,a professional photo,"a professional photo of a cargo ship seen from a distance in a suburban neighborhood, side profile, rainy with wet reflections. single main subject, photorealistic color photo, natural colors, realistic texture, sharp focus on subject, no people, no text, no watermark, no logo, no border, no collage, no CGI, no illustration.","text, watermark, logo, caption, signature, border, frame, collage, multiple panels, cartoon, illustration, CGI, 3d render, low-poly, painting, anime, surreal, deformed, duplicate objects, extra limbs, blurry, out of focus, noise, oversaturated, posterized, artifacts, jpeg artifacts"
8111,ship,cruise ship,docked,a parking lot,side profile,indoor soft window light,clean,an ultra-realistic rendering,"an ultra-realistic rendering of a cruise ship docked in a parking lot, side profile, indoor soft window light. single main subject, photorealistic color photo, natural colors, realistic texture, sharp focus on subject, no people, no text, no watermark, no logo, no border, no collage, no CGI, no illustration.","text, watermark, logo, caption, signature, border, frame, collage, multiple panels, cartoon, illustration, CGI, 3d render, low-poly, painting, anime, surreal, deformed, duplicate objects, extra limbs, blurry, out of focus, noise, oversaturated, posterized, artifacts, jpeg artifacts"
8560,ship,fishing boat,anchored,a grassy field,front view,backlit rim light,clean,a finely detailed photo,"a finely detailed photo of a fishing boat ship anchored in a grassy field, front view, backlit rim light. single main subject, photorealistic color photo, natural colors, realistic texture, sharp focus on subject, no people, no text, no watermark, no logo, no border, no collage, no CGI, no illustration.","text, watermark, logo, caption, signature, border, frame, collage, multiple panels, cartoon, illustration, CGI, 3d render, low-poly, painting, anime, surreal, deformed, duplicate objects, extra limbs, blurry, out of focus, noise, oversaturated, posterized, artifacts, jpeg artifacts"
8118,ship,fishing boat,anchored,a suburban neighborhood,high angle,sunny afternoon,clean,a professional photo,"a professional photo of a fishing boat ship anchored in a suburban neighborhood, high angle, sunny afternoon. single main subject, photorealistic color photo, natural colors, realistic texture, sharp focus on subject, no people, no text, no watermark, no logo, no border, no collage, no CGI, no illustration.","text, watermark, logo, caption, signature, border, frame, collage, multiple panels, cartoon, illustration, CGI, 3d render, low-poly, painting, anime, surreal, deformed, duplicate objects, extra limbs, blurry, out of focus, noise, oversaturated, posterized, artifacts, jpeg artifacts"
8305,ship,ferry,seen from a distance,a grassy field,high angle,backlit rim light,clean,a finely detailed photo,"a finely detailed photo of a ferry ship seen from a distance in a grassy field, high angle, backlit rim light. single main subject, photorealistic color photo, natural colors, realistic texture, sharp focus on subject, no people, no text, no watermark, no logo, no border, no collage, no CGI, no illustration.","text, watermark, logo, caption, signature, border, frame, collage, multiple panels, cartoon, illustration, CGI, 3d render, low-poly, painting, anime, surreal, deformed, duplicate objects, extra limbs, blurry, out of focus, noise, oversaturated, posterized, artifacts, jpeg artifacts"
8123,ship,ferry,seen from a distance,a forest clearing,side profile,nighttime under streetlights,clean,an ultra-realistic rendering,"an ultra-realistic rendering of a ferry ship seen from a distance in a forest clearing, side profile, nighttime under streetlights. single main subject, photorealistic color photo, natural colors, realistic texture, sharp focus on subject, no people, no text, no watermark, no logo, no border, no collage, no CGI, no illustration.","text, watermark, logo, caption, signature, border, frame, collage, multiple panels, cartoon, illustration, CGI, 3d render, low-poly, painting, anime, surreal, deformed, duplicate objects, extra limbs, blurry, out of focus, noise, oversaturated, posterized, artifacts, jpeg artifacts"
8261,ship,ferry,moving through water,a parking lot,side profile,nighttime under streetlights,clean,a detailed photograph,"a detailed photograph of a ferry ship moving through water in a parking lot, side profile, nighttime under streetlights. single main subject, photorealistic color photo, natural colors, realistic texture, sharp focus on subject, no people, no text, no watermark, no logo, no border, no collage, no CGI, no illustration.","text, watermark, logo, caption, signature, border, frame, collage, multiple panels, cartoon, illustration, CGI, 3d render, low-poly, painting, anime, surreal, deformed, duplicate objects, extra limbs, blurry, out of focus, noise, oversaturated, posterized, artifacts, jpeg artifacts"
8350,ship,ferry,moving through water,a city park,3/4 view,overcast daylight,clean,a high-quality image,"a high-quality image of a ferry ship moving through water in a city park, 3/4 view, overcast daylight. single main subject, photorealistic color photo, natural colors, realistic texture, sharp focus on subject, no people, no text, no watermark, no logo, no border, no collage, no CGI, no illustration.","text, watermark, logo, caption, signature, border, frame, collage, multiple panels, cartoon, illustration, CGI, 3d render, low-poly, painting, anime, surreal, deformed, duplicate objects, extra limbs, blurry, out of focus, noise, oversaturated, posterized, artifacts, jpeg artifacts"
8292,ship,small motorboat,anchored,a parking lot,front view,foggy morning,clean,a detailed photograph,"a detailed photograph of a small motorboat ship anchored in a parking lot, front view, foggy morning. single main subject, photorealistic color photo, natural colors, realistic texture, sharp focus on subject, no people, no text, no watermark, no logo, no border, no collage, no CGI, no illustration.","text, watermark, logo, caption, signature, border, frame, collage, multiple panels, cartoon, illustration, CGI, 3d render, low-poly, painting, anime, surreal, deformed, duplicate objects, extra limbs, blurry, out of focus, noise, oversaturated, posterized, artifacts, jpeg artifacts"
8890,ship,ferry,anchored,a backyard,low angle,overcast daylight,hard,a detailed photograph,"a detailed photograph of a ferry ship anchored in a backyard, low angle, overcast daylight. in the distance. single main subject, photorealistic color photo, natural colors, realistic texture, sharp focus on subject, no people, no text, no watermark, no logo, no border, no collage, no CGI, no illustration.","text, watermark, logo, caption, signature, border, frame, collage, multiple panels, cartoon, illustration, CGI, 3d render, low-poly, painting, anime, surreal, deformed, duplicate objects, extra limbs, blurry, out of focus, noise, oversaturated, posterized, artifacts, jpeg artifacts"
8740,ship,ferry,seen from a distance,a wet roadway after rain,slightly off-center framing,sunny afternoon,clean,an ultra-realistic rendering,"an ultra-realistic rendering of a ferry ship seen from a distance in a wet roadway after rain, slightly off-center framing, sunny afternoon. single main subject, photorealistic color photo, natural colors, realistic texture, sharp focus on subject, no people, no text, no watermark, no logo, no border, no collage, no CGI, no illustration.","text, watermark, logo, caption, signature, border, frame, collage, multiple panels, cartoon, illustration, CGI, 3d render, low-poly, painting, anime, surreal, deformed, duplicate objects, extra limbs, blurry, out of focus, noise, oversaturated, posterized, artifacts, jpeg artifacts"
8489,ship,cargo ship,seen from a distance,a countryside road,front view,overcast daylight,clean,a detailed photograph,"a detailed photograph of a cargo ship seen from a distance in a countryside road, front view, overcast daylight. single main subject, photorealistic color photo, natural colors, realistic texture, sharp focus on subject, no people, no text, no watermark, no logo, no border, no collage, no CGI, no illustration.","text, watermark, logo, caption, signature, border, frame, collage, multiple panels, cartoon, illustration, CGI, 3d render, low-poly, painting, anime, surreal, deformed, duplicate objects, extra limbs, blurry, out of focus, noise, oversaturated, posterized, artifacts, jpeg artifacts"
8662,ship,sailboat,moving through water,a countryside road,side profile,golden hour,clean,a detailed photograph,"a detailed photograph of a sailboat ship moving through water in a countryside road, side profile, golden hour. single main subject, photorealistic color photo, natural colors, realistic texture, sharp focus on subject, no people, no text, no watermark, no logo, no border, no collage, no CGI, no illustration.","text, watermark, logo, caption, signature, border, frame, collage, multiple panels, cartoon, illustration, CGI, 3d render, low-poly, painting, anime, surreal, deformed, duplicate objects, extra limbs, blurry, out of focus, noise, oversaturated, posterized, artifacts, jpeg artifacts"
8205,ship,cargo ship,moving through water,a suburban neighborhood,front view,sunny afternoon,clean,a professional photo,"a professional photo of a cargo ship moving through water in a suburban neighborhood, front view, sunny afternoon. single main subject, photorealistic color photo, natural colors, realistic texture, sharp focus on subject, no people, no text, no watermark, no logo, no border, no collage, no CGI, no illustration.","text, watermark, logo, caption, signature, border, frame, collage, multiple panels, cartoon, illustration, CGI, 3d render, low-poly, painting, anime, surreal, deformed, duplicate objects, extra limbs, blurry, out of focus, noise, oversaturated, posterized, artifacts, jpeg artifacts"
8691,ship,small motorboat,anchored,a backyard,3/4 view,nighttime under streetlights,clean,a detailed photograph,"a detailed photograph of a small motorboat ship anchored in a backyard, 3/4 view, nighttime under streetlights. single main subject, photorealistic color photo, natural colors, realistic texture, sharp focus on subject, no people, no text, no watermark, no logo, no border, no collage, no CGI, no illustration.","text, watermark, logo, caption, signature, border, frame, collage, multiple panels, cartoon, illustration, CGI, 3d render, low-poly, painting, anime, surreal, deformed, duplicate objects, extra limbs, blurry, out of focus, noise, oversaturated, posterized, artifacts, jpeg artifacts"
8303,ship,ferry,anchored,an urban street,3/4 view,rainy with wet reflections,clean,an ultra-realistic rendering,"an ultra-realistic rendering of a ferry ship anchored in an urban street, 3/4 view, rainy with wet reflections. single main subject, photorealistic color photo, natural colors, realistic texture, sharp focus on subject, no people, no text, no watermark, no logo, no border, no collage, no CGI, no illustration.","text, watermark, logo, caption, signature, border, frame, collage, multiple panels, cartoon, illustration, CGI, 3d render, low-poly, painting, anime, surreal, deformed, duplicate objects, extra limbs, blurry, out of focus, noise, oversaturated, posterized, artifacts, jpeg artifacts"
8523,ship,cargo ship,anchored,an industrial yard,low angle,golden hour,clean,a high-quality image,"a high-quality image of a cargo ship anchored in an industrial yard, low angle, golden hour. single main subject, photorealistic color photo, natural colors, realistic texture, sharp focus on subject, no people, no text, no watermark, no logo, no border, no collage, no CGI, no illustration.","text, watermark, logo, caption, signature, border, frame, collage, multiple panels, cartoon, illustration, CGI, 3d render, low-poly, painting, anime, surreal, deformed, duplicate objects, extra limbs, blurry, out of focus, noise, oversaturated, posterized, artifacts, jpeg artifacts"
8484,ship,cargo ship,anchored,a suburban neighborhood,3/4 view,foggy morning,clean,a finely detailed photo,"a finely detailed photo of a cargo ship anchored in a suburban neighborhood, 3/4 view, foggy morning. single main subject, photorealistic color photo, natural colors, realistic texture, sharp focus on subject, no people, no text, no watermark, no logo, no border, no collage, no CGI, no illustration.","text, watermark, logo, caption, signature, border, frame, collage, multiple panels, cartoon, illustration, CGI, 3d render, low-poly, painting, anime, surreal, deformed, duplicate objects, extra limbs, blurry, out of focus, noise, oversaturated, posterized, artifacts, jpeg artifacts"
8965,ship,cargo ship,anchored,a forest clearing,slightly off-center framing,backlit rim light,hard,a professional photo,"a professional photo of a cargo ship anchored in a forest clearing, slightly off-center framing, backlit rim light. cropped slightly. single main subject, photorealistic color photo, natural colors, realistic texture, sharp focus on subject, no people, no text, no watermark, no logo, no border, no collage, no CGI, no illustration.","text, watermark, logo, caption, signature, border, frame, collage, multiple panels, cartoon, illustration, CGI, 3d render, low-poly, painting, anime, surreal, deformed, duplicate objects, extra limbs, blurry, out of focus, noise, oversaturated, posterized, artifacts, jpeg artifacts"
8574,ship,small motorboat,seen from a distance,a forest clearing,front view,foggy morning,clean,a finely detailed photo,"a finely detailed photo of a small motorboat ship seen from a distance in a forest clearing, front view, foggy morning. single main subject, photorealistic color photo, natural colors, realistic texture, sharp focus on subject, no people, no text, no watermark, no logo, no border, no collage, no CGI, no illustration.","text, watermark, logo, caption, signature, border, frame, collage, multiple panels, cartoon, illustration, CGI, 3d render, low-poly, painting, anime, surreal, deformed, duplicate objects, extra limbs, blurry, out of focus, noise, oversaturated, posterized, artifacts, jpeg artifacts"
8711,ship,small motorboat,anchored,an urban street,slightly off-center framing,foggy morning,clean,a professional photo,"a professional photo of a small motorboat ship anchored in an urban street, slightly off-center framing, foggy morning. single main subject, photorealistic color photo, natural colors, realistic texture, sharp focus on subject, no people, no text, no watermark, no logo, no border, no collage, no CGI, no illustration.","text, watermark, logo, caption, signature, border, frame, collage, multiple panels, cartoon, illustration, CGI, 3d render, low-poly, painting, anime, surreal, deformed, duplicate objects, extra limbs, blurry, out of focus, noise, oversaturated, posterized, artifacts, jpeg artifacts"
8835,ship,small motorboat,docked,a backyard,cropped at the edge of the frame,indoor soft window light,hard,a professional photo,"a professional photo of a small motorboat ship docked in a backyard, cropped at the edge of the frame, indoor soft window light. partially occluded by a foreground object. single main subject, photorealistic color photo, natural colors, realistic texture, sharp focus on subject, no people, no text, no watermark, no logo, no border, no collage, no CGI, no illustration.","text, watermark, logo, caption, signature, border, frame, collage, multiple panels, cartoon, illustration, CGI, 3d render, low-poly, painting, anime, surreal, deformed, duplicate objects, extra limbs, blurry, out of focus, noise, oversaturated, posterized, artifacts, jpeg artifacts"
8284,ship,sailboat,seen from a distance,a forest clearing,front view,indoor soft window light,clean,a high-quality image,"a high-quality image of a sailboat ship seen from a distance in a forest clearing, front view, indoor soft window light. single main subject, photorealistic color photo, natural colors, realistic texture, sharp focus on subject, no people, no text, no watermark, no logo, no border, no collage, no CGI, no illustration.","text, watermark, logo, caption, signature, border, frame, collage, multiple panels, cartoon, illustration, CGI, 3d render, low-poly, painting, anime, surreal, deformed, duplicate objects, extra limbs, blurry, out of focus, noise, oversaturated, posterized, artifacts, jpeg artifacts"
8185,ship,small motorboat,seen from a distance,a quiet residential street,3/4 view,sunny afternoon,clean,a photorealistic color photo,"a photorealistic color photo of a small motorboat ship seen from a distance in a quiet residential street, 3/4 view, sunny afternoon. single main subject, photorealistic color photo, natural colors, realistic texture, sharp focus on subject, no people, no text, no watermark, no logo, no border, no collage, no CGI, no illustration.","text, watermark, logo, caption, signature, border, frame, collage, multiple panels, cartoon, illustration, CGI, 3d render, low-poly, painting, anime, surreal, deformed, duplicate objects, extra limbs, blurry, out of focus, noise, oversaturated, posterized, artifacts, jpeg artifacts"
8145,ship,fishing boat,docked,a sandy beach,low angle,golden hour,clean,a finely detailed photo,"a finely detailed photo of a fishing boat ship docked in a sandy beach, low angle, golden hour. single main subject, photorealistic color photo, natural colors, realistic texture, sharp focus on subject, no people, no text, no watermark, no logo, no border, no collage, no CGI, no illustration.","text, watermark, logo, caption, signature, border, frame, collage, multiple panels, cartoon, illustration, CGI, 3d render, low-poly, painting, anime, surreal, deformed, duplicate objects, extra limbs, blurry, out of focus, noise, oversaturated, posterized, artifacts, jpeg artifacts"
8467,ship,cargo ship,anchored,a parking lot,front view,foggy morning,clean,a professional photo,"a professional photo of a cargo ship anchored in a parking lot, front view, foggy morning. single main subject, photorealistic color photo, natural colors, realistic texture, sharp focus on subject, no people, no text, no watermark, no logo, no border, no collage, no CGI, no illustration.","text, watermark, logo, caption, signature, border, frame, collage, multiple panels, cartoon, illustration, CGI, 3d render, low-poly, painting, anime, surreal, deformed, duplicate objects, extra limbs, blurry, out of focus, noise, oversaturated, posterized, artifacts, jpeg artifacts"
8947,ship,ferry,anchored,a countryside road,slightly off-center framing,rainy with wet reflections,hard,a detailed photograph,"a detailed photograph of a ferry ship anchored in a countryside road, slightly off-center framing, rainy with wet reflections. in the distance. single main subject, photorealistic color photo, natural colors, realistic texture, sharp focus on subject, no people, no text, no watermark, no logo, no border, no collage, no CGI, no illustration.","text, watermark, logo, caption, signature, border, frame, collage, multiple panels, cartoon, illustration, CGI, 3d render, low-poly, painting, anime, surreal, deformed, duplicate objects, extra limbs, blurry, out of focus, noise, oversaturated, posterized, artifacts, jpeg artifacts"
8000,ship,fishing boat,seen from a distance,a grassy field,wide shot,foggy morning,clean,a finely detailed photo,"a finely detailed photo of a fishing boat ship seen from a distance in a grassy field, wide shot, foggy morning. single main subject, photorealistic color photo, natural colors, realistic texture, sharp focus on subject, no people, no text, no watermark, no logo, no border, no collage, no CGI, no illustration.","text, watermark, logo, caption, signature, border, frame, collage, multiple panels, cartoon, illustration, CGI, 3d render, low-poly, painting, anime, surreal, deformed, duplicate objects, extra limbs, blurry, out of focus, noise, oversaturated, posterized, artifacts, jpeg artifacts"
8411,ship,small motorboat,seen from a distance,a countryside road,slightly off-center framing,backlit rim light,clean,a detailed photograph,"a detailed photograph of a small motorboat ship seen from a distance in a countryside road, slightly off-center framing, backlit rim light. single main subject, photorealistic color photo, natural colors, realistic texture, sharp focus on subject, no people, no text, no watermark, no logo, no border, no collage, no CGI, no illustration.","text, watermark, logo, caption, signature, border, frame, collage, multiple panels, cartoon, illustration, CGI, 3d render, low-poly, painting, anime, surreal, deformed, duplicate objects, extra limbs, blurry, out of focus, noise, oversaturated, posterized, artifacts, jpeg artifacts"
8393,ship,sailboat,docked,an industrial yard,3/4 view,rainy with wet reflections,clean,a finely detailed photo,"a finely detailed photo of a sailboat ship docked in an industrial yard, 3/4 view, rainy with wet reflections. single main subject, photorealistic color photo, natural colors, realistic texture, sharp focus on subject, no people, no text, no watermark, no logo, no border, no collage, no CGI, no illustration.","text, watermark, logo, caption, signature, border, frame, collage, multiple panels, cartoon, illustration, CGI, 3d render, low-poly, painting, anime, surreal, deformed, duplicate objects, extra limbs, blurry, out of focus, noise, oversaturated, posterized, artifacts, jpeg artifacts"
8207,ship,cruise ship,seen from a distance,a sandy beach,low angle,backlit rim light,clean,a photorealistic color photo,"a photorealistic color photo of a cruise ship seen from a distance in a sandy beach, low angle, backlit rim light. single main subject, photorealistic color photo, natural colors, realistic texture, sharp focus on subject, no people, no text, no watermark, no logo, no border, no collage, no CGI, no illustration.","text, watermark, logo, caption, signature, border, frame, collage, multiple panels, cartoon, illustration, CGI, 3d render, low-poly, painting, anime, surreal, deformed, duplicate objects, extra limbs, blurry, out of focus, noise, oversaturated, posterized, artifacts, jpeg artifacts"
8007,ship,ferry,docked,an industrial yard,front view,nighttime under streetlights,clean,a professional photo,"a professional photo of a ferry ship docked in an industrial yard, front view, nighttime under streetlights. single main subject, photorealistic color photo, natural colors, realistic texture, sharp focus on subject, no people, no text, no watermark, no logo, no border, no collage, no CGI, no illustration.","text, watermark, logo, caption, signature, border, frame, collage, multiple panels, cartoon, illustration, CGI, 3d render, low-poly, painting, anime, surreal, deformed, duplicate objects, extra limbs, blurry, out of focus, noise, oversaturated, posterized, artifacts, jpeg artifacts"
8165,ship,sailboat,seen from a distance,an urban street,close-up,golden hour,clean,an ultra-realistic rendering,"an ultra-realistic rendering of a sailboat ship seen from a distance in an urban street, close-up, golden hour. single main subject, photorealistic color photo, natural colors, realistic texture, sharp focus on subject, no people, no text, no watermark, no logo, no border, no collage, no CGI, no illustration.","text, watermark, logo, caption, signature, border, frame, collage, multiple panels, cartoon, illustration, CGI, 3d render, low-poly, painting, anime, surreal, deformed, duplicate objects, extra limbs, blurry, out of focus, noise, oversaturated, posterized, artifacts, jpeg artifacts"
8822,ship,cruise ship,docked,a backyard,3/4 view,golden hour,hard,a photorealistic color photo,"a photorealistic color photo of a cruise ship docked in a backyard, 3/4 view, golden hour. slight motion blur. single main subject, photorealistic color photo, natural colors, realistic texture, sharp focus on subject, no people, no text, no watermark, no logo, no border, no collage, no CGI, no illustration.","text, watermark, logo, caption, signature, border, frame, collage, multiple panels, cartoon, illustration, CGI, 3d render, low-poly, painting, anime, surreal, deformed, duplicate objects, extra limbs, blurry, out of focus, noise, oversaturated, posterized, artifacts, jpeg artifacts"
8127,ship,fishing boat,docked,a sandy beach,wide shot,indoor soft window light,clean,a high-quality image,"a high-quality image of a fishing boat ship docked in a sandy beach, wide shot, indoor soft window light. single main subject, photorealistic color photo, natural colors, realistic texture, sharp focus on subject, no people, no text, no watermark, no logo, no border, no collage, no CGI, no illustration.","text, watermark, logo, caption, signature, border, frame, collage, multiple panels, cartoon, illustration, CGI, 3d render, low-poly, painting, anime, surreal, deformed, duplicate objects, extra limbs, blurry, out of focus, noise, oversaturated, posterized, artifacts, jpeg artifacts"
8506,ship,small motorboat,docked,an industrial yard,high angle,indoor soft window light,clean,a professional photo,"a professional photo of a small motorboat ship docked in an industrial yard, high angle, indoor soft window light. single main subject, photorealistic color photo, natural colors, realistic texture, sharp focus on subject, no people, no text, no watermark, no logo, no border, no collage, no CGI, no illustration.","text, watermark, logo, caption, signature, border, frame, collage, multiple panels, cartoon, illustration, CGI, 3d render, low-poly, painting, anime, surreal, deformed, duplicate objects, extra limbs, blurry, out of focus, noise, oversaturated, posterized, artifacts, jpeg artifacts"
8537,ship,small motorboat,anchored,a suburban neighborhood,high angle,foggy morning,clean,a high-quality image,"a high-quality image of a small motorboat ship anchored in a suburban neighborhood, high angle, foggy morning. single main subject, photorealistic color photo, natural colors, realistic texture, sharp focus on subject, no people, no text, no watermark, no logo, no border, no collage, no CGI, no illustration.","text, watermark, logo, caption, signature, border, frame, collage, multiple panels, cartoon, illustration, CGI, 3d render, low-poly, painting, anime, surreal, deformed, duplicate objects, extra limbs, blurry, out of focus, noise, oversaturated, posterized, artifacts, jpeg artifacts"
8286,ship,sailboat,seen from a distance,a suburban neighborhood,close-up,foggy morning,clean,a professional photo,"a professional photo of a sailboat ship seen from a distance in a suburban neighborhood, close-up, foggy morning. single main subject, photorealistic color photo, natural colors, realistic texture, sharp focus on subject, no people, no text, no watermark, no logo, no border, no collage, no CGI, no illustration.","text, watermark, logo, caption, signature, border, frame, collage, multiple panels, cartoon, illustration, CGI, 3d render, low-poly, painting, anime, surreal, deformed, duplicate objects, extra limbs, blurry, out of focus, noise, oversaturated, posterized, artifacts, jpeg artifacts"
8825,ship,fishing boat,docked,a gravel lot,low angle,backlit rim light,hard,a high-quality image,"a high-quality image of a fishing boat ship docked in a gravel lot, low angle, backlit rim light. in the distance. single main subject, photorealistic color photo, natural colors, realistic texture, sharp focus on subject, no people, no text, no watermark, no logo, no border, no collage, no CGI, no illustration.","text, watermark, logo, caption, signature, border, frame, collage, multiple panels, cartoon, illustration, CGI, 3d render, low-poly, painting, anime, surreal, deformed, duplicate objects, extra limbs, blurry, out of focus, noise, oversaturated, posterized, artifacts, jpeg artifacts"
8937,ship,cargo ship,anchored,a countryside road,close-up,foggy morning,hard,a professional photo,"a professional photo of a cargo ship anchored in a countryside road, close-up, foggy morning. in the distance. single main subject, photorealistic color photo, natural colors, realistic texture, sharp focus on subject, no people, no text, no watermark, no logo, no border, no collage, no CGI, no illustration.","text, watermark, logo, caption, signature, border, frame, collage, multiple panels, cartoon, illustration, CGI, 3d render, low-poly, painting, anime, surreal, deformed, duplicate objects, extra limbs, blurry, out of focus, noise, oversaturated, posterized, artifacts, jpeg artifacts"
8383,ship,small motorboat,seen from a distance,an industrial yard,3/4 view,overcast daylight,clean,a detailed photograph,"a detailed photograph of a small motorboat ship seen from a distance in an industrial yard, 3/4 view, overcast daylight. single main subject, photorealistic color photo, natural colors, realistic texture, sharp focus on subject, no people, no text, no watermark, no logo, no border, no collage, no CGI, no illustration.","text, watermark, logo, caption, signature, border, frame, collage, multiple panels, cartoon, illustration, CGI, 3d render, low-poly, painting, anime, surreal, deformed, duplicate objects, extra limbs, blurry, out of focus, noise, oversaturated, posterized, artifacts, jpeg artifacts"
8625,ship,small motorboat,moving through water,a wet roadway after rain,side profile,nighttime under streetlights,clean,a finely detailed photo,"a finely detailed photo of a small motorboat ship moving through water in a wet roadway after rain, side profile, nighttime under streetlights. single main subject, photorealistic color photo, natural colors, realistic texture, sharp focus on subject, no people, no text, no watermark, no logo, no border, no collage, no CGI, no illustration.","text, watermark, logo, caption, signature, border, frame, collage, multiple panels, cartoon, illustration, CGI, 3d render, low-poly, painting, anime, surreal, deformed, duplicate objects, extra limbs, blurry, out of focus, noise, oversaturated, posterized, artifacts, jpeg artifacts"
8043,ship,fishing boat,anchored,a parking lot,front view,golden hour,clean,a detailed photograph,"a detailed photograph of a fishing boat ship anchored in a parking lot, front view, golden hour. single main subject, photorealistic color photo, natural colors, realistic texture, sharp focus on subject, no people, no text, no watermark, no logo, no border, no collage, no CGI, no illustration.","text, watermark, logo, caption, signature, border, frame, collage, multiple panels, cartoon, illustration, CGI, 3d render, low-poly, painting, anime, surreal, deformed, duplicate objects, extra limbs, blurry, out of focus, noise, oversaturated, posterized, artifacts, jpeg artifacts"
8930,ship,small motorboat,anchored,a quiet residential street,close-up,foggy morning,hard,a high-quality image,"a high-quality image of a small motorboat ship anchored in a quiet residential street, close-up, foggy morning. partially occluded by a foreground object. single main subject, photorealistic color photo, natural colors, realistic texture, sharp focus on subject, no people, no text, no watermark, no logo, no border, no collage, no CGI, no illustration.","text, watermark, logo, caption, signature, border, frame, collage, multiple panels, cartoon, illustration, CGI, 3d render, low-poly, painting, anime, surreal, deformed, duplicate objects, extra limbs, blurry, out of focus, noise, oversaturated, posterized, artifacts, jpeg artifacts"
8558,ship,ferry,moving through water,a quiet residential street,high angle,sunny afternoon,clean,a detailed photograph,"a detailed photograph of a ferry ship moving through water in a quiet residential street, high angle, sunny afternoon. single main subject, photorealistic color photo, natural colors, realistic texture, sharp focus on subject, no people, no text, no watermark, no logo, no border, no collage, no CGI, no illustration.","text, watermark, logo, caption, signature, border, frame, collage, multiple panels, cartoon, illustration, CGI, 3d render, low-poly, painting, anime, surreal, deformed, duplicate objects, extra limbs, blurry, out of focus, noise, oversaturated, posterized, artifacts, jpeg artifacts"
8248,ship,cruise ship,moving through water,a grassy field,close-up,nighttime under streetlights,clean,a finely detailed photo,"a finely detailed photo of a cruise ship moving through water in a grassy field, close-up, nighttime under streetlights. single main subject, photorealistic color photo, natural colors, realistic texture, sharp focus on subject, no people, no text, no watermark, no logo, no border, no collage, no CGI, no illustration.","text, watermark, logo, caption, signature, border, frame, collage, multiple panels, cartoon, illustration, CGI, 3d render, low-poly, painting, anime, surreal, deformed, duplicate objects, extra limbs, blurry, out of focus, noise, oversaturated, posterized, artifacts, jpeg artifacts"
8164,ship,fishing boat,anchored,a sandy beach,front view,indoor soft window light,clean,an ultra-realistic rendering,"an ultra-realistic rendering of a fishing boat ship anchored in a sandy beach, front view, indoor soft window light. single main subject, photorealistic color photo, natural colors, realistic texture, sharp focus on subject, no people, no text, no watermark, no logo, no border, no collage, no CGI, no illustration.","text, watermark, logo, caption, signature, border, frame, collage, multiple panels, cartoon, illustration, CGI, 3d render, low-poly, painting, anime, surreal, deformed, duplicate objects, extra limbs, blurry, out of focus, noise, oversaturated, posterized, artifacts, jpeg artifacts"
8914,ship,cruise ship,seen from a distance,a wet roadway after rain,slightly off-center framing,nighttime under streetlights,hard,a professional photo,"a professional photo of a cruise ship seen from a distance in a wet roadway after rain, slightly off-center framing, nighttime under streetlights. partially occluded by a foreground object. single main subject, photorealistic color photo, natural colors, realistic texture, sharp focus on subject, no people, no text, no watermark, no logo, no border, no collage, no CGI, no illustration.","text, watermark, logo, caption, signature, border, frame, collage, multiple panels, cartoon, illustration, CGI, 3d render, low-poly, painting, anime, surreal, deformed, duplicate objects, extra limbs, blurry, out of focus, noise, oversaturated, posterized, artifacts, jpeg artifacts"
8628,ship,cruise ship,moving through water,a lakeside shore,low angle,foggy morning,clean,an ultra-realistic rendering,"an ultra-realistic rendering of a cruise ship moving through water in a lakeside shore, low angle, foggy morning. single main subject, photorealistic color photo, natural colors, realistic texture, sharp focus on subject, no people, no text, no watermark, no logo, no border, no collage, no CGI, no illustration.","text, watermark, logo, caption, signature, border, frame, collage, multiple panels, cartoon, illustration, CGI, 3d render, low-poly, painting, anime, surreal, deformed, duplicate objects, extra limbs, blurry, out of focus, noise, oversaturated, posterized, artifacts, jpeg artifacts"
8417,ship,fishing boat,moving through water,a suburban neighborhood,3/4 view,rainy with wet reflections,clean,a photorealistic color photo,"a photorealistic color photo of a fishing boat ship moving through water in a suburban neighborhood, 3/4 view, rainy with wet reflections. single main subject, photorealistic color photo, natural colors, realistic texture, sharp focus on subject, no people, no text, no watermark, no logo, no border, no collage, no CGI, no illustration.","text, watermark, logo, caption, signature, border, frame, collage, multiple panels, cartoon, illustration, CGI, 3d render, low-poly, painting, anime, surreal, deformed, duplicate objects, extra limbs, blurry, out of focus, noise, oversaturated, posterized, artifacts, jpeg artifacts"
8505,ship,ferry,seen from a distance,a city park,front view,indoor soft window light,clean,an ultra-realistic rendering,"an ultra-realistic rendering of a ferry ship seen from a distance in a city park, front view, indoor soft window light. single main subject, photorealistic color photo, natural colors, realistic texture, sharp focus on subject, no people, no text, no watermark, no logo, no border, no collage, no CGI, no illustration.","text, watermark, logo, caption, signature, border, frame, collage, multiple panels, cartoon, illustration, CGI, 3d render, low-poly, painting, anime, surreal, deformed, duplicate objects, extra limbs, blurry, out of focus, noise, oversaturated, posterized, artifacts, jpeg artifacts"
8617,ship,small motorboat,moving through water,a sandy beach,front view,backlit rim light,clean,an ultra-realistic rendering,"an ultra-realistic rendering of a small motorboat ship moving through water in a sandy beach, front view, backlit rim light. single main subject, photorealistic color photo, natural colors, realistic texture, sharp focus on subject, no people, no text, no watermark, no logo, no border, no collage, no CGI, no illustration.","text, watermark, logo, caption, signature, border, frame, collage, multiple panels, cartoon, illustration, CGI, 3d render, low-poly, painting, anime, surreal, deformed, duplicate objects, extra limbs, blurry, out of focus, noise, oversaturated, posterized, artifacts, jpeg artifacts"
8395,ship,sailboat,docked,a lakeside shore,3/4 view,backlit rim light,clean,a detailed photograph,"a detailed photograph of a sailboat ship docked in a lakeside shore, 3/4 view, backlit rim light. single main subject, photorealistic color photo, natural colors, realistic texture, sharp focus on subject, no people, no text, no watermark, no logo, no border, no collage, no CGI, no illustration.","text, watermark, logo, caption, signature, border, frame, collage, multiple panels, cartoon, illustration, CGI, 3d render, low-poly, painting, anime, surreal, deformed, duplicate objects, extra limbs, blurry, out of focus, noise, oversaturated, posterized, artifacts, jpeg artifacts"
8243,ship,cargo ship,moving through water,a gravel lot,slightly off-center framing,rainy with wet reflections,clean,a photorealistic color photo,"a photorealistic color photo of a cargo ship moving through water in a gravel lot, slightly off-center framing, rainy with wet reflections. single main subject, photorealistic color photo, natural colors, realistic texture, sharp focus on subject, no people, no text, no watermark, no logo, no border, no collage, no CGI, no illustration.","text, watermark, logo, caption, signature, border, frame, collage, multiple panels, cartoon, illustration, CGI, 3d render, low-poly, painting, anime, surreal, deformed, duplicate objects, extra limbs, blurry, out of focus, noise, oversaturated, posterized, artifacts, jpeg artifacts"
8872,ship,cruise ship,docked,a countryside road,front view,rainy with wet reflections,hard,an ultra-realistic rendering,"an ultra-realistic rendering of a cruise ship docked in a countryside road, front view, rainy with wet reflections. partially occluded by a foreground object. single main subject, photorealistic color photo, natural colors, realistic texture, sharp focus on subject, no people, no text, no watermark, no logo, no border, no collage, no CGI, no illustration.","text, watermark, logo, caption, signature, border, frame, collage, multiple panels, cartoon, illustration, CGI, 3d render, low-poly, painting, anime, surreal, deformed, duplicate objects, extra limbs, blurry, out of focus, noise, oversaturated, posterized, artifacts, jpeg artifacts"
8578,ship,sailboat,seen from a distance,a forest clearing,side profile,rainy with wet reflections,clean,a professional photo,"a professional photo of a sailboat ship seen from a distance in a forest clearing, side profile, rainy with wet reflections. single main subject, photorealistic color photo, natural colors, realistic texture, sharp focus on subject, no people, no text, no watermark, no logo, no border, no collage, no CGI, no illustration.","text, watermark, logo, caption, signature, border, frame, collage, multiple panels, cartoon, illustration, CGI, 3d render, low-poly, painting, anime, surreal, deformed, duplicate objects, extra limbs, blurry, out of focus, noise, oversaturated, posterized, artifacts, jpeg artifacts"
8680,ship,sailboat,anchored,a wet roadway after rain,low angle,nighttime under streetlights,clean,a high-quality image,"a high-quality image of a sailboat ship anchored in a wet roadway after rain, low angle, nighttime under streetlights. single main subject, photorealistic color photo, natural colors, realistic texture, sharp focus on subject, no people, no text, no watermark, no logo, no border, no collage, no CGI, no illustration.","text, watermark, logo, caption, signature, border, frame, collage, multiple panels, cartoon, illustration, CGI, 3d render, low-poly, painting, anime, surreal, deformed, duplicate objects, extra limbs, blurry, out of focus, noise, oversaturated, posterized, artifacts, jpeg artifacts"
8025,ship,ferry,seen from a distance,a countryside road,high angle,overcast daylight,clean,an ultra-realistic rendering,"an ultra-realistic rendering of a ferry ship seen from a distance in a countryside road, high angle, overcast daylight. single main subject, photorealistic color photo, natural colors, realistic texture, sharp focus on subject, no people, no text, no watermark, no logo, no border, no collage, no CGI, no illustration.","text, watermark, logo, caption, signature, border, frame, collage, multiple panels, cartoon, illustration, CGI, 3d render, low-poly, painting, anime, surreal, deformed, duplicate objects, extra limbs, blurry, out of focus, noise, oversaturated, posterized, artifacts, jpeg artifacts"
8782,ship,sailboat,seen from a distance,a parking lot,wide shot,foggy morning,clean,a professional photo,"a professional photo of a sailboat ship seen from a distance in a parking lot, wide shot, foggy morning. single main subject, photorealistic color photo, natural colors, realistic texture, sharp focus on subject, no people, no text, no watermark, no logo, no border, no collage, no CGI, no illustration.","text, watermark, logo, caption, signature, border, frame, collage, multiple panels, cartoon, illustration, CGI, 3d render, low-poly, painting, anime, surreal, deformed, duplicate objects, extra limbs, blurry, out of focus, noise, oversaturated, posterized, artifacts, jpeg artifacts"
8755,ship,ferry,anchored,a forest clearing,close-up,backlit rim light,clean,an ultra-realistic rendering,"an ultra-realistic rendering of a ferry ship anchored in a forest clearing, close-up, backlit rim light. single main subject, photorealistic color photo, natural colors, realistic texture, sharp focus on subject, no people, no text, no watermark, no logo, no border, no collage, no CGI, no illustration.","text, watermark, logo, caption, signature, border, frame, collage, multiple panels, cartoon, illustration, CGI, 3d render, low-poly, painting, anime, surreal, deformed, duplicate objects, extra limbs, blurry, out of focus, noise, oversaturated, posterized, artifacts, jpeg artifacts"
8545,ship,cargo ship,docked,a forest clearing,high angle,foggy morning,clean,a professional photo,"a professional photo of a cargo ship docked in a forest clearing, high angle, foggy morning. single main subject, photorealistic color photo, natural colors, realistic texture, sharp focus on subject, no people, no text, no watermark, no logo, no border, no collage, no CGI, no illustration.","text, watermark, logo, caption, signature, border, frame, collage, multiple panels, cartoon, illustration, CGI, 3d render, low-poly, painting, anime, surreal, deformed, duplicate objects, extra limbs, blurry, out of focus, noise, oversaturated, posterized, artifacts, jpeg artifacts"
8485,ship,ferry,anchored,a backyard,3/4 view,foggy morning,clean,a high-quality image,"a high-quality image of a ferry ship anchored in a backyard, 3/4 view, foggy morning. single main subject, photorealistic color photo, natural colors, realistic texture, sharp focus on subject, no people, no text, no watermark, no logo, no border, no collage, no CGI, no illustration.","text, watermark, logo, caption, signature, border, frame, collage, multiple panels, cartoon, illustration, CGI, 3d render, low-poly, painting, anime, surreal, deformed, duplicate objects, extra limbs, blurry, out of focus, noise, oversaturated, posterized, artifacts, jpeg artifacts"
8848,ship,cruise ship,anchored,a sandy beach,wide shot,foggy morning,hard,a finely detailed photo,"a finely detailed photo of a cruise ship anchored in a sandy beach, wide shot, foggy morning. in the distance. single main subject, photorealistic color photo, natural colors, realistic texture, sharp focus on subject, no people, no text, no watermark, no logo, no border, no collage, no CGI, no illustration.","text, watermark, logo, caption, signature, border, frame, collage, multiple panels, cartoon, illustration, CGI, 3d render, low-poly, painting, anime, surreal, deformed, duplicate objects, extra limbs, blurry, out of focus, noise, oversaturated, posterized, artifacts, jpeg artifacts"
8132,ship,fishing boat,anchored,a parking lot,slightly off-center framing,foggy morning,clean,a high-quality image,"a high-quality image of a fishing boat ship anchored in a parking lot, slightly off-center framing, foggy morning. single main subject, photorealistic color photo, natural colors, realistic texture, sharp focus on subject, no people, no text, no watermark, no logo, no border, no collage, no CGI, no illustration.","text, watermark, logo, caption, signature, border, frame, collage, multiple panels, cartoon, illustration, CGI, 3d render, low-poly, painting, anime, surreal, deformed, duplicate objects, extra limbs, blurry, out of focus, noise, oversaturated, posterized, artifacts, jpeg artifacts"
8479,ship,cargo ship,docked,a suburban neighborhood,side profile,indoor soft window light,clean,a photorealistic color photo,"a photorealistic color photo of a cargo ship docked in a suburban neighborhood, side profile, indoor soft window light. single main subject, photorealistic color photo, natural colors, realistic texture, sharp focus on subject, no people, no text, no watermark, no logo, no border, no collage, no CGI, no illustration.","text, watermark, logo, caption, signature, border, frame, collage, multiple panels, cartoon, illustration, CGI, 3d render, low-poly, painting, anime, surreal, deformed, duplicate objects, extra limbs, blurry, out of focus, noise, oversaturated, posterized, artifacts, jpeg artifacts"
8072,ship,ferry,docked,a backyard,high angle,overcast daylight,clean,a professional photo,"a professional photo of a ferry ship docked in a backyard, high angle, overcast daylight. single main subject, photorealistic color photo, natural colors, realistic texture, sharp focus on subject, no people, no text, no watermark, no logo, no border, no collage, no CGI, no illustration.","text, watermark, logo, caption, signature, border, frame, collage, multiple panels, cartoon, illustration, CGI, 3d render, low-poly, painting, anime, surreal, deformed, duplicate objects, extra limbs, blurry, out of focus, noise, oversaturated, posterized, artifacts, jpeg artifacts"
8151,ship,small motorboat,anchored,an industrial yard,high angle,rainy with wet reflections,clean,a professional photo,"a professional photo of a small motorboat ship anchored in an industrial yard, high angle, rainy with wet reflections. single main subject, photorealistic color photo, natural colors, realistic texture, sharp focus on subject, no people, no text, no watermark, no logo, no border, no collage, no CGI, no illustration.","text, watermark, logo, caption, signature, border, frame, collage, multiple panels, cartoon, illustration, CGI, 3d render, low-poly, painting, anime, surreal, deformed, duplicate objects, extra limbs, blurry, out of focus, noise, oversaturated, posterized, artifacts, jpeg artifacts"
8425,ship,cargo ship,anchored,a parking lot,front view,overcast daylight,clean,a high-quality image,"a high-quality image of a cargo ship anchored in a parking lot, front view, overcast daylight. single main subject, photorealistic color photo, natural colors, realistic texture, sharp focus on subject, no people, no text, no watermark, no logo, no border, no collage, no CGI, no illustration.","text, watermark, logo, caption, signature, border, frame, collage, multiple panels, cartoon, illustration, CGI, 3d render, low-poly, painting, anime, surreal, deformed, duplicate objects, extra limbs, blurry, out of focus, noise, oversaturated, posterized, artifacts, jpeg artifacts"
8002,ship,cruise ship,moving through water,a quiet residential street,wide shot,overcast daylight,clean,a finely detailed photo,"a finely detailed photo of a cruise ship moving through water in a quiet residential street, wide shot, overcast daylight. single main subject, photorealistic color photo, natural colors, realistic texture, sharp focus on subject, no people, no text, no watermark, no logo, no border, no collage, no CGI, no illustration.","text, watermark, logo, caption, signature, border, frame, collage, multiple panels, cartoon, illustration, CGI, 3d render, low-poly, painting, anime, surreal, deformed, duplicate objects, extra limbs, blurry, out of focus, noise, oversaturated, posterized, artifacts, jpeg artifacts"
8065,ship,cruise ship,seen from a distance,a sandy beach,front view,indoor soft window light,clean,an ultra-realistic rendering,"an ultra-realistic rendering of a cruise ship seen from a distance in a sandy beach, front view, indoor soft window light. single main subject, photorealistic color photo, natural colors, realistic texture, sharp focus on subject, no people, no text, no watermark, no logo, no border, no collage, no CGI, no illustration.","text, watermark, logo, caption, signature, border, frame, collage, multiple panels, cartoon, illustration, CGI, 3d render, low-poly, painting, anime, surreal, deformed, duplicate objects, extra limbs, blurry, out of focus, noise, oversaturated, posterized, artifacts, jpeg artifacts"
8377,ship,cruise ship,docked,a wet roadway after rain,high angle,rainy with wet reflections,clean,a professional photo,"a professional photo of a cruise ship docked in a wet roadway after rain, high angle, rainy with wet reflections. single main subject, photorealistic color photo, natural colors, realistic texture, sharp focus on subject, no people, no text, no watermark, no logo, no border, no collage, no CGI, no illustration.","text, watermark, logo, caption, signature, border, frame, collage, multiple panels, cartoon, illustration, CGI, 3d render, low-poly, painting, anime, surreal, deformed, duplicate objects, extra limbs, blurry, out of focus, noise, oversaturated, posterized, artifacts, jpeg artifacts"
8932,ship,sailboat,seen from a distance,an urban street,side profile,sunny afternoon,hard,a finely detailed photo,"a finely detailed photo of a sailboat ship seen from a distance in an urban street, side profile, sunny afternoon. partially occluded by a foreground object. single main subject, photorealistic color photo, natural colors, realistic texture, sharp focus on subject, no people, no text, no watermark, no logo, no border, no collage, no CGI, no illustration.","text, watermark, logo, caption, signature, border, frame, collage, multiple panels, cartoon, illustration, CGI, 3d render, low-poly, painting, anime, surreal, deformed, duplicate objects, extra limbs, blurry, out of focus, noise, oversaturated, posterized, artifacts, jpeg artifacts"
8312,ship,ferry,docked,an industrial yard,slightly off-center framing,indoor soft window light,clean,a detailed photograph,"a detailed photograph of a ferry ship docked in an industrial yard, slightly off-center framing, indoor soft window light. single main subject, photorealistic color photo, natural colors, realistic texture, sharp focus on subject, no people, no text, no watermark, no logo, no border, no collage, no CGI, no illustration.","text, watermark, logo, caption, signature, border, frame, collage, multiple panels, cartoon, illustration, CGI, 3d render, low-poly, painting, anime, surreal, deformed, duplicate objects, extra limbs, blurry, out of focus, noise, oversaturated, posterized, artifacts, jpeg artifacts"
8235,ship,cruise ship,anchored,a grassy field,side profile,sunny afternoon,clean,a detailed photograph,"a detailed photograph of a cruise ship anchored in a grassy field, side profile, sunny afternoon. single main subject, photorealistic color photo, natural colors, realistic texture, sharp focus on subject, no people, no text, no watermark, no logo, no border, no collage, no CGI, no illustration.","text, watermark, logo, caption, signature, border, frame, collage, multiple panels, cartoon, illustration, CGI, 3d render, low-poly, painting, anime, surreal, deformed, duplicate objects, extra limbs, blurry, out of focus, noise, oversaturated, posterized, artifacts, jpeg artifacts"
8974,ship,small motorboat,seen from a distance,a suburban neighborhood,high angle,rainy with wet reflections,hard,an ultra-realistic rendering,"an ultra-realistic rendering of a small motorboat ship seen from a distance in a suburban neighborhood, high angle, rainy with wet reflections. cropped slightly. single main subject, photorealistic color photo, natural colors, realistic texture, sharp focus on subject, no people, no text, no watermark, no logo, no border, no collage, no CGI, no illustration.","text, watermark, logo, caption, signature, border, frame, collage, multiple panels, cartoon, illustration, CGI, 3d render, low-poly, painting, anime, surreal, deformed, duplicate objects, extra limbs, blurry, out of focus, noise, oversaturated, posterized, artifacts, jpeg artifacts"
8332,ship,ferry,anchored,a countryside road,high angle,overcast daylight,clean,a professional photo,"a professional photo of a ferry ship anchored in a countryside road, high angle, overcast daylight. single main subject, photorealistic color photo, natural colors, realistic texture, sharp focus on subject, no people, no text, no watermark, no logo, no border, no collage, no CGI, no illustration.","text, watermark, logo, caption, signature, border, frame, collage, multiple panels, cartoon, illustration, CGI, 3d render, low-poly, painting, anime, surreal, deformed, duplicate objects, extra limbs, blurry, out of focus, noise, oversaturated, posterized, artifacts, jpeg artifacts"
8542,ship,small motorboat,seen from a distance,a suburban neighborhood,low angle,overcast daylight,clean,an ultra-realistic rendering,"an ultra-realistic rendering of a small motorboat ship seen from a distance in a suburban neighborhood, low angle, overcast daylight. single main subject, photorealistic color photo, natural colors, realistic texture, sharp focus on subject, no people, no text, no watermark, no logo, no border, no collage, no CGI, no illustration.","text, watermark, logo, caption, signature, border, frame, collage, multiple panels, cartoon, illustration, CGI, 3d render, low-poly, painting, anime, surreal, deformed, duplicate objects, extra limbs, blurry, out of focus, noise, oversaturated, posterized, artifacts, jpeg artifacts"
8766,ship,small motorboat,seen from a distance,an urban street,close-up,rainy with wet reflections,clean,a finely detailed photo,"a finely detailed photo of a small motorboat ship seen from a distance in an urban street, close-up, rainy with wet reflections. single main subject, photorealistic color photo, natural colors, realistic texture, sharp focus on subject, no people, no text, no watermark, no logo, no border, no collage, no CGI, no illustration.","text, watermark, logo, caption, signature, border, frame, collage, multiple panels, cartoon, illustration, CGI, 3d render, low-poly, painting, anime, surreal, deformed, duplicate objects, extra limbs, blurry, out of focus, noise, oversaturated, posterized, artifacts, jpeg artifacts"
8840,ship,sailboat,docked,a city park,front view,nighttime under streetlights,hard,a high-quality image,"a high-quality image of a sailboat ship docked in a city park, front view, nighttime under streetlights. busy background but still one main subject. single main subject, photorealistic color photo, natural colors, realistic texture, sharp focus on subject, no people, no text, no watermark, no logo, no border, no collage, no CGI, no illustration.","text, watermark, logo, caption, signature, border, frame, collage, multiple panels, cartoon, illustration, CGI, 3d render, low-poly, painting, anime, surreal, deformed, duplicate objects, extra limbs, blurry, out of focus, noise, oversaturated, posterized, artifacts, jpeg artifacts"
8623,ship,fishing boat,anchored,a suburban neighborhood,front view,overcast daylight,clean,a professional photo,"a professional photo of a fishing boat ship anchored in a suburban neighborhood, front view, overcast daylight. single main subject, photorealistic color photo, natural colors, realistic texture, sharp focus on subject, no people, no text, no watermark, no logo, no border, no collage, no CGI, no illustration.","text, watermark, logo, caption, signature, border, frame, collage, multiple panels, cartoon, illustration, CGI, 3d render, low-poly, painting, anime, surreal, deformed, duplicate objects, extra limbs, blurry, out of focus, noise, oversaturated, posterized, artifacts, jpeg artifacts"
8905,ship,small motorboat,docked,a wet roadway after rain,side profile,sunny afternoon,hard,a professional photo,"a professional photo of a small motorboat ship docked in a wet roadway after rain, side profile, sunny afternoon. partially occluded by a foreground object. single main subject, photorealistic color photo, natural colors, realistic texture, sharp focus on subject, no people, no text, no watermark, no logo, no border, no collage, no CGI, no illustration.","text, watermark, logo, caption, signature, border, frame, collage, multiple panels, cartoon, illustration, CGI, 3d render, low-poly, painting, anime, surreal, deformed, duplicate objects, extra limbs, blurry, out of focus, noise, oversaturated, posterized, artifacts, jpeg artifacts"
8231,ship,cruise ship,moving through water,a quiet residential street,wide shot,foggy morning,clean,a finely detailed photo,"a finely detailed photo of a cruise ship moving through water in a quiet residential street, wide shot, foggy morning. single main subject, photorealistic color photo, natural colors, realistic texture, sharp focus on subject, no people, no text, no watermark, no logo, no border, no collage, no CGI, no illustration.","text, watermark, logo, caption, signature, border, frame, collage, multiple panels, cartoon, illustration, CGI, 3d render, low-poly, painting, anime, surreal, deformed, duplicate objects, extra limbs, blurry, out of focus, noise, oversaturated, posterized, artifacts, jpeg artifacts"
8442,ship,cruise ship,seen from a distance,a lakeside shore,3/4 view,golden hour,clean,a photorealistic color photo,"a photorealistic color photo of a cruise ship seen from a distance in a lakeside shore, 3/4 view, golden hour. single main subject, photorealistic color photo, natural colors, realistic texture, sharp focus on subject, no people, no text, no watermark, no logo, no border, no collage, no CGI, no illustration.","text, watermark, logo, caption, signature, border, frame, collage, multiple panels, cartoon, illustration, CGI, 3d render, low-poly, painting, anime, surreal, deformed, duplicate objects, extra limbs, blurry, out of focus, noise, oversaturated, posterized, artifacts, jpeg artifacts"
8612,ship,cargo ship,moving through water,a grassy field,high angle,overcast daylight,clean,a detailed photograph,"a detailed photograph of a cargo ship moving through water in a grassy field, high angle, overcast daylight. single main subject, photorealistic color photo, natural colors, realistic texture, sharp focus on subject, no people, no text, no watermark, no logo, no border, no collage, no CGI, no illustration.","text, watermark, logo, caption, signature, border, frame, collage, multiple panels, cartoon, illustration, CGI, 3d render, low-poly, painting, anime, surreal, deformed, duplicate objects, extra limbs, blurry, out of focus, noise, oversaturated, posterized, artifacts, jpeg artifacts"
8364,ship,cruise ship,anchored,a suburban neighborhood,wide shot,backlit rim light,clean,a high-quality image,"a high-quality image of a cruise ship anchored in a suburban neighborhood, wide shot, backlit rim light. single main subject, photorealistic color photo, natural colors, realistic texture, sharp focus on subject, no people, no text, no watermark, no logo, no border, no collage, no CGI, no illustration.","text, watermark, logo, caption, signature, border, frame, collage, multiple panels, cartoon, illustration, CGI, 3d render, low-poly, painting, anime, surreal, deformed, duplicate objects, extra limbs, blurry, out of focus, noise, oversaturated, posterized, artifacts, jpeg artifacts"
8567,ship,small motorboat,anchored,a city park,front view,overcast daylight,clean,a finely detailed photo,"a finely detailed photo of a small motorboat ship anchored in a city park, front view, overcast daylight. single main subject, photorealistic color photo, natural colors, realistic texture, sharp focus on subject, no people, no text, no watermark, no logo, no border, no collage, no CGI, no illustration.","text, watermark, logo, caption, signature, border, frame, collage, multiple panels, cartoon, illustration, CGI, 3d render, low-poly, painting, anime, surreal, deformed, duplicate objects, extra limbs, blurry, out of focus, noise, oversaturated, posterized, artifacts, jpeg artifacts"
8654,ship,ferry,moving through water,an urban street,front view,overcast daylight,clean,a finely detailed photo,"a finely detailed photo of a ferry ship moving through water in an urban street, front view, overcast daylight. single main subject, photorealistic color photo, natural colors, realistic texture, sharp focus on subject, no people, no text, no watermark, no logo, no border, no collage, no CGI, no illustration.","text, watermark, logo, caption, signature, border, frame, collage, multiple panels, cartoon, illustration, CGI, 3d render, low-poly, painting, anime, surreal, deformed, duplicate objects, extra limbs, blurry, out of focus, noise, oversaturated, posterized, artifacts, jpeg artifacts"
8488,ship,fishing boat,docked,a lakeside shore,high angle,nighttime under streetlights,clean,a detailed photograph,"a detailed photograph of a fishing boat ship docked in a lakeside shore, high angle, nighttime under streetlights. single main subject, photorealistic color photo, natural colors, realistic texture, sharp focus on subject, no people, no text, no watermark, no logo, no border, no collage, no CGI, no illustration.","text, watermark, logo, caption, signature, border, frame, collage, multiple panels, cartoon, illustration, CGI, 3d render, low-poly, painting, anime, surreal, deformed, duplicate objects, extra limbs, blurry, out of focus, noise, oversaturated, posterized, artifacts, jpeg artifacts"
8681,ship,sailboat,moving through water,an industrial yard,3/4 view,nighttime under streetlights,clean,a detailed photograph,"a detailed photograph of a sailboat ship moving through water in an industrial yard, 3/4 view, nighttime under streetlights. single main subject, photorealistic color photo, natural colors, realistic texture, sharp focus on subject, no people, no text, no watermark, no logo, no border, no collage, no CGI, no illustration.","text, watermark, logo, caption, signature, border, frame, collage, multiple panels, cartoon, illustration, CGI, 3d render, low-poly, painting, anime, surreal, deformed, duplicate objects, extra limbs, blurry, out of focus, noise, oversaturated, posterized, artifacts, jpeg artifacts"
8995,ship,ferry,anchored,a parking lot,3/4 view,backlit rim light,hard,a detailed photograph,"a detailed photograph of a ferry ship anchored in a parking lot, 3/4 view, backlit rim light. slight motion blur. single main subject, photorealistic color photo, natural colors, realistic texture, sharp focus on subject, no people, no text, no watermark, no logo, no border, no collage, no CGI, no illustration.","text, watermark, logo, caption, signature, border, frame, collage, multiple panels, cartoon, illustration, CGI, 3d render, low-poly, painting, anime, surreal, deformed, duplicate objects, extra limbs, blurry, out of focus, noise, oversaturated, posterized, artifacts, jpeg artifacts"
8591,ship,fishing boat,moving through water,a grassy field,low angle,rainy with wet reflections,clean,a finely detailed photo,"a finely detailed photo of a fishing boat ship moving through water in a grassy field, low angle, rainy with wet reflections. single main subject, photorealistic color photo, natural colors, realistic texture, sharp focus on subject, no people, no text, no watermark, no logo, no border, no collage, no CGI, no illustration.","text, watermark, logo, caption, signature, border, frame, collage, multiple panels, cartoon, illustration, CGI, 3d render, low-poly, painting, anime, surreal, deformed, duplicate objects, extra limbs, blurry, out of focus, noise, oversaturated, posterized, artifacts, jpeg artifacts"
8891,ship,cargo ship,moving through water,a city park,wide shot,indoor soft window light,hard,a detailed photograph,"a detailed photograph of a cargo ship moving through water in a city park, wide shot, indoor soft window light. busy background but still one main subject. single main subject, photorealistic color photo, natural colors, realistic texture, sharp focus on subject, no people, no text, no watermark, no logo, no border, no collage, no CGI, no illustration.","text, watermark, logo, caption, signature, border, frame, collage, multiple panels, cartoon, illustration, CGI, 3d render, low-poly, painting, anime, surreal, deformed, duplicate objects, extra limbs, blurry, out of focus, noise, oversaturated, posterized, artifacts, jpeg artifacts"
8725,ship,sailboat,docked,a suburban neighborhood,side profile,nighttime under streetlights,clean,a high-quality image,"a high-quality image of a sailboat ship docked in a suburban neighborhood, side profile, nighttime under streetlights. single main subject, photorealistic color photo, natural colors, realistic texture, sharp focus on subject, no people, no text, no watermark, no logo, no border, no collage, no CGI, no illustration.","text, watermark, logo, caption, signature, border, frame, collage, multiple panels, cartoon, illustration, CGI, 3d render, low-poly, painting, anime, surreal, deformed, duplicate objects, extra limbs, blurry, out of focus, noise, oversaturated, posterized, artifacts, jpeg artifacts"
8167,ship,ferry,anchored,a suburban neighborhood,side profile,golden hour,clean,a professional photo,"a professional photo of a ferry ship anchored in a suburban neighborhood, side profile, golden hour. single main subject, photorealistic color photo, natural colors, realistic texture, sharp focus on subject, no people, no text, no watermark, no logo, no border, no collage, no CGI, no illustration.","text, watermark, logo, caption, signature, border, frame, collage, multiple panels, cartoon, illustration, CGI, 3d render, low-poly, painting, anime, surreal, deformed, duplicate objects, extra limbs, blurry, out of focus, noise, oversaturated, posterized, artifacts, jpeg artifacts"
8839,ship,cruise ship,seen from a distance,an urban street,high angle,nighttime under streetlights,hard,a detailed photograph,"a detailed photograph of a cruise ship seen from a distance in an urban street, high angle, nighttime under streetlights. slight motion blur. single main subject, photorealistic color photo, natural colors, realistic texture, sharp focus on subject, no people, no text, no watermark, no logo, no border, no collage, no CGI, no illustration.","text, watermark, logo, caption, signature, border, frame, collage, multiple panels, cartoon, illustration, CGI, 3d render, low-poly, painting, anime, surreal, deformed, duplicate objects, extra limbs, blurry, out of focus, noise, oversaturated, posterized, artifacts, jpeg artifacts"
8778,ship,sailboat,seen from a distance,an urban street,high angle,sunny afternoon,clean,an ultra-realistic rendering,"an ultra-realistic rendering of a sailboat ship seen from a distance in an urban street, high angle, sunny afternoon. single main subject, photorealistic color photo, natural colors, realistic texture, sharp focus on subject, no people, no text, no watermark, no logo, no border, no collage, no CGI, no illustration.","text, watermark, logo, caption, signature, border, frame, collage, multiple panels, cartoon, illustration, CGI, 3d render, low-poly, painting, anime, surreal, deformed, duplicate objects, extra limbs, blurry, out of focus, noise, oversaturated, posterized, artifacts, jpeg artifacts"
8103,ship,fishing boat,docked,a backyard,front view,indoor soft window light,clean,an ultra-realistic rendering,"an ultra-realistic rendering of a fishing boat ship docked in a backyard, front view, indoor soft window light. single main subject, photorealistic color photo, natural colors, realistic texture, sharp focus on subject, no people, no text, no watermark, no logo, no border, no collage, no CGI, no illustration.","text, watermark, logo, caption, signature, border, frame, collage, multiple panels, cartoon, illustration, CGI, 3d render, low-poly, painting, anime, surreal, deformed, duplicate objects, extra limbs, blurry, out of focus, noise, oversaturated, posterized, artifacts, jpeg artifacts"
8949,ship,cargo ship,anchored,a lakeside shore,3/4 view,nighttime under streetlights,hard,a finely detailed photo,"a finely detailed photo of a cargo ship anchored in a lakeside shore, 3/4 view, nighttime under streetlights. busy background but still one main subject. single main subject, photorealistic color photo, natural colors, realistic texture, sharp focus on subject, no people, no text, no watermark, no logo, no border, no collage, no CGI, no illustration.","text, watermark, logo, caption, signature, border, frame, collage, multiple panels, cartoon, illustration, CGI, 3d render, low-poly, painting, anime, surreal, deformed, duplicate objects, extra limbs, blurry, out of focus, noise, oversaturated, posterized, artifacts, jpeg artifacts"
8790,ship,ferry,docked,a countryside road,low angle,golden hour,clean,a detailed photograph,"a detailed photograph of a ferry ship docked in a countryside road, low angle, golden hour. single main subject, photorealistic color photo, natural colors, realistic texture, sharp focus on subject, no people, no text, no watermark, no logo, no border, no collage, no CGI, no illustration.","text, watermark, logo, caption, signature, border, frame, collage, multiple panels, cartoon, illustration, CGI, 3d render, low-poly, painting, anime, surreal, deformed, duplicate objects, extra limbs, blurry, out of focus, noise, oversaturated, posterized, artifacts, jpeg artifacts"
8933,ship,cargo ship,docked,a backyard,side profile,golden hour,hard,a high-quality image,"a high-quality image of a cargo ship docked in a backyard, side profile, golden hour. in the distance. single main subject, photorealistic color photo, natural colors, realistic texture, sharp focus on subject, no people, no text, no watermark, no logo, no border, no collage, no CGI, no illustration.","text, watermark, logo, caption, signature, border, frame, collage, multiple panels, cartoon, illustration, CGI, 3d render, low-poly, painting, anime, surreal, deformed, duplicate objects, extra limbs, blurry, out of focus, noise, oversaturated, posterized, artifacts, jpeg artifacts"
8501,ship,cargo ship,seen from a distance,a forest clearing,wide shot,sunny afternoon,clean,a high-quality image,"a high-quality image of a cargo ship seen from a distance in a forest clearing, wide shot, sunny afternoon. single main subject, photorealistic color photo, natural colors, realistic texture, sharp focus on subject, no people, no text, no watermark, no logo, no border, no collage, no CGI, no illustration.","text, watermark, logo, caption, signature, border, frame, collage, multiple panels, cartoon, illustration, CGI, 3d render, low-poly, painting, anime, surreal, deformed, duplicate objects, extra limbs, blurry, out of focus, noise, oversaturated, posterized, artifacts, jpeg artifacts"
8348,ship,fishing boat,moving through water,a wet roadway after rain,front view,overcast daylight,clean,a professional photo,"a professional photo of a fishing boat ship moving through water in a wet roadway after rain, front view, overcast daylight. single main subject, photorealistic color photo, natural colors, realistic texture, sharp focus on subject, no people, no text, no watermark, no logo, no border, no collage, no CGI, no illustration.","text, watermark, logo, caption, signature, border, frame, collage, multiple panels, cartoon, illustration, CGI, 3d render, low-poly, painting, anime, surreal, deformed, duplicate objects, extra limbs, blurry, out of focus, noise, oversaturated, posterized, artifacts, jpeg artifacts"
8173,ship,ferry,moving through water,a wet roadway after rain,slightly off-center framing,backlit rim light,clean,a detailed photograph,"a detailed photograph of a ferry ship moving through water in a wet roadway after rain, slightly off-center framing, backlit rim light. single main subject, photorealistic color photo, natural colors, realistic texture, sharp focus on subject, no people, no text, no watermark, no logo, no border, no collage, no CGI, no illustration.","text, watermark, logo, caption, signature, border, frame, collage, multiple panels, cartoon, illustration, CGI, 3d render, low-poly, painting, anime, surreal, deformed, duplicate objects, extra limbs, blurry, out of focus, noise, oversaturated, posterized, artifacts, jpeg artifacts"
8161,ship,fishing boat,docked,an industrial yard,side profile,indoor soft window light,clean,a photorealistic color photo,"a photorealistic color photo of a fishing boat ship docked in an industrial yard, side profile, indoor soft window light. single main subject, photorealistic color photo, natural colors, realistic texture, sharp focus on subject, no people, no text, no watermark, no logo, no border, no collage, no CGI, no illustration.","text, watermark, logo, caption, signature, border, frame, collage, multiple panels, cartoon, illustration, CGI, 3d render, low-poly, painting, anime, surreal, deformed, duplicate objects, extra limbs, blurry, out of focus, noise, oversaturated, posterized, artifacts, jpeg artifacts"
8367,ship,small motorboat,anchored,a countryside road,wide shot,foggy morning,clean,an ultra-realistic rendering,"an ultra-realistic rendering of a small motorboat ship anchored in a countryside road, wide shot, foggy morning. single main subject, photorealistic color photo, natural colors, realistic texture, sharp focus on subject, no people, no text, no watermark, no logo, no border, no collage, no CGI, no illustration.","text, watermark, logo, caption, signature, border, frame, collage, multiple panels, cartoon, illustration, CGI, 3d render, low-poly, painting, anime, surreal, deformed, duplicate objects, extra limbs, blurry, out of focus, noise, oversaturated, posterized, artifacts, jpeg artifacts"
8265,ship,cargo ship,docked,a suburban neighborhood,slightly off-center framing,sunny afternoon,clean,a detailed photograph,"a detailed photograph of a cargo ship docked in a suburban neighborhood, slightly off-center framing, sunny afternoon. single main subject, photorealistic color photo, natural colors, realistic texture, sharp focus on subject, no people, no text, no watermark, no logo, no border, no collage, no CGI, no illustration.","text, watermark, logo, caption, signature, border, frame, collage, multiple panels, cartoon, illustration, CGI, 3d render, low-poly, painting, anime, surreal, deformed, duplicate objects, extra limbs, blurry, out of focus, noise, oversaturated, posterized, artifacts, jpeg artifacts"
8550,ship,cargo ship,anchored,a suburban neighborhood,slightly off-center framing,backlit rim light,clean,an ultra-realistic rendering,"an ultra-realistic rendering of a cargo ship anchored in a suburban neighborhood, slightly off-center framing, backlit rim light. single main subject, photorealistic color photo, natural colors, realistic texture, sharp focus on subject, no people, no text, no watermark, no logo, no border, no collage, no CGI, no illustration.","text, watermark, logo, caption, signature, border, frame, collage, multiple panels, cartoon, illustration, CGI, 3d render, low-poly, painting, anime, surreal, deformed, duplicate objects, extra limbs, blurry, out of focus, noise, oversaturated, posterized, artifacts, jpeg artifacts"
8338,ship,ferry,anchored,a wet roadway after rain,front view,rainy with wet reflections,clean,a professional photo,"a professional photo of a ferry ship anchored in a wet roadway after rain, front view, rainy with wet reflections. single main subject, photorealistic color photo, natural colors, realistic texture, sharp focus on subject, no people, no text, no watermark, no logo, no border, no collage, no CGI, no illustration.","text, watermark, logo, caption, signature, border, frame, collage, multiple panels, cartoon, illustration, CGI, 3d render, low-poly, painting, anime, surreal, deformed, duplicate objects, extra limbs, blurry, out of focus, noise, oversaturated, posterized, artifacts, jpeg artifacts"
8333,ship,ferry,docked,a sandy beach,3/4 view,nighttime under streetlights,clean,a high-quality image,"a high-quality image of a ferry ship docked in a sandy beach, 3/4 view, nighttime under streetlights. single main subject, photorealistic color photo, natural colors, realistic texture, sharp focus on subject, no people, no text, no watermark, no logo, no border, no collage, no CGI, no illustration.","text, watermark, logo, caption, signature, border, frame, collage, multiple panels, cartoon, illustration, CGI, 3d render, low-poly, painting, anime, surreal, deformed, duplicate objects, extra limbs, blurry, out of focus, noise, oversaturated, posterized, artifacts, jpeg artifacts"
8810,ship,fishing boat,moving through water,a grassy field,3/4 view,sunny afternoon,hard,a detailed photograph,"a detailed photograph of a fishing boat ship moving through water in a grassy field, 3/4 view, sunny afternoon. in the distance. single main subject, photorealistic color photo, natural colors, realistic texture, sharp focus on subject, no people, no text, no watermark, no logo, no border, no collage, no CGI, no illustration.","text, watermark, logo, caption, signature, border, frame, collage, multiple panels, cartoon, illustration, CGI, 3d render, low-poly, painting, anime, surreal, deformed, duplicate objects, extra limbs, blurry, out of focus, noise, oversaturated, posterized, artifacts, jpeg artifacts"
8721,ship,sailboat,moving through water,a grassy field,slightly off-center framing,indoor soft window light,clean,a professional photo,"a professional photo of a sailboat ship moving through water in a grassy field, slightly off-center framing, indoor soft window light. single main subject, photorealistic color photo, natural colors, realistic texture, sharp focus on subject, no people, no text, no watermark, no logo, no border, no collage, no CGI, no illustration.","text, watermark, logo, caption, signature, border, frame, collage, multiple panels, cartoon, illustration, CGI, 3d render, low-poly, painting, anime, surreal, deformed, duplicate objects, extra limbs, blurry, out of focus, noise, oversaturated, posterized, artifacts, jpeg artifacts"
8813,ship,sailboat,moving through water,a quiet residential street,distant subject in the background,rainy with wet reflections,hard,an ultra-realistic rendering,"an ultra-realistic rendering of a sailboat ship moving through water in a quiet residential street, distant subject in the background, rainy with wet reflections. partially occluded by a foreground object. single main subject, photorealistic color photo, natural colors, realistic texture, sharp focus on subject, no people, no text, no watermark, no logo, no border, no collage, no CGI, no illustration.","text, watermark, logo, caption, signature, border, frame, collage, multiple panels, cartoon, illustration, CGI, 3d render, low-poly, painting, anime, surreal, deformed, duplicate objects, extra limbs, blurry, out of focus, noise, oversaturated, posterized, artifacts, jpeg artifacts"
8308,ship,fishing boat,docked,a quiet residential street,high angle,rainy with wet reflections,clean,a high-quality image,"a high-quality image of a fishing boat ship docked in a quiet residential street, high angle, rainy with wet reflections. single main subject, photorealistic color photo, natural colors, realistic texture, sharp focus on subject, no people, no text, no watermark, no logo, no border, no collage, no CGI, no illustration.","text, watermark, logo, caption, signature, border, frame, collage, multiple panels, cartoon, illustration, CGI, 3d render, low-poly, painting, anime, surreal, deformed, duplicate objects, extra limbs, blurry, out of focus, noise, oversaturated, posterized, artifacts, jpeg artifacts"
8403,ship,ferry,docked,a forest clearing,front view,nighttime under streetlights,clean,a high-quality image,"a high-quality image of a ferry ship docked in a forest clearing, front view, nighttime under streetlights. single main subject, photorealistic color photo, natural colors, realistic texture, sharp focus on subject, no people, no text, no watermark, no logo, no border, no collage, no CGI, no illustration.","text, watermark, logo, caption, signature, border, frame, collage, multiple panels, cartoon, illustration, CGI, 3d render, low-poly, painting, anime, surreal, deformed, duplicate objects, extra limbs, blurry, out of focus, noise, oversaturated, posterized, artifacts, jpeg artifacts"
8194,ship,sailboat,seen from a distance,an industrial yard,3/4 view,golden hour,clean,a photorealistic color photo,"a photorealistic color photo of a sailboat ship seen from a distance in an industrial yard, 3/4 view, golden hour. single main subject, photorealistic color photo, natural colors, realistic texture, sharp focus on subject, no people, no text, no watermark, no logo, no border, no collage, no CGI, no illustration.","text, watermark, logo, caption, signature, border, frame, collage, multiple panels, cartoon, illustration, CGI, 3d render, low-poly, painting, anime, surreal, deformed, duplicate objects, extra limbs, blurry, out of focus, noise, oversaturated, posterized, artifacts, jpeg artifacts"
8885,ship,sailboat,docked,a backyard,slightly off-center framing,nighttime under streetlights,hard,an ultra-realistic rendering,"an ultra-realistic rendering of a sailboat ship docked in a backyard, slightly off-center framing, nighttime under streetlights. slight motion blur. single main subject, photorealistic color photo, natural colors, realistic texture, sharp focus on subject, no people, no text, no watermark, no logo, no border, no collage, no CGI, no illustration.","text, watermark, logo, caption, signature, border, frame, collage, multiple panels, cartoon, illustration, CGI, 3d render, low-poly, painting, anime, surreal, deformed, duplicate objects, extra limbs, blurry, out of focus, noise, oversaturated, posterized, artifacts, jpeg artifacts"
8354,ship,cargo ship,seen from a distance,a countryside road,high angle,foggy morning,clean,a photorealistic color photo,"a photorealistic color photo of a cargo ship seen from a distance in a countryside road, high angle, foggy morning. single main subject, photorealistic color photo, natural colors, realistic texture, sharp focus on subject, no people, no text, no watermark, no logo, no border, no collage, no CGI, no illustration.","text, watermark, logo, caption, signature, border, frame, collage, multiple panels, cartoon, illustration, CGI, 3d render, low-poly, painting, anime, surreal, deformed, duplicate objects, extra limbs, blurry, out of focus, noise, oversaturated, posterized, artifacts, jpeg artifacts"
8734,ship,fishing boat,moving through water,an urban street,side profile,golden hour,clean,an ultra-realistic rendering,"an ultra-realistic rendering of a fishing boat ship moving through water in an urban street, side profile, golden hour. single main subject, photorealistic color photo, natural colors, realistic texture, sharp focus on subject, no people, no text, no watermark, no logo, no border, no collage, no CGI, no illustration.","text, watermark, logo, caption, signature, border, frame, collage, multiple panels, cartoon, illustration, CGI, 3d render, low-poly, painting, anime, surreal, deformed, duplicate objects, extra limbs, blurry, out of focus, noise, oversaturated, posterized, artifacts, jpeg artifacts"
8811,ship,cruise ship,moving through water,a gravel lot,front view,nighttime under streetlights,hard,a photorealistic color photo,"a photorealistic color photo of a cruise ship moving through water in a gravel lot, front view, nighttime under streetlights. slight motion blur. single main subject, photorealistic color photo, natural colors, realistic texture, sharp focus on subject, no people, no text, no watermark, no logo, no border, no collage, no CGI, no illustration.","text, watermark, logo, caption, signature, border, frame, collage, multiple panels, cartoon, illustration, CGI, 3d render, low-poly, painting, anime, surreal, deformed, duplicate objects, extra limbs, blurry, out of focus, noise, oversaturated, posterized, artifacts, jpeg artifacts"
8758,ship,cargo ship,docked,an industrial yard,3/4 view,nighttime under streetlights,clean,a photorealistic color photo,"a photorealistic color photo of a cargo ship docked in an industrial yard, 3/4 view, nighttime under streetlights. single main subject, photorealistic color photo, natural colors, realistic texture, sharp focus on subject, no people, no text, no watermark, no logo, no border, no collage, no CGI, no illustration.","text, watermark, logo, caption, signature, border, frame, collage, multiple panels, cartoon, illustration, CGI, 3d render, low-poly, painting, anime, surreal, deformed, duplicate objects, extra limbs, blurry, out of focus, noise, oversaturated, posterized, artifacts, jpeg artifacts"
8075,ship,sailboat,seen from a distance,a backyard,front view,indoor soft window light,clean,a finely detailed photo,"a finely detailed photo of a sailboat ship seen from a distance in a backyard, front view, indoor soft window light. single main subject, photorealistic color photo, natural colors, realistic texture, sharp focus on subject, no people, no text, no watermark, no logo, no border, no collage, no CGI, no illustration.","text, watermark, logo, caption, signature, border, frame, collage, multiple panels, cartoon, illustration, CGI, 3d render, low-poly, painting, anime, surreal, deformed, duplicate objects, extra limbs, blurry, out of focus, noise, oversaturated, posterized, artifacts, jpeg artifacts"
8211,ship,cruise ship,seen from a distance,a backyard,wide shot,golden hour,clean,a finely detailed photo,"a finely detailed photo of a cruise ship seen from a distance in a backyard, wide shot, golden hour. single main subject, photorealistic color photo, natural colors, realistic texture, sharp focus on subject, no people, no text, no watermark, no logo, no border, no collage, no CGI, no illustration.","text, watermark, logo, caption, signature, border, frame, collage, multiple panels, cartoon, illustration, CGI, 3d render, low-poly, painting, anime, surreal, deformed, duplicate objects, extra limbs, blurry, out of focus, noise, oversaturated, posterized, artifacts, jpeg artifacts"
8472,ship,cruise ship,docked,a forest clearing,low angle,nighttime under streetlights,clean,an ultra-realistic rendering,"an ultra-realistic rendering of a cruise ship docked in a forest clearing, low angle, nighttime under streetlights. single main subject, photorealistic color photo, natural colors, realistic texture, sharp focus on subject, no people, no text, no watermark, no logo, no border, no collage, no CGI, no illustration.","text, watermark, logo, caption, signature, border, frame, collage, multiple panels, cartoon, illustration, CGI, 3d render, low-poly, painting, anime, surreal, deformed, duplicate objects, extra limbs, blurry, out of focus, noise, oversaturated, posterized, artifacts, jpeg artifacts"
8345,ship,fishing boat,docked,a forest clearing,3/4 view,golden hour,clean,a detailed photograph,"a detailed photograph of a fishing boat ship docked in a forest clearing, 3/4 view, golden hour. single main subject, photorealistic color photo, natural colors, realistic texture, sharp focus on subject, no people, no text, no watermark, no logo, no border, no collage, no CGI, no illustration.","text, watermark, logo, caption, signature, border, frame, collage, multiple panels, cartoon, illustration, CGI, 3d render, low-poly, painting, anime, surreal, deformed, duplicate objects, extra limbs, blurry, out of focus, noise, oversaturated, posterized, artifacts, jpeg artifacts"
8986,ship,ferry,anchored,a gravel lot,wide shot,overcast daylight,hard,a photorealistic color photo,"a photorealistic color photo of a ferry ship anchored in a gravel lot, wide shot, overcast daylight. in the distance. single main subject, photorealistic color photo, natural colors, realistic texture, sharp focus on subject, no people, no text, no watermark, no logo, no border, no collage, no CGI, no illustration.","text, watermark, logo, caption, signature, border, frame, collage, multiple panels, cartoon, illustration, CGI, 3d render, low-poly, painting, anime, surreal, deformed, duplicate objects, extra limbs, blurry, out of focus, noise, oversaturated, posterized, artifacts, jpeg artifacts"
8532,ship,cargo ship,anchored,a suburban neighborhood,high angle,overcast daylight,clean,an ultra-realistic rendering,"an ultra-realistic rendering of a cargo ship anchored in a suburban neighborhood, high angle, overcast daylight. single main subject, photorealistic color photo, natural colors, realistic texture, sharp focus on subject, no people, no text, no watermark, no logo, no border, no collage, no CGI, no illustration.","text, watermark, logo, caption, signature, border, frame, collage, multiple panels, cartoon, illustration, CGI, 3d render, low-poly, painting, anime, surreal, deformed, duplicate objects, extra limbs, blurry, out of focus, noise, oversaturated, posterized, artifacts, jpeg artifacts"
8129,ship,cruise ship,docked,a grassy field,wide shot,sunny afternoon,clean,a detailed photograph,"a detailed photograph of a cruise ship docked in a grassy field, wide shot, sunny afternoon. single main subject, photorealistic color photo, natural colors, realistic texture, sharp focus on subject, no people, no text, no watermark, no logo, no border, no collage, no CGI, no illustration.","text, watermark, logo, caption, signature, border, frame, collage, multiple panels, cartoon, illustration, CGI, 3d render, low-poly, painting, anime, surreal, deformed, duplicate objects, extra limbs, blurry, out of focus, noise, oversaturated, posterized, artifacts, jpeg artifacts"
8802,ship,fishing boat,seen from a distance,a lakeside shore,slightly off-center framing,rainy with wet reflections,hard,an ultra-realistic rendering,"an ultra-realistic rendering of a fishing boat ship seen from a distance in a lakeside shore, slightly off-center framing, rainy with wet reflections. in the distance. single main subject, photorealistic color photo, natural colors, realistic texture, sharp focus on subject, no people, no text, no watermark, no logo, no border, no collage, no CGI, no illustration.","text, watermark, logo, caption, signature, border, frame, collage, multiple panels, cartoon, illustration, CGI, 3d render, low-poly, painting, anime, surreal, deformed, duplicate objects, extra limbs, blurry, out of focus, noise, oversaturated, posterized, artifacts, jpeg artifacts"
8563,ship,fishing boat,moving through water,a backyard,close-up,sunny afternoon,clean,a finely detailed photo,"a finely detailed photo of a fishing boat ship moving through water in a backyard, close-up, sunny afternoon. single main subject, photorealistic color photo, natural colors, realistic texture, sharp focus on subject, no people, no text, no watermark, no logo, no border, no collage, no CGI, no illustration.","text, watermark, logo, caption, signature, border, frame, collage, multiple panels, cartoon, illustration, CGI, 3d render, low-poly, painting, anime, surreal, deformed, duplicate objects, extra limbs, blurry, out of focus, noise, oversaturated, posterized, artifacts, jpeg artifacts"
8287,ship,cruise ship,moving through water,a wet roadway after rain,side profile,backlit rim light,clean,a high-quality image,"a high-quality image of a cruise ship moving through water in a wet roadway after rain, side profile, backlit rim light. single main subject, photorealistic color photo, natural colors, realistic texture, sharp focus on subject, no people, no text, no watermark, no logo, no border, no collage, no CGI, no illustration.","text, watermark, logo, caption, signature, border, frame, collage, multiple panels, cartoon, illustration, CGI, 3d render, low-poly, painting, anime, surreal, deformed, duplicate objects, extra limbs, blurry, out of focus, noise, oversaturated, posterized, artifacts, jpeg artifacts"
8178,ship,sailboat,docked,a city park,side profile,golden hour,clean,a detailed photograph,"a detailed photograph of a sailboat ship docked in a city park, side profile, golden hour. single main subject, photorealistic color photo, natural colors, realistic texture, sharp focus on subject, no people, no text, no watermark, no logo, no border, no collage, no CGI, no illustration.","text, watermark, logo, caption, signature, border, frame, collage, multiple panels, cartoon, illustration, CGI, 3d render, low-poly, painting, anime, surreal, deformed, duplicate objects, extra limbs, blurry, out of focus, noise, oversaturated, posterized, artifacts, jpeg artifacts"
8480,ship,fishing boat,docked,a grassy field,side profile,foggy morning,clean,a professional photo,"a professional photo of a fishing boat ship docked in a grassy field, side profile, foggy morning. single main subject, photorealistic color photo, natural colors, realistic texture, sharp focus on subject, no people, no text, no watermark, no logo, no border, no collage, no CGI, no illustration.","text, watermark, logo, caption, signature, border, frame, collage, multiple panels, cartoon, illustration, CGI, 3d render, low-poly, painting, anime, surreal, deformed, duplicate objects, extra limbs, blurry, out of focus, noise, oversaturated, posterized, artifacts, jpeg artifacts"
8301,ship,cargo ship,seen from a distance,a countryside road,low angle,rainy with wet reflections,clean,a photorealistic color photo,"a photorealistic color photo of a cargo ship seen from a distance in a countryside road, low angle, rainy with wet reflections. single main subject, photorealistic color photo, natural colors, realistic texture, sharp focus on subject, no people, no text, no watermark, no logo, no border, no collage, no CGI, no illustration.","text, watermark, logo, caption, signature, border, frame, collage, multiple panels, cartoon, illustration, CGI, 3d render, low-poly, painting, anime, surreal, deformed, duplicate objects, extra limbs, blurry, out of focus, noise, oversaturated, posterized, artifacts, jpeg artifacts"
8005,ship,sailboat,moving through water,a sandy beach,close-up,backlit rim light,clean,a professional photo,"a professional photo of a sailboat ship moving through water in a sandy beach, close-up, backlit rim light. single main subject, photorealistic color photo, natural colors, realistic texture, sharp focus on subject, no people, no text, no watermark, no logo, no border, no collage, no CGI, no illustration.","text, watermark, logo, caption, signature, border, frame, collage, multiple panels, cartoon, illustration, CGI, 3d render, low-poly, painting, anime, surreal, deformed, duplicate objects, extra limbs, blurry, out of focus, noise, oversaturated, posterized, artifacts, jpeg artifacts"
8647,ship,cargo ship,docked,a backyard,front view,overcast daylight,clean,a finely detailed photo,"a finely detailed photo of a cargo ship docked in a backyard, front view, overcast daylight. single main subject, photorealistic color photo, natural colors, realistic texture, sharp focus on subject, no people, no text, no watermark, no logo, no border, no collage, no CGI, no illustration.","text, watermark, logo, caption, signature, border, frame, collage, multiple panels, cartoon, illustration, CGI, 3d render, low-poly, painting, anime, surreal, deformed, duplicate objects, extra limbs, blurry, out of focus, noise, oversaturated, posterized, artifacts, jpeg artifacts"
8518,ship,sailboat,docked,a grassy field,wide shot,foggy morning,clean,an ultra-realistic rendering,"an ultra-realistic rendering of a sailboat ship docked in a grassy field, wide shot, foggy morning. single main subject, photorealistic color photo, natural colors, realistic texture, sharp focus on subject, no people, no text, no watermark, no logo, no border, no collage, no CGI, no illustration.","text, watermark, logo, caption, signature, border, frame, collage, multiple panels, cartoon, illustration, CGI, 3d render, low-poly, painting, anime, surreal, deformed, duplicate objects, extra limbs, blurry, out of focus, noise, oversaturated, posterized, artifacts, jpeg artifacts"
8249,ship,cruise ship,moving through water,a gravel lot,slightly off-center framing,rainy with wet reflections,clean,a photorealistic color photo,"a photorealistic color photo of a cruise ship moving through water in a gravel lot, slightly off-center framing, rainy with wet reflections. single main subject, photorealistic color photo, natural colors, realistic texture, sharp focus on subject, no people, no text, no watermark, no logo, no border, no collage, no CGI, no illustration.","text, watermark, logo, caption, signature, border, frame, collage, multiple panels, cartoon, illustration, CGI, 3d render, low-poly, painting, anime, surreal, deformed, duplicate objects, extra limbs, blurry, out of focus, noise, oversaturated, posterized, artifacts, jpeg artifacts"
8719,ship,cruise ship,moving through water,a lakeside shore,wide shot,foggy morning,clean,a professional photo,"a professional photo of a cruise ship moving through water in a lakeside shore, wide shot, foggy morning. single main subject, photorealistic color photo, natural colors, realistic texture, sharp focus on subject, no people, no text, no watermark, no logo, no border, no collage, no CGI, no illustration.","text, watermark, logo, caption, signature, border, frame, collage, multiple panels, cartoon, illustration, CGI, 3d render, low-poly, painting, anime, surreal, deformed, duplicate objects, extra limbs, blurry, out of focus, noise, oversaturated, posterized, artifacts, jpeg artifacts"
8595,ship,cargo ship,docked,a suburban neighborhood,low angle,sunny afternoon,clean,an ultra-realistic rendering,"an ultra-realistic rendering of a cargo ship docked in a suburban neighborhood, low angle, sunny afternoon. single main subject, photorealistic color photo, natural colors, realistic texture, sharp focus on subject, no people, no text, no watermark, no logo, no border, no collage, no CGI, no illustration.","text, watermark, logo, caption, signature, border, frame, collage, multiple panels, cartoon, illustration, CGI, 3d render, low-poly, painting, anime, surreal, deformed, duplicate objects, extra limbs, blurry, out of focus, noise, oversaturated, posterized, artifacts, jpeg artifacts"
8266,ship,small motorboat,seen from a distance,an urban street,3/4 view,nighttime under streetlights,clean,a high-quality image,"a high-quality image of a small motorboat ship seen from a distance in an urban street, 3/4 view, nighttime under streetlights. single main subject, photorealistic color photo, natural colors, realistic texture, sharp focus on subject, no people, no text, no watermark, no logo, no border, no collage, no CGI, no illustration.","text, watermark, logo, caption, signature, border, frame, collage, multiple panels, cartoon, illustration, CGI, 3d render, low-poly, painting, anime, surreal, deformed, duplicate objects, extra limbs, blurry, out of focus, noise, oversaturated, posterized, artifacts, jpeg artifacts"
8254,ship,fishing boat,anchored,an industrial yard,slightly off-center framing,rainy with wet reflections,clean,a professional photo,"a professional photo of a fishing boat ship anchored in an industrial yard, slightly off-center framing, rainy with wet reflections. single main subject, photorealistic color photo, natural colors, realistic texture, sharp focus on subject, no people, no text, no watermark, no logo, no border, no collage, no CGI, no illustration.","text, watermark, logo, caption, signature, border, frame, collage, multiple panels, cartoon, illustration, CGI, 3d render, low-poly, painting, anime, surreal, deformed, duplicate objects, extra limbs, blurry, out of focus, noise, oversaturated, posterized, artifacts, jpeg artifacts"
8416,ship,ferry,docked,an industrial yard,wide shot,rainy with wet reflections,clean,a professional photo,"a professional photo of a ferry ship docked in an industrial yard, wide shot, rainy with wet reflections. single main subject, photorealistic color photo, natural colors, realistic texture, sharp focus on subject, no people, no text, no watermark, no logo, no border, no collage, no CGI, no illustration.","text, watermark, logo, caption, signature, border, frame, collage, multiple panels, cartoon, illustration, CGI, 3d render, low-poly, painting, anime, surreal, deformed, duplicate objects, extra limbs, blurry, out of focus, noise, oversaturated, posterized, artifacts, jpeg artifacts"
8004,ship,fishing boat,anchored,an urban street,3/4 view,indoor soft window light,clean,a high-quality image,"a high-quality image of a fishing boat ship anchored in an urban street, 3/4 view, indoor soft window light. single main subject, photorealistic color photo, natural colors, realistic texture, sharp focus on subject, no people, no text, no watermark, no logo, no border, no collage, no CGI, no illustration.","text, watermark, logo, caption, signature, border, frame, collage, multiple panels, cartoon, illustration, CGI, 3d render, low-poly, painting, anime, surreal, deformed, duplicate objects, extra limbs, blurry, out of focus, noise, oversaturated, posterized, artifacts, jpeg artifacts"
8572,ship,fishing boat,moving through water,a gravel lot,low angle,indoor soft window light,clean,a finely detailed photo,"a finely detailed photo of a fishing boat ship moving through water in a gravel lot, low angle, indoor soft window light. single main subject, photorealistic color photo, natural colors, realistic texture, sharp focus on subject, no people, no text, no watermark, no logo, no border, no collage, no CGI, no illustration.","text, watermark, logo, caption, signature, border, frame, collage, multiple panels, cartoon, illustration, CGI, 3d render, low-poly, painting, anime, surreal, deformed, duplicate objects, extra limbs, blurry, out of focus, noise, oversaturated, posterized, artifacts, jpeg artifacts"
8709,ship,fishing boat,anchored,a lakeside shore,high angle,sunny afternoon,clean,a detailed photograph,"a detailed photograph of a fishing boat ship anchored in a lakeside shore, high angle, sunny afternoon. single main subject, photorealistic color photo, natural colors, realistic texture, sharp focus on subject, no people, no text, no watermark, no logo, no border, no collage, no CGI, no illustration.","text, watermark, logo, caption, signature, border, frame, collage, multiple panels, cartoon, illustration, CGI, 3d render, low-poly, painting, anime, surreal, deformed, duplicate objects, extra limbs, blurry, out of focus, noise, oversaturated, posterized, artifacts, jpeg artifacts"
8278,ship,cargo ship,docked,a forest clearing,high angle,backlit rim light,clean,a professional photo,"a professional photo of a cargo ship docked in a forest clearing, high angle, backlit rim light. single main subject, photorealistic color photo, natural colors, realistic texture, sharp focus on subject, no people, no text, no watermark, no logo, no border, no collage, no CGI, no illustration.","text, watermark, logo, caption, signature, border, frame, collage, multiple panels, cartoon, illustration, CGI, 3d render, low-poly, painting, anime, surreal, deformed, duplicate objects, extra limbs, blurry, out of focus, noise, oversaturated, posterized, artifacts, jpeg artifacts"
8429,ship,fishing boat,moving through water,a forest clearing,wide shot,nighttime under streetlights,clean,a photorealistic color photo,"a photorealistic color photo of a fishing boat ship moving through water in a forest clearing, wide shot, nighttime under streetlights. single main subject, photorealistic color photo, natural colors, realistic texture, sharp focus on subject, no people, no text, no watermark, no logo, no border, no collage, no CGI, no illustration.","text, watermark, logo, caption, signature, border, frame, collage, multiple panels, cartoon, illustration, CGI, 3d render, low-poly, painting, anime, surreal, deformed, duplicate objects, extra limbs, blurry, out of focus, noise, oversaturated, posterized, artifacts, jpeg artifacts"
8012,ship,fishing boat,docked,a grassy field,front view,backlit rim light,clean,a photorealistic color photo,"a photorealistic color photo of a fishing boat ship docked in a grassy field, front view, backlit rim light. single main subject, photorealistic color photo, natural colors, realistic texture, sharp focus on subject, no people, no text, no watermark, no logo, no border, no collage, no CGI, no illustration.","text, watermark, logo, caption, signature, border, frame, collage, multiple panels, cartoon, illustration, CGI, 3d render, low-poly, painting, anime, surreal, deformed, duplicate objects, extra limbs, blurry, out of focus, noise, oversaturated, posterized, artifacts, jpeg artifacts"
8125,ship,sailboat,moving through water,a city park,wide shot,rainy with wet reflections,clean,a high-quality image,"a high-quality image of a sailboat ship moving through water in a city park, wide shot, rainy with wet reflections. single main subject, photorealistic color photo, natural colors, realistic texture, sharp focus on subject, no people, no text, no watermark, no logo, no border, no collage, no CGI, no illustration.","text, watermark, logo, caption, signature, border, frame, collage, multiple panels, cartoon, illustration, CGI, 3d render, low-poly, painting, anime, surreal, deformed, duplicate objects, extra limbs, blurry, out of focus, noise, oversaturated, posterized, artifacts, jpeg artifacts"
8053,ship,ferry,docked,an urban street,front view,backlit rim light,clean,a photorealistic color photo,"a photorealistic color photo of a ferry ship docked in an urban street, front view, backlit rim light. single main subject, photorealistic color photo, natural colors, realistic texture, sharp focus on subject, no people, no text, no watermark, no logo, no border, no collage, no CGI, no illustration.","text, watermark, logo, caption, signature, border, frame, collage, multiple panels, cartoon, illustration, CGI, 3d render, low-poly, painting, anime, surreal, deformed, duplicate objects, extra limbs, blurry, out of focus, noise, oversaturated, posterized, artifacts, jpeg artifacts"
8370,ship,cruise ship,anchored,a lakeside shore,slightly off-center framing,overcast daylight,clean,an ultra-realistic rendering,"an ultra-realistic rendering of a cruise ship anchored in a lakeside shore, slightly off-center framing, overcast daylight. single main subject, photorealistic color photo, natural colors, realistic texture, sharp focus on subject, no people, no text, no watermark, no logo, no border, no collage, no CGI, no illustration.","text, watermark, logo, caption, signature, border, frame, collage, multiple panels, cartoon, illustration, CGI, 3d render, low-poly, painting, anime, surreal, deformed, duplicate objects, extra limbs, blurry, out of focus, noise, oversaturated, posterized, artifacts, jpeg artifacts"
8596,ship,ferry,docked,a quiet residential street,3/4 view,indoor soft window light,clean,a photorealistic color photo,"a photorealistic color photo of a ferry ship docked in a quiet residential street, 3/4 view, indoor soft window light. single main subject, photorealistic color photo, natural colors, realistic texture, sharp focus on subject, no people, no text, no watermark, no logo, no border, no collage, no CGI, no illustration.","text, watermark, logo, caption, signature, border, frame, collage, multiple panels, cartoon, illustration, CGI, 3d render, low-poly, painting, anime, surreal, deformed, duplicate objects, extra limbs, blurry, out of focus, noise, oversaturated, posterized, artifacts, jpeg artifacts"
8475,ship,cargo ship,anchored,a forest clearing,low angle,sunny afternoon,clean,a photorealistic color photo,"a photorealistic color photo of a cargo ship anchored in a forest clearing, low angle, sunny afternoon. single main subject, photorealistic color photo, natural colors, realistic texture, sharp focus on subject, no people, no text, no watermark, no logo, no border, no collage, no CGI, no illustration.","text, watermark, logo, caption, signature, border, frame, collage, multiple panels, cartoon, illustration, CGI, 3d render, low-poly, painting, anime, surreal, deformed, duplicate objects, extra limbs, blurry, out of focus, noise, oversaturated, posterized, artifacts, jpeg artifacts"
8279,ship,ferry,docked,a sandy beach,wide shot,nighttime under streetlights,clean,a photorealistic color photo,"a photorealistic color photo of a ferry ship docked in a sandy beach, wide shot, nighttime under streetlights. single main subject, photorealistic color photo, natural colors, realistic texture, sharp focus on subject, no people, no text, no watermark, no logo, no border, no collage, no CGI, no illustration.","text, watermark, logo, caption, signature, border, frame, collage, multiple panels, cartoon, illustration, CGI, 3d render, low-poly, painting, anime, surreal, deformed, duplicate objects, extra limbs, blurry, out of focus, noise, oversaturated, posterized, artifacts, jpeg artifacts"
8529,ship,cargo ship,seen from a distance,a grassy field,slightly off-center framing,foggy morning,clean,an ultra-realistic rendering,"an ultra-realistic rendering of a cargo ship seen from a distance in a grassy field, slightly off-center framing, foggy morning. single main subject, photorealistic color photo, natural colors, realistic texture, sharp focus on subject, no people, no text, no watermark, no logo, no border, no collage, no CGI, no illustration.","text, watermark, logo, caption, signature, border, frame, collage, multiple panels, cartoon, illustration, CGI, 3d render, low-poly, painting, anime, surreal, deformed, duplicate objects, extra limbs, blurry, out of focus, noise, oversaturated, posterized, artifacts, jpeg artifacts"
8455,ship,sailboat,seen from a distance,a countryside road,side profile,foggy morning,clean,a finely detailed photo,"a finely detailed photo of a sailboat ship seen from a distance in a countryside road, side profile, foggy morning. single main subject, photorealistic color photo, natural colors, realistic texture, sharp focus on subject, no people, no text, no watermark, no logo, no border, no collage, no CGI, no illustration.","text, watermark, logo, caption, signature, border, frame, collage, multiple panels, cartoon, illustration, CGI, 3d render, low-poly, painting, anime, surreal, deformed, duplicate objects, extra limbs, blurry, out of focus, noise, oversaturated, posterized, artifacts, jpeg artifacts"
8057,ship,sailboat,seen from a distance,a city park,3/4 view,sunny afternoon,clean,a high-quality image,"a high-quality image of a sailboat ship seen from a distance in a city park, 3/4 view, sunny afternoon. single main subject, photorealistic color photo, natural colors, realistic texture, sharp focus on subject, no people, no text, no watermark, no logo, no border, no collage, no CGI, no illustration.","text, watermark, logo, caption, signature, border, frame, collage, multiple panels, cartoon, illustration, CGI, 3d render, low-poly, painting, anime, surreal, deformed, duplicate objects, extra limbs, blurry, out of focus, noise, oversaturated, posterized, artifacts, jpeg artifacts"
8063,ship,small motorboat,seen from a distance,a grassy field,wide shot,sunny afternoon,clean,an ultra-realistic rendering,"an ultra-realistic rendering of a small motorboat ship seen from a distance in a grassy field, wide shot, sunny afternoon. single main subject, photorealistic color photo, natural colors, realistic texture, sharp focus on subject, no people, no text, no watermark, no logo, no border, no collage, no CGI, no illustration.","text, watermark, logo, caption, signature, border, frame, collage, multiple panels, cartoon, illustration, CGI, 3d render, low-poly, painting, anime, surreal, deformed, duplicate objects, extra limbs, blurry, out of focus, noise, oversaturated, posterized, artifacts, jpeg artifacts"
8556,ship,cargo ship,anchored,a gravel lot,slightly off-center framing,golden hour,clean,an ultra-realistic rendering,"an ultra-realistic rendering of a cargo ship anchored in a gravel lot, slightly off-center framing, golden hour. single main subject, photorealistic color photo, natural colors, realistic texture, sharp focus on subject, no people, no text, no watermark, no logo, no border, no collage, no CGI, no illustration.","text, watermark, logo, caption, signature, border, frame, collage, multiple panels, cartoon, illustration, CGI, 3d render, low-poly, painting, anime, surreal, deformed, duplicate objects, extra limbs, blurry, out of focus, noise, oversaturated, posterized, artifacts, jpeg artifacts"
8172,ship,sailboat,anchored,a parking lot,low angle,overcast daylight,clean,a high-quality image,"a high-quality image of a sailboat ship anchored in a parking lot, low angle, overcast daylight. single main subject, photorealistic color photo, natural colors, realistic texture, sharp focus on subject, no people, no text, no watermark, no logo, no border, no collage, no CGI, no illustration.","text, watermark, logo, caption, signature, border, frame, collage, multiple panels, cartoon, illustration, CGI, 3d render, low-poly, painting, anime, surreal, deformed, duplicate objects, extra limbs, blurry, out of focus, noise, oversaturated, posterized, artifacts, jpeg artifacts"
8184,ship,sailboat,docked,a suburban neighborhood,high angle,nighttime under streetlights,clean,a high-quality image,"a high-quality image of a sailboat ship docked in a suburban neighborhood, high angle, nighttime under streetlights. single main subject, photorealistic color photo, natural colors, realistic texture, sharp focus on subject, no people, no text, no watermark, no logo, no border, no collage, no CGI, no illustration.","text, watermark, logo, caption, signature, border, frame, collage, multiple panels, cartoon, illustration, CGI, 3d render, low-poly, painting, anime, surreal, deformed, duplicate objects, extra limbs, blurry, out of focus, noise, oversaturated, posterized, artifacts, jpeg artifacts"
8645,ship,cruise ship,docked,a countryside road,wide shot,overcast daylight,clean,a high-quality image,"a high-quality image of a cruise ship docked in a countryside road, wide shot, overcast daylight. single main subject, photorealistic color photo, natural colors, realistic texture, sharp focus on subject, no people, no text, no watermark, no logo, no border, no collage, no CGI, no illustration.","text, watermark, logo, caption, signature, border, frame, collage, multiple panels, cartoon, illustration, CGI, 3d render, low-poly, painting, anime, surreal, deformed, duplicate objects, extra limbs, blurry, out of focus, noise, oversaturated, posterized, artifacts, jpeg artifacts"
8964,ship,fishing boat,moving through water,a forest clearing,cropped at the edge of the frame,overcast daylight,hard,an ultra-realistic rendering,"an ultra-realistic rendering of a fishing boat ship moving through water in a forest clearing, cropped at the edge of the frame, overcast daylight. cropped slightly. single main subject, photorealistic color photo, natural colors, realistic texture, sharp focus on subject, no people, no text, no watermark, no logo, no border, no collage, no CGI, no illustration.","text, watermark, logo, caption, signature, border, frame, collage, multiple panels, cartoon, illustration, CGI, 3d render, low-poly, painting, anime, surreal, deformed, duplicate objects, extra limbs, blurry, out of focus, noise, oversaturated, posterized, artifacts, jpeg artifacts"
8199,ship,small motorboat,moving through water,a city park,side profile,rainy with wet reflections,clean,a photorealistic color photo,"a photorealistic color photo of a small motorboat ship moving through water in a city park, side profile, rainy with wet reflections. single main subject, photorealistic color photo, natural colors, realistic texture, sharp focus on subject, no people, no text, no watermark, no logo, no border, no collage, no CGI, no illustration.","text, watermark, logo, caption, signature, border, frame, collage, multiple panels, cartoon, illustration, CGI, 3d render, low-poly, painting, anime, surreal, deformed, duplicate objects, extra limbs, blurry, out of focus, noise, oversaturated, posterized, artifacts, jpeg artifacts"
8048,ship,sailboat,anchored,a quiet residential street,front view,indoor soft window light,clean,a high-quality image,"a high-quality image of a sailboat ship anchored in a quiet residential street, front view, indoor soft window light. single main subject, photorealistic color photo, natural colors, realistic texture, sharp focus on subject, no people, no text, no watermark, no logo, no border, no collage, no CGI, no illustration.","text, watermark, logo, caption, signature, border, frame, collage, multiple panels, cartoon, illustration, CGI, 3d render, low-poly, painting, anime, surreal, deformed, duplicate objects, extra limbs, blurry, out of focus, noise, oversaturated, posterized, artifacts, jpeg artifacts"
8457,ship,small motorboat,seen from a distance,a gravel lot,low angle,nighttime under streetlights,clean,an ultra-realistic rendering,"an ultra-realistic rendering of a small motorboat ship seen from a distance in a gravel lot, low angle, nighttime under streetlights. single main subject, photorealistic color photo, natural colors, realistic texture, sharp focus on subject, no people, no text, no watermark, no logo, no border, no collage, no CGI, no illustration.","text, watermark, logo, caption, signature, border, frame, collage, multiple panels, cartoon, illustration, CGI, 3d render, low-poly, painting, anime, surreal, deformed, duplicate objects, extra limbs, blurry, out of focus, noise, oversaturated, posterized, artifacts, jpeg artifacts"
8077,ship,small motorboat,docked,a wet roadway after rain,high angle,foggy morning,clean,a high-quality image,"a high-quality image of a small motorboat ship docked in a wet roadway after rain, high angle, foggy morning. single main subject, photorealistic color photo, natural colors, realistic texture, sharp focus on subject, no people, no text, no watermark, no logo, no border, no collage, no CGI, no illustration.","text, watermark, logo, caption, signature, border, frame, collage, multiple panels, cartoon, illustration, CGI, 3d render, low-poly, painting, anime, surreal, deformed, duplicate objects, extra limbs, blurry, out of focus, noise, oversaturated, posterized, artifacts, jpeg artifacts"
8051,ship,ferry,seen from a distance,a gravel lot,wide shot,nighttime under streetlights,clean,a high-quality image,"a high-quality image of a ferry ship seen from a distance in a gravel lot, wide shot, nighttime under streetlights. single main subject, photorealistic color photo, natural colors, realistic texture, sharp focus on subject, no people, no text, no watermark, no logo, no border, no collage, no CGI, no illustration.","text, watermark, logo, caption, signature, border, frame, collage, multiple panels, cartoon, illustration, CGI, 3d render, low-poly, painting, anime, surreal, deformed, duplicate objects, extra limbs, blurry, out of focus, noise, oversaturated, posterized, artifacts, jpeg artifacts"
8236,ship,cargo ship,docked,a city park,slightly off-center framing,sunny afternoon,clean,a finely detailed photo,"a finely detailed photo of a cargo ship docked in a city park, slightly off-center framing, sunny afternoon. single main subject, photorealistic color photo, natural colors, realistic texture, sharp focus on subject, no people, no text, no watermark, no logo, no border, no collage, no CGI, no illustration.","text, watermark, logo, caption, signature, border, frame, collage, multiple panels, cartoon, illustration, CGI, 3d render, low-poly, painting, anime, surreal, deformed, duplicate objects, extra limbs, blurry, out of focus, noise, oversaturated, posterized, artifacts, jpeg artifacts"
8469,ship,sailboat,anchored,a lakeside shore,wide shot,foggy morning,clean,a detailed photograph,"a detailed photograph of a sailboat ship anchored in a lakeside shore, wide shot, foggy morning. single main subject, photorealistic color photo, natural colors, realistic texture, sharp focus on subject, no people, no text, no watermark, no logo, no border, no collage, no CGI, no illustration.","text, watermark, logo, caption, signature, border, frame, collage, multiple panels, cartoon, illustration, CGI, 3d render, low-poly, painting, anime, surreal, deformed, duplicate objects, extra limbs, blurry, out of focus, noise, oversaturated, posterized, artifacts, jpeg artifacts"
8928,ship,sailboat,anchored,a quiet residential street,front view,foggy morning,hard,a photorealistic color photo,"a photorealistic color photo of a sailboat ship anchored in a quiet residential street, front view, foggy morning. partially occluded by a foreground object. single main subject, photorealistic color photo, natural colors, realistic texture, sharp focus on subject, no people, no text, no watermark, no logo, no border, no collage, no CGI, no illustration.","text, watermark, logo, caption, signature, border, frame, collage, multiple panels, cartoon, illustration, CGI, 3d render, low-poly, painting, anime, surreal, deformed, duplicate objects, extra limbs, blurry, out of focus, noise, oversaturated, posterized, artifacts, jpeg artifacts"
8773,ship,ferry,moving through water,an industrial yard,front view,rainy with wet reflections,clean,a high-quality image,"a high-quality image of a ferry ship moving through water in an industrial yard, front view, rainy with wet reflections. single main subject, photorealistic color photo, natural colors, realistic texture, sharp focus on subject, no people, no text, no watermark, no logo, no border, no collage, no CGI, no illustration.","text, watermark, logo, caption, signature, border, frame, collage, multiple panels, cartoon, illustration, CGI, 3d render, low-poly, painting, anime, surreal, deformed, duplicate objects, extra limbs, blurry, out of focus, noise, oversaturated, posterized, artifacts, jpeg artifacts"
8887,ship,ferry,seen from a distance,a countryside road,high angle,foggy morning,hard,a finely detailed photo,"a finely detailed photo of a ferry ship seen from a distance in a countryside road, high angle, foggy morning. slight motion blur. single main subject, photorealistic color photo, natural colors, realistic texture, sharp focus on subject, no people, no text, no watermark, no logo, no border, no collage, no CGI, no illustration.","text, watermark, logo, caption, signature, border, frame, collage, multiple panels, cartoon, illustration, CGI, 3d render, low-poly, painting, anime, surreal, deformed, duplicate objects, extra limbs, blurry, out of focus, noise, oversaturated, posterized, artifacts, jpeg artifacts"
8799,ship,cruise ship,seen from a distance,a forest clearing,close-up,foggy morning,clean,a high-quality image,"a high-quality image of a cruise ship seen from a distance in a forest clearing, close-up, foggy morning. single main subject, photorealistic color photo, natural colors, realistic texture, sharp focus on subject, no people, no text, no watermark, no logo, no border, no collage, no CGI, no illustration.","text, watermark, logo, caption, signature, border, frame, collage, multiple panels, cartoon, illustration, CGI, 3d render, low-poly, painting, anime, surreal, deformed, duplicate objects, extra limbs, blurry, out of focus, noise, oversaturated, posterized, artifacts, jpeg artifacts"
8535,ship,sailboat,moving through water,a gravel lot,close-up,backlit rim light,clean,a finely detailed photo,"a finely detailed photo of a sailboat ship moving through water in a gravel lot, close-up, backlit rim light. single main subject, photorealistic color photo, natural colors, realistic texture, sharp focus on subject, no people, no text, no watermark, no logo, no border, no collage, no CGI, no illustration.","text, watermark, logo, caption, signature, border, frame, collage, multiple panels, cartoon, illustration, CGI, 3d render, low-poly, painting, anime, surreal, deformed, duplicate objects, extra limbs, blurry, out of focus, noise, oversaturated, posterized, artifacts, jpeg artifacts"
8609,ship,cruise ship,moving through water,a suburban neighborhood,high angle,overcast daylight,clean,a finely detailed photo,"a finely detailed photo of a cruise ship moving through water in a suburban neighborhood, high angle, overcast daylight. single main subject, photorealistic color photo, natural colors, realistic texture, sharp focus on subject, no people, no text, no watermark, no logo, no border, no collage, no CGI, no illustration.","text, watermark, logo, caption, signature, border, frame, collage, multiple panels, cartoon, illustration, CGI, 3d render, low-poly, painting, anime, surreal, deformed, duplicate objects, extra limbs, blurry, out of focus, noise, oversaturated, posterized, artifacts, jpeg artifacts"
8029,ship,sailboat,moving through water,a grassy field,side profile,indoor soft window light,clean,a finely detailed photo,"a finely detailed photo of a sailboat ship moving through water in a grassy field, side profile, indoor soft window light. single main subject, photorealistic color photo, natural colors, realistic texture, sharp focus on subject, no people, no text, no watermark, no logo, no border, no collage, no CGI, no illustration.","text, watermark, logo, caption, signature, border, frame, collage, multiple panels, cartoon, illustration, CGI, 3d render, low-poly, painting, anime, surreal, deformed, duplicate objects, extra limbs, blurry, out of focus, noise, oversaturated, posterized, artifacts, jpeg artifacts"
8324,ship,fishing boat,moving through water,an industrial yard,side profile,backlit rim light,clean,a finely detailed photo,"a finely detailed photo of a fishing boat ship moving through water in an industrial yard, side profile, backlit rim light. single main subject, photorealistic color photo, natural colors, realistic texture, sharp focus on subject, no people, no text, no watermark, no logo, no border, no collage, no CGI, no illustration.","text, watermark, logo, caption, signature, border, frame, collage, multiple panels, cartoon, illustration, CGI, 3d render, low-poly, painting, anime, surreal, deformed, duplicate objects, extra limbs, blurry, out of focus, noise, oversaturated, posterized, artifacts, jpeg artifacts"
8309,ship,small motorboat,anchored,a city park,close-up,indoor soft window light,clean,a photorealistic color photo,"a photorealistic color photo of a small motorboat ship anchored in a city park, close-up, indoor soft window light. single main subject, photorealistic color photo, natural colors, realistic texture, sharp focus on subject, no people, no text, no watermark, no logo, no border, no collage, no CGI, no illustration.","text, watermark, logo, caption, signature, border, frame, collage, multiple panels, cartoon, illustration, CGI, 3d render, low-poly, painting, anime, surreal, deformed, duplicate objects, extra limbs, blurry, out of focus, noise, oversaturated, posterized, artifacts, jpeg artifacts"
8880,ship,sailboat,moving through water,a lakeside shore,slightly off-center framing,golden hour,hard,an ultra-realistic rendering,"an ultra-realistic rendering of a sailboat ship moving through water in a lakeside shore, slightly off-center framing, golden hour. in the distance. single main subject, photorealistic color photo, natural colors, realistic texture, sharp focus on subject, no people, no text, no watermark, no logo, no border, no collage, no CGI, no illustration.","text, watermark, logo, caption, signature, border, frame, collage, multiple panels, cartoon, illustration, CGI, 3d render, low-poly, painting, anime, surreal, deformed, duplicate objects, extra limbs, blurry, out of focus, noise, oversaturated, posterized, artifacts, jpeg artifacts"
8260,ship,cargo ship,moving through water,a parking lot,close-up,backlit rim light,clean,a finely detailed photo,"a finely detailed photo of a cargo ship moving through water in a parking lot, close-up, backlit rim light. single main subject, photorealistic color photo, natural colors, realistic texture, sharp focus on subject, no people, no text, no watermark, no logo, no border, no collage, no CGI, no illustration.","text, watermark, logo, caption, signature, border, frame, collage, multiple panels, cartoon, illustration, CGI, 3d render, low-poly, painting, anime, surreal, deformed, duplicate objects, extra limbs, blurry, out of focus, noise, oversaturated, posterized, artifacts, jpeg artifacts"
8771,ship,small motorboat,docked,a backyard,wide shot,rainy with wet reflections,clean,a detailed photograph,"a detailed photograph of a small motorboat ship docked in a backyard, wide shot, rainy with wet reflections. single main subject, photorealistic color photo, natural colors, realistic texture, sharp focus on subject, no people, no text, no watermark, no logo, no border, no collage, no CGI, no illustration.","text, watermark, logo, caption, signature, border, frame, collage, multiple panels, cartoon, illustration, CGI, 3d render, low-poly, painting, anime, surreal, deformed, duplicate objects, extra limbs, blurry, out of focus, noise, oversaturated, posterized, artifacts, jpeg artifacts"
8220,ship,cargo ship,seen from a distance,a backyard,front view,indoor soft window light,clean,a photorealistic color photo,"a photorealistic color photo of a cargo ship seen from a distance in a backyard, front view, indoor soft window light. single main subject, photorealistic color photo, natural colors, realistic texture, sharp focus on subject, no people, no text, no watermark, no logo, no border, no collage, no CGI, no illustration.","text, watermark, logo, caption, signature, border, frame, collage, multiple panels, cartoon, illustration, CGI, 3d render, low-poly, painting, anime, surreal, deformed, duplicate objects, extra limbs, blurry, out of focus, noise, oversaturated, posterized, artifacts, jpeg artifacts"
8874,ship,ferry,seen from a distance,a suburban neighborhood,side profile,rainy with wet reflections,hard,an ultra-realistic rendering,"an ultra-realistic rendering of a ferry ship seen from a distance in a suburban neighborhood, side profile, rainy with wet reflections. slight motion blur. single main subject, photorealistic color photo, natural colors, realistic texture, sharp focus on subject, no people, no text, no watermark, no logo, no border, no collage, no CGI, no illustration.","text, watermark, logo, caption, signature, border, frame, collage, multiple panels, cartoon, illustration, CGI, 3d render, low-poly, painting, anime, surreal, deformed, duplicate objects, extra limbs, blurry, out of focus, noise, oversaturated, posterized, artifacts, jpeg artifacts"
8634,ship,fishing boat,moving through water,a suburban neighborhood,slightly off-center framing,nighttime under streetlights,clean,a high-quality image,"a high-quality image of a fishing boat ship moving through water in a suburban neighborhood, slightly off-center framing, nighttime under streetlights. single main subject, photorealistic color photo, natural colors, realistic texture, sharp focus on subject, no people, no text, no watermark, no logo, no border, no collage, no CGI, no illustration.","text, watermark, logo, caption, signature, border, frame, collage, multiple panels, cartoon, illustration, CGI, 3d render, low-poly, painting, anime, surreal, deformed, duplicate objects, extra limbs, blurry, out of focus, noise, oversaturated, posterized, artifacts, jpeg artifacts"
8968,ship,sailboat,anchored,a suburban neighborhood,side profile,overcast daylight,hard,a high-quality image,"a high-quality image of a sailboat ship anchored in a suburban neighborhood, side profile, overcast daylight. in the distance. single main subject, photorealistic color photo, natural colors, realistic texture, sharp focus on subject, no people, no text, no watermark, no logo, no border, no collage, no CGI, no illustration.","text, watermark, logo, caption, signature, border, frame, collage, multiple panels, cartoon, illustration, CGI, 3d render, low-poly, painting, anime, surreal, deformed, duplicate objects, extra limbs, blurry, out of focus, noise, oversaturated, posterized, artifacts, jpeg artifacts"
8224,ship,ferry,docked,a city park,side profile,rainy with wet reflections,clean,a professional photo,"a professional photo of a ferry ship docked in a city park, side profile, rainy with wet reflections. single main subject, photorealistic color photo, natural colors, realistic texture, sharp focus on subject, no people, no text, no watermark, no logo, no border, no collage, no CGI, no illustration.","text, watermark, logo, caption, signature, border, frame, collage, multiple panels, cartoon, illustration, CGI, 3d render, low-poly, painting, anime, surreal, deformed, duplicate objects, extra limbs, blurry, out of focus, noise, oversaturated, posterized, artifacts, jpeg artifacts"
8676,ship,cruise ship,moving through water,a gravel lot,slightly off-center framing,sunny afternoon,clean,an ultra-realistic rendering,"an ultra-realistic rendering of a cruise ship moving through water in a gravel lot, slightly off-center framing, sunny afternoon. single main subject, photorealistic color photo, natural colors, realistic texture, sharp focus on subject, no people, no text, no watermark, no logo, no border, no collage, no CGI, no illustration.","text, watermark, logo, caption, signature, border, frame, collage, multiple panels, cartoon, illustration, CGI, 3d render, low-poly, painting, anime, surreal, deformed, duplicate objects, extra limbs, blurry, out of focus, noise, oversaturated, posterized, artifacts, jpeg artifacts"
8635,ship,fishing boat,seen from a distance,an industrial yard,low angle,indoor soft window light,clean,a detailed photograph,"a detailed photograph of a fishing boat ship seen from a distance in an industrial yard, low angle, indoor soft window light. single main subject, photorealistic color photo, natural colors, realistic texture, sharp focus on subject, no people, no text, no watermark, no logo, no border, no collage, no CGI, no illustration.","text, watermark, logo, caption, signature, border, frame, collage, multiple panels, cartoon, illustration, CGI, 3d render, low-poly, painting, anime, surreal, deformed, duplicate objects, extra limbs, blurry, out of focus, noise, oversaturated, posterized, artifacts, jpeg artifacts"
8066,ship,cruise ship,anchored,an urban street,low angle,golden hour,clean,a finely detailed photo,"a finely detailed photo of a cruise ship anchored in an urban street, low angle, golden hour. single main subject, photorealistic color photo, natural colors, realistic texture, sharp focus on subject, no people, no text, no watermark, no logo, no border, no collage, no CGI, no illustration.","text, watermark, logo, caption, signature, border, frame, collage, multiple panels, cartoon, illustration, CGI, 3d render, low-poly, painting, anime, surreal, deformed, duplicate objects, extra limbs, blurry, out of focus, noise, oversaturated, posterized, artifacts, jpeg artifacts"
8250,ship,cruise ship,moving through water,a sandy beach,slightly off-center framing,golden hour,clean,a detailed photograph,"a detailed photograph of a cruise ship moving through water in a sandy beach, slightly off-center framing, golden hour. single main subject, photorealistic color photo, natural colors, realistic texture, sharp focus on subject, no people, no text, no watermark, no logo, no border, no collage, no CGI, no illustration.","text, watermark, logo, caption, signature, border, frame, collage, multiple panels, cartoon, illustration, CGI, 3d render, low-poly, painting, anime, surreal, deformed, duplicate objects, extra limbs, blurry, out of focus, noise, oversaturated, posterized, artifacts, jpeg artifacts"
8873,ship,cargo ship,anchored,a countryside road,slightly off-center framing,nighttime under streetlights,hard,a detailed photograph,"a detailed photograph of a cargo ship anchored in a countryside road, slightly off-center framing, nighttime under streetlights. busy background but still one main subject. single main subject, photorealistic color photo, natural colors, realistic texture, sharp focus on subject, no people, no text, no watermark, no logo, no border, no collage, no CGI, no illustration.","text, watermark, logo, caption, signature, border, frame, collage, multiple panels, cartoon, illustration, CGI, 3d render, low-poly, painting, anime, surreal, deformed, duplicate objects, extra limbs, blurry, out of focus, noise, oversaturated, posterized, artifacts, jpeg artifacts"
8742,ship,small motorboat,seen from a distance,a lakeside shore,slightly off-center framing,foggy morning,clean,an ultra-realistic rendering,"an ultra-realistic rendering of a small motorboat ship seen from a distance in a lakeside shore, slightly off-center framing, foggy morning. single main subject, photorealistic color photo, natural colors, realistic texture, sharp focus on subject, no people, no text, no watermark, no logo, no border, no collage, no CGI, no illustration.","text, watermark, logo, caption, signature, border, frame, collage, multiple panels, cartoon, illustration, CGI, 3d render, low-poly, painting, anime, surreal, deformed, duplicate objects, extra limbs, blurry, out of focus, noise, oversaturated, posterized, artifacts, jpeg artifacts"
8443,ship,cargo ship,anchored,an urban street,low angle,sunny afternoon,clean,a professional photo,"a professional photo of a cargo ship anchored in an urban street, low angle, sunny afternoon. single main subject, photorealistic color photo, natural colors, realistic texture, sharp focus on subject, no people, no text, no watermark, no logo, no border, no collage, no CGI, no illustration.","text, watermark, logo, caption, signature, border, frame, collage, multiple panels, cartoon, illustration, CGI, 3d render, low-poly, painting, anime, surreal, deformed, duplicate objects, extra limbs, blurry, out of focus, noise, oversaturated, posterized, artifacts, jpeg artifacts"
8229,ship,fishing boat,seen from a distance,a quiet residential street,close-up,golden hour,clean,a professional photo,"a professional photo of a fishing boat ship seen from a distance in a quiet residential street, close-up, golden hour. single main subject, photorealistic color photo, natural colors, realistic texture, sharp focus on subject, no people, no text, no watermark, no logo, no border, no collage, no CGI, no illustration.","text, watermark, logo, caption, signature, border, frame, collage, multiple panels, cartoon, illustration, CGI, 3d render, low-poly, painting, anime, surreal, deformed, duplicate objects, extra limbs, blurry, out of focus, noise, oversaturated, posterized, artifacts, jpeg artifacts"
8195,ship,sailboat,seen from a distance,a forest clearing,3/4 view,indoor soft window light,clean,a professional photo,"a professional photo of a sailboat ship seen from a distance in a forest clearing, 3/4 view, indoor soft window light. single main subject, photorealistic color photo, natural colors, realistic texture, sharp focus on subject, no people, no text, no watermark, no logo, no border, no collage, no CGI, no illustration.","text, watermark, logo, caption, signature, border, frame, collage, multiple panels, cartoon, illustration, CGI, 3d render, low-poly, painting, anime, surreal, deformed, duplicate objects, extra limbs, blurry, out of focus, noise, oversaturated, posterized, artifacts, jpeg artifacts"
8913,ship,small motorboat,moving through water,a lakeside shore,slightly off-center framing,indoor soft window light,hard,an ultra-realistic rendering,"an ultra-realistic rendering of a small motorboat ship moving through water in a lakeside shore, slightly off-center framing, indoor soft window light. in the distance. single main subject, photorealistic color photo, natural colors, realistic texture, sharp focus on subject, no people, no text, no watermark, no logo, no border, no collage, no CGI, no illustration.","text, watermark, logo, caption, signature, border, frame, collage, multiple panels, cartoon, illustration, CGI, 3d render, low-poly, painting, anime, surreal, deformed, duplicate objects, extra limbs, blurry, out of focus, noise, oversaturated, posterized, artifacts, jpeg artifacts"
8481,ship,sailboat,seen from a distance,a suburban neighborhood,side profile,golden hour,clean,an ultra-realistic rendering,"an ultra-realistic rendering of a sailboat ship seen from a distance in a suburban neighborhood, side profile, golden hour. single main subject, photorealistic color photo, natural colors, realistic texture, sharp focus on subject, no people, no text, no watermark, no logo, no border, no collage, no CGI, no illustration.","text, watermark, logo, caption, signature, border, frame, collage, multiple panels, cartoon, illustration, CGI, 3d render, low-poly, painting, anime, surreal, deformed, duplicate objects, extra limbs, blurry, out of focus, noise, oversaturated, posterized, artifacts, jpeg artifacts"
8994,ship,ferry,moving through water,a suburban neighborhood,low angle,nighttime under streetlights,hard,a detailed photograph,"a detailed photograph of a ferry ship moving through water in a suburban neighborhood, low angle, nighttime under streetlights. in the distance. single main subject, photorealistic color photo, natural colors, realistic texture, sharp focus on subject, no people, no text, no watermark, no logo, no border, no collage, no CGI, no illustration.","text, watermark, logo, caption, signature, border, frame, collage, multiple panels, cartoon, illustration, CGI, 3d render, low-poly, painting, anime, surreal, deformed, duplicate objects, extra limbs, blurry, out of focus, noise, oversaturated, posterized, artifacts, jpeg artifacts"
8959,ship,fishing boat,seen from a distance,an urban street,high angle,indoor soft window light,hard,a photorealistic color photo,"a photorealistic color photo of a fishing boat ship seen from a distance in an urban street, high angle, indoor soft window light. in the distance. single main subject, photorealistic color photo, natural colors, realistic texture, sharp focus on subject, no people, no text, no watermark, no logo, no border, no collage, no CGI, no illustration.","text, watermark, logo, caption, signature, border, frame, collage, multiple panels, cartoon, illustration, CGI, 3d render, low-poly, painting, anime, surreal, deformed, duplicate objects, extra limbs, blurry, out of focus, noise, oversaturated, posterized, artifacts, jpeg artifacts"
8441,ship,ferry,moving through water,a countryside road,close-up,backlit rim light,clean,a high-quality image,"a high-quality image of a ferry ship moving through water in a countryside road, close-up, backlit rim light. single main subject, photorealistic color photo, natural colors, realistic texture, sharp focus on subject, no people, no text, no watermark, no logo, no border, no collage, no CGI, no illustration.","text, watermark, logo, caption, signature, border, frame, collage, multiple panels, cartoon, illustration, CGI, 3d render, low-poly, painting, anime, surreal, deformed, duplicate objects, extra limbs, blurry, out of focus, noise, oversaturated, posterized, artifacts, jpeg artifacts"
8713,ship,sailboat,moving through water,a wet roadway after rain,3/4 view,foggy morning,clean,a detailed photograph,"a detailed photograph of a sailboat ship moving through water in a wet roadway after rain, 3/4 view, foggy morning. single main subject, photorealistic color photo, natural colors, realistic texture, sharp focus on subject, no people, no text, no watermark, no logo, no border, no collage, no CGI, no illustration.","text, watermark, logo, caption, signature, border, frame, collage, multiple panels, cartoon, illustration, CGI, 3d render, low-poly, painting, anime, surreal, deformed, duplicate objects, extra limbs, blurry, out of focus, noise, oversaturated, posterized, artifacts, jpeg artifacts"
8692,ship,fishing boat,anchored,a backyard,low angle,rainy with wet reflections,clean,a professional photo,"a professional photo of a fishing boat ship anchored in a backyard, low angle, rainy with wet reflections. single main subject, photorealistic color photo, natural colors, realistic texture, sharp focus on subject, no people, no text, no watermark, no logo, no border, no collage, no CGI, no illustration.","text, watermark, logo, caption, signature, border, frame, collage, multiple panels, cartoon, illustration, CGI, 3d render, low-poly, painting, anime, surreal, deformed, duplicate objects, extra limbs, blurry, out of focus, noise, oversaturated, posterized, artifacts, jpeg artifacts"
8088,ship,cruise ship,moving through water,a quiet residential street,slightly off-center framing,backlit rim light,clean,a finely detailed photo,"a finely detailed photo of a cruise ship moving through water in a quiet residential street, slightly off-center framing, backlit rim light. single main subject, photorealistic color photo, natural colors, realistic texture, sharp focus on subject, no people, no text, no watermark, no logo, no border, no collage, no CGI, no illustration.","text, watermark, logo, caption, signature, border, frame, collage, multiple panels, cartoon, illustration, CGI, 3d render, low-poly, painting, anime, surreal, deformed, duplicate objects, extra limbs, blurry, out of focus, noise, oversaturated, posterized, artifacts, jpeg artifacts"
8833,ship,sailboat,docked,a parking lot,slightly off-center framing,golden hour,hard,a detailed photograph,"a detailed photograph of a sailboat ship docked in a parking lot, slightly off-center framing, golden hour. busy background but still one main subject. single main subject, photorealistic color photo, natural colors, realistic texture, sharp focus on subject, no people, no text, no watermark, no logo, no border, no collage, no CGI, no illustration.","text, watermark, logo, caption, signature, border, frame, collage, multiple panels, cartoon, illustration, CGI, 3d render, low-poly, painting, anime, surreal, deformed, duplicate objects, extra limbs, blurry, out of focus, noise, oversaturated, posterized, artifacts, jpeg artifacts"
8539,ship,cruise ship,moving through water,a gravel lot,slightly off-center framing,indoor soft window light,clean,an ultra-realistic rendering,"an ultra-realistic rendering of a cruise ship moving through water in a gravel lot, slightly off-center framing, indoor soft window light. single main subject, photorealistic color photo, natural colors, realistic texture, sharp focus on subject, no people, no text, no watermark, no logo, no border, no collage, no CGI, no illustration.","text, watermark, logo, caption, signature, border, frame, collage, multiple panels, cartoon, illustration, CGI, 3d render, low-poly, painting, anime, surreal, deformed, duplicate objects, extra limbs, blurry, out of focus, noise, oversaturated, posterized, artifacts, jpeg artifacts"
8704,ship,sailboat,docked,a backyard,wide shot,golden hour,clean,a photorealistic color photo,"a photorealistic color photo of a sailboat ship docked in a backyard, wide shot, golden hour. single main subject, photorealistic color photo, natural colors, realistic texture, sharp focus on subject, no people, no text, no watermark, no logo, no border, no collage, no CGI, no illustration.","text, watermark, logo, caption, signature, border, frame, collage, multiple panels, cartoon, illustration, CGI, 3d render, low-poly, painting, anime, surreal, deformed, duplicate objects, extra limbs, blurry, out of focus, noise, oversaturated, posterized, artifacts, jpeg artifacts"
8258,ship,ferry,seen from a distance,a parking lot,wide shot,rainy with wet reflections,clean,a high-quality image,"a high-quality image of a ferry ship seen from a distance in a parking lot, wide shot, rainy with wet reflections. single main subject, photorealistic color photo, natural colors, realistic texture, sharp focus on subject, no people, no text, no watermark, no logo, no border, no collage, no CGI, no illustration.","text, watermark, logo, caption, signature, border, frame, collage, multiple panels, cartoon, illustration, CGI, 3d render, low-poly, painting, anime, surreal, deformed, duplicate objects, extra limbs, blurry, out of focus, noise, oversaturated, posterized, artifacts, jpeg artifacts"
8193,ship,sailboat,seen from a distance,an urban street,side profile,backlit rim light,clean,a finely detailed photo,"a finely detailed photo of a sailboat ship seen from a distance in an urban street, side profile, backlit rim light. single main subject, photorealistic color photo, natural colors, realistic texture, sharp focus on subject, no people, no text, no watermark, no logo, no border, no collage, no CGI, no illustration.","text, watermark, logo, caption, signature, border, frame, collage, multiple panels, cartoon, illustration, CGI, 3d render, low-poly, painting, anime, surreal, deformed, duplicate objects, extra limbs, blurry, out of focus, noise, oversaturated, posterized, artifacts, jpeg artifacts"
8587,ship,cargo ship,docked,a parking lot,wide shot,indoor soft window light,clean,an ultra-realistic rendering,"an ultra-realistic rendering of a cargo ship docked in a parking lot, wide shot, indoor soft window light. single main subject, photorealistic color photo, natural colors, realistic texture, sharp focus on subject, no people, no text, no watermark, no logo, no border, no collage, no CGI, no illustration.","text, watermark, logo, caption, signature, border, frame, collage, multiple panels, cartoon, illustration, CGI, 3d render, low-poly, painting, anime, surreal, deformed, duplicate objects, extra limbs, blurry, out of focus, noise, oversaturated, posterized, artifacts, jpeg artifacts"
8101,ship,cargo ship,anchored,a quiet residential street,close-up,rainy with wet reflections,clean,a finely detailed photo,"a finely detailed photo of a cargo ship anchored in a quiet residential street, close-up, rainy with wet reflections. single main subject, photorealistic color photo, natural colors, realistic texture, sharp focus on subject, no people, no text, no watermark, no logo, no border, no collage, no CGI, no illustration.","text, watermark, logo, caption, signature, border, frame, collage, multiple panels, cartoon, illustration, CGI, 3d render, low-poly, painting, anime, surreal, deformed, duplicate objects, extra limbs, blurry, out of focus, noise, oversaturated, posterized, artifacts, jpeg artifacts"
8796,ship,cruise ship,moving through water,a gravel lot,front view,overcast daylight,clean,an ultra-realistic rendering,"an ultra-realistic rendering of a cruise ship moving through water in a gravel lot, front view, overcast daylight. single main subject, photorealistic color photo, natural colors, realistic texture, sharp focus on subject, no people, no text, no watermark, no logo, no border, no collage, no CGI, no illustration.","text, watermark, logo, caption, signature, border, frame, collage, multiple panels, cartoon, illustration, CGI, 3d render, low-poly, painting, anime, surreal, deformed, duplicate objects, extra limbs, blurry, out of focus, noise, oversaturated, posterized, artifacts, jpeg artifacts"
8669,ship,cargo ship,moving through water,a forest clearing,side profile,nighttime under streetlights,clean,a finely detailed photo,"a finely detailed photo of a cargo ship moving through water in a forest clearing, side profile, nighttime under streetlights. single main subject, photorealistic color photo, natural colors, realistic texture, sharp focus on subject, no people, no text, no watermark, no logo, no border, no collage, no CGI, no illustration.","text, watermark, logo, caption, signature, border, frame, collage, multiple panels, cartoon, illustration, CGI, 3d render, low-poly, painting, anime, surreal, deformed, duplicate objects, extra limbs, blurry, out of focus, noise, oversaturated, posterized, artifacts, jpeg artifacts"
8322,ship,cruise ship,docked,a city park,3/4 view,sunny afternoon,clean,a detailed photograph,"a detailed photograph of a cruise ship docked in a city park, 3/4 view, sunny afternoon. single main subject, photorealistic color photo, natural colors, realistic texture, sharp focus on subject, no people, no text, no watermark, no logo, no border, no collage, no CGI, no illustration.","text, watermark, logo, caption, signature, border, frame, collage, multiple panels, cartoon, illustration, CGI, 3d render, low-poly, painting, anime, surreal, deformed, duplicate objects, extra limbs, blurry, out of focus, noise, oversaturated, posterized, artifacts, jpeg artifacts"
8738,ship,small motorboat,anchored,a parking lot,slightly off-center framing,backlit rim light,clean,a high-quality image,"a high-quality image of a small motorboat ship anchored in a parking lot, slightly off-center framing, backlit rim light. single main subject, photorealistic color photo, natural colors, realistic texture, sharp focus on subject, no people, no text, no watermark, no logo, no border, no collage, no CGI, no illustration.","text, watermark, logo, caption, signature, border, frame, collage, multiple panels, cartoon, illustration, CGI, 3d render, low-poly, painting, anime, surreal, deformed, duplicate objects, extra limbs, blurry, out of focus, noise, oversaturated, posterized, artifacts, jpeg artifacts"
8100,ship,sailboat,moving through water,a quiet residential street,front view,rainy with wet reflections,clean,a detailed photograph,"a detailed photograph of a sailboat ship moving through water in a quiet residential street, front view, rainy with wet reflections. single main subject, photorealistic color photo, natural colors, realistic texture, sharp focus on subject, no people, no text, no watermark, no logo, no border, no collage, no CGI, no illustration.","text, watermark, logo, caption, signature, border, frame, collage, multiple panels, cartoon, illustration, CGI, 3d render, low-poly, painting, anime, surreal, deformed, duplicate objects, extra limbs, blurry, out of focus, noise, oversaturated, posterized, artifacts, jpeg artifacts"
8329,ship,ferry,seen from a distance,a quiet residential street,3/4 view,golden hour,clean,a professional photo,"a professional photo of a ferry ship seen from a distance in a quiet residential street, 3/4 view, golden hour. single main subject, photorealistic color photo, natural colors, realistic texture, sharp focus on subject, no people, no text, no watermark, no logo, no border, no collage, no CGI, no illustration.","text, watermark, logo, caption, signature, border, frame, collage, multiple panels, cartoon, illustration, CGI, 3d render, low-poly, painting, anime, surreal, deformed, duplicate objects, extra limbs, blurry, out of focus, noise, oversaturated, posterized, artifacts, jpeg artifacts"
8780,ship,small motorboat,moving through water,a city park,3/4 view,overcast daylight,clean,a high-quality image,"a high-quality image of a small motorboat ship moving through water in a city park, 3/4 view, overcast daylight. single main subject, photorealistic color photo, natural colors, realistic texture, sharp focus on subject, no people, no text, no watermark, no logo, no border, no collage, no CGI, no illustration.","text, watermark, logo, caption, signature, border, frame, collage, multiple panels, cartoon, illustration, CGI, 3d render, low-poly, painting, anime, surreal, deformed, duplicate objects, extra limbs, blurry, out of focus, noise, oversaturated, posterized, artifacts, jpeg artifacts"
8359,ship,cargo ship,seen from a distance,a forest clearing,slightly off-center framing,golden hour,clean,a finely detailed photo,"a finely detailed photo of a cargo ship seen from a distance in a forest clearing, slightly off-center framing, golden hour. single main subject, photorealistic color photo, natural colors, realistic texture, sharp focus on subject, no people, no text, no watermark, no logo, no border, no collage, no CGI, no illustration.","text, watermark, logo, caption, signature, border, frame, collage, multiple panels, cartoon, illustration, CGI, 3d render, low-poly, painting, anime, surreal, deformed, duplicate objects, extra limbs, blurry, out of focus, noise, oversaturated, posterized, artifacts, jpeg artifacts"
8039,ship,cruise ship,moving through water,an industrial yard,front view,sunny afternoon,clean,a photorealistic color photo,"a photorealistic color photo of a cruise ship moving through water in an industrial yard, front view, sunny afternoon. single main subject, photorealistic color photo, natural colors, realistic texture, sharp focus on subject, no people, no text, no watermark, no logo, no border, no collage, no CGI, no illustration.","text, watermark, logo, caption, signature, border, frame, collage, multiple panels, cartoon, illustration, CGI, 3d render, low-poly, painting, anime, surreal, deformed, duplicate objects, extra limbs, blurry, out of focus, noise, oversaturated, posterized, artifacts, jpeg artifacts"
8750,ship,cargo ship,moving through water,a forest clearing,side profile,rainy with wet reflections,clean,a professional photo,"a professional photo of a cargo ship moving through water in a forest clearing, side profile, rainy with wet reflections. single main subject, photorealistic color photo, natural colors, realistic texture, sharp focus on subject, no people, no text, no watermark, no logo, no border, no collage, no CGI, no illustration.","text, watermark, logo, caption, signature, border, frame, collage, multiple panels, cartoon, illustration, CGI, 3d render, low-poly, painting, anime, surreal, deformed, duplicate objects, extra limbs, blurry, out of focus, noise, oversaturated, posterized, artifacts, jpeg artifacts"
8871,ship,sailboat,anchored,a suburban neighborhood,wide shot,rainy with wet reflections,hard,a finely detailed photo,"a finely detailed photo of a sailboat ship anchored in a suburban neighborhood, wide shot, rainy with wet reflections. in the distance. single main subject, photorealistic color photo, natural colors, realistic texture, sharp focus on subject, no people, no text, no watermark, no logo, no border, no collage, no CGI, no illustration.","text, watermark, logo, caption, signature, border, frame, collage, multiple panels, cartoon, illustration, CGI, 3d render, low-poly, painting, anime, surreal, deformed, duplicate objects, extra limbs, blurry, out of focus, noise, oversaturated, posterized, artifacts, jpeg artifacts"
8113,ship,small motorboat,moving through water,an industrial yard,high angle,backlit rim light,clean,a professional photo,"a professional photo of a small motorboat ship moving through water in an industrial yard, high angle, backlit rim light. single main subject, photorealistic color photo, natural colors, realistic texture, sharp focus on subject, no people, no text, no watermark, no logo, no border, no collage, no CGI, no illustration.","text, watermark, logo, caption, signature, border, frame, collage, multiple panels, cartoon, illustration, CGI, 3d render, low-poly, painting, anime, surreal, deformed, duplicate objects, extra limbs, blurry, out of focus, noise, oversaturated, posterized, artifacts, jpeg artifacts"
8541,ship,small motorboat,moving through water,a city park,side profile,nighttime under streetlights,clean,a finely detailed photo,"a finely detailed photo of a small motorboat ship moving through water in a city park, side profile, nighttime under streetlights. single main subject, photorealistic color photo, natural colors, realistic texture, sharp focus on subject, no people, no text, no watermark, no logo, no border, no collage, no CGI, no illustration.","text, watermark, logo, caption, signature, border, frame, collage, multiple panels, cartoon, illustration, CGI, 3d render, low-poly, painting, anime, surreal, deformed, duplicate objects, extra limbs, blurry, out of focus, noise, oversaturated, posterized, artifacts, jpeg artifacts"
8426,ship,fishing boat,docked,a quiet residential street,side profile,golden hour,clean,a detailed photograph,"a detailed photograph of a fishing boat ship docked in a quiet residential street, side profile, golden hour. single main subject, photorealistic color photo, natural colors, realistic texture, sharp focus on subject, no people, no text, no watermark, no logo, no border, no collage, no CGI, no illustration.","text, watermark, logo, caption, signature, border, frame, collage, multiple panels, cartoon, illustration, CGI, 3d render, low-poly, painting, anime, surreal, deformed, duplicate objects, extra limbs, blurry, out of focus, noise, oversaturated, posterized, artifacts, jpeg artifacts"
8762,ship,cruise ship,anchored,a wet roadway after rain,high angle,sunny afternoon,clean,a photorealistic color photo,"a photorealistic color photo of a cruise ship anchored in a wet roadway after rain, high angle, sunny afternoon. single main subject, photorealistic color photo, natural colors, realistic texture, sharp focus on subject, no people, no text, no watermark, no logo, no border, no collage, no CGI, no illustration.","text, watermark, logo, caption, signature, border, frame, collage, multiple panels, cartoon, illustration, CGI, 3d render, low-poly, painting, anime, surreal, deformed, duplicate objects, extra limbs, blurry, out of focus, noise, oversaturated, posterized, artifacts, jpeg artifacts"
8519,ship,ferry,anchored,a countryside road,low angle,sunny afternoon,clean,a professional photo,"a professional photo of a ferry ship anchored in a countryside road, low angle, sunny afternoon. single main subject, photorealistic color photo, natural colors, realistic texture, sharp focus on subject, no people, no text, no watermark, no logo, no border, no collage, no CGI, no illustration.","text, watermark, logo, caption, signature, border, frame, collage, multiple panels, cartoon, illustration, CGI, 3d render, low-poly, painting, anime, surreal, deformed, duplicate objects, extra limbs, blurry, out of focus, noise, oversaturated, posterized, artifacts, jpeg artifacts"
8491,ship,sailboat,docked,a quiet residential street,side profile,golden hour,clean,a detailed photograph,"a detailed photograph of a sailboat ship docked in a quiet residential street, side profile, golden hour. single main subject, photorealistic color photo, natural colors, realistic texture, sharp focus on subject, no people, no text, no watermark, no logo, no border, no collage, no CGI, no illustration.","text, watermark, logo, caption, signature, border, frame, collage, multiple panels, cartoon, illustration, CGI, 3d render, low-poly, painting, anime, surreal, deformed, duplicate objects, extra limbs, blurry, out of focus, noise, oversaturated, posterized, artifacts, jpeg artifacts"
8957,ship,small motorboat,anchored,a forest clearing,3/4 view,indoor soft window light,hard,a detailed photograph,"a detailed photograph of a small motorboat ship anchored in a forest clearing, 3/4 view, indoor soft window light. partially occluded by a foreground object. single main subject, photorealistic color photo, natural colors, realistic texture, sharp focus on subject, no people, no text, no watermark, no logo, no border, no collage, no CGI, no illustration.","text, watermark, logo, caption, signature, border, frame, collage, multiple panels, cartoon, illustration, CGI, 3d render, low-poly, painting, anime, surreal, deformed, duplicate objects, extra limbs, blurry, out of focus, noise, oversaturated, posterized, artifacts, jpeg artifacts"
8432,ship,small motorboat,seen from a distance,a wet roadway after rain,slightly off-center framing,golden hour,clean,a high-quality image,"a high-quality image of a small motorboat ship seen from a distance in a wet roadway after rain, slightly off-center framing, golden hour. single main subject, photorealistic color photo, natural colors, realistic texture, sharp focus on subject, no people, no text, no watermark, no logo, no border, no collage, no CGI, no illustration.","text, watermark, logo, caption, signature, border, frame, collage, multiple panels, cartoon, illustration, CGI, 3d render, low-poly, painting, anime, surreal, deformed, duplicate objects, extra limbs, blurry, out of focus, noise, oversaturated, posterized, artifacts, jpeg artifacts"
8907,ship,cargo ship,seen from a distance,a countryside road,low angle,foggy morning,hard,an ultra-realistic rendering,"an ultra-realistic rendering of a cargo ship seen from a distance in a countryside road, low angle, foggy morning. busy background but still one main subject. single main subject, photorealistic color photo, natural colors, realistic texture, sharp focus on subject, no people, no text, no watermark, no logo, no border, no collage, no CGI, no illustration.","text, watermark, logo, caption, signature, border, frame, collage, multiple panels, cartoon, illustration, CGI, 3d render, low-poly, painting, anime, surreal, deformed, duplicate objects, extra limbs, blurry, out of focus, noise, oversaturated, posterized, artifacts, jpeg artifacts"
8665,ship,cargo ship,docked,a quiet residential street,front view,backlit rim light,clean,a finely detailed photo,"a finely detailed photo of a cargo ship docked in a quiet residential street, front view, backlit rim light. single main subject, photorealistic color photo, natural colors, realistic texture, sharp focus on subject, no people, no text, no watermark, no logo, no border, no collage, no CGI, no illustration.","text, watermark, logo, caption, signature, border, frame, collage, multiple panels, cartoon, illustration, CGI, 3d render, low-poly, painting, anime, surreal, deformed, duplicate objects, extra limbs, blurry, out of focus, noise, oversaturated, posterized, artifacts, jpeg artifacts"
8334,ship,small motorboat,seen from a distance,a backyard,close-up,overcast daylight,clean,a finely detailed photo,"a finely detailed photo of a small motorboat ship seen from a distance in a backyard, close-up, overcast daylight. single main subject, photorealistic color photo, natural colors, realistic texture, sharp focus on subject, no people, no text, no watermark, no logo, no border, no collage, no CGI, no illustration.","text, watermark, logo, caption, signature, border, frame, collage, multiple panels, cartoon, illustration, CGI, 3d render, low-poly, painting, anime, surreal, deformed, duplicate objects, extra limbs, blurry, out of focus, noise, oversaturated, posterized, artifacts, jpeg artifacts"
8752,ship,cruise ship,moving through water,a forest clearing,side profile,backlit rim light,clean,a detailed photograph,"a detailed photograph of a cruise ship moving through water in a forest clearing, side profile, backlit rim light. single main subject, photorealistic color photo, natural colors, realistic texture, sharp focus on subject, no people, no text, no watermark, no logo, no border, no collage, no CGI, no illustration.","text, watermark, logo, caption, signature, border, frame, collage, multiple panels, cartoon, illustration, CGI, 3d render, low-poly, painting, anime, surreal, deformed, duplicate objects, extra limbs, blurry, out of focus, noise, oversaturated, posterized, artifacts, jpeg artifacts"
8237,ship,ferry,moving through water,a parking lot,high angle,nighttime under streetlights,clean,a detailed photograph,"a detailed photograph of a ferry ship moving through water in a parking lot, high angle, nighttime under streetlights. single main subject, photorealistic color photo, natural colors, realistic texture, sharp focus on subject, no people, no text, no watermark, no logo, no border, no collage, no CGI, no illustration.","text, watermark, logo, caption, signature, border, frame, collage, multiple panels, cartoon, illustration, CGI, 3d render, low-poly, painting, anime, surreal, deformed, duplicate objects, extra limbs, blurry, out of focus, noise, oversaturated, posterized, artifacts, jpeg artifacts"
8169,ship,sailboat,moving through water,a city park,close-up,sunny afternoon,clean,a detailed photograph,"a detailed photograph of a sailboat ship moving through water in a city park, close-up, sunny afternoon. single main subject, photorealistic color photo, natural colors, realistic texture, sharp focus on subject, no people, no text, no watermark, no logo, no border, no collage, no CGI, no illustration.","text, watermark, logo, caption, signature, border, frame, collage, multiple panels, cartoon, illustration, CGI, 3d render, low-poly, painting, anime, surreal, deformed, duplicate objects, extra limbs, blurry, out of focus, noise, oversaturated, posterized, artifacts, jpeg artifacts"
8557,ship,small motorboat,anchored,an urban street,3/4 view,nighttime under streetlights,clean,a professional photo,"a professional photo of a small motorboat ship anchored in an urban street, 3/4 view, nighttime under streetlights. single main subject, photorealistic color photo, natural colors, realistic texture, sharp focus on subject, no people, no text, no watermark, no logo, no border, no collage, no CGI, no illustration.","text, watermark, logo, caption, signature, border, frame, collage, multiple panels, cartoon, illustration, CGI, 3d render, low-poly, painting, anime, surreal, deformed, duplicate objects, extra limbs, blurry, out of focus, noise, oversaturated, posterized, artifacts, jpeg artifacts"
8547,ship,cruise ship,seen from a distance,a parking lot,slightly off-center framing,sunny afternoon,clean,a photorealistic color photo,"a photorealistic color photo of a cruise ship seen from a distance in a parking lot, slightly off-center framing, sunny afternoon. single main subject, photorealistic color photo, natural colors, realistic texture, sharp focus on subject, no people, no text, no watermark, no logo, no border, no collage, no CGI, no illustration.","text, watermark, logo, caption, signature, border, frame, collage, multiple panels, cartoon, illustration, CGI, 3d render, low-poly, painting, anime, surreal, deformed, duplicate objects, extra limbs, blurry, out of focus, noise, oversaturated, posterized, artifacts, jpeg artifacts"
8909,ship,small motorboat,moving through water,an urban street,low angle,indoor soft window light,hard,a detailed photograph,"a detailed photograph of a small motorboat ship moving through water in an urban street, low angle, indoor soft window light. in the distance. single main subject, photorealistic color photo, natural colors, realistic texture, sharp focus on subject, no people, no text, no watermark, no logo, no border, no collage, no CGI, no illustration.","text, watermark, logo, caption, signature, border, frame, collage, multiple panels, cartoon, illustration, CGI, 3d render, low-poly, painting, anime, surreal, deformed, duplicate objects, extra limbs, blurry, out of focus, noise, oversaturated, posterized, artifacts, jpeg artifacts"
8477,ship,sailboat,anchored,a parking lot,close-up,backlit rim light,clean,a finely detailed photo,"a finely detailed photo of a sailboat ship anchored in a parking lot, close-up, backlit rim light. single main subject, photorealistic color photo, natural colors, realistic texture, sharp focus on subject, no people, no text, no watermark, no logo, no border, no collage, no CGI, no illustration.","text, watermark, logo, caption, signature, border, frame, collage, multiple panels, cartoon, illustration, CGI, 3d render, low-poly, painting, anime, surreal, deformed, duplicate objects, extra limbs, blurry, out of focus, noise, oversaturated, posterized, artifacts, jpeg artifacts"
8306,ship,ferry,moving through water,a lakeside shore,front view,overcast daylight,clean,an ultra-realistic rendering,"an ultra-realistic rendering of a ferry ship moving through water in a lakeside shore, front view, overcast daylight. single main subject, photorealistic color photo, natural colors, realistic texture, sharp focus on subject, no people, no text, no watermark, no logo, no border, no collage, no CGI, no illustration.","text, watermark, logo, caption, signature, border, frame, collage, multiple panels, cartoon, illustration, CGI, 3d render, low-poly, painting, anime, surreal, deformed, duplicate objects, extra limbs, blurry, out of focus, noise, oversaturated, posterized, artifacts, jpeg artifacts"
8392,ship,fishing boat,seen from a distance,a gravel lot,high angle,rainy with wet reflections,clean,a detailed photograph,"a detailed photograph of a fishing boat ship seen from a distance in a gravel lot, high angle, rainy with wet reflections. single main subject, photorealistic color photo, natural colors, realistic texture, sharp focus on subject, no people, no text, no watermark, no logo, no border, no collage, no CGI, no illustration.","text, watermark, logo, caption, signature, border, frame, collage, multiple panels, cartoon, illustration, CGI, 3d render, low-poly, painting, anime, surreal, deformed, duplicate objects, extra limbs, blurry, out of focus, noise, oversaturated, posterized, artifacts, jpeg artifacts"
8783,ship,fishing boat,docked,a wet roadway after rain,front view,rainy with wet reflections,clean,a professional photo,"a professional photo of a fishing boat ship docked in a wet roadway after rain, front view, rainy with wet reflections. single main subject, photorealistic color photo, natural colors, realistic texture, sharp focus on subject, no people, no text, no watermark, no logo, no border, no collage, no CGI, no illustration.","text, watermark, logo, caption, signature, border, frame, collage, multiple panels, cartoon, illustration, CGI, 3d render, low-poly, painting, anime, surreal, deformed, duplicate objects, extra limbs, blurry, out of focus, noise, oversaturated, posterized, artifacts, jpeg artifacts"
8215,ship,ferry,moving through water,a backyard,high angle,nighttime under streetlights,clean,a photorealistic color photo,"a photorealistic color photo of a ferry ship moving through water in a backyard, high angle, nighttime under streetlights. single main subject, photorealistic color photo, natural colors, realistic texture, sharp focus on subject, no people, no text, no watermark, no logo, no border, no collage, no CGI, no illustration.","text, watermark, logo, caption, signature, border, frame, collage, multiple panels, cartoon, illustration, CGI, 3d render, low-poly, painting, anime, surreal, deformed, duplicate objects, extra limbs, blurry, out of focus, noise, oversaturated, posterized, artifacts, jpeg artifacts"
8565,ship,cruise ship,seen from a distance,a backyard,high angle,nighttime under streetlights,clean,a photorealistic color photo,"a photorealistic color photo of a cruise ship seen from a distance in a backyard, high angle, nighttime under streetlights. single main subject, photorealistic color photo, natural colors, realistic texture, sharp focus on subject, no people, no text, no watermark, no logo, no border, no collage, no CGI, no illustration.","text, watermark, logo, caption, signature, border, frame, collage, multiple panels, cartoon, illustration, CGI, 3d render, low-poly, painting, anime, surreal, deformed, duplicate objects, extra limbs, blurry, out of focus, noise, oversaturated, posterized, artifacts, jpeg artifacts"
8857,ship,ferry,moving through water,a countryside road,slightly off-center framing,rainy with wet reflections,hard,a high-quality image,"a high-quality image of a ferry ship moving through water in a countryside road, slightly off-center framing, rainy with wet reflections. slight motion blur. single main subject, photorealistic color photo, natural colors, realistic texture, sharp focus on subject, no people, no text, no watermark, no logo, no border, no collage, no CGI, no illustration.","text, watermark, logo, caption, signature, border, frame, collage, multiple panels, cartoon, illustration, CGI, 3d render, low-poly, painting, anime, surreal, deformed, duplicate objects, extra limbs, blurry, out of focus, noise, oversaturated, posterized, artifacts, jpeg artifacts"
8180,ship,fishing boat,anchored,a parking lot,side profile,overcast daylight,clean,a finely detailed photo,"a finely detailed photo of a fishing boat ship anchored in a parking lot, side profile, overcast daylight. single main subject, photorealistic color photo, natural colors, realistic texture, sharp focus on subject, no people, no text, no watermark, no logo, no border, no collage, no CGI, no illustration.","text, watermark, logo, caption, signature, border, frame, collage, multiple panels, cartoon, illustration, CGI, 3d render, low-poly, painting, anime, surreal, deformed, duplicate objects, extra limbs, blurry, out of focus, noise, oversaturated, posterized, artifacts, jpeg artifacts"
8893,ship,fishing boat,seen from a distance,a lakeside shore,low angle,backlit rim light,hard,an ultra-realistic rendering,"an ultra-realistic rendering of a fishing boat ship seen from a distance in a lakeside shore, low angle, backlit rim light. busy background but still one main subject. single main subject, photorealistic color photo, natural colors, realistic texture, sharp focus on subject, no people, no text, no watermark, no logo, no border, no collage, no CGI, no illustration.","text, watermark, logo, caption, signature, border, frame, collage, multiple panels, cartoon, illustration, CGI, 3d render, low-poly, painting, anime, surreal, deformed, duplicate objects, extra limbs, blurry, out of focus, noise, oversaturated, posterized, artifacts, jpeg artifacts"
8861,ship,cargo ship,seen from a distance,an urban street,front view,overcast daylight,hard,an ultra-realistic rendering,"an ultra-realistic rendering of a cargo ship seen from a distance in an urban street, front view, overcast daylight. partially occluded by a foreground object. single main subject, photorealistic color photo, natural colors, realistic texture, sharp focus on subject, no people, no text, no watermark, no logo, no border, no collage, no CGI, no illustration.","text, watermark, logo, caption, signature, border, frame, collage, multiple panels, cartoon, illustration, CGI, 3d render, low-poly, painting, anime, surreal, deformed, duplicate objects, extra limbs, blurry, out of focus, noise, oversaturated, posterized, artifacts, jpeg artifacts"
8791,ship,fishing boat,docked,an urban street,3/4 view,overcast daylight,clean,a detailed photograph,"a detailed photograph of a fishing boat ship docked in an urban street, 3/4 view, overcast daylight. single main subject, photorealistic color photo, natural colors, realistic texture, sharp focus on subject, no people, no text, no watermark, no logo, no border, no collage, no CGI, no illustration.","text, watermark, logo, caption, signature, border, frame, collage, multiple panels, cartoon, illustration, CGI, 3d render, low-poly, painting, anime, surreal, deformed, duplicate objects, extra limbs, blurry, out of focus, noise, oversaturated, posterized, artifacts, jpeg artifacts"
8934,ship,sailboat,anchored,a countryside road,side profile,rainy with wet reflections,hard,a detailed photograph,"a detailed photograph of a sailboat ship anchored in a countryside road, side profile, rainy with wet reflections. in the distance. single main subject, photorealistic color photo, natural colors, realistic texture, sharp focus on subject, no people, no text, no watermark, no logo, no border, no collage, no CGI, no illustration.","text, watermark, logo, caption, signature, border, frame, collage, multiple panels, cartoon, illustration, CGI, 3d render, low-poly, painting, anime, surreal, deformed, duplicate objects, extra limbs, blurry, out of focus, noise, oversaturated, posterized, artifacts, jpeg artifacts"
8010,ship,cruise ship,anchored,a city park,3/4 view,rainy with wet reflections,clean,a professional photo,"a professional photo of a cruise ship anchored in a city park, 3/4 view, rainy with wet reflections. single main subject, photorealistic color photo, natural colors, realistic texture, sharp focus on subject, no people, no text, no watermark, no logo, no border, no collage, no CGI, no illustration.","text, watermark, logo, caption, signature, border, frame, collage, multiple panels, cartoon, illustration, CGI, 3d render, low-poly, painting, anime, surreal, deformed, duplicate objects, extra limbs, blurry, out of focus, noise, oversaturated, posterized, artifacts, jpeg artifacts"
8089,ship,ferry,anchored,a quiet residential street,high angle,nighttime under streetlights,clean,a finely detailed photo,"a finely detailed photo of a ferry ship anchored in a quiet residential street, high angle, nighttime under streetlights. single main subject, photorealistic color photo, natural colors, realistic texture, sharp focus on subject, no people, no text, no watermark, no logo, no border, no collage, no CGI, no illustration.","text, watermark, logo, caption, signature, border, frame, collage, multiple panels, cartoon, illustration, CGI, 3d render, low-poly, painting, anime, surreal, deformed, duplicate objects, extra limbs, blurry, out of focus, noise, oversaturated, posterized, artifacts, jpeg artifacts"
8678,ship,ferry,seen from a distance,a sandy beach,close-up,golden hour,clean,a high-quality image,"a high-quality image of a ferry ship seen from a distance in a sandy beach, close-up, golden hour. single main subject, photorealistic color photo, natural colors, realistic texture, sharp focus on subject, no people, no text, no watermark, no logo, no border, no collage, no CGI, no illustration.","text, watermark, logo, caption, signature, border, frame, collage, multiple panels, cartoon, illustration, CGI, 3d render, low-poly, painting, anime, surreal, deformed, duplicate objects, extra limbs, blurry, out of focus, noise, oversaturated, posterized, artifacts, jpeg artifacts"
