id,class_label,instance,action,scene,view,lighting,tier,prompt_opener,prompt,negative_prompt
9702,truck,pickup truck,pickup truck,a parking lot,high angle,foggy morning,clean,a finely detailed photo,"a finely detailed photo of a pickup truck pickup truck in a parking lot, high angle, foggy morning. single main subject, photorealistic color photo, natural colors, realistic texture, sharp focus on subject, no people, no text, no watermark, no logo, no border, no collage, no CGI, no illustration.","text, watermark, logo, caption, signature, border, frame, collage, multiple panels, cartoon, illustration, CGI, 3d render, low-poly, painting, anime, surreal, deformed, duplicate objects, extra limbs, blurry, out of focus, noise, oversaturated, posterized, artifacts, jpeg artifacts"
9441,truck,pickup truck,pickup truck,a forest clearing,wide shot,nighttime under streetlights,clean,a high-quality image,"a high-quality image of a pickup truck pickup truck in a forest clearing, wide shot, nighttime under streetlights. single main subject, photorealistic color photo, natural colors, realistic texture, sharp focus on subject, no people, no text, no watermark, no logo, no border, no collage, no CGI, no illustration.","text, watermark, logo, caption, signature, border, frame, collage, multiple panels, cartoon, illustration, CGI, 3d render, low-poly, painting, anime, surreal, deformed, duplicate objects, extra limbs, blurry, out of focus, noise, oversaturated, posterized, artifacts, jpeg artifacts"
9824,truck,semi truck,dump truck,a suburban neighborhood,slightly off-center framing,sunny afternoon,hard,a professional photo,"a professional photo of a semi truck dump truck in a suburban neighborhood, slightly off-center framing, sunny afternoon. in the distance. single main subject, photorealistic color photo, natural colors, realistic texture, sharp focus on subject, no people, no text, no watermark, no logo, no border, no collage, no CGI, no illustration.","text, watermark, logo, caption, signature, border, frame, collage, multiple panels, cartoon, illustration, CGI, 3d render, low-poly, painting, anime, surreal, deformed, duplicate objects, extra limbs, blurry, out of focus, noise, oversaturated, posterized, artifacts, jpeg artifacts"
9315,truck,pickup truck,delivery truck,a suburban neighborhood,high angle,rainy with wet reflections,clean,a photorealistic color photo,"a photorealistic color photo of a pickup truck delivery truck in a suburban neighborhood, high angle, rainy with wet reflections. single main subject, photorealistic color photo, natural colors, realistic texture, sharp focus on subject, no people, no text, no watermark, no logo, no border, no collage, no CGI, no illustration.","text, watermark, logo, caption, signature, border, frame, collage, multiple panels, cartoon, illustration, CGI, 3d render, low-poly, painting, anime, surreal, deformed, duplicate objects, extra limbs, blurry, out of focus, noise, oversaturated, posterized, artifacts, jpeg artifacts"
9783,truck,semi truck,utility truck,a grassy field,low angle,rainy with wet reflections,clean,a photorealistic color photo,"a photorealistic color photo of a semi truck utility truck in a grassy field, low angle, rainy with wet reflections. single main subject, photorealistic color photo, natural colors, realistic texture, sharp focus on subject, no people, no text, no watermark, no logo, no border, no collage, no CGI, no illustration.","text, watermark, logo, caption, signature, border, frame, collage, multiple panels, cartoon, illustration, CGI, 3d render, low-poly, painting, anime, surreal, deformed, duplicate objects, extra limbs, blurry, out of focus, noise, oversaturated, posterized, artifacts, jpeg artifacts"
9892,truck,box truck,dump truck,a lakeside shore,cropped at the edge of the frame,rainy with wet reflections,hard,an ultra-realistic rendering,"an ultra-realistic rendering of a box truck dump truck in a lakeside shore, cropped at the edge of the frame, rainy with wet reflections. cropped slightly. single main subject, photorealistic color photo, natural colors, realistic texture, sharp focus on subject, no people, no text, no watermark, no logo, no border, no collage, no CGI, no illustration.","text, watermark, logo, caption, signature, border, frame, collage, multiple panels, cartoon, illustration, CGI, 3d render, low-poly, painting, anime, surreal, deformed, duplicate objects, extra limbs, blurry, out of focus, noise, oversaturated, posterized, artifacts, jpeg artifacts"
9689,truck,semi truck,dump truck,a wet roadway after rain,low angle,foggy morning,clean,a finely detailed photo,"a finely detailed photo of a semi truck dump truck in a wet roadway after rain, low angle, foggy morning. single main subject, photorealistic color photo, natural colors, realistic texture, sharp focus on subject, no people, no text, no watermark, no logo, no border, no collage, no CGI, no illustration.","text, watermark, logo, caption, signature, border, frame, collage, multiple panels, cartoon, illustration, CGI, 3d render, low-poly, painting, anime, surreal, deformed, duplicate objects, extra limbs, blurry, out of focus, noise, oversaturated, posterized, artifacts, jpeg artifacts"
9592,truck,box truck,box truck,a wet roadway after rain,side profile,indoor soft window light,clean,a detailed photograph,"a detailed photograph of a box truck box truck in a wet roadway after rain, side profile, indoor soft window light. single main subject, photorealistic color photo, natural colors, realistic texture, sharp focus on subject, no people, no text, no watermark, no logo, no border, no collage, no CGI, no illustration.","text, watermark, logo, caption, signature, border, frame, collage, multiple panels, cartoon, illustration, CGI, 3d render, low-poly, painting, anime, surreal, deformed, duplicate objects, extra limbs, blurry, out of focus, noise, oversaturated, posterized, artifacts, jpeg artifacts"
9171,truck,box truck,box truck,a wet roadway after rain,high angle,rainy with wet reflections,clean,an ultra-realistic rendering,"an ultra-realistic rendering of a box truck box truck in a wet roadway after rain, high angle, rainy with wet reflections. single main subject, photorealistic color photo, natural colors, realistic texture, sharp focus on subject, no people, no text, no watermark, no logo, no border, no collage, no CGI, no illustration.","text, watermark, logo, caption, signature, border, frame, collage, multiple panels, cartoon, illustration, CGI, 3d render, low-poly, painting, anime, surreal, deformed, duplicate objects, extra limbs, blurry, out of focus, noise, oversaturated, posterized, artifacts, jpeg artifacts"
9643,truck,semi truck,dump truck,a parking lot,close-up,foggy morning,clean,a finely detailed photo,"a finely detailed photo of a semi truck dump truck in a parking lot, close-up, foggy morning. single main subject, photorealistic color photo, natural colors, realistic texture, sharp focus on subject, no people, no text, no watermark, no logo, no border, no collage, no CGI, no illustration.","text, watermark, logo, caption, signature, border, frame, collage, multiple panels, cartoon, illustration, CGI, 3d render, low-poly, painting, anime, surreal, deformed, duplicate objects, extra limbs, blurry, out of focus, noise, oversaturated, posterized, artifacts, jpeg artifacts"
9117,truck,utility truck,box truck,a countryside road,wide shot,foggy morning,clean,a detailed photograph,"a detailed photograph of a utility truck box truck in a countryside road, wide shot, foggy morning. single main subject, photorealistic color photo, natural colors, realistic texture, sharp focus on subject, no people, no text, no watermark, no logo, no border, no collage, no CGI, no illustration.","text, watermark, logo, caption, signature, border, frame, collage, multiple panels, cartoon, illustration, CGI, 3d render, low-poly, painting, anime, surreal, deformed, duplicate objects, extra limbs, blurry, out of focus, noise, oversaturated, posterized, artifacts, jpeg artifacts"
9079,truck,box truck,dump truck,an industrial yard,front view,indoor soft window light,clean,an ultra-realistic rendering,"an ultra-realistic rendering of a box truck dump truck in an industrial yard, front view, indoor soft window light. single main subject, photorealistic color photo, natural colors, realistic texture, sharp focus on subject, no people, no text, no watermark, no logo, no border, no collage, no CGI, no illustration.","text, watermark, logo, caption, signature, border, frame, collage, multiple panels, cartoon, illustration, CGI, 3d render, low-poly, painting, anime, surreal, deformed, duplicate objects, extra limbs, blurry, out of focus, noise, oversaturated, posterized, artifacts, jpeg artifacts"
9076,truck,box truck,utility truck,a wet roadway after rain,front view,rainy with wet reflections,clean,an ultra-realistic rendering,"an ultra-realistic rendering of a box truck utility truck in a wet roadway after rain, front view, rainy with wet reflections. single main subject, photorealistic color photo, natural colors, realistic texture, sharp focus on subject, no people, no text, no watermark, no logo, no border, no collage, no CGI, no illustration.","text, watermark, logo, caption, signature, border, frame, collage, multiple panels, cartoon, illustration, CGI, 3d render, low-poly, painting, anime, surreal, deformed, duplicate objects, extra limbs, blurry, out of focus, noise, oversaturated, posterized, artifacts, jpeg artifacts"
9059,truck,pickup truck,utility truck,an industrial yard,side profile,indoor soft window light,clean,a photorealistic color photo,"a photorealistic color photo of a pickup truck utility truck in an industrial yard, side profile, indoor soft window light. single main subject, photorealistic color photo, natural colors, realistic texture, sharp focus on subject, no people, no text, no watermark, no logo, no border, no collage, no CGI, no illustration.","text, watermark, logo, caption, signature, border, frame, collage, multiple panels, cartoon, illustration, CGI, 3d render, low-poly, painting, anime, surreal, deformed, duplicate objects, extra limbs, blurry, out of focus, noise, oversaturated, posterized, artifacts, jpeg artifacts"
9358,truck,pickup truck,semi truck,a wet roadway after rain,side profile,nighttime under streetlights,clean,a detailed photograph,"a detailed photograph of a pickup truck semi truck in a wet roadway after rain, side profile, nighttime under streetlights. single main subject, photorealistic color photo, natural colors, realistic texture, sharp focus on subject, no people, no text, no watermark, no logo, no border, no collage, no CGI, no illustration.","text, watermark, logo, caption, signature, border, frame, collage, multiple panels, cartoon, illustration, CGI, 3d render, low-poly, painting, anime, surreal, deformed, duplicate objects, extra limbs, blurry, out of focus, noise, oversaturated, posterized, artifacts, jpeg artifacts"
9571,truck,box truck,pickup truck,a wet roadway after rain,high angle,backlit rim light,clean,a detailed photograph,"a detailed photograph of a box truck pickup truck in a wet roadway after rain, high angle, backlit rim light. single main subject, photorealistic color photo, natural colors, realistic texture, sharp focus on subject, no people, no text, no watermark, no logo, no border, no collage, no CGI, no illustration.","text, watermark, logo, caption, signature, border, frame, collage, multiple panels, cartoon, illustration, CGI, 3d render, low-poly, painting, anime, surreal, deformed, duplicate objects, extra limbs, blurry, out of focus, noise, oversaturated, posterized, artifacts, jpeg artifacts"
9321,truck,box truck,dump truck,a parking lot,high angle,backlit rim light,clean,a finely detailed photo,"a finely detailed photo of a box truck dump truck in a parking lot, high angle, backlit rim light. single main subject, photorealistic color photo, natural colors, realistic texture, sharp focus on subject, no people, no text, no watermark, no logo, no border, no collage, no CGI, no illustration.","text, watermark, logo, caption, signature, border, frame, collage, multiple panels, cartoon, illustration, CGI, 3d render, low-poly, painting, anime, surreal, deformed, duplicate objects, extra limbs, blurry, out of focus, noise, oversaturated, posterized, artifacts, jpeg artifacts"
9214,truck,pickup truck,box truck,a forest clearing,high angle,golden hour,clean,a high-quality image,"a high-quality image of a pickup truck box truck in a forest clearing, high angle, golden hour. single main subject, photorealistic color photo, natural colors, realistic texture, sharp focus on subject, no people, no text, no watermark, no logo, no border, no collage, no CGI, no illustration.","text, watermark, logo, caption, signature, border, frame, collage, multiple panels, cartoon, illustration, CGI, 3d render, low-poly, painting, anime, surreal, deformed, duplicate objects, extra limbs, blurry, out of focus, noise, oversaturated, posterized, artifacts, jpeg artifacts"
9101,truck,delivery truck,box truck,a countryside road,high angle,backlit rim light,clean,a finely detailed photo,"a finely detailed photo of a delivery truck box truck in a countryside road, high angle, backlit rim light. single main subject, photorealistic color photo, natural colors, realistic texture, sharp focus on subject, no people, no text, no watermark, no logo, no border, no collage, no CGI, no illustration.","text, watermark, logo, caption, signature, border, frame, collage, multiple panels, cartoon, illustration, CGI, 3d render, low-poly, painting, anime, surreal, deformed, duplicate objects, extra limbs, blurry, out of focus, noise, oversaturated, posterized, artifacts, jpeg artifacts"
9043,truck,box truck,dump truck,a countryside road,side profile,golden hour,clean,a professional photo,"a professional photo of a box truck dump truck in a countryside road, side profile, golden hour. single main subject, photorealistic color photo, natural colors, realistic texture, sharp focus on subject, no people, no text, no watermark, no logo, no border, no collage, no CGI, no illustration.","text, watermark, logo, caption, signature, border, frame, collage, multiple panels, cartoon, illustration, CGI, 3d render, low-poly, painting, anime, surreal, deformed, duplicate objects, extra limbs, blurry, out of focus, noise, oversaturated, posterized, artifacts, jpeg artifacts"
9609,truck,semi truck,utility truck,a gravel lot,close-up,indoor soft window light,clean,an ultra-realistic rendering,"an ultra-realistic rendering of a semi truck utility truck in a gravel lot, close-up, indoor soft window light. single main subject, photorealistic color photo, natural colors, realistic texture, sharp focus on subject, no people, no text, no watermark, no logo, no border, no collage, no CGI, no illustration.","text, watermark, logo, caption, signature, border, frame, collage, multiple panels, cartoon, illustration, CGI, 3d render, low-poly, painting, anime, surreal, deformed, duplicate objects, extra limbs, blurry, out of focus, noise, oversaturated, posterized, artifacts, jpeg artifacts"
9513,truck,box truck,pickup truck,an industrial yard,wide shot,indoor soft window light,clean,a detailed photograph,"a detailed photograph of a box truck pickup truck in an industrial yard, wide shot, indoor soft window light. single main subject, photorealistic color photo, natural colors, realistic texture, sharp focus on subject, no people, no text, no watermark, no logo, no border, no collage, no CGI, no illustration.","text, watermark, logo, caption, signature, border, frame, collage, multiple panels, cartoon, illustration, CGI, 3d render, low-poly, painting, anime, surreal, deformed, duplicate objects, extra limbs, blurry, out of focus, noise, oversaturated, posterized, artifacts, jpeg artifacts"
9104,truck,box truck,pickup truck,a countryside road,high angle,sunny afternoon,clean,a high-quality image,"a high-quality image of a box truck pickup truck in a countryside road, high angle, sunny afternoon. single main subject, photorealistic color photo, natural colors, realistic texture, sharp focus on subject, no people, no text, no watermark, no logo, no border, no collage, no CGI, no illustration.","text, watermark, logo, caption, signature, border, frame, collage, multiple panels, cartoon, illustration, CGI, 3d render, low-poly, painting, anime, surreal, deformed, duplicate objects, extra limbs, blurry, out of focus, noise, oversaturated, posterized, artifacts, jpeg artifacts"
9919,truck,box truck,utility truck,a city park,high angle,sunny afternoon,hard,a high-quality image,"a high-quality image of a box truck utility truck in a city park, high angle, sunny afternoon. cropped slightly. single main subject, photorealistic color photo, natural colors, realistic texture, sharp focus on subject, no people, no text, no watermark, no logo, no border, no collage, no CGI, no illustration.","text, watermark, logo, caption, signature, border, frame, collage, multiple panels, cartoon, illustration, CGI, 3d render, low-poly, painting, anime, surreal, deformed, duplicate objects, extra limbs, blurry, out of focus, noise, oversaturated, posterized, artifacts, jpeg artifacts"
9505,truck,dump truck,box truck,an industrial yard,front view,rainy with wet reflections,clean,a detailed photograph,"a detailed photograph of a dump truck box truck in an industrial yard, front view, rainy with wet reflections. single main subject, photorealistic color photo, natural colors, realistic texture, sharp focus on subject, no people, no text, no watermark, no logo, no border, no collage, no CGI, no illustration.","text, watermark, logo, caption, signature, border, frame, collage, multiple panels, cartoon, illustration, CGI, 3d render, low-poly, painting, anime, surreal, deformed, duplicate objects, extra limbs, blurry, out of focus, noise, oversaturated, posterized, artifacts, jpeg artifacts"
9448,truck,dump truck,pickup truck,a lakeside shore,low angle,nighttime under streetlights,clean,a high-quality image,"a high-quality image of a dump truck pickup truck in a lakeside shore, low angle, nighttime under streetlights. single main subject, photorealistic color photo, natural colors, realistic texture, sharp focus on subject, no people, no text, no watermark, no logo, no border, no collage, no CGI, no illustration.","text, watermark, logo, caption, signature, border, frame, collage, multiple panels, cartoon, illustration, CGI, 3d render, low-poly, painting, anime, surreal, deformed, duplicate objects, extra limbs, blurry, out of focus, noise, oversaturated, posterized, artifacts, jpeg artifacts"
9799,truck,delivery truck,pickup truck,a forest clearing,side profile,overcast daylight,clean,a detailed photograph,"a detailed photograph of a delivery truck pickup truck in a forest clearing, side profile, overcast daylight. single main subject, photorealistic color photo, natural colors, realistic texture, sharp focus on subject, no people, no text, no watermark, no logo, no border, no collage, no CGI, no illustration.","text, watermark, logo, caption, signature, border, frame, collage, multiple panels, cartoon, illustration, CGI, 3d render, low-poly, painting, anime, surreal, deformed, duplicate objects, extra limbs, blurry, out of focus, noise, oversaturated, posterized, artifacts, jpeg artifacts"
9168,truck,box truck,semi truck,a forest clearing,3/4 view,foggy morning,clean,a finely detailed photo,"a finely detailed photo of a box truck semi truck in a forest clearing, 3/4 view, foggy morning. single main subject, photorealistic color photo, natural colors, realistic texture, sharp focus on subject, no people, no text, no watermark, no logo, no border, no collage, no CGI, no illustration.","text, watermark, logo, caption, signature, border, frame, collage, multiple panels, cartoon, illustration, CGI, 3d render, low-poly, painting, anime, surreal, deformed, duplicate objects, extra limbs, blurry, out of focus, noise, oversaturated, posterized, artifacts, jpeg artifacts"
9922,truck,utility truck,delivery truck,a gravel lot,slightly off-center framing,overcast daylight,hard,a detailed photograph,"a detailed photograph of a utility truck delivery truck in a gravel lot, slightly off-center framing, overcast daylight. partially occluded by a foreground object. single main subject, photorealistic color photo, natural colors, realistic texture, sharp focus on subject, no people, no text, no watermark, no logo, no border, no collage, no CGI, no illustration.","text, watermark, logo, caption, signature, border, frame, collage, multiple panels, cartoon, illustration, CGI, 3d render, low-poly, painting, anime, surreal, deformed, duplicate objects, extra limbs, blurry, out of focus, noise, oversaturated, posterized, artifacts, jpeg artifacts"
9828,truck,dump truck,dump truck,a parking lot,slightly off-center framing,golden hour,hard,a detailed photograph,"a detailed photograph of a dump truck dump truck in a parking lot, slightly off-center framing, golden hour. busy background but still one main subject. single main subject, photorealistic color photo, natural colors, realistic texture, sharp focus on subject, no people, no text, no watermark, no logo, no border, no collage, no CGI, no illustration.","text, watermark, logo, caption, signature, border, frame, collage, multiple panels, cartoon, illustration, CGI, 3d render, low-poly, painting, anime, surreal, deformed, duplicate objects, extra limbs, blurry, out of focus, noise, oversaturated, posterized, artifacts, jpeg artifacts"
9730,truck,semi truck,box truck,a city park,front view,nighttime under streetlights,clean,a detailed photograph,"a detailed photograph of a semi truck box truck in a city park, front view, nighttime under streetlights. single main subject, photorealistic color photo, natural colors, realistic texture, sharp focus on subject, no people, no text, no watermark, no logo, no border, no collage, no CGI, no illustration.","text, watermark, logo, caption, signature, border, frame, collage, multiple panels, cartoon, illustration, CGI, 3d render, low-poly, painting, anime, surreal, deformed, duplicate objects, extra limbs, blurry, out of focus, noise, oversaturated, posterized, artifacts, jpeg artifacts"
9226,truck,dump truck,delivery truck,a forest clearing,close-up,golden hour,clean,a high-quality image,"a high-quality image of a dump truck delivery truck in a forest clearing, close-up, golden hour. single main subject, photorealistic color photo, natural colors, realistic texture, sharp focus on subject, no people, no text, no watermark, no logo, no border, no collage, no CGI, no illustration.","text, watermark, logo, caption, signature, border, frame, collage, multiple panels, cartoon, illustration, CGI, 3d render, low-poly, painting, anime, surreal, deformed, duplicate objects, extra limbs, blurry, out of focus, noise, oversaturated, posterized, artifacts, jpeg artifacts"
9030,truck,pickup truck,pickup truck,a gravel lot,side profile,indoor soft window light,clean,a finely detailed photo,"a finely detailed photo of a pickup truck pickup truck in a gravel lot, side profile, indoor soft window light. single main subject, photorealistic color photo, natural colors, realistic texture, sharp focus on subject, no people, no text, no watermark, no logo, no border, no collage, no CGI, no illustration.","text, watermark, logo, caption, signature, border, frame, collage, multiple panels, cartoon, illustration, CGI, 3d render, low-poly, painting, anime, surreal, deformed, duplicate objects, extra limbs, blurry, out of focus, noise, oversaturated, posterized, artifacts, jpeg artifacts"
9782,truck,utility truck,utility truck,a grassy field,side profile,backlit rim light,clean,a finely detailed photo,"a finely detailed photo of a utility truck utility truck in a grassy field, side profile, backlit rim light. single main subject, photorealistic color photo, natural colors, realistic texture, sharp focus on subject, no people, no text, no watermark, no logo, no border, no collage, no CGI, no illustration.","text, watermark, logo, caption, signature, border, frame, collage, multiple panels, cartoon, illustration, CGI, 3d render, low-poly, painting, anime, surreal, deformed, duplicate objects, extra limbs, blurry, out of focus, noise, oversaturated, posterized, artifacts, jpeg artifacts"
9868,truck,box truck,delivery truck,an urban street,distant subject in the background,nighttime under streetlights,hard,an ultra-realistic rendering,"an ultra-realistic rendering of a box truck delivery truck in an urban street, distant subject in the background, nighttime under streetlights. partially occluded by a foreground object. single main subject, photorealistic color photo, natural colors, realistic texture, sharp focus on subject, no people, no text, no watermark, no logo, no border, no collage, no CGI, no illustration.","text, watermark, logo, caption, signature, border, frame, collage, multiple panels, cartoon, illustration, CGI, 3d render, low-poly, painting, anime, surreal, deformed, duplicate objects, extra limbs, blurry, out of focus, noise, oversaturated, posterized, artifacts, jpeg artifacts"
9861,truck,box truck,pickup truck,a sandy beach,slightly off-center framing,nighttime under streetlights,hard,a finely detailed photo,"a finely detailed photo of a box truck pickup truck in a sandy beach, slightly off-center framing, nighttime under streetlights. busy background but still one main subject. single main subject, photorealistic color photo, natural colors, realistic texture, sharp focus on subject, no people, no text, no watermark, no logo, no border, no collage, no CGI, no illustration.","text, watermark, logo, caption, signature, border, frame, collage, multiple panels, cartoon, illustration, CGI, 3d render, low-poly, painting, anime, surreal, deformed, duplicate objects, extra limbs, blurry, out of focus, noise, oversaturated, posterized, artifacts, jpeg artifacts"
9844,truck,box truck,dump truck,a parking lot,side profile,foggy morning,hard,a photorealistic color photo,"a photorealistic color photo of a box truck dump truck in a parking lot, side profile, foggy morning. cropped slightly. single main subject, photorealistic color photo, natural colors, realistic texture, sharp focus on subject, no people, no text, no watermark, no logo, no border, no collage, no CGI, no illustration.","text, watermark, logo, caption, signature, border, frame, collage, multiple panels, cartoon, illustration, CGI, 3d render, low-poly, painting, anime, surreal, deformed, duplicate objects, extra limbs, blurry, out of focus, noise, oversaturated, posterized, artifacts, jpeg artifacts"
9244,truck,utility truck,dump truck,a wet roadway after rain,slightly off-center framing,backlit rim light,clean,a photorealistic color photo,"a photorealistic color photo of a utility truck dump truck in a wet roadway after rain, slightly off-center framing, backlit rim light. single main subject, photorealistic color photo, natural colors, realistic texture, sharp focus on subject, no people, no text, no watermark, no logo, no border, no collage, no CGI, no illustration.","text, watermark, logo, caption, signature, border, frame, collage, multiple panels, cartoon, illustration, CGI, 3d render, low-poly, painting, anime, surreal, deformed, duplicate objects, extra limbs, blurry, out of focus, noise, oversaturated, posterized, artifacts, jpeg artifacts"
9457,truck,box truck,delivery truck,a city park,low angle,sunny afternoon,clean,a professional photo,"a professional photo of a box truck delivery truck in a city park, low angle, sunny afternoon. single main subject, photorealistic color photo, natural colors, realistic texture, sharp focus on subject, no people, no text, no watermark, no logo, no border, no collage, no CGI, no illustration.","text, watermark, logo, caption, signature, border, frame, collage, multiple panels, cartoon, illustration, CGI, 3d render, low-poly, painting, anime, surreal, deformed, duplicate objects, extra limbs, blurry, out of focus, noise, oversaturated, posterized, artifacts, jpeg artifacts"
9276,truck,delivery truck,semi truck,a backyard,slightly off-center framing,foggy morning,clean,a photorealistic color photo,"a photorealistic color photo of a delivery truck semi truck in a backyard, slightly off-center framing, foggy morning. single main subject, photorealistic color photo, natural colors, realistic texture, sharp focus on subject, no people, no text, no watermark, no logo, no border, no collage, no CGI, no illustration.","text, watermark, logo, caption, signature, border, frame, collage, multiple panels, cartoon, illustration, CGI, 3d render, low-poly, painting, anime, surreal, deformed, duplicate objects, extra limbs, blurry, out of focus, noise, oversaturated, posterized, artifacts, jpeg artifacts"
9160,truck,dump truck,dump truck,a countryside road,front view,backlit rim light,clean,a finely detailed photo,"a finely detailed photo of a dump truck dump truck in a countryside road, front view, backlit rim light. single main subject, photorealistic color photo, natural colors, realistic texture, sharp focus on subject, no people, no text, no watermark, no logo, no border, no collage, no CGI, no illustration.","text, watermark, logo, caption, signature, border, frame, collage, multiple panels, cartoon, illustration, CGI, 3d render, low-poly, painting, anime, surreal, deformed, duplicate objects, extra limbs, blurry, out of focus, noise, oversaturated, posterized, artifacts, jpeg artifacts"
9191,truck,dump truck,box truck,a parking lot,3/4 view,overcast daylight,clean,an ultra-realistic rendering,"an ultra-realistic rendering of a dump truck box truck in a parking lot, 3/4 view, overcast daylight. single main subject, photorealistic color photo, natural colors, realistic texture, sharp focus on subject, no people, no text, no watermark, no logo, no border, no collage, no CGI, no illustration.","text, watermark, logo, caption, signature, border, frame, collage, multiple panels, cartoon, illustration, CGI, 3d render, low-poly, painting, anime, surreal, deformed, duplicate objects, extra limbs, blurry, out of focus, noise, oversaturated, posterized, artifacts, jpeg artifacts"
9218,truck,box truck,semi truck,an industrial yard,low angle,golden hour,clean,a high-quality image,"a high-quality image of a box truck semi truck in an industrial yard, low angle, golden hour. single main subject, photorealistic color photo, natural colors, realistic texture, sharp focus on subject, no people, no text, no watermark, no logo, no border, no collage, no CGI, no illustration.","text, watermark, logo, caption, signature, border, frame, collage, multiple panels, cartoon, illustration, CGI, 3d render, low-poly, painting, anime, surreal, deformed, duplicate objects, extra limbs, blurry, out of focus, noise, oversaturated, posterized, artifacts, jpeg artifacts"
9852,truck,dump truck,dump truck,an urban street,slightly off-center framing,foggy morning,hard,a detailed photograph,"a detailed photograph of a dump truck dump truck in an urban street, slightly off-center framing, foggy morning. partially occluded by a foreground object. single main subject, photorealistic color photo, natural colors, realistic texture, sharp focus on subject, no people, no text, no watermark, no logo, no border, no collage, no CGI, no illustration.","text, watermark, logo, caption, signature, border, frame, collage, multiple panels, cartoon, illustration, CGI, 3d render, low-poly, painting, anime, surreal, deformed, duplicate objects, extra limbs, blurry, out of focus, noise, oversaturated, posterized, artifacts, jpeg artifacts"
9678,truck,dump truck,semi truck,a forest clearing,close-up,backlit rim light,clean,a high-quality image,"a high-quality image of a dump truck semi truck in a forest clearing, close-up, backlit rim light. single main subject, photorealistic color photo, natural colors, realistic texture, sharp focus on subject, no people, no text, no watermark, no logo, no border, no collage, no CGI, no illustration.","text, watermark, logo, caption, signature, border, frame, collage, multiple panels, cartoon, illustration, CGI, 3d render, low-poly, painting, anime, surreal, deformed, duplicate objects, extra limbs, blurry, out of focus, noise, oversaturated, posterized, artifacts, jpeg artifacts"
9903,truck,box truck,dump truck,a lakeside shore,slightly off-center framing,rainy with wet reflections,hard,a photorealistic color photo,"a photorealistic color photo of a box truck dump truck in a lakeside shore, slightly off-center framing, rainy with wet reflections. busy background but still one main subject. single main subject, photorealistic color photo, natural colors, realistic texture, sharp focus on subject, no people, no text, no watermark, no logo, no border, no collage, no CGI, no illustration.","text, watermark, logo, caption, signature, border, frame, collage, multiple panels, cartoon, illustration, CGI, 3d render, low-poly, painting, anime, surreal, deformed, duplicate objects, extra limbs, blurry, out of focus, noise, oversaturated, posterized, artifacts, jpeg artifacts"
9192,truck,box truck,pickup truck,a forest clearing,slightly off-center framing,overcast daylight,clean,a professional photo,"a professional photo of a box truck pickup truck in a forest clearing, slightly off-center framing, overcast daylight. single main subject, photorealistic color photo, natural colors, realistic texture, sharp focus on subject, no people, no text, no watermark, no logo, no border, no collage, no CGI, no illustration.","text, watermark, logo, caption, signature, border, frame, collage, multiple panels, cartoon, illustration, CGI, 3d render, low-poly, painting, anime, surreal, deformed, duplicate objects, extra limbs, blurry, out of focus, noise, oversaturated, posterized, artifacts, jpeg artifacts"
9096,truck,box truck,box truck,a city park,slightly off-center framing,foggy morning,clean,a detailed photograph,"a detailed photograph of a box truck box truck in a city park, slightly off-center framing, foggy morning. single main subject, photorealistic color photo, natural colors, realistic texture, sharp focus on subject, no people, no text, no watermark, no logo, no border, no collage, no CGI, no illustration.","text, watermark, logo, caption, signature, border, frame, collage, multiple panels, cartoon, illustration, CGI, 3d render, low-poly, painting, anime, surreal, deformed, duplicate objects, extra limbs, blurry, out of focus, noise, oversaturated, posterized, artifacts, jpeg artifacts"
9975,truck,box truck,box truck,a suburban neighborhood,3/4 view,sunny afternoon,hard,an ultra-realistic rendering,"an ultra-realistic rendering of a box truck box truck in a suburban neighborhood, 3/4 view, sunny afternoon. busy background but still one main subject. single main subject, photorealistic color photo, natural colors, realistic texture, sharp focus on subject, no people, no text, no watermark, no logo, no border, no collage, no CGI, no illustration.","text, watermark, logo, caption, signature, border, frame, collage, multiple panels, cartoon, illustration, CGI, 3d render, low-poly, painting, anime, surreal, deformed, duplicate objects, extra limbs, blurry, out of focus, noise, oversaturated, posterized, artifacts, jpeg artifacts"
9263,truck,pickup truck,delivery truck,a grassy field,side profile,overcast daylight,clean,a detailed photograph,"a detailed photograph of a pickup truck delivery truck in a grassy field, side profile, overcast daylight. single main subject, photorealistic color photo, natural colors, realistic texture, sharp focus on subject, no people, no text, no watermark, no logo, no border, no collage, no CGI, no illustration.","text, watermark, logo, caption, signature, border, frame, collage, multiple panels, cartoon, illustration, CGI, 3d render, low-poly, painting, anime, surreal, deformed, duplicate objects, extra limbs, blurry, out of focus, noise, oversaturated, posterized, artifacts, jpeg artifacts"
9097,truck,dump truck,utility truck,a parking lot,3/4 view,indoor soft window light,clean,a high-quality image,"a high-quality image of a dump truck utility truck in a parking lot, 3/4 view, indoor soft window light. single main subject, photorealistic color photo, natural colors, realistic texture, sharp focus on subject, no people, no text, no watermark, no logo, no border, no collage, no CGI, no illustration.","text, watermark, logo, caption, signature, border, frame, collage, multiple panels, cartoon, illustration, CGI, 3d render, low-poly, painting, anime, surreal, deformed, duplicate objects, extra limbs, blurry, out of focus, noise, oversaturated, posterized, artifacts, jpeg artifacts"
9481,truck,pickup truck,delivery truck,a gravel lot,3/4 view,golden hour,clean,a finely detailed photo,"a finely detailed photo of a pickup truck delivery truck in a gravel lot, 3/4 view, golden hour. single main subject, photorealistic color photo, natural colors, realistic texture, sharp focus on subject, no people, no text, no watermark, no logo, no border, no collage, no CGI, no illustration.","text, watermark, logo, caption, signature, border, frame, collage, multiple panels, cartoon, illustration, CGI, 3d render, low-poly, painting, anime, surreal, deformed, duplicate objects, extra limbs, blurry, out of focus, noise, oversaturated, posterized, artifacts, jpeg artifacts"
9485,truck,utility truck,semi truck,a grassy field,low angle,golden hour,clean,an ultra-realistic rendering,"an ultra-realistic rendering of a utility truck semi truck in a grassy field, low angle, golden hour. single main subject, photorealistic color photo, natural colors, realistic texture, sharp focus on subject, no people, no text, no watermark, no logo, no border, no collage, no CGI, no illustration.","text, watermark, logo, caption, signature, border, frame, collage, multiple panels, cartoon, illustration, CGI, 3d render, low-poly, painting, anime, surreal, deformed, duplicate objects, extra limbs, blurry, out of focus, noise, oversaturated, posterized, artifacts, jpeg artifacts"
9368,truck,delivery truck,dump truck,a parking lot,slightly off-center framing,backlit rim light,clean,a professional photo,"a professional photo of a delivery truck dump truck in a parking lot, slightly off-center framing, backlit rim light. single main subject, photorealistic color photo, natural colors, realistic texture, sharp focus on subject, no people, no text, no watermark, no logo, no border, no collage, no CGI, no illustration.","text, watermark, logo, caption, signature, border, frame, collage, multiple panels, cartoon, illustration, CGI, 3d render, low-poly, painting, anime, surreal, deformed, duplicate objects, extra limbs, blurry, out of focus, noise, oversaturated, posterized, artifacts, jpeg artifacts"
9986,truck,delivery truck,semi truck,a quiet residential street,3/4 view,rainy with wet reflections,hard,a finely detailed photo,"a finely detailed photo of a delivery truck semi truck in a quiet residential street, 3/4 view, rainy with wet reflections. cropped slightly. single main subject, photorealistic color photo, natural colors, realistic texture, sharp focus on subject, no people, no text, no watermark, no logo, no border, no collage, no CGI, no illustration.","text, watermark, logo, caption, signature, border, frame, collage, multiple panels, cartoon, illustration, CGI, 3d render, low-poly, painting, anime, surreal, deformed, duplicate objects, extra limbs, blurry, out of focus, noise, oversaturated, posterized, artifacts, jpeg artifacts"
9770,truck,utility truck,dump truck,a quiet residential street,slightly off-center framing,backlit rim light,clean,a detailed photograph,"a detailed photograph of a utility truck dump truck in a quiet residential street, slightly off-center framing, backlit rim light. single main subject, photorealistic color photo, natural colors, realistic texture, sharp focus on subject, no people, no text, no watermark, no logo, no border, no collage, no CGI, no illustration.","text, watermark, logo, caption, signature, border, frame, collage, multiple panels, cartoon, illustration, CGI, 3d render, low-poly, painting, anime, surreal, deformed, duplicate objects, extra limbs, blurry, out of focus, noise, oversaturated, posterized, artifacts, jpeg artifacts"
9777,truck,dump truck,delivery truck,a gravel lot,wide shot,golden hour,clean,a high-quality image,"a high-quality image of a dump truck delivery truck in a gravel lot, wide shot, golden hour. single main subject, photorealistic color photo, natural colors, realistic texture, sharp focus on subject, no people, no text, no watermark, no logo, no border, no collage, no CGI, no illustration.","text, watermark, logo, caption, signature, border, frame, collage, multiple panels, cartoon, illustration, CGI, 3d render, low-poly, painting, anime, surreal, deformed, duplicate objects, extra limbs, blurry, out of focus, noise, oversaturated, posterized, artifacts, jpeg artifacts"
9154,truck,delivery truck,pickup truck,an industrial yard,wide shot,indoor soft window light,clean,a photorealistic color photo,"a photorealistic color photo of a delivery truck pickup truck in an industrial yard, wide shot, indoor soft window light. single main subject, photorealistic color photo, natural colors, realistic texture, sharp focus on subject, no people, no text, no watermark, no logo, no border, no collage, no CGI, no illustration.","text, watermark, logo, caption, signature, border, frame, collage, multiple panels, cartoon, illustration, CGI, 3d render, low-poly, painting, anime, surreal, deformed, duplicate objects, extra limbs, blurry, out of focus, noise, oversaturated, posterized, artifacts, jpeg artifacts"
9411,truck,dump truck,dump truck,a countryside road,close-up,sunny afternoon,clean,a photorealistic color photo,"a photorealistic color photo of a dump truck dump truck in a countryside road, close-up, sunny afternoon. single main subject, photorealistic color photo, natural colors, realistic texture, sharp focus on subject, no people, no text, no watermark, no logo, no border, no collage, no CGI, no illustration.","text, watermark, logo, caption, signature, border, frame, collage, multiple panels, cartoon, illustration, CGI, 3d render, low-poly, painting, anime, surreal, deformed, duplicate objects, extra limbs, blurry, out of focus, noise, oversaturated, posterized, artifacts, jpeg artifacts"
9351,truck,pickup truck,delivery truck,a suburban neighborhood,low angle,nighttime under streetlights,clean,a photorealistic color photo,"a photorealistic color photo of a pickup truck delivery truck in a suburban neighborhood, low angle, nighttime under streetlights. single main subject, photorealistic color photo, natural colors, realistic texture, sharp focus on subject, no people, no text, no watermark, no logo, no border, no collage, no CGI, no illustration.","text, watermark, logo, caption, signature, border, frame, collage, multiple panels, cartoon, illustration, CGI, 3d render, low-poly, painting, anime, surreal, deformed, duplicate objects, extra limbs, blurry, out of focus, noise, oversaturated, posterized, artifacts, jpeg artifacts"
9018,truck,pickup truck,utility truck,a countryside road,high angle,rainy with wet reflections,clean,a finely detailed photo,"a finely detailed photo of a pickup truck utility truck in a countryside road, high angle, rainy with wet reflections. single main subject, photorealistic color photo, natural colors, realistic texture, sharp focus on subject, no people, no text, no watermark, no logo, no border, no collage, no CGI, no illustration.","text, watermark, logo, caption, signature, border, frame, collage, multiple panels, cartoon, illustration, CGI, 3d render, low-poly, painting, anime, surreal, deformed, duplicate objects, extra limbs, blurry, out of focus, noise, oversaturated, posterized, artifacts, jpeg artifacts"
9205,truck,box truck,utility truck,a parking lot,high angle,overcast daylight,clean,a photorealistic color photo,"a photorealistic color photo of a box truck utility truck in a parking lot, high angle, overcast daylight. single main subject, photorealistic color photo, natural colors, realistic texture, sharp focus on subject, no people, no text, no watermark, no logo, no border, no collage, no CGI, no illustration.","text, watermark, logo, caption, signature, border, frame, collage, multiple panels, cartoon, illustration, CGI, 3d render, low-poly, painting, anime, surreal, deformed, duplicate objects, extra limbs, blurry, out of focus, noise, oversaturated, posterized, artifacts, jpeg artifacts"
9812,truck,delivery truck,utility truck,a sandy beach,low angle,golden hour,hard,a finely detailed photo,"a finely detailed photo of a delivery truck utility truck in a sandy beach, low angle, golden hour. slight motion blur. single main subject, photorealistic color photo, natural colors, realistic texture, sharp focus on subject, no people, no text, no watermark, no logo, no border, no collage, no CGI, no illustration.","text, watermark, logo, caption, signature, border, frame, collage, multiple panels, cartoon, illustration, CGI, 3d render, low-poly, painting, anime, surreal, deformed, duplicate objects, extra limbs, blurry, out of focus, noise, oversaturated, posterized, artifacts, jpeg artifacts"
9488,truck,utility truck,utility truck,a lakeside shore,slightly off-center framing,nighttime under streetlights,clean,a photorealistic color photo,"a photorealistic color photo of a utility truck utility truck in a lakeside shore, slightly off-center framing, nighttime under streetlights. single main subject, photorealistic color photo, natural colors, realistic texture, sharp focus on subject, no people, no text, no watermark, no logo, no border, no collage, no CGI, no illustration.","text, watermark, logo, caption, signature, border, frame, collage, multiple panels, cartoon, illustration, CGI, 3d render, low-poly, painting, anime, surreal, deformed, duplicate objects, extra limbs, blurry, out of focus, noise, oversaturated, posterized, artifacts, jpeg artifacts"
9761,truck,delivery truck,box truck,a backyard,low angle,golden hour,clean,an ultra-realistic rendering,"an ultra-realistic rendering of a delivery truck box truck in a backyard, low angle, golden hour. single main subject, photorealistic color photo, natural colors, realistic texture, sharp focus on subject, no people, no text, no watermark, no logo, no border, no collage, no CGI, no illustration.","text, watermark, logo, caption, signature, border, frame, collage, multiple panels, cartoon, illustration, CGI, 3d render, low-poly, painting, anime, surreal, deformed, duplicate objects, extra limbs, blurry, out of focus, noise, oversaturated, posterized, artifacts, jpeg artifacts"
9131,truck,box truck,box truck,a countryside road,side profile,rainy with wet reflections,clean,a finely detailed photo,"a finely detailed photo of a box truck box truck in a countryside road, side profile, rainy with wet reflections. single main subject, photorealistic color photo, natural colors, realistic texture, sharp focus on subject, no people, no text, no watermark, no logo, no border, no collage, no CGI, no illustration.","text, watermark, logo, caption, signature, border, frame, collage, multiple panels, cartoon, illustration, CGI, 3d render, low-poly, painting, anime, surreal, deformed, duplicate objects, extra limbs, blurry, out of focus, noise, oversaturated, posterized, artifacts, jpeg artifacts"
9914,truck,semi truck,pickup truck,a city park,cropped at the edge of the frame,backlit rim light,hard,a detailed photograph,"a detailed photograph of a semi truck pickup truck in a city park, cropped at the edge of the frame, backlit rim light. partially occluded by a foreground object. single main subject, photorealistic color photo, natural colors, realistic texture, sharp focus on subject, no people, no text, no watermark, no logo, no border, no collage, no CGI, no illustration.","text, watermark, logo, caption, signature, border, frame, collage, multiple panels, cartoon, illustration, CGI, 3d render, low-poly, painting, anime, surreal, deformed, duplicate objects, extra limbs, blurry, out of focus, noise, oversaturated, posterized, artifacts, jpeg artifacts"
9532,truck,delivery truck,dump truck,a parking lot,side profile,foggy morning,clean,a photorealistic color photo,"a photorealistic color photo of a delivery truck dump truck in a parking lot, side profile, foggy morning. single main subject, photorealistic color photo, natural colors, realistic texture, sharp focus on subject, no people, no text, no watermark, no logo, no border, no collage, no CGI, no illustration.","text, watermark, logo, caption, signature, border, frame, collage, multiple panels, cartoon, illustration, CGI, 3d render, low-poly, painting, anime, surreal, deformed, duplicate objects, extra limbs, blurry, out of focus, noise, oversaturated, posterized, artifacts, jpeg artifacts"
9067,truck,dump truck,semi truck,a suburban neighborhood,high angle,backlit rim light,clean,a finely detailed photo,"a finely detailed photo of a dump truck semi truck in a suburban neighborhood, high angle, backlit rim light. single main subject, photorealistic color photo, natural colors, realistic texture, sharp focus on subject, no people, no text, no watermark, no logo, no border, no collage, no CGI, no illustration.","text, watermark, logo, caption, signature, border, frame, collage, multiple panels, cartoon, illustration, CGI, 3d render, low-poly, painting, anime, surreal, deformed, duplicate objects, extra limbs, blurry, out of focus, noise, oversaturated, posterized, artifacts, jpeg artifacts"
9780,truck,box truck,pickup truck,a quiet residential street,low angle,overcast daylight,clean,a high-quality image,"a high-quality image of a box truck pickup truck in a quiet residential street, low angle, overcast daylight. single main subject, photorealistic color photo, natural colors, realistic texture, sharp focus on subject, no people, no text, no watermark, no logo, no border, no collage, no CGI, no illustration.","text, watermark, logo, caption, signature, border, frame, collage, multiple panels, cartoon, illustration, CGI, 3d render, low-poly, painting, anime, surreal, deformed, duplicate objects, extra limbs, blurry, out of focus, noise, oversaturated, posterized, artifacts, jpeg artifacts"
9554,truck,dump truck,dump truck,a lakeside shore,front view,backlit rim light,clean,a professional photo,"a professional photo of a dump truck dump truck in a lakeside shore, front view, backlit rim light. single main subject, photorealistic color photo, natural colors, realistic texture, sharp focus on subject, no people, no text, no watermark, no logo, no border, no collage, no CGI, no illustration.","text, watermark, logo, caption, signature, border, frame, collage, multiple panels, cartoon, illustration, CGI, 3d render, low-poly, painting, anime, surreal, deformed, duplicate objects, extra limbs, blurry, out of focus, noise, oversaturated, posterized, artifacts, jpeg artifacts"
9754,truck,dump truck,pickup truck,a lakeside shore,wide shot,overcast daylight,clean,a photorealistic color photo,"a photorealistic color photo of a dump truck pickup truck in a lakeside shore, wide shot, overcast daylight. single main subject, photorealistic color photo, natural colors, realistic texture, sharp focus on subject, no people, no text, no watermark, no logo, no border, no collage, no CGI, no illustration.","text, watermark, logo, caption, signature, border, frame, collage, multiple panels, cartoon, illustration, CGI, 3d render, low-poly, painting, anime, surreal, deformed, duplicate objects, extra limbs, blurry, out of focus, noise, oversaturated, posterized, artifacts, jpeg artifacts"
9221,truck,semi truck,semi truck,a suburban neighborhood,front view,sunny afternoon,clean,a high-quality image,"a high-quality image of a semi truck semi truck in a suburban neighborhood, front view, sunny afternoon. single main subject, photorealistic color photo, natural colors, realistic texture, sharp focus on subject, no people, no text, no watermark, no logo, no border, no collage, no CGI, no illustration.","text, watermark, logo, caption, signature, border, frame, collage, multiple panels, cartoon, illustration, CGI, 3d render, low-poly, painting, anime, surreal, deformed, duplicate objects, extra limbs, blurry, out of focus, noise, oversaturated, posterized, artifacts, jpeg artifacts"
9961,truck,semi truck,pickup truck,a parking lot,low angle,nighttime under streetlights,hard,an ultra-realistic rendering,"an ultra-realistic rendering of a semi truck pickup truck in a parking lot, low angle, nighttime under streetlights. slight motion blur. single main subject, photorealistic color photo, natural colors, realistic texture, sharp focus on subject, no people, no text, no watermark, no logo, no border, no collage, no CGI, no illustration.","text, watermark, logo, caption, signature, border, frame, collage, multiple panels, cartoon, illustration, CGI, 3d render, low-poly, painting, anime, surreal, deformed, duplicate objects, extra limbs, blurry, out of focus, noise, oversaturated, posterized, artifacts, jpeg artifacts"
9909,truck,dump truck,utility truck,a grassy field,low angle,overcast daylight,hard,a photorealistic color photo,"a photorealistic color photo of a dump truck utility truck in a grassy field, low angle, overcast daylight. partially occluded by a foreground object. single main subject, photorealistic color photo, natural colors, realistic texture, sharp focus on subject, no people, no text, no watermark, no logo, no border, no collage, no CGI, no illustration.","text, watermark, logo, caption, signature, border, frame, collage, multiple panels, cartoon, illustration, CGI, 3d render, low-poly, painting, anime, surreal, deformed, duplicate objects, extra limbs, blurry, out of focus, noise, oversaturated, posterized, artifacts, jpeg artifacts"
9053,truck,box truck,delivery truck,a quiet residential street,close-up,rainy with wet reflections,clean,a high-quality image,"a high-quality image of a box truck delivery truck in a quiet residential street, close-up, rainy with wet reflections. single main subject, photorealistic color photo, natural colors, realistic texture, sharp focus on subject, no people, no text, no watermark, no logo, no border, no collage, no CGI, no illustration.","text, watermark, logo, caption, signature, border, frame, collage, multiple panels, cartoon, illustration, CGI, 3d render, low-poly, painting, anime, surreal, deformed, duplicate objects, extra limbs, blurry, out of focus, noise, oversaturated, posterized, artifacts, jpeg artifacts"
9278,truck,dump truck,utility truck,a wet roadway after rain,front view,backlit rim light,clean,a high-quality image,"a high-quality image of a dump truck utility truck in a wet roadway after rain, front view, backlit rim light. single main subject, photorealistic color photo, natural colors, realistic texture, sharp focus on subject, no people, no text, no watermark, no logo, no border, no collage, no CGI, no illustration.","text, watermark, logo, caption, signature, border, frame, collage, multiple panels, cartoon, illustration, CGI, 3d render, low-poly, painting, anime, surreal, deformed, duplicate objects, extra limbs, blurry, out of focus, noise, oversaturated, posterized, artifacts, jpeg artifacts"
9073,truck,utility truck,delivery truck,a lakeside shore,close-up,foggy morning,clean,a professional photo,"a professional photo of a utility truck delivery truck in a lakeside shore, close-up, foggy morning. single main subject, photorealistic color photo, natural colors, realistic texture, sharp focus on subject, no people, no text, no watermark, no logo, no border, no collage, no CGI, no illustration.","text, watermark, logo, caption, signature, border, frame, collage, multiple panels, cartoon, illustration, CGI, 3d render, low-poly, painting, anime, surreal, deformed, duplicate objects, extra limbs, blurry, out of focus, noise, oversaturated, posterized, artifacts, jpeg artifacts"
9671,truck,pickup truck,delivery truck,a suburban neighborhood,close-up,indoor soft window light,clean,a detailed photograph,"a detailed photograph of a pickup truck delivery truck in a suburban neighborhood, close-up, indoor soft window light. single main subject, photorealistic color photo, natural colors, realistic texture, sharp focus on subject, no people, no text, no watermark, no logo, no border, no collage, no CGI, no illustration.","text, watermark, logo, caption, signature, border, frame, collage, multiple panels, cartoon, illustration, CGI, 3d render, low-poly, painting, anime, surreal, deformed, duplicate objects, extra limbs, blurry, out of focus, noise, oversaturated, posterized, artifacts, jpeg artifacts"
9327,truck,semi truck,utility truck,a countryside road,wide shot,rainy with wet reflections,clean,an ultra-realistic rendering,"an ultra-realistic rendering of a semi truck utility truck in a countryside road, wide shot, rainy with wet reflections. single main subject, photorealistic color photo, natural colors, realistic texture, sharp focus on subject, no people, no text, no watermark, no logo, no border, no collage, no CGI, no illustration.","text, watermark, logo, caption, signature, border, frame, collage, multiple panels, cartoon, illustration, CGI, 3d render, low-poly, painting, anime, surreal, deformed, duplicate objects, extra limbs, blurry, out of focus, noise, oversaturated, posterized, artifacts, jpeg artifacts"
9807,truck,delivery truck,utility truck,a sandy beach,side profile,overcast daylight,hard,an ultra-realistic rendering,"an ultra-realistic rendering of a delivery truck utility truck in a sandy beach, side profile, overcast daylight. in the distance. single main subject, photorealistic color photo, natural colors, realistic texture, sharp focus on subject, no people, no text, no watermark, no logo, no border, no collage, no CGI, no illustration.","text, watermark, logo, caption, signature, border, frame, collage, multiple panels, cartoon, illustration, CGI, 3d render, low-poly, painting, anime, surreal, deformed, duplicate objects, extra limbs, blurry, out of focus, noise, oversaturated, posterized, artifacts, jpeg artifacts"
9467,truck,pickup truck,pickup truck,a parking lot,wide shot,overcast daylight,clean,an ultra-realistic rendering,"an ultra-realistic rendering of a pickup truck pickup truck in a parking lot, wide shot, overcast daylight. single main subject, photorealistic color photo, natural colors, realistic texture, sharp focus on subject, no people, no text, no watermark, no logo, no border, no collage, no CGI, no illustration.","text, watermark, logo, caption, signature, border, frame, collage, multiple panels, cartoon, illustration, CGI, 3d render, low-poly, painting, anime, surreal, deformed, duplicate objects, extra limbs, blurry, out of focus, noise, oversaturated, posterized, artifacts, jpeg artifacts"
9525,truck,utility truck,box truck,a countryside road,close-up,rainy with wet reflections,clean,an ultra-realistic rendering,"an ultra-realistic rendering of a utility truck box truck in a countryside road, close-up, rainy with wet reflections. single main subject, photorealistic color photo, natural colors, realistic texture, sharp focus on subject, no people, no text, no watermark, no logo, no border, no collage, no CGI, no illustration.","text, watermark, logo, caption, signature, border, frame, collage, multiple panels, cartoon, illustration, CGI, 3d render, low-poly, painting, anime, surreal, deformed, duplicate objects, extra limbs, blurry, out of focus, noise, oversaturated, posterized, artifacts, jpeg artifacts"
9129,truck,dump truck,pickup truck,a quiet residential street,side profile,indoor soft window light,clean,a detailed photograph,"a detailed photograph of a dump truck pickup truck in a quiet residential street, side profile, indoor soft window light. single main subject, photorealistic color photo, natural colors, realistic texture, sharp focus on subject, no people, no text, no watermark, no logo, no border, no collage, no CGI, no illustration.","text, watermark, logo, caption, signature, border, frame, collage, multiple panels, cartoon, illustration, CGI, 3d render, low-poly, painting, anime, surreal, deformed, duplicate objects, extra limbs, blurry, out of focus, noise, oversaturated, posterized, artifacts, jpeg artifacts"
9459,truck,delivery truck,dump truck,a backyard,wide shot,sunny afternoon,clean,a photorealistic color photo,"a photorealistic color photo of a delivery truck dump truck in a backyard, wide shot, sunny afternoon. single main subject, photorealistic color photo, natural colors, realistic texture, sharp focus on subject, no people, no text, no watermark, no logo, no border, no collage, no CGI, no illustration.","text, watermark, logo, caption, signature, border, frame, collage, multiple panels, cartoon, illustration, CGI, 3d render, low-poly, painting, anime, surreal, deformed, duplicate objects, extra limbs, blurry, out of focus, noise, oversaturated, posterized, artifacts, jpeg artifacts"
9166,truck,dump truck,dump truck,an industrial yard,slightly off-center framing,overcast daylight,clean,an ultra-realistic rendering,"an ultra-realistic rendering of a dump truck dump truck in an industrial yard, slightly off-center framing, overcast daylight. single main subject, photorealistic color photo, natural colors, realistic texture, sharp focus on subject, no people, no text, no watermark, no logo, no border, no collage, no CGI, no illustration.","text, watermark, logo, caption, signature, border, frame, collage, multiple panels, cartoon, illustration, CGI, 3d render, low-poly, painting, anime, surreal, deformed, duplicate objects, extra limbs, blurry, out of focus, noise, oversaturated, posterized, artifacts, jpeg artifacts"
9023,truck,delivery truck,utility truck,an urban street,side profile,overcast daylight,clean,a professional photo,"a professional photo of a delivery truck utility truck in an urban street, side profile, overcast daylight. single main subject, photorealistic color photo, natural colors, realistic texture, sharp focus on subject, no people, no text, no watermark, no logo, no border, no collage, no CGI, no illustration.","text, watermark, logo, caption, signature, border, frame, collage, multiple panels, cartoon, illustration, CGI, 3d render, low-poly, painting, anime, surreal, deformed, duplicate objects, extra limbs, blurry, out of focus, noise, oversaturated, posterized, artifacts, jpeg artifacts"
9421,truck,box truck,box truck,a city park,high angle,backlit rim light,clean,a photorealistic color photo,"a photorealistic color photo of a box truck box truck in a city park, high angle, backlit rim light. single main subject, photorealistic color photo, natural colors, realistic texture, sharp focus on subject, no people, no text, no watermark, no logo, no border, no collage, no CGI, no illustration.","text, watermark, logo, caption, signature, border, frame, collage, multiple panels, cartoon, illustration, CGI, 3d render, low-poly, painting, anime, surreal, deformed, duplicate objects, extra limbs, blurry, out of focus, noise, oversaturated, posterized, artifacts, jpeg artifacts"
9573,truck,semi truck,delivery truck,a lakeside shore,slightly off-center framing,overcast daylight,clean,a detailed photograph,"a detailed photograph of a semi truck delivery truck in a lakeside shore, slightly off-center framing, overcast daylight. single main subject, photorealistic color photo, natural colors, realistic texture, sharp focus on subject, no people, no text, no watermark, no logo, no border, no collage, no CGI, no illustration.","text, watermark, logo, caption, signature, border, frame, collage, multiple panels, cartoon, illustration, CGI, 3d render, low-poly, painting, anime, surreal, deformed, duplicate objects, extra limbs, blurry, out of focus, noise, oversaturated, posterized, artifacts, jpeg artifacts"
9121,truck,box truck,box truck,a grassy field,high angle,rainy with wet reflections,clean,a detailed photograph,"a detailed photograph of a box truck box truck in a grassy field, high angle, rainy with wet reflections. single main subject, photorealistic color photo, natural colors, realistic texture, sharp focus on subject, no people, no text, no watermark, no logo, no border, no collage, no CGI, no illustration.","text, watermark, logo, caption, signature, border, frame, collage, multiple panels, cartoon, illustration, CGI, 3d render, low-poly, painting, anime, surreal, deformed, duplicate objects, extra limbs, blurry, out of focus, noise, oversaturated, posterized, artifacts, jpeg artifacts"
9836,truck,pickup truck,dump truck,a forest clearing,wide shot,indoor soft window light,hard,a professional photo,"a professional photo of a pickup truck dump truck in a forest clearing, wide shot, indoor soft window light. busy background but still one main subject. single main subject, photorealistic color photo, natural colors, realistic texture, sharp focus on subject, no people, no text, no watermark, no logo, no border, no collage, no CGI, no illustration.","text, watermark, logo, caption, signature, border, frame, collage, multiple panels, cartoon, illustration, CGI, 3d render, low-poly, painting, anime, surreal, deformed, duplicate objects, extra limbs, blurry, out of focus, noise, oversaturated, posterized, artifacts, jpeg artifacts"
9318,truck,pickup truck,delivery truck,a forest clearing,close-up,overcast daylight,clean,a photorealistic color photo,"a photorealistic color photo of a pickup truck delivery truck in a forest clearing, close-up, overcast daylight. single main subject, photorealistic color photo, natural colors, realistic texture, sharp focus on subject, no people, no text, no watermark, no logo, no border, no collage, no CGI, no illustration.","text, watermark, logo, caption, signature, border, frame, collage, multiple panels, cartoon, illustration, CGI, 3d render, low-poly, painting, anime, surreal, deformed, duplicate objects, extra limbs, blurry, out of focus, noise, oversaturated, posterized, artifacts, jpeg artifacts"
9567,truck,utility truck,delivery truck,a gravel lot,wide shot,backlit rim light,clean,a detailed photograph,"a detailed photograph of a utility truck delivery truck in a gravel lot, wide shot, backlit rim light. single main subject, photorealistic color photo, natural colors, realistic texture, sharp focus on subject, no people, no text, no watermark, no logo, no border, no collage, no CGI, no illustration.","text, watermark, logo, caption, signature, border, frame, collage, multiple panels, cartoon, illustration, CGI, 3d render, low-poly, painting, anime, surreal, deformed, duplicate objects, extra limbs, blurry, out of focus, noise, oversaturated, posterized, artifacts, jpeg artifacts"
9146,truck,box truck,pickup truck,a countryside road,slightly off-center framing,nighttime under streetlights,clean,a professional photo,"a professional photo of a box truck pickup truck in a countryside road, slightly off-center framing, nighttime under streetlights. single main subject, photorealistic color photo, natural colors, realistic texture, sharp focus on subject, no people, no text, no watermark, no logo, no border, no collage, no CGI, no illustration.","text, watermark, logo, caption, signature, border, frame, collage, multiple panels, cartoon, illustration, CGI, 3d render, low-poly, painting, anime, surreal, deformed, duplicate objects, extra limbs, blurry, out of focus, noise, oversaturated, posterized, artifacts, jpeg artifacts"
9972,truck,delivery truck,utility truck,a sandy beach,distant subject in the background,foggy morning,hard,a photorealistic color photo,"a photorealistic color photo of a delivery truck utility truck in a sandy beach, distant subject in the background, foggy morning. slight motion blur. single main subject, photorealistic color photo, natural colors, realistic texture, sharp focus on subject, no people, no text, no watermark, no logo, no border, no collage, no CGI, no illustration.","text, watermark, logo, caption, signature, border, frame, collage, multiple panels, cartoon, illustration, CGI, 3d render, low-poly, painting, anime, surreal, deformed, duplicate objects, extra limbs, blurry, out of focus, noise, oversaturated, posterized, artifacts, jpeg artifacts"
9452,truck,semi truck,pickup truck,an urban street,wide shot,indoor soft window light,clean,an ultra-realistic rendering,"an ultra-realistic rendering of a semi truck pickup truck in an urban street, wide shot, indoor soft window light. single main subject, photorealistic color photo, natural colors, realistic texture, sharp focus on subject, no people, no text, no watermark, no logo, no border, no collage, no CGI, no illustration.","text, watermark, logo, caption, signature, border, frame, collage, multiple panels, cartoon, illustration, CGI, 3d render, low-poly, painting, anime, surreal, deformed, duplicate objects, extra limbs, blurry, out of focus, noise, oversaturated, posterized, artifacts, jpeg artifacts"
9012,truck,pickup truck,pickup truck,a suburban neighborhood,3/4 view,golden hour,clean,a high-quality image,"a high-quality image of a pickup truck pickup truck in a suburban neighborhood, 3/4 view, golden hour. single main subject, photorealistic color photo, natural colors, realistic texture, sharp focus on subject, no people, no text, no watermark, no logo, no border, no collage, no CGI, no illustration.","text, watermark, logo, caption, signature, border, frame, collage, multiple panels, cartoon, illustration, CGI, 3d render, low-poly, painting, anime, surreal, deformed, duplicate objects, extra limbs, blurry, out of focus, noise, oversaturated, posterized, artifacts, jpeg artifacts"
9163,truck,box truck,utility truck,a parking lot,side profile,backlit rim light,clean,a high-quality image,"a high-quality image of a box truck utility truck in a parking lot, side profile, backlit rim light. single main subject, photorealistic color photo, natural colors, realistic texture, sharp focus on subject, no people, no text, no watermark, no logo, no border, no collage, no CGI, no illustration.","text, watermark, logo, caption, signature, border, frame, collage, multiple panels, cartoon, illustration, CGI, 3d render, low-poly, painting, anime, surreal, deformed, duplicate objects, extra limbs, blurry, out of focus, noise, oversaturated, posterized, artifacts, jpeg artifacts"
9675,truck,dump truck,semi truck,a quiet residential street,side profile,indoor soft window light,clean,a photorealistic color photo,"a photorealistic color photo of a dump truck semi truck in a quiet residential street, side profile, indoor soft window light. single main subject, photorealistic color photo, natural colors, realistic texture, sharp focus on subject, no people, no text, no watermark, no logo, no border, no collage, no CGI, no illustration.","text, watermark, logo, caption, signature, border, frame, collage, multiple panels, cartoon, illustration, CGI, 3d render, low-poly, painting, anime, surreal, deformed, duplicate objects, extra limbs, blurry, out of focus, noise, oversaturated, posterized, artifacts, jpeg artifacts"
9049,truck,box truck,delivery truck,an urban street,slightly off-center framing,sunny afternoon,clean,a high-quality image,"a high-quality image of a box truck delivery truck in an urban street, slightly off-center framing, sunny afternoon. single main subject, photorealistic color photo, natural colors, realistic texture, sharp focus on subject, no people, no text, no watermark, no logo, no border, no collage, no CGI, no illustration.","text, watermark, logo, caption, signature, border, frame, collage, multiple panels, cartoon, illustration, CGI, 3d render, low-poly, painting, anime, surreal, deformed, duplicate objects, extra limbs, blurry, out of focus, noise, oversaturated, posterized, artifacts, jpeg artifacts"
9751,truck,delivery truck,dump truck,an industrial yard,3/4 view,overcast daylight,clean,a professional photo,"a professional photo of a delivery truck dump truck in an industrial yard, 3/4 view, overcast daylight. single main subject, photorealistic color photo, natural colors, realistic texture, sharp focus on subject, no people, no text, no watermark, no logo, no border, no collage, no CGI, no illustration.","text, watermark, logo, caption, signature, border, frame, collage, multiple panels, cartoon, illustration, CGI, 3d render, low-poly, painting, anime, surreal, deformed, duplicate objects, extra limbs, blurry, out of focus, noise, oversaturated, posterized, artifacts, jpeg artifacts"
9293,truck,box truck,semi truck,a wet roadway after rain,close-up,rainy with wet reflections,clean,an ultra-realistic rendering,"an ultra-realistic rendering of a box truck semi truck in a wet roadway after rain, close-up, rainy with wet reflections. single main subject, photorealistic color photo, natural colors, realistic texture, sharp focus on subject, no people, no text, no watermark, no logo, no border, no collage, no CGI, no illustration.","text, watermark, logo, caption, signature, border, frame, collage, multiple panels, cartoon, illustration, CGI, 3d render, low-poly, painting, anime, surreal, deformed, duplicate objects, extra limbs, blurry, out of focus, noise, oversaturated, posterized, artifacts, jpeg artifacts"
9646,truck,semi truck,utility truck,a sandy beach,close-up,backlit rim light,clean,a detailed photograph,"a detailed photograph of a semi truck utility truck in a sandy beach, close-up, backlit rim light. single main subject, photorealistic color photo, natural colors, realistic texture, sharp focus on subject, no people, no text, no watermark, no logo, no border, no collage, no CGI, no illustration.","text, watermark, logo, caption, signature, border, frame, collage, multiple panels, cartoon, illustration, CGI, 3d render, low-poly, painting, anime, surreal, deformed, duplicate objects, extra limbs, blurry, out of focus, noise, oversaturated, posterized, artifacts, jpeg artifacts"
9708,truck,utility truck,delivery truck,a quiet residential street,close-up,golden hour,clean,a high-quality image,"a high-quality image of a utility truck delivery truck in a quiet residential street, close-up, golden hour. single main subject, photorealistic color photo, natural colors, realistic texture, sharp focus on subject, no people, no text, no watermark, no logo, no border, no collage, no CGI, no illustration.","text, watermark, logo, caption, signature, border, frame, collage, multiple panels, cartoon, illustration, CGI, 3d render, low-poly, painting, anime, surreal, deformed, duplicate objects, extra limbs, blurry, out of focus, noise, oversaturated, posterized, artifacts, jpeg artifacts"
9375,truck,pickup truck,semi truck,a quiet residential street,front view,rainy with wet reflections,clean,a finely detailed photo,"a finely detailed photo of a pickup truck semi truck in a quiet residential street, front view, rainy with wet reflections. single main subject, photorealistic color photo, natural colors, realistic texture, sharp focus on subject, no people, no text, no watermark, no logo, no border, no collage, no CGI, no illustration.","text, watermark, logo, caption, signature, border, frame, collage, multiple panels, cartoon, illustration, CGI, 3d render, low-poly, painting, anime, surreal, deformed, duplicate objects, extra limbs, blurry, out of focus, noise, oversaturated, posterized, artifacts, jpeg artifacts"
9245,truck,utility truck,delivery truck,a lakeside shore,high angle,backlit rim light,clean,a detailed photograph,"a detailed photograph of a utility truck delivery truck in a lakeside shore, high angle, backlit rim light. single main subject, photorealistic color photo, natural colors, realistic texture, sharp focus on subject, no people, no text, no watermark, no logo, no border, no collage, no CGI, no illustration.","text, watermark, logo, caption, signature, border, frame, collage, multiple panels, cartoon, illustration, CGI, 3d render, low-poly, painting, anime, surreal, deformed, duplicate objects, extra limbs, blurry, out of focus, noise, oversaturated, posterized, artifacts, jpeg artifacts"
9258,truck,semi truck,utility truck,a parking lot,high angle,overcast daylight,clean,a detailed photograph,"a detailed photograph of a semi truck utility truck in a parking lot, high angle, overcast daylight. single main subject, photorealistic color photo, natural colors, realistic texture, sharp focus on subject, no people, no text, no watermark, no logo, no border, no collage, no CGI, no illustration.","text, watermark, logo, caption, signature, border, frame, collage, multiple panels, cartoon, illustration, CGI, 3d render, low-poly, painting, anime, surreal, deformed, duplicate objects, extra limbs, blurry, out of focus, noise, oversaturated, posterized, artifacts, jpeg artifacts"
9855,truck,delivery truck,semi truck,a sandy beach,side profile,golden hour,hard,an ultra-realistic rendering,"an ultra-realistic rendering of a delivery truck semi truck in a sandy beach, side profile, golden hour. cropped slightly. single main subject, photorealistic color photo, natural colors, realistic texture, sharp focus on subject, no people, no text, no watermark, no logo, no border, no collage, no CGI, no illustration.","text, watermark, logo, caption, signature, border, frame, collage, multiple panels, cartoon, illustration, CGI, 3d render, low-poly, painting, anime, surreal, deformed, duplicate objects, extra limbs, blurry, out of focus, noise, oversaturated, posterized, artifacts, jpeg artifacts"
9737,truck,utility truck,utility truck,a countryside road,low angle,rainy with wet reflections,clean,a photorealistic color photo,"a photorealistic color photo of a utility truck utility truck in a countryside road, low angle, rainy with wet reflections. single main subject, photorealistic color photo, natural colors, realistic texture, sharp focus on subject, no people, no text, no watermark, no logo, no border, no collage, no CGI, no illustration.","text, watermark, logo, caption, signature, border, frame, collage, multiple panels, cartoon, illustration, CGI, 3d render, low-poly, painting, anime, surreal, deformed, duplicate objects, extra limbs, blurry, out of focus, noise, oversaturated, posterized, artifacts, jpeg artifacts"
9819,truck,dump truck,dump truck,a gravel lot,high angle,golden hour,hard,a detailed photograph,"a detailed photograph of a dump truck dump truck in a gravel lot, high angle, golden hour. cropped slightly. single main subject, photorealistic color photo, natural colors, realistic texture, sharp focus on subject, no people, no text, no watermark, no logo, no border, no collage, no CGI, no illustration.","text, watermark, logo, caption, signature, border, frame, collage, multiple panels, cartoon, illustration, CGI, 3d render, low-poly, painting, anime, surreal, deformed, duplicate objects, extra limbs, blurry, out of focus, noise, oversaturated, posterized, artifacts, jpeg artifacts"
9062,truck,box truck,delivery truck,a parking lot,side profile,nighttime under streetlights,clean,a finely detailed photo,"a finely detailed photo of a box truck delivery truck in a parking lot, side profile, nighttime under streetlights. single main subject, photorealistic color photo, natural colors, realistic texture, sharp focus on subject, no people, no text, no watermark, no logo, no border, no collage, no CGI, no illustration.","text, watermark, logo, caption, signature, border, frame, collage, multiple panels, cartoon, illustration, CGI, 3d render, low-poly, painting, anime, surreal, deformed, duplicate objects, extra limbs, blurry, out of focus, noise, oversaturated, posterized, artifacts, jpeg artifacts"
9114,truck,delivery truck,pickup truck,a grassy field,high angle,foggy morning,clean,a professional photo,"a professional photo of a delivery truck pickup truck in a grassy field, high angle, foggy morning. single main subject, photorealistic color photo, natural colors, realistic texture, sharp focus on subject, no people, no text, no watermark, no logo, no border, no collage, no CGI, no illustration.","text, watermark, logo, caption, signature, border, frame, collage, multiple panels, cartoon, illustration, CGI, 3d render, low-poly, painting, anime, surreal, deformed, duplicate objects, extra limbs, blurry, out of focus, noise, oversaturated, posterized, artifacts, jpeg artifacts"
9085,truck,semi truck,box truck,a backyard,wide shot,overcast daylight,clean,a photorealistic color photo,"a photorealistic color photo of a semi truck box truck in a backyard, wide shot, overcast daylight. single main subject, photorealistic color photo, natural colors, realistic texture, sharp focus on subject, no people, no text, no watermark, no logo, no border, no collage, no CGI, no illustration.","text, watermark, logo, caption, signature, border, frame, collage, multiple panels, cartoon, illustration, CGI, 3d render, low-poly, painting, anime, surreal, deformed, duplicate objects, extra limbs, blurry, out of focus, noise, oversaturated, posterized, artifacts, jpeg artifacts"
9193,truck,pickup truck,dump truck,a wet roadway after rain,3/4 view,foggy morning,clean,an ultra-realistic rendering,"an ultra-realistic rendering of a pickup truck dump truck in a wet roadway after rain, 3/4 view, foggy morning. single main subject, photorealistic color photo, natural colors, realistic texture, sharp focus on subject, no people, no text, no watermark, no logo, no border, no collage, no CGI, no illustration.","text, watermark, logo, caption, signature, border, frame, collage, multiple panels, cartoon, illustration, CGI, 3d render, low-poly, painting, anime, surreal, deformed, duplicate objects, extra limbs, blurry, out of focus, noise, oversaturated, posterized, artifacts, jpeg artifacts"
9958,truck,semi truck,delivery truck,a quiet residential street,wide shot,rainy with wet reflections,hard,a high-quality image,"a high-quality image of a semi truck delivery truck in a quiet residential street, wide shot, rainy with wet reflections. partially occluded by a foreground object. single main subject, photorealistic color photo, natural colors, realistic texture, sharp focus on subject, no people, no text, no watermark, no logo, no border, no collage, no CGI, no illustration.","text, watermark, logo, caption, signature, border, frame, collage, multiple panels, cartoon, illustration, CGI, 3d render, low-poly, painting, anime, surreal, deformed, duplicate objects, extra limbs, blurry, out of focus, noise, oversaturated, posterized, artifacts, jpeg artifacts"
9015,truck,box truck,semi truck,a suburban neighborhood,high angle,golden hour,clean,a professional photo,"a professional photo of a box truck semi truck in a suburban neighborhood, high angle, golden hour. single main subject, photorealistic color photo, natural colors, realistic texture, sharp focus on subject, no people, no text, no watermark, no logo, no border, no collage, no CGI, no illustration.","text, watermark, logo, caption, signature, border, frame, collage, multiple panels, cartoon, illustration, CGI, 3d render, low-poly, painting, anime, surreal, deformed, duplicate objects, extra limbs, blurry, out of focus, noise, oversaturated, posterized, artifacts, jpeg artifacts"
9579,truck,utility truck,box truck,a forest clearing,side profile,golden hour,clean,a professional photo,"a professional photo of a utility truck box truck in a forest clearing, side profile, golden hour. single main subject, photorealistic color photo, natural colors, realistic texture, sharp focus on subject, no people, no text, no watermark, no logo, no border, no collage, no CGI, no illustration.","text, watermark, logo, caption, signature, border, frame, collage, multiple panels, cartoon, illustration, CGI, 3d render, low-poly, painting, anime, surreal, deformed, duplicate objects, extra limbs, blurry, out of focus, noise, oversaturated, posterized, artifacts, jpeg artifacts"
9605,truck,pickup truck,utility truck,a grassy field,side profile,foggy morning,clean,a photorealistic color photo,"a photorealistic color photo of a pickup truck utility truck in a grassy field, side profile, foggy morning. single main subject, photorealistic color photo, natural colors, realistic texture, sharp focus on subject, no people, no text, no watermark, no logo, no border, no collage, no CGI, no illustration.","text, watermark, logo, caption, signature, border, frame, collage, multiple panels, cartoon, illustration, CGI, 3d render, low-poly, painting, anime, surreal, deformed, duplicate objects, extra limbs, blurry, out of focus, noise, oversaturated, posterized, artifacts, jpeg artifacts"
9693,truck,box truck,utility truck,a grassy field,side profile,rainy with wet reflections,clean,an ultra-realistic rendering,"an ultra-realistic rendering of a box truck utility truck in a grassy field, side profile, rainy with wet reflections. single main subject, photorealistic color photo, natural colors, realistic texture, sharp focus on subject, no people, no text, no watermark, no logo, no border, no collage, no CGI, no illustration.","text, watermark, logo, caption, signature, border, frame, collage, multiple panels, cartoon, illustration, CGI, 3d render, low-poly, painting, anime, surreal, deformed, duplicate objects, extra limbs, blurry, out of focus, noise, oversaturated, posterized, artifacts, jpeg artifacts"
9957,truck,delivery truck,utility truck,a forest clearing,close-up,overcast daylight,hard,an ultra-realistic rendering,"an ultra-realistic rendering of a delivery truck utility truck in a forest clearing, close-up, overcast daylight. partially occluded by a foreground object. single main subject, photorealistic color photo, natural colors, realistic texture, sharp focus on subject, no people, no text, no watermark, no logo, no border, no collage, no CGI, no illustration.","text, watermark, logo, caption, signature, border, frame, collage, multiple panels, cartoon, illustration, CGI, 3d render, low-poly, painting, anime, surreal, deformed, duplicate objects, extra limbs, blurry, out of focus, noise, oversaturated, posterized, artifacts, jpeg artifacts"
9426,truck,semi truck,delivery truck,a lakeside shore,front view,golden hour,clean,an ultra-realistic rendering,"an ultra-realistic rendering of a semi truck delivery truck in a lakeside shore, front view, golden hour. single main subject, photorealistic color photo, natural colors, realistic texture, sharp focus on subject, no people, no text, no watermark, no logo, no border, no collage, no CGI, no illustration.","text, watermark, logo, caption, signature, border, frame, collage, multiple panels, cartoon, illustration, CGI, 3d render, low-poly, painting, anime, surreal, deformed, duplicate objects, extra limbs, blurry, out of focus, noise, oversaturated, posterized, artifacts, jpeg artifacts"
9748,truck,delivery truck,delivery truck,a suburban neighborhood,3/4 view,backlit rim light,clean,an ultra-realistic rendering,"an ultra-realistic rendering of a delivery truck delivery truck in a suburban neighborhood, 3/4 view, backlit rim light. single main subject, photorealistic color photo, natural colors, realistic texture, sharp focus on subject, no people, no text, no watermark, no logo, no border, no collage, no CGI, no illustration.","text, watermark, logo, caption, signature, border, frame, collage, multiple panels, cartoon, illustration, CGI, 3d render, low-poly, painting, anime, surreal, deformed, duplicate objects, extra limbs, blurry, out of focus, noise, oversaturated, posterized, artifacts, jpeg artifacts"
9750,truck,utility truck,delivery truck,a wet roadway after rain,close-up,foggy morning,clean,a professional photo,"a professional photo of a utility truck delivery truck in a wet roadway after rain, close-up, foggy morning. single main subject, photorealistic color photo, natural colors, realistic texture, sharp focus on subject, no people, no text, no watermark, no logo, no border, no collage, no CGI, no illustration.","text, watermark, logo, caption, signature, border, frame, collage, multiple panels, cartoon, illustration, CGI, 3d render, low-poly, painting, anime, surreal, deformed, duplicate objects, extra limbs, blurry, out of focus, noise, oversaturated, posterized, artifacts, jpeg artifacts"
9705,truck,utility truck,box truck,a wet roadway after rain,slightly off-center framing,indoor soft window light,clean,a professional photo,"a professional photo of a utility truck box truck in a wet roadway after rain, slightly off-center framing, indoor soft window light. single main subject, photorealistic color photo, natural colors, realistic texture, sharp focus on subject, no people, no text, no watermark, no logo, no border, no collage, no CGI, no illustration.","text, watermark, logo, caption, signature, border, frame, collage, multiple panels, cartoon, illustration, CGI, 3d render, low-poly, painting, anime, surreal, deformed, duplicate objects, extra limbs, blurry, out of focus, noise, oversaturated, posterized, artifacts, jpeg artifacts"
9033,truck,pickup truck,utility truck,a suburban neighborhood,low angle,indoor soft window light,clean,a detailed photograph,"a detailed photograph of a pickup truck utility truck in a suburban neighborhood, low angle, indoor soft window light. single main subject, photorealistic color photo, natural colors, realistic texture, sharp focus on subject, no people, no text, no watermark, no logo, no border, no collage, no CGI, no illustration.","text, watermark, logo, caption, signature, border, frame, collage, multiple panels, cartoon, illustration, CGI, 3d render, low-poly, painting, anime, surreal, deformed, duplicate objects, extra limbs, blurry, out of focus, noise, oversaturated, posterized, artifacts, jpeg artifacts"
9404,truck,pickup truck,semi truck,a suburban neighborhood,front view,rainy with wet reflections,clean,a finely detailed photo,"a finely detailed photo of a pickup truck semi truck in a suburban neighborhood, front view, rainy with wet reflections. single main subject, photorealistic color photo, natural colors, realistic texture, sharp focus on subject, no people, no text, no watermark, no logo, no border, no collage, no CGI, no illustration.","text, watermark, logo, caption, signature, border, frame, collage, multiple panels, cartoon, illustration, CGI, 3d render, low-poly, painting, anime, surreal, deformed, duplicate objects, extra limbs, blurry, out of focus, noise, oversaturated, posterized, artifacts, jpeg artifacts"
9355,truck,box truck,semi truck,a gravel lot,high angle,backlit rim light,clean,a photorealistic color photo,"a photorealistic color photo of a box truck semi truck in a gravel lot, high angle, backlit rim light. single main subject, photorealistic color photo, natural colors, realistic texture, sharp focus on subject, no people, no text, no watermark, no logo, no border, no collage, no CGI, no illustration.","text, watermark, logo, caption, signature, border, frame, collage, multiple panels, cartoon, illustration, CGI, 3d render, low-poly, painting, anime, surreal, deformed, duplicate objects, extra limbs, blurry, out of focus, noise, oversaturated, posterized, artifacts, jpeg artifacts"
9792,truck,dump truck,utility truck,a countryside road,side profile,nighttime under streetlights,clean,a professional photo,"a professional photo of a dump truck utility truck in a countryside road, side profile, nighttime under streetlights. single main subject, photorealistic color photo, natural colors, realistic texture, sharp focus on subject, no people, no text, no watermark, no logo, no border, no collage, no CGI, no illustration.","text, watermark, logo, caption, signature, border, frame, collage, multiple panels, cartoon, illustration, CGI, 3d render, low-poly, painting, anime, surreal, deformed, duplicate objects, extra limbs, blurry, out of focus, noise, oversaturated, posterized, artifacts, jpeg artifacts"
9164,truck,utility truck,semi truck,a sandy beach,wide shot,overcast daylight,clean,a photorealistic color photo,"a photorealistic color photo of a utility truck semi truck in a sandy beach, wide shot, overcast daylight. single main subject, photorealistic color photo, natural colors, realistic texture, sharp focus on subject, no people, no text, no watermark, no logo, no border, no collage, no CGI, no illustration.","text, watermark, logo, caption, signature, border, frame, collage, multiple panels, cartoon, illustration, CGI, 3d render, low-poly, painting, anime, surreal, deformed, duplicate objects, extra limbs, blurry, out of focus, noise, oversaturated, posterized, artifacts, jpeg artifacts"
9561,truck,delivery truck,delivery truck,a backyard,high angle,indoor soft window light,clean,a detailed photograph,"a detailed photograph of a delivery truck delivery truck in a backyard, high angle, indoor soft window light. single main subject, photorealistic color photo, natural colors, realistic texture, sharp focus on subject, no people, no text, no watermark, no logo, no border, no collage, no CGI, no illustration.","text, watermark, logo, caption, signature, border, frame, collage, multiple panels, cartoon, illustration, CGI, 3d render, low-poly, painting, anime, surreal, deformed, duplicate objects, extra limbs, blurry, out of focus, noise, oversaturated, posterized, artifacts, jpeg artifacts"
9995,truck,dump truck,semi truck,a sandy beach,low angle,rainy with wet reflections,hard,an ultra-realistic rendering,"an ultra-realistic rendering of a dump truck semi truck in a sandy beach, low angle, rainy with wet reflections. slight motion blur. single main subject, photorealistic color photo, natural colors, realistic texture, sharp focus on subject, no people, no text, no watermark, no logo, no border, no collage, no CGI, no illustration.","text, watermark, logo, caption, signature, border, frame, collage, multiple panels, cartoon, illustration, CGI, 3d render, low-poly, painting, anime, surreal, deformed, duplicate objects, extra limbs, blurry, out of focus, noise, oversaturated, posterized, artifacts, jpeg artifacts"
9615,truck,dump truck,box truck,a sandy beach,slightly off-center framing,indoor soft window light,clean,a high-quality image,"a high-quality image of a dump truck box truck in a sandy beach, slightly off-center framing, indoor soft window light. single main subject, photorealistic color photo, natural colors, realistic texture, sharp focus on subject, no people, no text, no watermark, no logo, no border, no collage, no CGI, no illustration.","text, watermark, logo, caption, signature, border, frame, collage, multiple panels, cartoon, illustration, CGI, 3d render, low-poly, painting, anime, surreal, deformed, duplicate objects, extra limbs, blurry, out of focus, noise, oversaturated, posterized, artifacts, jpeg artifacts"
9985,truck,pickup truck,utility truck,a wet roadway after rain,cropped at the edge of the frame,rainy with wet reflections,hard,a finely detailed photo,"a finely detailed photo of a pickup truck utility truck in a wet roadway after rain, cropped at the edge of the frame, rainy with wet reflections. slight motion blur. single main subject, photorealistic color photo, natural colors, realistic texture, sharp focus on subject, no people, no text, no watermark, no logo, no border, no collage, no CGI, no illustration.","text, watermark, logo, caption, signature, border, frame, collage, multiple panels, cartoon, illustration, CGI, 3d render, low-poly, painting, anime, surreal, deformed, duplicate objects, extra limbs, blurry, out of focus, noise, oversaturated, posterized, artifacts, jpeg artifacts"
9271,truck,utility truck,utility truck,a forest clearing,front view,foggy morning,clean,a detailed photograph,"a detailed photograph of a utility truck utility truck in a forest clearing, front view, foggy morning. single main subject, photorealistic color photo, natural colors, realistic texture, sharp focus on subject, no people, no text, no watermark, no logo, no border, no collage, no CGI, no illustration.","text, watermark, logo, caption, signature, border, frame, collage, multiple panels, cartoon, illustration, CGI, 3d render, low-poly, painting, anime, surreal, deformed, duplicate objects, extra limbs, blurry, out of focus, noise, oversaturated, posterized, artifacts, jpeg artifacts"
9765,truck,utility truck,box truck,a suburban neighborhood,wide shot,golden hour,clean,a detailed photograph,"a detailed photograph of a utility truck box truck in a suburban neighborhood, wide shot, golden hour. single main subject, photorealistic color photo, natural colors, realistic texture, sharp focus on subject, no people, no text, no watermark, no logo, no border, no collage, no CGI, no illustration.","text, watermark, logo, caption, signature, border, frame, collage, multiple panels, cartoon, illustration, CGI, 3d render, low-poly, painting, anime, surreal, deformed, duplicate objects, extra limbs, blurry, out of focus, noise, oversaturated, posterized, artifacts, jpeg artifacts"
9090,truck,box truck,dump truck,an urban street,3/4 view,golden hour,clean,a finely detailed photo,"a finely detailed photo of a box truck dump truck in an urban street, 3/4 view, golden hour. single main subject, photorealistic color photo, natural colors, realistic texture, sharp focus on subject, no people, no text, no watermark, no logo, no border, no collage, no CGI, no illustration.","text, watermark, logo, caption, signature, border, frame, collage, multiple panels, cartoon, illustration, CGI, 3d render, low-poly, painting, anime, surreal, deformed, duplicate objects, extra limbs, blurry, out of focus, noise, oversaturated, posterized, artifacts, jpeg artifacts"
9458,truck,semi truck,pickup truck,a parking lot,3/4 view,foggy morning,clean,an ultra-realistic rendering,"an ultra-realistic rendering of a semi truck pickup truck in a parking lot, 3/4 view, foggy morning. single main subject, photorealistic color photo, natural colors, realistic texture, sharp focus on subject, no people, no text, no watermark, no logo, no border, no collage, no CGI, no illustration.","text, watermark, logo, caption, signature, border, frame, collage, multiple panels, cartoon, illustration, CGI, 3d render, low-poly, painting, anime, surreal, deformed, duplicate objects, extra limbs, blurry, out of focus, noise, oversaturated, posterized, artifacts, jpeg artifacts"
9523,truck,pickup truck,pickup truck,a grassy field,high angle,nighttime under streetlights,clean,a photorealistic color photo,"a photorealistic color photo of a pickup truck pickup truck in a grassy field, high angle, nighttime under streetlights. single main subject, photorealistic color photo, natural colors, realistic texture, sharp focus on subject, no people, no text, no watermark, no logo, no border, no collage, no CGI, no illustration.","text, watermark, logo, caption, signature, border, frame, collage, multiple panels, cartoon, illustration, CGI, 3d render, low-poly, painting, anime, surreal, deformed, duplicate objects, extra limbs, blurry, out of focus, noise, oversaturated, posterized, artifacts, jpeg artifacts"
9544,truck,semi truck,delivery truck,a backyard,high angle,overcast daylight,clean,a high-quality image,"a high-quality image of a semi truck delivery truck in a backyard, high angle, overcast daylight. single main subject, photorealistic color photo, natural colors, realistic texture, sharp focus on subject, no people, no text, no watermark, no logo, no border, no collage, no CGI, no illustration.","text, watermark, logo, caption, signature, border, frame, collage, multiple panels, cartoon, illustration, CGI, 3d render, low-poly, painting, anime, surreal, deformed, duplicate objects, extra limbs, blurry, out of focus, noise, oversaturated, posterized, artifacts, jpeg artifacts"
9650,truck,delivery truck,pickup truck,a backyard,close-up,backlit rim light,clean,an ultra-realistic rendering,"an ultra-realistic rendering of a delivery truck pickup truck in a backyard, close-up, backlit rim light. single main subject, photorealistic color photo, natural colors, realistic texture, sharp focus on subject, no people, no text, no watermark, no logo, no border, no collage, no CGI, no illustration.","text, watermark, logo, caption, signature, border, frame, collage, multiple panels, cartoon, illustration, CGI, 3d render, low-poly, painting, anime, surreal, deformed, duplicate objects, extra limbs, blurry, out of focus, noise, oversaturated, posterized, artifacts, jpeg artifacts"
9107,truck,pickup truck,delivery truck,a gravel lot,wide shot,nighttime under streetlights,clean,a photorealistic color photo,"a photorealistic color photo of a pickup truck delivery truck in a gravel lot, wide shot, nighttime under streetlights. single main subject, photorealistic color photo, natural colors, realistic texture, sharp focus on subject, no people, no text, no watermark, no logo, no border, no collage, no CGI, no illustration.","text, watermark, logo, caption, signature, border, frame, collage, multiple panels, cartoon, illustration, CGI, 3d render, low-poly, painting, anime, surreal, deformed, duplicate objects, extra limbs, blurry, out of focus, noise, oversaturated, posterized, artifacts, jpeg artifacts"
9677,truck,utility truck,dump truck,a forest clearing,low angle,foggy morning,clean,a high-quality image,"a high-quality image of a utility truck dump truck in a forest clearing, low angle, foggy morning. single main subject, photorealistic color photo, natural colors, realistic texture, sharp focus on subject, no people, no text, no watermark, no logo, no border, no collage, no CGI, no illustration.","text, watermark, logo, caption, signature, border, frame, collage, multiple panels, cartoon, illustration, CGI, 3d render, low-poly, painting, anime, surreal, deformed, duplicate objects, extra limbs, blurry, out of focus, noise, oversaturated, posterized, artifacts, jpeg artifacts"
9602,truck,semi truck,box truck,a city park,wide shot,golden hour,clean,a high-quality image,"a high-quality image of a semi truck box truck in a city park, wide shot, golden hour. single main subject, photorealistic color photo, natural colors, realistic texture, sharp focus on subject, no people, no text, no watermark, no logo, no border, no collage, no CGI, no illustration.","text, watermark, logo, caption, signature, border, frame, collage, multiple panels, cartoon, illustration, CGI, 3d render, low-poly, painting, anime, surreal, deformed, duplicate objects, extra limbs, blurry, out of focus, noise, oversaturated, posterized, artifacts, jpeg artifacts"
9446,truck,box truck,box truck,an urban street,high angle,foggy morning,clean,a detailed photograph,"a detailed photograph of a box truck box truck in an urban street, high angle, foggy morning. single main subject, photorealistic color photo, natural colors, realistic texture, sharp focus on subject, no people, no text, no watermark, no logo, no border, no collage, no CGI, no illustration.","text, watermark, logo, caption, signature, border, frame, collage, multiple panels, cartoon, illustration, CGI, 3d render, low-poly, painting, anime, surreal, deformed, duplicate objects, extra limbs, blurry, out of focus, noise, oversaturated, posterized, artifacts, jpeg artifacts"
9338,truck,pickup truck,semi truck,a gravel lot,side profile,rainy with wet reflections,clean,a high-quality image,"a high-quality image of a pickup truck semi truck in a gravel lot, side profile, rainy with wet reflections. single main subject, photorealistic color photo, natural colors, realistic texture, sharp focus on subject, no people, no text, no watermark, no logo, no border, no collage, no CGI, no illustration.","text, watermark, logo, caption, signature, border, frame, collage, multiple panels, cartoon, illustration, CGI, 3d render, low-poly, painting, anime, surreal, deformed, duplicate objects, extra limbs, blurry, out of focus, noise, oversaturated, posterized, artifacts, jpeg artifacts"
9014,truck,utility truck,pickup truck,a forest clearing,wide shot,overcast daylight,clean,a high-quality image,"a high-quality image of a utility truck pickup truck in a forest clearing, wide shot, overcast daylight. single main subject, photorealistic color photo, natural colors, realistic texture, sharp focus on subject, no people, no text, no watermark, no logo, no border, no collage, no CGI, no illustration.","text, watermark, logo, caption, signature, border, frame, collage, multiple panels, cartoon, illustration, CGI, 3d render, low-poly, painting, anime, surreal, deformed, duplicate objects, extra limbs, blurry, out of focus, noise, oversaturated, posterized, artifacts, jpeg artifacts"
9449,truck,semi truck,dump truck,a countryside road,low angle,golden hour,clean,a professional photo,"a professional photo of a semi truck dump truck in a countryside road, low angle, golden hour. single main subject, photorealistic color photo, natural colors, realistic texture, sharp focus on subject, no people, no text, no watermark, no logo, no border, no collage, no CGI, no illustration.","text, watermark, logo, caption, signature, border, frame, collage, multiple panels, cartoon, illustration, CGI, 3d render, low-poly, painting, anime, surreal, deformed, duplicate objects, extra limbs, blurry, out of focus, noise, oversaturated, posterized, artifacts, jpeg artifacts"
9228,truck,utility truck,delivery truck,an urban street,front view,nighttime under streetlights,clean,a finely detailed photo,"a finely detailed photo of a utility truck delivery truck in an urban street, front view, nighttime under streetlights. single main subject, photorealistic color photo, natural colors, realistic texture, sharp focus on subject, no people, no text, no watermark, no logo, no border, no collage, no CGI, no illustration.","text, watermark, logo, caption, signature, border, frame, collage, multiple panels, cartoon, illustration, CGI, 3d render, low-poly, painting, anime, surreal, deformed, duplicate objects, extra limbs, blurry, out of focus, noise, oversaturated, posterized, artifacts, jpeg artifacts"
9649,truck,semi truck,utility truck,a suburban neighborhood,slightly off-center framing,indoor soft window light,clean,an ultra-realistic rendering,"an ultra-realistic rendering of a semi truck utility truck in a suburban neighborhood, slightly off-center framing, indoor soft window light. single main subject, photorealistic color photo, natural colors, realistic texture, sharp focus on subject, no people, no text, no watermark, no logo, no border, no collage, no CGI, no illustration.","text, watermark, logo, caption, signature, border, frame, collage, multiple panels, cartoon, illustration, CGI, 3d render, low-poly, painting, anime, surreal, deformed, duplicate objects, extra limbs, blurry, out of focus, noise, oversaturated, posterized, artifacts, jpeg artifacts"
9483,truck,pickup truck,semi truck,an urban street,side profile,nighttime under streetlights,clean,a high-quality image,"a high-quality image of a pickup truck semi truck in an urban street, side profile, nighttime under streetlights. single main subject, photorealistic color photo, natural colors, realistic texture, sharp focus on subject, no people, no text, no watermark, no logo, no border, no collage, no CGI, no illustration.","text, watermark, logo, caption, signature, border, frame, collage, multiple panels, cartoon, illustration, CGI, 3d render, low-poly, painting, anime, surreal, deformed, duplicate objects, extra limbs, blurry, out of focus, noise, oversaturated, posterized, artifacts, jpeg artifacts"
9401,truck,delivery truck,box truck,a quiet residential street,slightly off-center framing,nighttime under streetlights,clean,a high-quality image,"a high-quality image of a delivery truck box truck in a quiet residential street, slightly off-center framing, nighttime under streetlights. single main subject, photorealistic color photo, natural colors, realistic texture, sharp focus on subject, no people, no text, no watermark, no logo, no border, no collage, no CGI, no illustration.","text, watermark, logo, caption, signature, border, frame, collage, multiple panels, cartoon, illustration, CGI, 3d render, low-poly, painting, anime, surreal, deformed, duplicate objects, extra limbs, blurry, out of focus, noise, oversaturated, posterized, artifacts, jpeg artifacts"
9655,truck,semi truck,box truck,an urban street,front view,rainy with wet reflections,clean,a photorealistic color photo,"a photorealistic color photo of a semi truck box truck in an urban street, front view, rainy with wet reflections. single main subject, photorealistic color photo, natural colors, realistic texture, sharp focus on subject, no people, no text, no watermark, no logo, no border, no collage, no CGI, no illustration.","text, watermark, logo, caption, signature, border, frame, collage, multiple panels, cartoon, illustration, CGI, 3d render, low-poly, painting, anime, surreal, deformed, duplicate objects, extra limbs, blurry, out of focus, noise, oversaturated, posterized, artifacts, jpeg artifacts"
9259,truck,utility truck,box truck,a forest clearing,3/4 view,sunny afternoon,clean,a detailed photograph,"a detailed photograph of a utility truck box truck in a forest clearing, 3/4 view, sunny afternoon. single main subject, photorealistic color photo, natural colors, realistic texture, sharp focus on subject, no people, no text, no watermark, no logo, no border, no collage, no CGI, no illustration.","text, watermark, logo, caption, signature, border, frame, collage, multiple panels, cartoon, illustration, CGI, 3d render, low-poly, painting, anime, surreal, deformed, duplicate objects, extra limbs, blurry, out of focus, noise, oversaturated, posterized, artifacts, jpeg artifacts"
9569,truck,delivery truck,dump truck,a countryside road,front view,backlit rim light,clean,a professional photo,"a professional photo of a delivery truck dump truck in a countryside road, front view, backlit rim light. single main subject, photorealistic color photo, natural colors, realistic texture, sharp focus on subject, no people, no text, no watermark, no logo, no border, no collage, no CGI, no illustration.","text, watermark, logo, caption, signature, border, frame, collage, multiple panels, cartoon, illustration, CGI, 3d render, low-poly, painting, anime, surreal, deformed, duplicate objects, extra limbs, blurry, out of focus, noise, oversaturated, posterized, artifacts, jpeg artifacts"
9001,truck,dump truck,delivery truck,a forest clearing,front view,backlit rim light,clean,a high-quality image,"a high-quality image of a dump truck delivery truck in a forest clearing, front view, backlit rim light. single main subject, photorealistic color photo, natural colors, realistic texture, sharp focus on subject, no people, no text, no watermark, no logo, no border, no collage, no CGI, no illustration.","text, watermark, logo, caption, signature, border, frame, collage, multiple panels, cartoon, illustration, CGI, 3d render, low-poly, painting, anime, surreal, deformed, duplicate objects, extra limbs, blurry, out of focus, noise, oversaturated, posterized, artifacts, jpeg artifacts"
9942,truck,box truck,delivery truck,a grassy field,slightly off-center framing,nighttime under streetlights,hard,a high-quality image,"a high-quality image of a box truck delivery truck in a grassy field, slightly off-center framing, nighttime under streetlights. partially occluded by a foreground object. single main subject, photorealistic color photo, natural colors, realistic texture, sharp focus on subject, no people, no text, no watermark, no logo, no border, no collage, no CGI, no illustration.","text, watermark, logo, caption, signature, border, frame, collage, multiple panels, cartoon, illustration, CGI, 3d render, low-poly, painting, anime, surreal, deformed, duplicate objects, extra limbs, blurry, out of focus, noise, oversaturated, posterized, artifacts, jpeg artifacts"
9880,truck,utility truck,utility truck,a grassy field,wide shot,rainy with wet reflections,hard,a high-quality image,"a high-quality image of a utility truck utility truck in a grassy field, wide shot, rainy with wet reflections. busy background but still one main subject. single main subject, photorealistic color photo, natural colors, realistic texture, sharp focus on subject, no people, no text, no watermark, no logo, no border, no collage, no CGI, no illustration.","text, watermark, logo, caption, signature, border, frame, collage, multiple panels, cartoon, illustration, CGI, 3d render, low-poly, painting, anime, surreal, deformed, duplicate objects, extra limbs, blurry, out of focus, noise, oversaturated, posterized, artifacts, jpeg artifacts"
9692,truck,box truck,semi truck,a city park,front view,overcast daylight,clean,an ultra-realistic rendering,"an ultra-realistic rendering of a box truck semi truck in a city park, front view, overcast daylight. single main subject, photorealistic color photo, natural colors, realistic texture, sharp focus on subject, no people, no text, no watermark, no logo, no border, no collage, no CGI, no illustration.","text, watermark, logo, caption, signature, border, frame, collage, multiple panels, cartoon, illustration, CGI, 3d render, low-poly, painting, anime, surreal, deformed, duplicate objects, extra limbs, blurry, out of focus, noise, oversaturated, posterized, artifacts, jpeg artifacts"
9240,truck,dump truck,delivery truck,a quiet residential street,high angle,foggy morning,clean,an ultra-realistic rendering,"an ultra-realistic rendering of a dump truck delivery truck in a quiet residential street, high angle, foggy morning. single main subject, photorealistic color photo, natural colors, realistic texture, sharp focus on subject, no people, no text, no watermark, no logo, no border, no collage, no CGI, no illustration.","text, watermark, logo, caption, signature, border, frame, collage, multiple panels, cartoon, illustration, CGI, 3d render, low-poly, painting, anime, surreal, deformed, duplicate objects, extra limbs, blurry, out of focus, noise, oversaturated, posterized, artifacts, jpeg artifacts"
9662,truck,utility truck,box truck,an industrial yard,low angle,rainy with wet reflections,clean,a high-quality image,"a high-quality image of a utility truck box truck in an industrial yard, low angle, rainy with wet reflections. single main subject, photorealistic color photo, natural colors, realistic texture, sharp focus on subject, no people, no text, no watermark, no logo, no border, no collage, no CGI, no illustration.","text, watermark, logo, caption, signature, border, frame, collage, multiple panels, cartoon, illustration, CGI, 3d render, low-poly, painting, anime, surreal, deformed, duplicate objects, extra limbs, blurry, out of focus, noise, oversaturated, posterized, artifacts, jpeg artifacts"
9939,truck,utility truck,delivery truck,a gravel lot,3/4 view,foggy morning,hard,a detailed photograph,"a detailed photograph of a utility truck delivery truck in a gravel lot, 3/4 view, foggy morning. cropped slightly. single main subject, photorealistic color photo, natural colors, realistic texture, sharp focus on subject, no people, no text, no watermark, no logo, no border, no collage, no CGI, no illustration.","text, watermark, logo, caption, signature, border, frame, collage, multiple panels, cartoon, illustration, CGI, 3d render, low-poly, painting, anime, surreal, deformed, duplicate objects, extra limbs, blurry, out of focus, noise, oversaturated, posterized, artifacts, jpeg artifacts"
9908,truck,pickup truck,pickup truck,a grassy field,distant subject in the background,indoor soft window light,hard,a professional photo,"a professional photo of a pickup truck pickup truck in a grassy field, distant subject in the background, indoor soft window light. cropped slightly. single main subject, photorealistic color photo, natural colors, realistic texture, sharp focus on subject, no people, no text, no watermark, no logo, no border, no collage, no CGI, no illustration.","text, watermark, logo, caption, signature, border, frame, collage, multiple panels, cartoon, illustration, CGI, 3d render, low-poly, painting, anime, surreal, deformed, duplicate objects, extra limbs, blurry, out of focus, noise, oversaturated, posterized, artifacts, jpeg artifacts"
9143,truck,utility truck,delivery truck,a backyard,close-up,foggy morning,clean,an ultra-realistic rendering,"an ultra-realistic rendering of a utility truck delivery truck in a backyard, close-up, foggy morning. single main subject, photorealistic color photo, natural colors, realistic texture, sharp focus on subject, no people, no text, no watermark, no logo, no border, no collage, no CGI, no illustration.","text, watermark, logo, caption, signature, border, frame, collage, multiple panels, cartoon, illustration, CGI, 3d render, low-poly, painting, anime, surreal, deformed, duplicate objects, extra limbs, blurry, out of focus, noise, oversaturated, posterized, artifacts, jpeg artifacts"
9809,truck,box truck,pickup truck,an urban street,front view,golden hour,hard,a professional photo,"a professional photo of a box truck pickup truck in an urban street, front view, golden hour. slight motion blur. single main subject, photorealistic color photo, natural colors, realistic texture, sharp focus on subject, no people, no text, no watermark, no logo, no border, no collage, no CGI, no illustration.","text, watermark, logo, caption, signature, border, frame, collage, multiple panels, cartoon, illustration, CGI, 3d render, low-poly, painting, anime, surreal, deformed, duplicate objects, extra limbs, blurry, out of focus, noise, oversaturated, posterized, artifacts, jpeg artifacts"
9613,truck,pickup truck,dump truck,a suburban neighborhood,3/4 view,foggy morning,clean,an ultra-realistic rendering,"an ultra-realistic rendering of a pickup truck dump truck in a suburban neighborhood, 3/4 view, foggy morning. single main subject, photorealistic color photo, natural colors, realistic texture, sharp focus on subject, no people, no text, no watermark, no logo, no border, no collage, no CGI, no illustration.","text, watermark, logo, caption, signature, border, frame, collage, multiple panels, cartoon, illustration, CGI, 3d render, low-poly, painting, anime, surreal, deformed, duplicate objects, extra limbs, blurry, out of focus, noise, oversaturated, posterized, artifacts, jpeg artifacts"
9639,truck,pickup truck,utility truck,a parking lot,high angle,foggy morning,clean,an ultra-realistic rendering,"an ultra-realistic rendering of a pickup truck utility truck in a parking lot, high angle, foggy morning. single main subject, photorealistic color photo, natural colors, realistic texture, sharp focus on subject, no people, no text, no watermark, no logo, no border, no collage, no CGI, no illustration.","text, watermark, logo, caption, signature, border, frame, collage, multiple panels, cartoon, illustration, CGI, 3d render, low-poly, painting, anime, surreal, deformed, duplicate objects, extra limbs, blurry, out of focus, noise, oversaturated, posterized, artifacts, jpeg artifacts"
9022,truck,dump truck,utility truck,a wet roadway after rain,slightly off-center framing,overcast daylight,clean,a high-quality image,"a high-quality image of a dump truck utility truck in a wet roadway after rain, slightly off-center framing, overcast daylight. single main subject, photorealistic color photo, natural colors, realistic texture, sharp focus on subject, no people, no text, no watermark, no logo, no border, no collage, no CGI, no illustration.","text, watermark, logo, caption, signature, border, frame, collage, multiple panels, cartoon, illustration, CGI, 3d render, low-poly, painting, anime, surreal, deformed, duplicate objects, extra limbs, blurry, out of focus, noise, oversaturated, posterized, artifacts, jpeg artifacts"
9941,truck,delivery truck,box truck,a backyard,close-up,nighttime under streetlights,hard,a finely detailed photo,"a finely detailed photo of a delivery truck box truck in a backyard, close-up, nighttime under streetlights. busy background but still one main subject. single main subject, photorealistic color photo, natural colors, realistic texture, sharp focus on subject, no people, no text, no watermark, no logo, no border, no collage, no CGI, no illustration.","text, watermark, logo, caption, signature, border, frame, collage, multiple panels, cartoon, illustration, CGI, 3d render, low-poly, painting, anime, surreal, deformed, duplicate objects, extra limbs, blurry, out of focus, noise, oversaturated, posterized, artifacts, jpeg artifacts"
9185,truck,box truck,pickup truck,a gravel lot,front view,golden hour,clean,a high-quality image,"a high-quality image of a box truck pickup truck in a gravel lot, front view, golden hour. single main subject, photorealistic color photo, natural colors, realistic texture, sharp focus on subject, no people, no text, no watermark, no logo, no border, no collage, no CGI, no illustration.","text, watermark, logo, caption, signature, border, frame, collage, multiple panels, cartoon, illustration, CGI, 3d render, low-poly, painting, anime, surreal, deformed, duplicate objects, extra limbs, blurry, out of focus, noise, oversaturated, posterized, artifacts, jpeg artifacts"
9706,truck,pickup truck,utility truck,a forest clearing,close-up,golden hour,clean,a detailed photograph,"a detailed photograph of a pickup truck utility truck in a forest clearing, close-up, golden hour. single main subject, photorealistic color photo, natural colors, realistic texture, sharp focus on subject, no people, no text, no watermark, no logo, no border, no collage, no CGI, no illustration.","text, watermark, logo, caption, signature, border, frame, collage, multiple panels, cartoon, illustration, CGI, 3d render, low-poly, painting, anime, surreal, deformed, duplicate objects, extra limbs, blurry, out of focus, noise, oversaturated, posterized, artifacts, jpeg artifacts"
9503,truck,dump truck,dump truck,an urban street,close-up,rainy with wet reflections,clean,a professional photo,"a professional photo of a dump truck dump truck in an urban street, close-up, rainy with wet reflections. single main subject, photorealistic color photo, natural colors, realistic texture, sharp focus on subject, no people, no text, no watermark, no logo, no border, no collage, no CGI, no illustration.","text, watermark, logo, caption, signature, border, frame, collage, multiple panels, cartoon, illustration, CGI, 3d render, low-poly, painting, anime, surreal, deformed, duplicate objects, extra limbs, blurry, out of focus, noise, oversaturated, posterized, artifacts, jpeg artifacts"
9548,truck,semi truck,semi truck,a parking lot,low angle,golden hour,clean,a photorealistic color photo,"a photorealistic color photo of a semi truck semi truck in a parking lot, low angle, golden hour. single main subject, photorealistic color photo, natural colors, realistic texture, sharp focus on subject, no people, no text, no watermark, no logo, no border, no collage, no CGI, no illustration.","text, watermark, logo, caption, signature, border, frame, collage, multiple panels, cartoon, illustration, CGI, 3d render, low-poly, painting, anime, surreal, deformed, duplicate objects, extra limbs, blurry, out of focus, noise, oversaturated, posterized, artifacts, jpeg artifacts"
9140,truck,semi truck,box truck,an industrial yard,close-up,backlit rim light,clean,a finely detailed photo,"a finely detailed photo of a semi truck box truck in an industrial yard, close-up, backlit rim light. single main subject, photorealistic color photo, natural colors, realistic texture, sharp focus on subject, no people, no text, no watermark, no logo, no border, no collage, no CGI, no illustration.","text, watermark, logo, caption, signature, border, frame, collage, multiple panels, cartoon, illustration, CGI, 3d render, low-poly, painting, anime, surreal, deformed, duplicate objects, extra limbs, blurry, out of focus, noise, oversaturated, posterized, artifacts, jpeg artifacts"
9614,truck,pickup truck,pickup truck,a countryside road,front view,sunny afternoon,clean,a high-quality image,"a high-quality image of a pickup truck pickup truck in a countryside road, front view, sunny afternoon. single main subject, photorealistic color photo, natural colors, realistic texture, sharp focus on subject, no people, no text, no watermark, no logo, no border, no collage, no CGI, no illustration.","text, watermark, logo, caption, signature, border, frame, collage, multiple panels, cartoon, illustration, CGI, 3d render, low-poly, painting, anime, surreal, deformed, duplicate objects, extra limbs, blurry, out of focus, noise, oversaturated, posterized, artifacts, jpeg artifacts"
9133,truck,pickup truck,delivery truck,an urban street,high angle,golden hour,clean,a professional photo,"a professional photo of a pickup truck delivery truck in an urban street, high angle, golden hour. single main subject, photorealistic color photo, natural colors, realistic texture, sharp focus on subject, no people, no text, no watermark, no logo, no border, no collage, no CGI, no illustration.","text, watermark, logo, caption, signature, border, frame, collage, multiple panels, cartoon, illustration, CGI, 3d render, low-poly, painting, anime, surreal, deformed, duplicate objects, extra limbs, blurry, out of focus, noise, oversaturated, posterized, artifacts, jpeg artifacts"
9720,truck,utility truck,utility truck,a quiet residential street,side profile,nighttime under streetlights,clean,a high-quality image,"a high-quality image of a utility truck utility truck in a quiet residential street, side profile, nighttime under streetlights. single main subject, photorealistic color photo, natural colors, realistic texture, sharp focus on subject, no people, no text, no watermark, no logo, no border, no collage, no CGI, no illustration.","text, watermark, logo, caption, signature, border, frame, collage, multiple panels, cartoon, illustration, CGI, 3d render, low-poly, painting, anime, surreal, deformed, duplicate objects, extra limbs, blurry, out of focus, noise, oversaturated, posterized, artifacts, jpeg artifacts"
9109,truck,pickup truck,delivery truck,a grassy field,side profile,backlit rim light,clean,a finely detailed photo,"a finely detailed photo of a pickup truck delivery truck in a grassy field, side profile, backlit rim light. single main subject, photorealistic color photo, natural colors, realistic texture, sharp focus on subject, no people, no text, no watermark, no logo, no border, no collage, no CGI, no illustration.","text, watermark, logo, caption, signature, border, frame, collage, multiple panels, cartoon, illustration, CGI, 3d render, low-poly, painting, anime, surreal, deformed, duplicate objects, extra limbs, blurry, out of focus, noise, oversaturated, posterized, artifacts, jpeg artifacts"
9537,truck,box truck,semi truck,a suburban neighborhood,slightly off-center framing,foggy morning,clean,a high-quality image,"a high-quality image of a box truck semi truck in a suburban neighborhood, slightly off-center framing, foggy morning. single main subject, photorealistic color photo, natural colors, realistic texture, sharp focus on subject, no people, no text, no watermark, no logo, no border, no collage, no CGI, no illustration.","text, watermark, logo, caption, signature, border, frame, collage, multiple panels, cartoon, illustration, CGI, 3d render, low-poly, painting, anime, surreal, deformed, duplicate objects, extra limbs, blurry, out of focus, noise, oversaturated, posterized, artifacts, jpeg artifacts"
9128,truck,semi truck,dump truck,an industrial yard,front view,sunny afternoon,clean,a finely detailed photo,"a finely detailed photo of a semi truck dump truck in an industrial yard, front view, sunny afternoon. single main subject, photorealistic color photo, natural colors, realistic texture, sharp focus on subject, no people, no text, no watermark, no logo, no border, no collage, no CGI, no illustration.","text, watermark, logo, caption, signature, border, frame, collage, multiple panels, cartoon, illustration, CGI, 3d render, low-poly, painting, anime, surreal, deformed, duplicate objects, extra limbs, blurry, out of focus, noise, oversaturated, posterized, artifacts, jpeg artifacts"
9036,truck,delivery truck,semi truck,a parking lot,low angle,rainy with wet reflections,clean,a high-quality image,"a high-quality image of a delivery truck semi truck in a parking lot, low angle, rainy with wet reflections. single main subject, photorealistic color photo, natural colors, realistic texture, sharp focus on subject, no people, no text, no watermark, no logo, no border, no collage, no CGI, no illustration.","text, watermark, logo, caption, signature, border, frame, collage, multiple panels, cartoon, illustration, CGI, 3d render, low-poly, painting, anime, surreal, deformed, duplicate objects, extra limbs, blurry, out of focus, noise, oversaturated, posterized, artifacts, jpeg artifacts"
9447,truck,dump truck,utility truck,an urban street,side profile,overcast daylight,clean,a detailed photograph,"a detailed photograph of a dump truck utility truck in an urban street, side profile, overcast daylight. single main subject, photorealistic color photo, natural colors, realistic texture, sharp focus on subject, no people, no text, no watermark, no logo, no border, no collage, no CGI, no illustration.","text, watermark, logo, caption, signature, border, frame, collage, multiple panels, cartoon, illustration, CGI, 3d render, low-poly, painting, anime, surreal, deformed, duplicate objects, extra limbs, blurry, out of focus, noise, oversaturated, posterized, artifacts, jpeg artifacts"
9912,truck,utility truck,pickup truck,a sandy beach,distant subject in the background,nighttime under streetlights,hard,a professional photo,"a professional photo of a utility truck pickup truck in a sandy beach, distant subject in the background, nighttime under streetlights. partially occluded by a foreground object. single main subject, photorealistic color photo, natural colors, realistic texture, sharp focus on subject, no people, no text, no watermark, no logo, no border, no collage, no CGI, no illustration.","text, watermark, logo, caption, signature, border, frame, collage, multiple panels, cartoon, illustration, CGI, 3d render, low-poly, painting, anime, surreal, deformed, duplicate objects, extra limbs, blurry, out of focus, noise, oversaturated, posterized, artifacts, jpeg artifacts"
9717,truck,utility truck,box truck,a wet roadway after rain,slightly off-center framing,foggy morning,clean,a photorealistic color photo,"a photorealistic color photo of a utility truck box truck in a wet roadway after rain, slightly off-center framing, foggy morning. single main subject, photorealistic color photo, natural colors, realistic texture, sharp focus on subject, no people, no text, no watermark, no logo, no border, no collage, no CGI, no illustration.","text, watermark, logo, caption, signature, border, frame, collage, multiple panels, cartoon, illustration, CGI, 3d render, low-poly, painting, anime, surreal, deformed, duplicate objects, extra limbs, blurry, out of focus, noise, oversaturated, posterized, artifacts, jpeg artifacts"
9906,truck,semi truck,box truck,an urban street,front view,overcast daylight,hard,a finely detailed photo,"a finely detailed photo of a semi truck box truck in an urban street, front view, overcast daylight. slight motion blur. single main subject, photorealistic color photo, natural colors, realistic texture, sharp focus on subject, no people, no text, no watermark, no logo, no border, no collage, no CGI, no illustration.","text, watermark, logo, caption, signature, border, frame, collage, multiple panels, cartoon, illustration, CGI, 3d render, low-poly, painting, anime, surreal, deformed, duplicate objects, extra limbs, blurry, out of focus, noise, oversaturated, posterized, artifacts, jpeg artifacts"
9027,truck,semi truck,delivery truck,a suburban neighborhood,low angle,indoor soft window light,clean,a photorealistic color photo,"a photorealistic color photo of a semi truck delivery truck in a suburban neighborhood, low angle, indoor soft window light. single main subject, photorealistic color photo, natural colors, realistic texture, sharp focus on subject, no people, no text, no watermark, no logo, no border, no collage, no CGI, no illustration.","text, watermark, logo, caption, signature, border, frame, collage, multiple panels, cartoon, illustration, CGI, 3d render, low-poly, painting, anime, surreal, deformed, duplicate objects, extra limbs, blurry, out of focus, noise, oversaturated, posterized, artifacts, jpeg artifacts"
9881,truck,pickup truck,box truck,a gravel lot,3/4 view,rainy with wet reflections,hard,a professional photo,"a professional photo of a pickup truck box truck in a gravel lot, 3/4 view, rainy with wet reflections. busy background but still one main subject. single main subject, photorealistic color photo, natural colors, realistic texture, sharp focus on subject, no people, no text, no watermark, no logo, no border, no collage, no CGI, no illustration.","text, watermark, logo, caption, signature, border, frame, collage, multiple panels, cartoon, illustration, CGI, 3d render, low-poly, painting, anime, surreal, deformed, duplicate objects, extra limbs, blurry, out of focus, noise, oversaturated, posterized, artifacts, jpeg artifacts"
9536,truck,dump truck,box truck,an urban street,front view,foggy morning,clean,a finely detailed photo,"a finely detailed photo of a dump truck box truck in an urban street, front view, foggy morning. single main subject, photorealistic color photo, natural colors, realistic texture, sharp focus on subject, no people, no text, no watermark, no logo, no border, no collage, no CGI, no illustration.","text, watermark, logo, caption, signature, border, frame, collage, multiple panels, cartoon, illustration, CGI, 3d render, low-poly, painting, anime, surreal, deformed, duplicate objects, extra limbs, blurry, out of focus, noise, oversaturated, posterized, artifacts, jpeg artifacts"
9823,truck,pickup truck,pickup truck,a city park,high angle,nighttime under streetlights,hard,a high-quality image,"a high-quality image of a pickup truck pickup truck in a city park, high angle, nighttime under streetlights. partially occluded by a foreground object. single main subject, photorealistic color photo, natural colors, realistic texture, sharp focus on subject, no people, no text, no watermark, no logo, no border, no collage, no CGI, no illustration.","text, watermark, logo, caption, signature, border, frame, collage, multiple panels, cartoon, illustration, CGI, 3d render, low-poly, painting, anime, surreal, deformed, duplicate objects, extra limbs, blurry, out of focus, noise, oversaturated, posterized, artifacts, jpeg artifacts"
9747,truck,semi truck,dump truck,a sandy beach,slightly off-center framing,golden hour,clean,a photorealistic color photo,"a photorealistic color photo of a semi truck dump truck in a sandy beach, slightly off-center framing, golden hour. single main subject, photorealistic color photo, natural colors, realistic texture, sharp focus on subject, no people, no text, no watermark, no logo, no border, no collage, no CGI, no illustration.","text, watermark, logo, caption, signature, border, frame, collage, multiple panels, cartoon, illustration, CGI, 3d render, low-poly, painting, anime, surreal, deformed, duplicate objects, extra limbs, blurry, out of focus, noise, oversaturated, posterized, artifacts, jpeg artifacts"
9786,truck,dump truck,utility truck,a gravel lot,wide shot,rainy with wet reflections,clean,an ultra-realistic rendering,"an ultra-realistic rendering of a dump truck utility truck in a gravel lot, wide shot, rainy with wet reflections. single main subject, photorealistic color photo, natural colors, realistic texture, sharp focus on subject, no people, no text, no watermark, no logo, no border, no collage, no CGI, no illustration.","text, watermark, logo, caption, signature, border, frame, collage, multiple panels, cartoon, illustration, CGI, 3d render, low-poly, painting, anime, surreal, deformed, duplicate objects, extra limbs, blurry, out of focus, noise, oversaturated, posterized, artifacts, jpeg artifacts"
9606,truck,box truck,pickup truck,a suburban neighborhood,low angle,indoor soft window light,clean,a professional photo,"a professional photo of a box truck pickup truck in a suburban neighborhood, low angle, indoor soft window light. single main subject, photorealistic color photo, natural colors, realistic texture, sharp focus on subject, no people, no text, no watermark, no logo, no border, no collage, no CGI, no illustration.","text, watermark, logo, caption, signature, border, frame, collage, multiple panels, cartoon, illustration, CGI, 3d render, low-poly, painting, anime, surreal, deformed, duplicate objects, extra limbs, blurry, out of focus, noise, oversaturated, posterized, artifacts, jpeg artifacts"
9653,truck,pickup truck,pickup truck,a gravel lot,side profile,nighttime under streetlights,clean,a finely detailed photo,"a finely detailed photo of a pickup truck pickup truck in a gravel lot, side profile, nighttime under streetlights. single main subject, photorealistic color photo, natural colors, realistic texture, sharp focus on subject, no people, no text, no watermark, no logo, no border, no collage, no CGI, no illustration.","text, watermark, logo, caption, signature, border, frame, collage, multiple panels, cartoon, illustration, CGI, 3d render, low-poly, painting, anime, surreal, deformed, duplicate objects, extra limbs, blurry, out of focus, noise, oversaturated, posterized, artifacts, jpeg artifacts"
9366,truck,delivery truck,delivery truck,a city park,low angle,foggy morning,clean,a high-quality image,"a high-quality image of a delivery truck delivery truck in a city park, low angle, foggy morning. single main subject, photorealistic color photo, natural colors, realistic texture, sharp focus on subject, no people, no text, no watermark, no logo, no border, no collage, no CGI, no illustration.","text, watermark, logo, caption, signature, border, frame, collage, multiple panels, cartoon, illustration, CGI, 3d render, low-poly, painting, anime, surreal, deformed, duplicate objects, extra limbs, blurry, out of focus, noise, oversaturated, posterized, artifacts, jpeg artifacts"
9296,truck,semi truck,pickup truck,a sandy beach,high angle,overcast daylight,clean,a detailed photograph,"a detailed photograph of a semi truck pickup truck in a sandy beach, high angle, overcast daylight. single main subject, photorealistic color photo, natural colors, realistic texture, sharp focus on subject, no people, no text, no watermark, no logo, no border, no collage, no CGI, no illustration.","text, watermark, logo, caption, signature, border, frame, collage, multiple panels, cartoon, illustration, CGI, 3d render, low-poly, painting, anime, surreal, deformed, duplicate objects, extra limbs, blurry, out of focus, noise, oversaturated, posterized, artifacts, jpeg artifacts"
9564,truck,dump truck,dump truck,an urban street,wide shot,rainy with wet reflections,clean,an ultra-realistic rendering,"an ultra-realistic rendering of a dump truck dump truck in an urban street, wide shot, rainy with wet reflections. single main subject, photorealistic color photo, natural colors, realistic texture, sharp focus on subject, no people, no text, no watermark, no logo, no border, no collage, no CGI, no illustration.","text, watermark, logo, caption, signature, border, frame, collage, multiple panels, cartoon, illustration, CGI, 3d render, low-poly, painting, anime, surreal, deformed, duplicate objects, extra limbs, blurry, out of focus, noise, oversaturated, posterized, artifacts, jpeg artifacts"
9784,truck,dump truck,delivery truck,a lakeside shore,low angle,backlit rim light,clean,an ultra-realistic rendering,"an ultra-realistic rendering of a dump truck delivery truck in a lakeside shore, low angle, backlit rim light. single main subject, photorealistic color photo, natural colors, realistic texture, sharp focus on subject, no people, no text, no watermark, no logo, no border, no collage, no CGI, no illustration.","text, watermark, logo, caption, signature, border, frame, collage, multiple panels, cartoon, illustration, CGI, 3d render, low-poly, painting, anime, surreal, deformed, duplicate objects, extra limbs, blurry, out of focus, noise, oversaturated, posterized, artifacts, jpeg artifacts"
9175,truck,delivery truck,utility truck,a city park,3/4 view,golden hour,clean,a finely detailed photo,"a finely detailed photo of a delivery truck utility truck in a city park, 3/4 view, golden hour. single main subject, photorealistic color photo, natural colors, realistic texture, sharp focus on subject, no people, no text, no watermark, no logo, no border, no collage, no CGI, no illustration.","text, watermark, logo, caption, signature, border, frame, collage, multiple panels, cartoon, illustration, CGI, 3d render, low-poly, painting, anime, surreal, deformed, duplicate objects, extra limbs, blurry, out of focus, noise, oversaturated, posterized, artifacts, jpeg artifacts"
9290,truck,utility truck,utility truck,a quiet residential street,slightly off-center framing,nighttime under streetlights,clean,a high-quality image,"a high-quality image of a utility truck utility truck in a quiet residential street, slightly off-center framing, nighttime under streetlights. single main subject, photorealistic color photo, natural colors, realistic texture, sharp focus on subject, no people, no text, no watermark, no logo, no border, no collage, no CGI, no illustration.","text, watermark, logo, caption, signature, border, frame, collage, multiple panels, cartoon, illustration, CGI, 3d render, low-poly, painting, anime, surreal, deformed, duplicate objects, extra limbs, blurry, out of focus, noise, oversaturated, posterized, artifacts, jpeg artifacts"
9137,truck,semi truck,pickup truck,a countryside road,high angle,nighttime under streetlights,clean,a detailed photograph,"a detailed photograph of a semi truck pickup truck in a countryside road, high angle, nighttime under streetlights. single main subject, photorealistic color photo, natural colors, realistic texture, sharp focus on subject, no people, no text, no watermark, no logo, no border, no collage, no CGI, no illustration.","text, watermark, logo, caption, signature, border, frame, collage, multiple panels, cartoon, illustration, CGI, 3d render, low-poly, painting, anime, surreal, deformed, duplicate objects, extra limbs, blurry, out of focus, noise, oversaturated, posterized, artifacts, jpeg artifacts"
9151,truck,dump truck,dump truck,a backyard,wide shot,foggy morning,clean,a high-quality image,"a high-quality image of a dump truck dump truck in a backyard, wide shot, foggy morning. single main subject, photorealistic color photo, natural colors, realistic texture, sharp focus on subject, no people, no text, no watermark, no logo, no border, no collage, no CGI, no illustration.","text, watermark, logo, caption, signature, border, frame, collage, multiple panels, cartoon, illustration, CGI, 3d render, low-poly, painting, anime, surreal, deformed, duplicate objects, extra limbs, blurry, out of focus, noise, oversaturated, posterized, artifacts, jpeg artifacts"
9666,truck,semi truck,box truck,a sandy beach,slightly off-center framing,backlit rim light,clean,a photorealistic color photo,"a photorealistic color photo of a semi truck box truck in a sandy beach, slightly off-center framing, backlit rim light. single main subject, photorealistic color photo, natural colors, realistic texture, sharp focus on subject, no people, no text, no watermark, no logo, no border, no collage, no CGI, no illustration.","text, watermark, logo, caption, signature, border, frame, collage, multiple panels, cartoon, illustration, CGI, 3d render, low-poly, painting, anime, surreal, deformed, duplicate objects, extra limbs, blurry, out of focus, noise, oversaturated, posterized, artifacts, jpeg artifacts"
9116,truck,utility truck,delivery truck,a countryside road,close-up,indoor soft window light,clean,a detailed photograph,"a detailed photograph of a utility truck delivery truck in a countryside road, close-up, indoor soft window light. single main subject, photorealistic color photo, natural colors, realistic texture, sharp focus on subject, no people, no text, no watermark, no logo, no border, no collage, no CGI, no illustration.","text, watermark, logo, caption, signature, border, frame, collage, multiple panels, cartoon, illustration, CGI, 3d render, low-poly, painting, anime, surreal, deformed, duplicate objects, extra limbs, blurry, out of focus, noise, oversaturated, posterized, artifacts, jpeg artifacts"
9735,truck,pickup truck,box truck,an urban street,side profile,indoor soft window light,clean,a finely detailed photo,"a finely detailed photo of a pickup truck box truck in an urban street, side profile, indoor soft window light. single main subject, photorealistic color photo, natural colors, realistic texture, sharp focus on subject, no people, no text, no watermark, no logo, no border, no collage, no CGI, no illustration.","text, watermark, logo, caption, signature, border, frame, collage, multiple panels, cartoon, illustration, CGI, 3d render, low-poly, painting, anime, surreal, deformed, duplicate objects, extra limbs, blurry, out of focus, noise, oversaturated, posterized, artifacts, jpeg artifacts"
9055,truck,dump truck,delivery truck,an industrial yard,close-up,backlit rim light,clean,an ultra-realistic rendering,"an ultra-realistic rendering of a dump truck delivery truck in an industrial yard, close-up, backlit rim light. single main subject, photorealistic color photo, natural colors, realistic texture, sharp focus on subject, no people, no text, no watermark, no logo, no border, no collage, no CGI, no illustration.","text, watermark, logo, caption, signature, border, frame, collage, multiple panels, cartoon, illustration, CGI, 3d render, low-poly, painting, anime, surreal, deformed, duplicate objects, extra limbs, blurry, out of focus, noise, oversaturated, posterized, artifacts, jpeg artifacts"
9586,truck,delivery truck,utility truck,a suburban neighborhood,front view,indoor soft window light,clean,an ultra-realistic rendering,"an ultra-realistic rendering of a delivery truck utility truck in a suburban neighborhood, front view, indoor soft window light. single main subject, photorealistic color photo, natural colors, realistic texture, sharp focus on subject, no people, no text, no watermark, no logo, no border, no collage, no CGI, no illustration.","text, watermark, logo, caption, signature, border, frame, collage, multiple panels, cartoon, illustration, CGI, 3d render, low-poly, painting, anime, surreal, deformed, duplicate objects, extra limbs, blurry, out of focus, noise, oversaturated, posterized, artifacts, jpeg artifacts"
9489,truck,delivery truck,utility truck,a sandy beach,3/4 view,golden hour,clean,a photorealistic color photo,"a photorealistic color photo of a delivery truck utility truck in a sandy beach, 3/4 view, golden hour. single main subject, photorealistic color photo, natural colors, realistic texture, sharp focus on subject, no people, no text, no watermark, no logo, no border, no collage, no CGI, no illustration.","text, watermark, logo, caption, signature, border, frame, collage, multiple panels, cartoon, illustration, CGI, 3d render, low-poly, painting, anime, surreal, deformed, duplicate objects, extra limbs, blurry, out of focus, noise, oversaturated, posterized, artifacts, jpeg artifacts"
9923,truck,delivery truck,delivery truck,an urban street,close-up,sunny afternoon,hard,a high-quality image,"a high-quality image of a delivery truck delivery truck in an urban street, close-up, sunny afternoon. partially occluded by a foreground object. single main subject, photorealistic color photo, natural colors, realistic texture, sharp focus on subject, no people, no text, no watermark, no logo, no border, no collage, no CGI, no illustration.","text, watermark, logo, caption, signature, border, frame, collage, multiple panels, cartoon, illustration, CGI, 3d render, low-poly, painting, anime, surreal, deformed, duplicate objects, extra limbs, blurry, out of focus, noise, oversaturated, posterized, artifacts, jpeg artifacts"
9759,truck,box truck,semi truck,a grassy field,front view,golden hour,clean,a finely detailed photo,"a finely detailed photo of a box truck semi truck in a grassy field, front view, golden hour. single main subject, photorealistic color photo, natural colors, realistic texture, sharp focus on subject, no people, no text, no watermark, no logo, no border, no collage, no CGI, no illustration.","text, watermark, logo, caption, signature, border, frame, collage, multiple panels, cartoon, illustration, CGI, 3d render, low-poly, painting, anime, surreal, deformed, duplicate objects, extra limbs, blurry, out of focus, noise, oversaturated, posterized, artifacts, jpeg artifacts"
9487,truck,pickup truck,utility truck,an urban street,wide shot,backlit rim light,clean,a professional photo,"a professional photo of a pickup truck utility truck in an urban street, wide shot, backlit rim light. single main subject, photorealistic color photo, natural colors, realistic texture, sharp focus on subject, no people, no text, no watermark, no logo, no border, no collage, no CGI, no illustration.","text, watermark, logo, caption, signature, border, frame, collage, multiple panels, cartoon, illustration, CGI, 3d render, low-poly, painting, anime, surreal, deformed, duplicate objects, extra limbs, blurry, out of focus, noise, oversaturated, posterized, artifacts, jpeg artifacts"
9304,truck,dump truck,delivery truck,a forest clearing,slightly off-center framing,indoor soft window light,clean,a finely detailed photo,"a finely detailed photo of a dump truck delivery truck in a forest clearing, slightly off-center framing, indoor soft window light. single main subject, photorealistic color photo, natural colors, realistic texture, sharp focus on subject, no people, no text, no watermark, no logo, no border, no collage, no CGI, no illustration.","text, watermark, logo, caption, signature, border, frame, collage, multiple panels, cartoon, illustration, CGI, 3d render, low-poly, painting, anime, surreal, deformed, duplicate objects, extra limbs, blurry, out of focus, noise, oversaturated, posterized, artifacts, jpeg artifacts"
9781,truck,dump truck,semi truck,a sandy beach,front view,rainy with wet reflections,clean,a detailed photograph,"a detailed photograph of a dump truck semi truck in a sandy beach, front view, rainy with wet reflections. single main subject, photorealistic color photo, natural colors, realistic texture, sharp focus on subject, no people, no text, no watermark, no logo, no border, no collage, no CGI, no illustration.","text, watermark, logo, caption, signature, border, frame, collage, multiple panels, cartoon, illustration, CGI, 3d render, low-poly, painting, anime, surreal, deformed, duplicate objects, extra limbs, blurry, out of focus, noise, oversaturated, posterized, artifacts, jpeg artifacts"
9572,truck,dump truck,utility truck,a suburban neighborhood,low angle,golden hour,clean,a photorealistic color photo,"a photorealistic color photo of a dump truck utility truck in a suburban neighborhood, low angle, golden hour. single main subject, photorealistic color photo, natural colors, realistic texture, sharp focus on subject, no people, no text, no watermark, no logo, no border, no collage, no CGI, no illustration.","text, watermark, logo, caption, signature, border, frame, collage, multiple panels, cartoon, illustration, CGI, 3d render, low-poly, painting, anime, surreal, deformed, duplicate objects, extra limbs, blurry, out of focus, noise, oversaturated, posterized, artifacts, jpeg artifacts"
9106,truck,pickup truck,pickup truck,a gravel lot,slightly off-center framing,sunny afternoon,clean,a professional photo,"a professional photo of a pickup truck pickup truck in a gravel lot, slightly off-center framing, sunny afternoon. single main subject, photorealistic color photo, natural colors, realistic texture, sharp focus on subject, no people, no text, no watermark, no logo, no border, no collage, no CGI, no illustration.","text, watermark, logo, caption, signature, border, frame, collage, multiple panels, cartoon, illustration, CGI, 3d render, low-poly, painting, anime, surreal, deformed, duplicate objects, extra limbs, blurry, out of focus, noise, oversaturated, posterized, artifacts, jpeg artifacts"
9815,truck,pickup truck,dump truck,a gravel lot,3/4 view,sunny afternoon,hard,an ultra-realistic rendering,"an ultra-realistic rendering of a pickup truck dump truck in a gravel lot, 3/4 view, sunny afternoon. in the distance. single main subject, photorealistic color photo, natural colors, realistic texture, sharp focus on subject, no people, no text, no watermark, no logo, no border, no collage, no CGI, no illustration.","text, watermark, logo, caption, signature, border, frame, collage, multiple panels, cartoon, illustration, CGI, 3d render, low-poly, painting, anime, surreal, deformed, duplicate objects, extra limbs, blurry, out of focus, noise, oversaturated, posterized, artifacts, jpeg artifacts"
9925,truck,dump truck,pickup truck,an urban street,wide shot,rainy with wet reflections,hard,a professional photo,"a professional photo of a dump truck pickup truck in an urban street, wide shot, rainy with wet reflections. in the distance. single main subject, photorealistic color photo, natural colors, realistic texture, sharp focus on subject, no people, no text, no watermark, no logo, no border, no collage, no CGI, no illustration.","text, watermark, logo, caption, signature, border, frame, collage, multiple panels, cartoon, illustration, CGI, 3d render, low-poly, painting, anime, surreal, deformed, duplicate objects, extra limbs, blurry, out of focus, noise, oversaturated, posterized, artifacts, jpeg artifacts"
9872,truck,box truck,utility truck,an urban street,front view,sunny afternoon,hard,a detailed photograph,"a detailed photograph of a box truck utility truck in an urban street, front view, sunny afternoon. slight motion blur. single main subject, photorealistic color photo, natural colors, realistic texture, sharp focus on subject, no people, no text, no watermark, no logo, no border, no collage, no CGI, no illustration.","text, watermark, logo, caption, signature, border, frame, collage, multiple panels, cartoon, illustration, CGI, 3d render, low-poly, painting, anime, surreal, deformed, duplicate objects, extra limbs, blurry, out of focus, noise, oversaturated, posterized, artifacts, jpeg artifacts"
9551,truck,pickup truck,utility truck,a wet roadway after rain,side profile,foggy morning,clean,a high-quality image,"a high-quality image of a pickup truck utility truck in a wet roadway after rain, side profile, foggy morning. single main subject, photorealistic color photo, natural colors, realistic texture, sharp focus on subject, no people, no text, no watermark, no logo, no border, no collage, no CGI, no illustration.","text, watermark, logo, caption, signature, border, frame, collage, multiple panels, cartoon, illustration, CGI, 3d render, low-poly, painting, anime, surreal, deformed, duplicate objects, extra limbs, blurry, out of focus, noise, oversaturated, posterized, artifacts, jpeg artifacts"
9997,truck,utility truck,semi truck,a gravel lot,side profile,foggy morning,hard,a detailed photograph,"a detailed photograph of a utility truck semi truck in a gravel lot, side profile, foggy morning. slight motion blur. single main subject, photorealistic color photo, natural colors, realistic texture, sharp focus on subject, no people, no text, no watermark, no logo, no border, no collage, no CGI, no illustration.","text, watermark, logo, caption, signature, border, frame, collage, multiple panels, cartoon, illustration, CGI, 3d render, low-poly, painting, anime, surreal, deformed, duplicate objects, extra limbs, blurry, out of focus, noise, oversaturated, posterized, artifacts, jpeg artifacts"
9139,truck,box truck,utility truck,a backyard,low angle,sunny afternoon,clean,a photorealistic color photo,"a photorealistic color photo of a box truck utility truck in a backyard, low angle, sunny afternoon. single main subject, photorealistic color photo, natural colors, realistic texture, sharp focus on subject, no people, no text, no watermark, no logo, no border, no collage, no CGI, no illustration.","text, watermark, logo, caption, signature, border, frame, collage, multiple panels, cartoon, illustration, CGI, 3d render, low-poly, painting, anime, surreal, deformed, duplicate objects, extra limbs, blurry, out of focus, noise, oversaturated, posterized, artifacts, jpeg artifacts"
9199,truck,semi truck,semi truck,an industrial yard,front view,rainy with wet reflections,clean,a high-quality image,"a high-quality image of a semi truck semi truck in an industrial yard, front view, rainy with wet reflections. single main subject, photorealistic color photo, natural colors, realistic texture, sharp focus on subject, no people, no text, no watermark, no logo, no border, no collage, no CGI, no illustration.","text, watermark, logo, caption, signature, border, frame, collage, multiple panels, cartoon, illustration, CGI, 3d render, low-poly, painting, anime, surreal, deformed, duplicate objects, extra limbs, blurry, out of focus, noise, oversaturated, posterized, artifacts, jpeg artifacts"
9181,truck,delivery truck,semi truck,a wet roadway after rain,low angle,nighttime under streetlights,clean,a high-quality image,"a high-quality image of a delivery truck semi truck in a wet roadway after rain, low angle, nighttime under streetlights. single main subject, photorealistic color photo, natural colors, realistic texture, sharp focus on subject, no people, no text, no watermark, no logo, no border, no collage, no CGI, no illustration.","text, watermark, logo, caption, signature, border, frame, collage, multiple panels, cartoon, illustration, CGI, 3d render, low-poly, painting, anime, surreal, deformed, duplicate objects, extra limbs, blurry, out of focus, noise, oversaturated, posterized, artifacts, jpeg artifacts"
9860,truck,delivery truck,dump truck,a quiet residential street,cropped at the edge of the frame,indoor soft window light,hard,a detailed photograph,"a detailed photograph of a delivery truck dump truck in a quiet residential street, cropped at the edge of the frame, indoor soft window light. busy background but still one main subject. single main subject, photorealistic color photo, natural colors, realistic texture, sharp focus on subject, no people, no text, no watermark, no logo, no border, no collage, no CGI, no illustration.","text, watermark, logo, caption, signature, border, frame, collage, multiple panels, cartoon, illustration, CGI, 3d render, low-poly, painting, anime, surreal, deformed, duplicate objects, extra limbs, blurry, out of focus, noise, oversaturated, posterized, artifacts, jpeg artifacts"
9549,truck,utility truck,box truck,a countryside road,wide shot,golden hour,clean,a photorealistic color photo,"a photorealistic color photo of a utility truck box truck in a countryside road, wide shot, golden hour. single main subject, photorealistic color photo, natural colors, realistic texture, sharp focus on subject, no people, no text, no watermark, no logo, no border, no collage, no CGI, no illustration.","text, watermark, logo, caption, signature, border, frame, collage, multiple panels, cartoon, illustration, CGI, 3d render, low-poly, painting, anime, surreal, deformed, duplicate objects, extra limbs, blurry, out of focus, noise, oversaturated, posterized, artifacts, jpeg artifacts"
9577,truck,pickup truck,pickup truck,a city park,3/4 view,nighttime under streetlights,clean,an ultra-realistic rendering,"an ultra-realistic rendering of a pickup truck pickup truck in a city park, 3/4 view, nighttime under streetlights. single main subject, photorealistic color photo, natural colors, realistic texture, sharp focus on subject, no people, no text, no watermark, no logo, no border, no collage, no CGI, no illustration.","text, watermark, logo, caption, signature, border, frame, collage, multiple panels, cartoon, illustration, CGI, 3d render, low-poly, painting, anime, surreal, deformed, duplicate objects, extra limbs, blurry, out of focus, noise, oversaturated, posterized, artifacts, jpeg artifacts"
9384,truck,semi truck,utility truck,a gravel lot,low angle,foggy morning,clean,a photorealistic color photo,"a photorealistic color photo of a semi truck utility truck in a gravel lot, low angle, foggy morning. single main subject, photorealistic color photo, natural colors, realistic texture, sharp focus on subject, no people, no text, no watermark, no logo, no border, no collage, no CGI, no illustration.","text, watermark, logo, caption, signature, border, frame, collage, multiple panels, cartoon, illustration, CGI, 3d render, low-poly, painting, anime, surreal, deformed, duplicate objects, extra limbs, blurry, out of focus, noise, oversaturated, posterized, artifacts, jpeg artifacts"
9170,truck,semi truck,utility truck,a parking lot,front view,rainy with wet reflections,clean,an ultra-realistic rendering,"an ultra-realistic rendering of a semi truck utility truck in a parking lot, front view, rainy with wet reflections. single main subject, photorealistic color photo, natural colors, realistic texture, sharp focus on subject, no people, no text, no watermark, no logo, no border, no collage, no CGI, no illustration.","text, watermark, logo, caption, signature, border, frame, collage, multiple panels, cartoon, illustration, CGI, 3d render, low-poly, painting, anime, surreal, deformed, duplicate objects, extra limbs, blurry, out of focus, noise, oversaturated, posterized, artifacts, jpeg artifacts"
9474,truck,pickup truck,dump truck,an urban street,wide shot,golden hour,clean,a professional photo,"a professional photo of a pickup truck dump truck in an urban street, wide shot, golden hour. single main subject, photorealistic color photo, natural colors, realistic texture, sharp focus on subject, no people, no text, no watermark, no logo, no border, no collage, no CGI, no illustration.","text, watermark, logo, caption, signature, border, frame, collage, multiple panels, cartoon, illustration, CGI, 3d render, low-poly, painting, anime, surreal, deformed, duplicate objects, extra limbs, blurry, out of focus, noise, oversaturated, posterized, artifacts, jpeg artifacts"
9793,truck,pickup truck,delivery truck,a city park,side profile,foggy morning,clean,a finely detailed photo,"a finely detailed photo of a pickup truck delivery truck in a city park, side profile, foggy morning. single main subject, photorealistic color photo, natural colors, realistic texture, sharp focus on subject, no people, no text, no watermark, no logo, no border, no collage, no CGI, no illustration.","text, watermark, logo, caption, signature, border, frame, collage, multiple panels, cartoon, illustration, CGI, 3d render, low-poly, painting, anime, surreal, deformed, duplicate objects, extra limbs, blurry, out of focus, noise, oversaturated, posterized, artifacts, jpeg artifacts"
9277,truck,pickup truck,box truck,a backyard,3/4 view,sunny afternoon,clean,a finely detailed photo,"a finely detailed photo of a pickup truck box truck in a backyard, 3/4 view, sunny afternoon. single main subject, photorealistic color photo, natural colors, realistic texture, sharp focus on subject, no people, no text, no watermark, no logo, no border, no collage, no CGI, no illustration.","text, watermark, logo, caption, signature, border, frame, collage, multiple panels, cartoon, illustration, CGI, 3d render, low-poly, painting, anime, surreal, deformed, duplicate objects, extra limbs, blurry, out of focus, noise, oversaturated, posterized, artifacts, jpeg artifacts"
9035,truck,semi truck,dump truck,a gravel lot,side profile,indoor soft window light,clean,a photorealistic color photo,"a photorealistic color photo of a semi truck dump truck in a gravel lot, side profile, indoor soft window light. single main subject, photorealistic color photo, natural colors, realistic texture, sharp focus on subject, no people, no text, no watermark, no logo, no border, no collage, no CGI, no illustration.","text, watermark, logo, caption, signature, border, frame, collage, multiple panels, cartoon, illustration, CGI, 3d render, low-poly, painting, anime, surreal, deformed, duplicate objects, extra limbs, blurry, out of focus, noise, oversaturated, posterized, artifacts, jpeg artifacts"
9901,truck,semi truck,dump truck,a grassy field,close-up,foggy morning,hard,a professional photo,"a professional photo of a semi truck dump truck in a grassy field, close-up, foggy morning. in the distance. single main subject, photorealistic color photo, natural colors, realistic texture, sharp focus on subject, no people, no text, no watermark, no logo, no border, no collage, no CGI, no illustration.","text, watermark, logo, caption, signature, border, frame, collage, multiple panels, cartoon, illustration, CGI, 3d render, low-poly, painting, anime, surreal, deformed, duplicate objects, extra limbs, blurry, out of focus, noise, oversaturated, posterized, artifacts, jpeg artifacts"
9102,truck,semi truck,utility truck,a wet roadway after rain,high angle,overcast daylight,clean,a photorealistic color photo,"a photorealistic color photo of a semi truck utility truck in a wet roadway after rain, high angle, overcast daylight. single main subject, photorealistic color photo, natural colors, realistic texture, sharp focus on subject, no people, no text, no watermark, no logo, no border, no collage, no CGI, no illustration.","text, watermark, logo, caption, signature, border, frame, collage, multiple panels, cartoon, illustration, CGI, 3d render, low-poly, painting, anime, surreal, deformed, duplicate objects, extra limbs, blurry, out of focus, noise, oversaturated, posterized, artifacts, jpeg artifacts"
9910,truck,pickup truck,semi truck,a countryside road,wide shot,indoor soft window light,hard,a finely detailed photo,"a finely detailed photo of a pickup truck semi truck in a countryside road, wide shot, indoor soft window light. in the distance. single main subject, photorealistic color photo, natural colors, realistic texture, sharp focus on subject, no people, no text, no watermark, no logo, no border, no collage, no CGI, no illustration.","text, watermark, logo, caption, signature, border, frame, collage, multiple panels, cartoon, illustration, CGI, 3d render, low-poly, painting, anime, surreal, deformed, duplicate objects, extra limbs, blurry, out of focus, noise, oversaturated, posterized, artifacts, jpeg artifacts"
9928,truck,semi truck,dump truck,a wet roadway after rain,slightly off-center framing,golden hour,hard,a high-quality image,"a high-quality image of a semi truck dump truck in a wet roadway after rain, slightly off-center framing, golden hour. busy background but still one main subject. single main subject, photorealistic color photo, natural colors, realistic texture, sharp focus on subject, no people, no text, no watermark, no logo, no border, no collage, no CGI, no illustration.","text, watermark, logo, caption, signature, border, frame, collage, multiple panels, cartoon, illustration, CGI, 3d render, low-poly, painting, anime, surreal, deformed, duplicate objects, extra limbs, blurry, out of focus, noise, oversaturated, posterized, artifacts, jpeg artifacts"
9402,truck,delivery truck,dump truck,a forest clearing,side profile,golden hour,clean,a high-quality image,"a high-quality image of a delivery truck dump truck in a forest clearing, side profile, golden hour. single main subject, photorealistic color photo, natural colors, realistic texture, sharp focus on subject, no people, no text, no watermark, no logo, no border, no collage, no CGI, no illustration.","text, watermark, logo, caption, signature, border, frame, collage, multiple panels, cartoon, illustration, CGI, 3d render, low-poly, painting, anime, surreal, deformed, duplicate objects, extra limbs, blurry, out of focus, noise, oversaturated, posterized, artifacts, jpeg artifacts"
9763,truck,utility truck,delivery truck,a gravel lot,front view,backlit rim light,clean,a detailed photograph,"a detailed photograph of a utility truck delivery truck in a gravel lot, front view, backlit rim light. single main subject, photorealistic color photo, natural colors, realistic texture, sharp focus on subject, no people, no text, no watermark, no logo, no border, no collage, no CGI, no illustration.","text, watermark, logo, caption, signature, border, frame, collage, multiple panels, cartoon, illustration, CGI, 3d render, low-poly, painting, anime, surreal, deformed, duplicate objects, extra limbs, blurry, out of focus, noise, oversaturated, posterized, artifacts, jpeg artifacts"
9886,truck,delivery truck,box truck,an industrial yard,front view,rainy with wet reflections,hard,a detailed photograph,"a detailed photograph of a delivery truck box truck in an industrial yard, front view, rainy with wet reflections. busy background but still one main subject. single main subject, photorealistic color photo, natural colors, realistic texture, sharp focus on subject, no people, no text, no watermark, no logo, no border, no collage, no CGI, no illustration.","text, watermark, logo, caption, signature, border, frame, collage, multiple panels, cartoon, illustration, CGI, 3d render, low-poly, painting, anime, surreal, deformed, duplicate objects, extra limbs, blurry, out of focus, noise, oversaturated, posterized, artifacts, jpeg artifacts"
9360,truck,semi truck,semi truck,a backyard,close-up,backlit rim light,clean,a detailed photograph,"a detailed photograph of a semi truck semi truck in a backyard, close-up, backlit rim light. single main subject, photorealistic color photo, natural colors, realistic texture, sharp focus on subject, no people, no text, no watermark, no logo, no border, no collage, no CGI, no illustration.","text, watermark, logo, caption, signature, border, frame, collage, multiple panels, cartoon, illustration, CGI, 3d render, low-poly, painting, anime, surreal, deformed, duplicate objects, extra limbs, blurry, out of focus, noise, oversaturated, posterized, artifacts, jpeg artifacts"
9553,truck,box truck,dump truck,an urban street,close-up,indoor soft window light,clean,a photorealistic color photo,"a photorealistic color photo of a box truck dump truck in an urban street, close-up, indoor soft window light. single main subject, photorealistic color photo, natural colors, realistic texture, sharp focus on subject, no people, no text, no watermark, no logo, no border, no collage, no CGI, no illustration.","text, watermark, logo, caption, signature, border, frame, collage, multiple panels, cartoon, illustration, CGI, 3d render, low-poly, painting, anime, surreal, deformed, duplicate objects, extra limbs, blurry, out of focus, noise, oversaturated, posterized, artifacts, jpeg artifacts"
9212,truck,dump truck,box truck,a suburban neighborhood,low angle,backlit rim light,clean,an ultra-realistic rendering,"an ultra-realistic rendering of a dump truck box truck in a suburban neighborhood, low angle, backlit rim light. single main subject, photorealistic color photo, natural colors, realistic texture, sharp focus on subject, no people, no text, no watermark, no logo, no border, no collage, no CGI, no illustration.","text, watermark, logo, caption, signature, border, frame, collage, multiple panels, cartoon, illustration, CGI, 3d render, low-poly, painting, anime, surreal, deformed, duplicate objects, extra limbs, blurry, out of focus, noise, oversaturated, posterized, artifacts, jpeg artifacts"
9017,truck,dump truck,dump truck,a sandy beach,high angle,indoor soft window light,clean,a finely detailed photo,"a finely detailed photo of a dump truck dump truck in a sandy beach, high angle, indoor soft window light. single main subject, photorealistic color photo, natural colors, realistic texture, sharp focus on subject, no people, no text, no watermark, no logo, no border, no collage, no CGI, no illustration.","text, watermark, logo, caption, signature, border, frame, collage, multiple panels, cartoon, illustration, CGI, 3d render, low-poly, painting, anime, surreal, deformed, duplicate objects, extra limbs, blurry, out of focus, noise, oversaturated, posterized, artifacts, jpeg artifacts"
9374,truck,box truck,box truck,an urban street,low angle,foggy morning,clean,a finely detailed photo,"a finely detailed photo of a box truck box truck in an urban street, low angle, foggy morning. single main subject, photorealistic color photo, natural colors, realistic texture, sharp focus on subject, no people, no text, no watermark, no logo, no border, no collage, no CGI, no illustration.","text, watermark, logo, caption, signature, border, frame, collage, multiple panels, cartoon, illustration, CGI, 3d render, low-poly, painting, anime, surreal, deformed, duplicate objects, extra limbs, blurry, out of focus, noise, oversaturated, posterized, artifacts, jpeg artifacts"
9203,truck,dump truck,delivery truck,a parking lot,front view,foggy morning,clean,a professional photo,"a professional photo of a dump truck delivery truck in a parking lot, front view, foggy morning. single main subject, photorealistic color photo, natural colors, realistic texture, sharp focus on subject, no people, no text, no watermark, no logo, no border, no collage, no CGI, no illustration.","text, watermark, logo, caption, signature, border, frame, collage, multiple panels, cartoon, illustration, CGI, 3d render, low-poly, painting, anime, surreal, deformed, duplicate objects, extra limbs, blurry, out of focus, noise, oversaturated, posterized, artifacts, jpeg artifacts"
9746,truck,pickup truck,utility truck,a gravel lot,high angle,foggy morning,clean,a detailed photograph,"a detailed photograph of a pickup truck utility truck in a gravel lot, high angle, foggy morning. single main subject, photorealistic color photo, natural colors, realistic texture, sharp focus on subject, no people, no text, no watermark, no logo, no border, no collage, no CGI, no illustration.","text, watermark, logo, caption, signature, border, frame, collage, multiple panels, cartoon, illustration, CGI, 3d render, low-poly, painting, anime, surreal, deformed, duplicate objects, extra limbs, blurry, out of focus, noise, oversaturated, posterized, artifacts, jpeg artifacts"
9041,truck,pickup truck,delivery truck,a grassy field,slightly off-center framing,nighttime under streetlights,clean,a photorealistic color photo,"a photorealistic color photo of a pickup truck delivery truck in a grassy field, slightly off-center framing, nighttime under streetlights. single main subject, photorealistic color photo, natural colors, realistic texture, sharp focus on subject, no people, no text, no watermark, no logo, no border, no collage, no CGI, no illustration.","text, watermark, logo, caption, signature, border, frame, collage, multiple panels, cartoon, illustration, CGI, 3d render, low-poly, painting, anime, surreal, deformed, duplicate objects, extra limbs, blurry, out of focus, noise, oversaturated, posterized, artifacts, jpeg artifacts"
9473,truck,utility truck,delivery truck,a quiet residential street,front view,foggy morning,clean,a professional photo,"a professional photo of a utility truck delivery truck in a quiet residential street, front view, foggy morning. single main subject, photorealistic color photo, natural colors, realistic texture, sharp focus on subject, no people, no text, no watermark, no logo, no border, no collage, no CGI, no illustration.","text, watermark, logo, caption, signature, border, frame, collage, multiple panels, cartoon, illustration, CGI, 3d render, low-poly, painting, anime, surreal, deformed, duplicate objects, extra limbs, blurry, out of focus, noise, oversaturated, posterized, artifacts, jpeg artifacts"
9077,truck,utility truck,box truck,a quiet residential street,3/4 view,foggy morning,clean,a photorealistic color photo,"a photorealistic color photo of a utility truck box truck in a quiet residential street, 3/4 view, foggy morning. single main subject, photorealistic color photo, natural colors, realistic texture, sharp focus on subject, no people, no text, no watermark, no logo, no border, no collage, no CGI, no illustration.","text, watermark, logo, caption, signature, border, frame, collage, multiple panels, cartoon, illustration, CGI, 3d render, low-poly, painting, anime, surreal, deformed, duplicate objects, extra limbs, blurry, out of focus, noise, oversaturated, posterized, artifacts, jpeg artifacts"
9165,truck,utility truck,utility truck,an industrial yard,slightly off-center framing,foggy morning,clean,an ultra-realistic rendering,"an ultra-realistic rendering of a utility truck utility truck in an industrial yard, slightly off-center framing, foggy morning. single main subject, photorealistic color photo, natural colors, realistic texture, sharp focus on subject, no people, no text, no watermark, no logo, no border, no collage, no CGI, no illustration.","text, watermark, logo, caption, signature, border, frame, collage, multiple panels, cartoon, illustration, CGI, 3d render, low-poly, painting, anime, surreal, deformed, duplicate objects, extra limbs, blurry, out of focus, noise, oversaturated, posterized, artifacts, jpeg artifacts"
9810,truck,box truck,box truck,a grassy field,front view,indoor soft window light,hard,a detailed photograph,"a detailed photograph of a box truck box truck in a grassy field, front view, indoor soft window light. cropped slightly. single main subject, photorealistic color photo, natural colors, realistic texture, sharp focus on subject, no people, no text, no watermark, no logo, no border, no collage, no CGI, no illustration.","text, watermark, logo, caption, signature, border, frame, collage, multiple panels, cartoon, illustration, CGI, 3d render, low-poly, painting, anime, surreal, deformed, duplicate objects, extra limbs, blurry, out of focus, noise, oversaturated, posterized, artifacts, jpeg artifacts"
9174,truck,box truck,delivery truck,a gravel lot,low angle,golden hour,clean,a photorealistic color photo,"a photorealistic color photo of a box truck delivery truck in a gravel lot, low angle, golden hour. single main subject, photorealistic color photo, natural colors, realistic texture, sharp focus on subject, no people, no text, no watermark, no logo, no border, no collage, no CGI, no illustration.","text, watermark, logo, caption, signature, border, frame, collage, multiple panels, cartoon, illustration, CGI, 3d render, low-poly, painting, anime, surreal, deformed, duplicate objects, extra limbs, blurry, out of focus, noise, oversaturated, posterized, artifacts, jpeg artifacts"
9838,truck,utility truck,dump truck,a forest clearing,slightly off-center framing,overcast daylight,hard,a professional photo,"a professional photo of a utility truck dump truck in a forest clearing, slightly off-center framing, overcast daylight. in the distance. single main subject, photorealistic color photo, natural colors, realistic texture, sharp focus on subject, no people, no text, no watermark, no logo, no border, no collage, no CGI, no illustration.","text, watermark, logo, caption, signature, border, frame, collage, multiple panels, cartoon, illustration, CGI, 3d render, low-poly, painting, anime, surreal, deformed, duplicate objects, extra limbs, blurry, out of focus, noise, oversaturated, posterized, artifacts, jpeg artifacts"
9439,truck,dump truck,semi truck,a forest clearing,close-up,rainy with wet reflections,clean,a high-quality image,"a high-quality image of a dump truck semi truck in a forest clearing, close-up, rainy with wet reflections. single main subject, photorealistic color photo, natural colors, realistic texture, sharp focus on subject, no people, no text, no watermark, no logo, no border, no collage, no CGI, no illustration.","text, watermark, logo, caption, signature, border, frame, collage, multiple panels, cartoon, illustration, CGI, 3d render, low-poly, painting, anime, surreal, deformed, duplicate objects, extra limbs, blurry, out of focus, noise, oversaturated, posterized, artifacts, jpeg artifacts"
9990,truck,semi truck,semi truck,a backyard,front view,backlit rim light,hard,a detailed photograph,"a detailed photograph of a semi truck semi truck in a backyard, front view, backlit rim light. busy background but still one main subject. single main subject, photorealistic color photo, natural colors, realistic texture, sharp focus on subject, no people, no text, no watermark, no logo, no border, no collage, no CGI, no illustration.","text, watermark, logo, caption, signature, border, frame, collage, multiple panels, cartoon, illustration, CGI, 3d render, low-poly, painting, anime, surreal, deformed, duplicate objects, extra limbs, blurry, out of focus, noise, oversaturated, posterized, artifacts, jpeg artifacts"
9966,truck,pickup truck,dump truck,a quiet residential street,side profile,foggy morning,hard,a professional photo,"a professional photo of a pickup truck dump truck in a quiet residential street, side profile, foggy morning. in the distance. single main subject, photorealistic color photo, natural colors, realistic texture, sharp focus on subject, no people, no text, no watermark, no logo, no border, no collage, no CGI, no illustration.","text, watermark, logo, caption, signature, border, frame, collage, multiple panels, cartoon, illustration, CGI, 3d render, low-poly, painting, anime, surreal, deformed, duplicate objects, extra limbs, blurry, out of focus, noise, oversaturated, posterized, artifacts, jpeg artifacts"
9862,truck,dump truck,box truck,a suburban neighborhood,front view,golden hour,hard,a professional photo,"a professional photo of a dump truck box truck in a suburban neighborhood, front view, golden hour. in the distance. single main subject, photorealistic color photo, natural colors, realistic texture, sharp focus on subject, no people, no text, no watermark, no logo, no border, no collage, no CGI, no illustration.","text, watermark, logo, caption, signature, border, frame, collage, multiple panels, cartoon, illustration, CGI, 3d render, low-poly, painting, anime, surreal, deformed, duplicate objects, extra limbs, blurry, out of focus, noise, oversaturated, posterized, artifacts, jpeg artifacts"
9237,truck,dump truck,pickup truck,a forest clearing,3/4 view,indoor soft window light,clean,a photorealistic color photo,"a photorealistic color photo of a dump truck pickup truck in a forest clearing, 3/4 view, indoor soft window light. single main subject, photorealistic color photo, natural colors, realistic texture, sharp focus on subject, no people, no text, no watermark, no logo, no border, no collage, no CGI, no illustration.","text, watermark, logo, caption, signature, border, frame, collage, multiple panels, cartoon, illustration, CGI, 3d render, low-poly, painting, anime, surreal, deformed, duplicate objects, extra limbs, blurry, out of focus, noise, oversaturated, posterized, artifacts, jpeg artifacts"
9350,truck,pickup truck,box truck,a countryside road,wide shot,foggy morning,clean,a professional photo,"a professional photo of a pickup truck box truck in a countryside road, wide shot, foggy morning. single main subject, photorealistic color photo, natural colors, realistic texture, sharp focus on subject, no people, no text, no watermark, no logo, no border, no collage, no CGI, no illustration.","text, watermark, logo, caption, signature, border, frame, collage, multiple panels, cartoon, illustration, CGI, 3d render, low-poly, painting, anime, surreal, deformed, duplicate objects, extra limbs, blurry, out of focus, noise, oversaturated, posterized, artifacts, jpeg artifacts"
9856,truck,delivery truck,dump truck,an urban street,cropped at the edge of the frame,backlit rim light,hard,a photorealistic color photo,"a photorealistic color photo of a delivery truck dump truck in an urban street, cropped at the edge of the frame, backlit rim light. busy background but still one main subject. single main subject, photorealistic color photo, natural colors, realistic texture, sharp focus on subject, no people, no text, no watermark, no logo, no border, no collage, no CGI, no illustration.","text, watermark, logo, caption, signature, border, frame, collage, multiple panels, cartoon, illustration, CGI, 3d render, low-poly, painting, anime, surreal, deformed, duplicate objects, extra limbs, blurry, out of focus, noise, oversaturated, posterized, artifacts, jpeg artifacts"
9456,truck,dump truck,box truck,a grassy field,slightly off-center framing,nighttime under streetlights,clean,an ultra-realistic rendering,"an ultra-realistic rendering of a dump truck box truck in a grassy field, slightly off-center framing, nighttime under streetlights. single main subject, photorealistic color photo, natural colors, realistic texture, sharp focus on subject, no people, no text, no watermark, no logo, no border, no collage, no CGI, no illustration.","text, watermark, logo, caption, signature, border, frame, collage, multiple panels, cartoon, illustration, CGI, 3d render, low-poly, painting, anime, surreal, deformed, duplicate objects, extra limbs, blurry, out of focus, noise, oversaturated, posterized, artifacts, jpeg artifacts"
9690,truck,semi truck,dump truck,a lakeside shore,front view,nighttime under streetlights,clean,a photorealistic color photo,"a photorealistic color photo of a semi truck dump truck in a lakeside shore, front view, nighttime under streetlights. single main subject, photorealistic color photo, natural colors, realistic texture, sharp focus on subject, no people, no text, no watermark, no logo, no border, no collage, no CGI, no illustration.","text, watermark, logo, caption, signature, border, frame, collage, multiple panels, cartoon, illustration, CGI, 3d render, low-poly, painting, anime, surreal, deformed, duplicate objects, extra limbs, blurry, out of focus, noise, oversaturated, posterized, artifacts, jpeg artifacts"
9309,truck,box truck,semi truck,a suburban neighborhood,low angle,foggy morning,clean,a photorealistic color photo,"a photorealistic color photo of a box truck semi truck in a suburban neighborhood, low angle, foggy morning. single main subject, photorealistic color photo, natural colors, realistic texture, sharp focus on subject, no people, no text, no watermark, no logo, no border, no collage, no CGI, no illustration.","text, watermark, logo, caption, signature, border, frame, collage, multiple panels, cartoon, illustration, CGI, 3d render, low-poly, painting, anime, surreal, deformed, duplicate objects, extra limbs, blurry, out of focus, noise, oversaturated, posterized, artifacts, jpeg artifacts"
9142,truck,pickup truck,delivery truck,a suburban neighborhood,slightly off-center framing,backlit rim light,clean,a detailed photograph,"a detailed photograph of a pickup truck delivery truck in a suburban neighborhood, slightly off-center framing, backlit rim light. single main subject, photorealistic color photo, natural colors, realistic texture, sharp focus on subject, no people, no text, no watermark, no logo, no border, no collage, no CGI, no illustration.","text, watermark, logo, caption, signature, border, frame, collage, multiple panels, cartoon, illustration, CGI, 3d render, low-poly, painting, anime, surreal, deformed, duplicate objects, extra limbs, blurry, out of focus, noise, oversaturated, posterized, artifacts, jpeg artifacts"
9816,truck,semi truck,utility truck,a parking lot,cropped at the edge of the frame,backlit rim light,hard,a high-quality image,"a high-quality image of a semi truck utility truck in a parking lot, cropped at the edge of the frame, backlit rim light. busy background but still one main subject. single main subject, photorealistic color photo, natural colors, realistic texture, sharp focus on subject, no people, no text, no watermark, no logo, no border, no collage, no CGI, no illustration.","text, watermark, logo, caption, signature, border, frame, collage, multiple panels, cartoon, illustration, CGI, 3d render, low-poly, painting, anime, surreal, deformed, duplicate objects, extra limbs, blurry, out of focus, noise, oversaturated, posterized, artifacts, jpeg artifacts"
9215,truck,pickup truck,utility truck,an industrial yard,front view,golden hour,clean,a finely detailed photo,"a finely detailed photo of a pickup truck utility truck in an industrial yard, front view, golden hour. single main subject, photorealistic color photo, natural colors, realistic texture, sharp focus on subject, no people, no text, no watermark, no logo, no border, no collage, no CGI, no illustration.","text, watermark, logo, caption, signature, border, frame, collage, multiple panels, cartoon, illustration, CGI, 3d render, low-poly, painting, anime, surreal, deformed, duplicate objects, extra limbs, blurry, out of focus, noise, oversaturated, posterized, artifacts, jpeg artifacts"
9433,truck,delivery truck,box truck,a grassy field,close-up,nighttime under streetlights,clean,a high-quality image,"a high-quality image of a delivery truck box truck in a grassy field, close-up, nighttime under streetlights. single main subject, photorealistic color photo, natural colors, realistic texture, sharp focus on subject, no people, no text, no watermark, no logo, no border, no collage, no CGI, no illustration.","text, watermark, logo, caption, signature, border, frame, collage, multiple panels, cartoon, illustration, CGI, 3d render, low-poly, painting, anime, surreal, deformed, duplicate objects, extra limbs, blurry, out of focus, noise, oversaturated, posterized, artifacts, jpeg artifacts"
9607,truck,dump truck,dump truck,a gravel lot,3/4 view,golden hour,clean,a finely detailed photo,"a finely detailed photo of a dump truck dump truck in a gravel lot, 3/4 view, golden hour. single main subject, photorealistic color photo, natural colors, realistic texture, sharp focus on subject, no people, no text, no watermark, no logo, no border, no collage, no CGI, no illustration.","text, watermark, logo, caption, signature, border, frame, collage, multiple panels, cartoon, illustration, CGI, 3d render, low-poly, painting, anime, surreal, deformed, duplicate objects, extra limbs, blurry, out of focus, noise, oversaturated, posterized, artifacts, jpeg artifacts"
9211,truck,delivery truck,dump truck,a suburban neighborhood,high angle,foggy morning,clean,a finely detailed photo,"a finely detailed photo of a delivery truck dump truck in a suburban neighborhood, high angle, foggy morning. single main subject, photorealistic color photo, natural colors, realistic texture, sharp focus on subject, no people, no text, no watermark, no logo, no border, no collage, no CGI, no illustration.","text, watermark, logo, caption, signature, border, frame, collage, multiple panels, cartoon, illustration, CGI, 3d render, low-poly, painting, anime, surreal, deformed, duplicate objects, extra limbs, blurry, out of focus, noise, oversaturated, posterized, artifacts, jpeg artifacts"
9758,truck,dump truck,semi truck,a city park,close-up,rainy with wet reflections,clean,a finely detailed photo,"a finely detailed photo of a dump truck semi truck in a city park, close-up, rainy with wet reflections. single main subject, photorealistic color photo, natural colors, realistic texture, sharp focus on subject, no people, no text, no watermark, no logo, no border, no collage, no CGI, no illustration.","text, watermark, logo, caption, signature, border, frame, collage, multiple panels, cartoon, illustration, CGI, 3d render, low-poly, painting, anime, surreal, deformed, duplicate objects, extra limbs, blurry, out of focus, noise, oversaturated, posterized, artifacts, jpeg artifacts"
9674,truck,pickup truck,dump truck,an industrial yard,low angle,backlit rim light,clean,an ultra-realistic rendering,"an ultra-realistic rendering of a pickup truck dump truck in an industrial yard, low angle, backlit rim light. single main subject, photorealistic color photo, natural colors, realistic texture, sharp focus on subject, no people, no text, no watermark, no logo, no border, no collage, no CGI, no illustration.","text, watermark, logo, caption, signature, border, frame, collage, multiple panels, cartoon, illustration, CGI, 3d render, low-poly, painting, anime, surreal, deformed, duplicate objects, extra limbs, blurry, out of focus, noise, oversaturated, posterized, artifacts, jpeg artifacts"
9760,truck,box truck,utility truck,a forest clearing,close-up,rainy with wet reflections,clean,an ultra-realistic rendering,"an ultra-realistic rendering of a box truck utility truck in a forest clearing, close-up, rainy with wet reflections. single main subject, photorealistic color photo, natural colors, realistic texture, sharp focus on subject, no people, no text, no watermark, no logo, no border, no collage, no CGI, no illustration.","text, watermark, logo, caption, signature, border, frame, collage, multiple panels, cartoon, illustration, CGI, 3d render, low-poly, painting, anime, surreal, deformed, duplicate objects, extra limbs, blurry, out of focus, noise, oversaturated, posterized, artifacts, jpeg artifacts"
9921,truck,dump truck,delivery truck,a forest clearing,close-up,indoor soft window light,hard,a photorealistic color photo,"a photorealistic color photo of a dump truck delivery truck in a forest clearing, close-up, indoor soft window light. in the distance. single main subject, photorealistic color photo, natural colors, realistic texture, sharp focus on subject, no people, no text, no watermark, no logo, no border, no collage, no CGI, no illustration.","text, watermark, logo, caption, signature, border, frame, collage, multiple panels, cartoon, illustration, CGI, 3d render, low-poly, painting, anime, surreal, deformed, duplicate objects, extra limbs, blurry, out of focus, noise, oversaturated, posterized, artifacts, jpeg artifacts"
9232,truck,pickup truck,box truck,an industrial yard,side profile,sunny afternoon,clean,a professional photo,"a professional photo of a pickup truck box truck in an industrial yard, side profile, sunny afternoon. single main subject, photorealistic color photo, natural colors, realistic texture, sharp focus on subject, no people, no text, no watermark, no logo, no border, no collage, no CGI, no illustration.","text, watermark, logo, caption, signature, border, frame, collage, multiple panels, cartoon, illustration, CGI, 3d render, low-poly, painting, anime, surreal, deformed, duplicate objects, extra limbs, blurry, out of focus, noise, oversaturated, posterized, artifacts, jpeg artifacts"
9084,truck,semi truck,delivery truck,a lakeside shore,low angle,sunny afternoon,clean,an ultra-realistic rendering,"an ultra-realistic rendering of a semi truck delivery truck in a lakeside shore, low angle, sunny afternoon. single main subject, photorealistic color photo, natural colors, realistic texture, sharp focus on subject, no people, no text, no watermark, no logo, no border, no collage, no CGI, no illustration.","text, watermark, logo, caption, signature, border, frame, collage, multiple panels, cartoon, illustration, CGI, 3d render, low-poly, painting, anime, surreal, deformed, duplicate objects, extra limbs, blurry, out of focus, noise, oversaturated, posterized, artifacts, jpeg artifacts"
9186,truck,semi truck,delivery truck,a gravel lot,side profile,overcast daylight,clean,a high-quality image,"a high-quality image of a semi truck delivery truck in a gravel lot, side profile, overcast daylight. single main subject, photorealistic color photo, natural colors, realistic texture, sharp focus on subject, no people, no text, no watermark, no logo, no border, no collage, no CGI, no illustration.","text, watermark, logo, caption, signature, border, frame, collage, multiple panels, cartoon, illustration, CGI, 3d render, low-poly, painting, anime, surreal, deformed, duplicate objects, extra limbs, blurry, out of focus, noise, oversaturated, posterized, artifacts, jpeg artifacts"
9482,truck,dump truck,delivery truck,an industrial yard,low angle,backlit rim light,clean,a detailed photograph,"a detailed photograph of a dump truck delivery truck in an industrial yard, low angle, backlit rim light. single main subject, photorealistic color photo, natural colors, realistic texture, sharp focus on subject, no people, no text, no watermark, no logo, no border, no collage, no CGI, no illustration.","text, watermark, logo, caption, signature, border, frame, collage, multiple panels, cartoon, illustration, CGI, 3d render, low-poly, painting, anime, surreal, deformed, duplicate objects, extra limbs, blurry, out of focus, noise, oversaturated, posterized, artifacts, jpeg artifacts"
9612,truck,dump truck,dump truck,a countryside road,wide shot,foggy morning,clean,a detailed photograph,"a detailed photograph of a dump truck dump truck in a countryside road, wide shot, foggy morning. single main subject, photorealistic color photo, natural colors, realistic texture, sharp focus on subject, no people, no text, no watermark, no logo, no border, no collage, no CGI, no illustration.","text, watermark, logo, caption, signature, border, frame, collage, multiple panels, cartoon, illustration, CGI, 3d render, low-poly, painting, anime, surreal, deformed, duplicate objects, extra limbs, blurry, out of focus, noise, oversaturated, posterized, artifacts, jpeg artifacts"
9083,truck,utility truck,delivery truck,an industrial yard,side profile,sunny afternoon,clean,a finely detailed photo,"a finely detailed photo of a utility truck delivery truck in an industrial yard, side profile, sunny afternoon. single main subject, photorealistic color photo, natural colors, realistic texture, sharp focus on subject, no people, no text, no watermark, no logo, no border, no collage, no CGI, no illustration.","text, watermark, logo, caption, signature, border, frame, collage, multiple panels, cartoon, illustration, CGI, 3d render, low-poly, painting, anime, surreal, deformed, duplicate objects, extra limbs, blurry, out of focus, noise, oversaturated, posterized, artifacts, jpeg artifacts"
9827,truck,pickup truck,delivery truck,a backyard,slightly off-center framing,rainy with wet reflections,hard,an ultra-realistic rendering,"an ultra-realistic rendering of a pickup truck delivery truck in a backyard, slightly off-center framing, rainy with wet reflections. cropped slightly. single main subject, photorealistic color photo, natural colors, realistic texture, sharp focus on subject, no people, no text, no watermark, no logo, no border, no collage, no CGI, no illustration.","text, watermark, logo, caption, signature, border, frame, collage, multiple panels, cartoon, illustration, CGI, 3d render, low-poly, painting, anime, surreal, deformed, duplicate objects, extra limbs, blurry, out of focus, noise, oversaturated, posterized, artifacts, jpeg artifacts"
9388,truck,utility truck,box truck,a city park,low angle,overcast daylight,clean,a photorealistic color photo,"a photorealistic color photo of a utility truck box truck in a city park, low angle, overcast daylight. single main subject, photorealistic color photo, natural colors, realistic texture, sharp focus on subject, no people, no text, no watermark, no logo, no border, no collage, no CGI, no illustration.","text, watermark, logo, caption, signature, border, frame, collage, multiple panels, cartoon, illustration, CGI, 3d render, low-poly, painting, anime, surreal, deformed, duplicate objects, extra limbs, blurry, out of focus, noise, oversaturated, posterized, artifacts, jpeg artifacts"
9762,truck,pickup truck,semi truck,a suburban neighborhood,front view,foggy morning,clean,a high-quality image,"a high-quality image of a pickup truck semi truck in a suburban neighborhood, front view, foggy morning. single main subject, photorealistic color photo, natural colors, realistic texture, sharp focus on subject, no people, no text, no watermark, no logo, no border, no collage, no CGI, no illustration.","text, watermark, logo, caption, signature, border, frame, collage, multiple panels, cartoon, illustration, CGI, 3d render, low-poly, painting, anime, surreal, deformed, duplicate objects, extra limbs, blurry, out of focus, noise, oversaturated, posterized, artifacts, jpeg artifacts"
9057,truck,dump truck,pickup truck,a quiet residential street,close-up,sunny afternoon,clean,a finely detailed photo,"a finely detailed photo of a dump truck pickup truck in a quiet residential street, close-up, sunny afternoon. single main subject, photorealistic color photo, natural colors, realistic texture, sharp focus on subject, no people, no text, no watermark, no logo, no border, no collage, no CGI, no illustration.","text, watermark, logo, caption, signature, border, frame, collage, multiple panels, cartoon, illustration, CGI, 3d render, low-poly, painting, anime, surreal, deformed, duplicate objects, extra limbs, blurry, out of focus, noise, oversaturated, posterized, artifacts, jpeg artifacts"
9697,truck,semi truck,dump truck,a sandy beach,3/4 view,sunny afternoon,clean,a high-quality image,"a high-quality image of a semi truck dump truck in a sandy beach, 3/4 view, sunny afternoon. single main subject, photorealistic color photo, natural colors, realistic texture, sharp focus on subject, no people, no text, no watermark, no logo, no border, no collage, no CGI, no illustration.","text, watermark, logo, caption, signature, border, frame, collage, multiple panels, cartoon, illustration, CGI, 3d render, low-poly, painting, anime, surreal, deformed, duplicate objects, extra limbs, blurry, out of focus, noise, oversaturated, posterized, artifacts, jpeg artifacts"
9589,truck,semi truck,dump truck,a wet roadway after rain,slightly off-center framing,overcast daylight,clean,a high-quality image,"a high-quality image of a semi truck dump truck in a wet roadway after rain, slightly off-center framing, overcast daylight. single main subject, photorealistic color photo, natural colors, realistic texture, sharp focus on subject, no people, no text, no watermark, no logo, no border, no collage, no CGI, no illustration.","text, watermark, logo, caption, signature, border, frame, collage, multiple panels, cartoon, illustration, CGI, 3d render, low-poly, painting, anime, surreal, deformed, duplicate objects, extra limbs, blurry, out of focus, noise, oversaturated, posterized, artifacts, jpeg artifacts"
9323,truck,semi truck,box truck,a backyard,3/4 view,foggy morning,clean,a professional photo,"a professional photo of a semi truck box truck in a backyard, 3/4 view, foggy morning. single main subject, photorealistic color photo, natural colors, realistic texture, sharp focus on subject, no people, no text, no watermark, no logo, no border, no collage, no CGI, no illustration.","text, watermark, logo, caption, signature, border, frame, collage, multiple panels, cartoon, illustration, CGI, 3d render, low-poly, painting, anime, surreal, deformed, duplicate objects, extra limbs, blurry, out of focus, noise, oversaturated, posterized, artifacts, jpeg artifacts"
9032,truck,pickup truck,delivery truck,a parking lot,close-up,overcast daylight,clean,a photorealistic color photo,"a photorealistic color photo of a pickup truck delivery truck in a parking lot, close-up, overcast daylight. single main subject, photorealistic color photo, natural colors, realistic texture, sharp focus on subject, no people, no text, no watermark, no logo, no border, no collage, no CGI, no illustration.","text, watermark, logo, caption, signature, border, frame, collage, multiple panels, cartoon, illustration, CGI, 3d render, low-poly, painting, anime, surreal, deformed, duplicate objects, extra limbs, blurry, out of focus, noise, oversaturated, posterized, artifacts, jpeg artifacts"
9251,truck,utility truck,utility truck,a city park,front view,sunny afternoon,clean,a finely detailed photo,"a finely detailed photo of a utility truck utility truck in a city park, front view, sunny afternoon. single main subject, photorealistic color photo, natural colors, realistic texture, sharp focus on subject, no people, no text, no watermark, no logo, no border, no collage, no CGI, no illustration.","text, watermark, logo, caption, signature, border, frame, collage, multiple panels, cartoon, illustration, CGI, 3d render, low-poly, painting, anime, surreal, deformed, duplicate objects, extra limbs, blurry, out of focus, noise, oversaturated, posterized, artifacts, jpeg artifacts"
9200,truck,dump truck,semi truck,a grassy field,3/4 view,overcast daylight,clean,an ultra-realistic rendering,"an ultra-realistic rendering of a dump truck semi truck in a grassy field, 3/4 view, overcast daylight. single main subject, photorealistic color photo, natural colors, realistic texture, sharp focus on subject, no people, no text, no watermark, no logo, no border, no collage, no CGI, no illustration.","text, watermark, logo, caption, signature, border, frame, collage, multiple panels, cartoon, illustration, CGI, 3d render, low-poly, painting, anime, surreal, deformed, duplicate objects, extra limbs, blurry, out of focus, noise, oversaturated, posterized, artifacts, jpeg artifacts"
9078,truck,utility truck,utility truck,a grassy field,3/4 view,rainy with wet reflections,clean,a high-quality image,"a high-quality image of a utility truck utility truck in a grassy field, 3/4 view, rainy with wet reflections. single main subject, photorealistic color photo, natural colors, realistic texture, sharp focus on subject, no people, no text, no watermark, no logo, no border, no collage, no CGI, no illustration.","text, watermark, logo, caption, signature, border, frame, collage, multiple panels, cartoon, illustration, CGI, 3d render, low-poly, painting, anime, surreal, deformed, duplicate objects, extra limbs, blurry, out of focus, noise, oversaturated, posterized, artifacts, jpeg artifacts"
9197,truck,pickup truck,dump truck,a countryside road,wide shot,overcast daylight,clean,a finely detailed photo,"a finely detailed photo of a pickup truck dump truck in a countryside road, wide shot, overcast daylight. single main subject, photorealistic color photo, natural colors, realistic texture, sharp focus on subject, no people, no text, no watermark, no logo, no border, no collage, no CGI, no illustration.","text, watermark, logo, caption, signature, border, frame, collage, multiple panels, cartoon, illustration, CGI, 3d render, low-poly, painting, anime, surreal, deformed, duplicate objects, extra limbs, blurry, out of focus, noise, oversaturated, posterized, artifacts, jpeg artifacts"
9952,truck,semi truck,box truck,a forest clearing,side profile,backlit rim light,hard,a photorealistic color photo,"a photorealistic color photo of a semi truck box truck in a forest clearing, side profile, backlit rim light. cropped slightly. single main subject, photorealistic color photo, natural colors, realistic texture, sharp focus on subject, no people, no text, no watermark, no logo, no border, no collage, no CGI, no illustration.","text, watermark, logo, caption, signature, border, frame, collage, multiple panels, cartoon, illustration, CGI, 3d render, low-poly, painting, anime, surreal, deformed, duplicate objects, extra limbs, blurry, out of focus, noise, oversaturated, posterized, artifacts, jpeg artifacts"
9888,truck,utility truck,utility truck,a lakeside shore,side profile,nighttime under streetlights,hard,a photorealistic color photo,"a photorealistic color photo of a utility truck utility truck in a lakeside shore, side profile, nighttime under streetlights. slight motion blur. single main subject, photorealistic color photo, natural colors, realistic texture, sharp focus on subject, no people, no text, no watermark, no logo, no border, no collage, no CGI, no illustration.","text, watermark, logo, caption, signature, border, frame, collage, multiple panels, cartoon, illustration, CGI, 3d render, low-poly, painting, anime, surreal, deformed, duplicate objects, extra limbs, blurry, out of focus, noise, oversaturated, posterized, artifacts, jpeg artifacts"
9965,truck,semi truck,dump truck,a lakeside shore,3/4 view,golden hour,hard,a professional photo,"a professional photo of a semi truck dump truck in a lakeside shore, 3/4 view, golden hour. cropped slightly. single main subject, photorealistic color photo, natural colors, realistic texture, sharp focus on subject, no people, no text, no watermark, no logo, no border, no collage, no CGI, no illustration.","text, watermark, logo, caption, signature, border, frame, collage, multiple panels, cartoon, illustration, CGI, 3d render, low-poly, painting, anime, surreal, deformed, duplicate objects, extra limbs, blurry, out of focus, noise, oversaturated, posterized, artifacts, jpeg artifacts"
9182,truck,dump truck,utility truck,a countryside road,front view,indoor soft window light,clean,a high-quality image,"a high-quality image of a dump truck utility truck in a countryside road, front view, indoor soft window light. single main subject, photorealistic color photo, natural colors, realistic texture, sharp focus on subject, no people, no text, no watermark, no logo, no border, no collage, no CGI, no illustration.","text, watermark, logo, caption, signature, border, frame, collage, multiple panels, cartoon, illustration, CGI, 3d render, low-poly, painting, anime, surreal, deformed, duplicate objects, extra limbs, blurry, out of focus, noise, oversaturated, posterized, artifacts, jpeg artifacts"
9348,truck,semi truck,dump truck,a city park,close-up,backlit rim light,clean,a photorealistic color photo,"a photorealistic color photo of a semi truck dump truck in a city park, close-up, backlit rim light. single main subject, photorealistic color photo, natural colors, realistic texture, sharp focus on subject, no people, no text, no watermark, no logo, no border, no collage, no CGI, no illustration.","text, watermark, logo, caption, signature, border, frame, collage, multiple panels, cartoon, illustration, CGI, 3d render, low-poly, painting, anime, surreal, deformed, duplicate objects, extra limbs, blurry, out of focus, noise, oversaturated, posterized, artifacts, jpeg artifacts"
9150,truck,semi truck,pickup truck,a suburban neighborhood,wide shot,rainy with wet reflections,clean,a photorealistic color photo,"a photorealistic color photo of a semi truck pickup truck in a suburban neighborhood, wide shot, rainy with wet reflections. single main subject, photorealistic color photo, natural colors, realistic texture, sharp focus on subject, no people, no text, no watermark, no logo, no border, no collage, no CGI, no illustration.","text, watermark, logo, caption, signature, border, frame, collage, multiple panels, cartoon, illustration, CGI, 3d render, low-poly, painting, anime, surreal, deformed, duplicate objects, extra limbs, blurry, out of focus, noise, oversaturated, posterized, artifacts, jpeg artifacts"
9262,truck,utility truck,box truck,a wet roadway after rain,side profile,sunny afternoon,clean,a detailed photograph,"a detailed photograph of a utility truck box truck in a wet roadway after rain, side profile, sunny afternoon. single main subject, photorealistic color photo, natural colors, realistic texture, sharp focus on subject, no people, no text, no watermark, no logo, no border, no collage, no CGI, no illustration.","text, watermark, logo, caption, signature, border, frame, collage, multiple panels, cartoon, illustration, CGI, 3d render, low-poly, painting, anime, surreal, deformed, duplicate objects, extra limbs, blurry, out of focus, noise, oversaturated, posterized, artifacts, jpeg artifacts"
9201,truck,pickup truck,pickup truck,a sandy beach,close-up,nighttime under streetlights,clean,an ultra-realistic rendering,"an ultra-realistic rendering of a pickup truck pickup truck in a sandy beach, close-up, nighttime under streetlights. single main subject, photorealistic color photo, natural colors, realistic texture, sharp focus on subject, no people, no text, no watermark, no logo, no border, no collage, no CGI, no illustration.","text, watermark, logo, caption, signature, border, frame, collage, multiple panels, cartoon, illustration, CGI, 3d render, low-poly, painting, anime, surreal, deformed, duplicate objects, extra limbs, blurry, out of focus, noise, oversaturated, posterized, artifacts, jpeg artifacts"
9658,truck,utility truck,delivery truck,an urban street,3/4 view,golden hour,clean,a finely detailed photo,"a finely detailed photo of a utility truck delivery truck in an urban street, 3/4 view, golden hour. single main subject, photorealistic color photo, natural colors, realistic texture, sharp focus on subject, no people, no text, no watermark, no logo, no border, no collage, no CGI, no illustration.","text, watermark, logo, caption, signature, border, frame, collage, multiple panels, cartoon, illustration, CGI, 3d render, low-poly, painting, anime, surreal, deformed, duplicate objects, extra limbs, blurry, out of focus, noise, oversaturated, posterized, artifacts, jpeg artifacts"
9219,truck,semi truck,delivery truck,a wet roadway after rain,3/4 view,nighttime under streetlights,clean,a high-quality image,"a high-quality image of a semi truck delivery truck in a wet roadway after rain, 3/4 view, nighttime under streetlights. single main subject, photorealistic color photo, natural colors, realistic texture, sharp focus on subject, no people, no text, no watermark, no logo, no border, no collage, no CGI, no illustration.","text, watermark, logo, caption, signature, border, frame, collage, multiple panels, cartoon, illustration, CGI, 3d render, low-poly, painting, anime, surreal, deformed, duplicate objects, extra limbs, blurry, out of focus, noise, oversaturated, posterized, artifacts, jpeg artifacts"
9846,truck,delivery truck,pickup truck,a quiet residential street,distant subject in the background,backlit rim light,hard,a high-quality image,"a high-quality image of a delivery truck pickup truck in a quiet residential street, distant subject in the background, backlit rim light. in the distance. single main subject, photorealistic color photo, natural colors, realistic texture, sharp focus on subject, no people, no text, no watermark, no logo, no border, no collage, no CGI, no illustration.","text, watermark, logo, caption, signature, border, frame, collage, multiple panels, cartoon, illustration, CGI, 3d render, low-poly, painting, anime, surreal, deformed, duplicate objects, extra limbs, blurry, out of focus, noise, oversaturated, posterized, artifacts, jpeg artifacts"
9346,truck,box truck,pickup truck,a parking lot,wide shot,golden hour,clean,a professional photo,"a professional photo of a box truck pickup truck in a parking lot, wide shot, golden hour. single main subject, photorealistic color photo, natural colors, realistic texture, sharp focus on subject, no people, no text, no watermark, no logo, no border, no collage, no CGI, no illustration.","text, watermark, logo, caption, signature, border, frame, collage, multiple panels, cartoon, illustration, CGI, 3d render, low-poly, painting, anime, surreal, deformed, duplicate objects, extra limbs, blurry, out of focus, noise, oversaturated, posterized, artifacts, jpeg artifacts"
9132,truck,dump truck,delivery truck,a backyard,slightly off-center framing,backlit rim light,clean,a professional photo,"a professional photo of a dump truck delivery truck in a backyard, slightly off-center framing, backlit rim light. single main subject, photorealistic color photo, natural colors, realistic texture, sharp focus on subject, no people, no text, no watermark, no logo, no border, no collage, no CGI, no illustration.","text, watermark, logo, caption, signature, border, frame, collage, multiple panels, cartoon, illustration, CGI, 3d render, low-poly, painting, anime, surreal, deformed, duplicate objects, extra limbs, blurry, out of focus, noise, oversaturated, posterized, artifacts, jpeg artifacts"
9989,truck,dump truck,semi truck,a quiet residential street,side profile,overcast daylight,hard,a photorealistic color photo,"a photorealistic color photo of a dump truck semi truck in a quiet residential street, side profile, overcast daylight. in the distance. single main subject, photorealistic color photo, natural colors, realistic texture, sharp focus on subject, no people, no text, no watermark, no logo, no border, no collage, no CGI, no illustration.","text, watermark, logo, caption, signature, border, frame, collage, multiple panels, cartoon, illustration, CGI, 3d render, low-poly, painting, anime, surreal, deformed, duplicate objects, extra limbs, blurry, out of focus, noise, oversaturated, posterized, artifacts, jpeg artifacts"
9854,truck,delivery truck,delivery truck,an urban street,side profile,nighttime under streetlights,hard,a professional photo,"a professional photo of a delivery truck delivery truck in an urban street, side profile, nighttime under streetlights. busy background but still one main subject. single main subject, photorealistic color photo, natural colors, realistic texture, sharp focus on subject, no people, no text, no watermark, no logo, no border, no collage, no CGI, no illustration.","text, watermark, logo, caption, signature, border, frame, collage, multiple panels, cartoon, illustration, CGI, 3d render, low-poly, painting, anime, surreal, deformed, duplicate objects, extra limbs, blurry, out of focus, noise, oversaturated, posterized, artifacts, jpeg artifacts"
9158,truck,utility truck,semi truck,a city park,3/4 view,backlit rim light,clean,a finely detailed photo,"a finely detailed photo of a utility truck semi truck in a city park, 3/4 view, backlit rim light. single main subject, photorealistic color photo, natural colors, realistic texture, sharp focus on subject, no people, no text, no watermark, no logo, no border, no collage, no CGI, no illustration.","text, watermark, logo, caption, signature, border, frame, collage, multiple panels, cartoon, illustration, CGI, 3d render, low-poly, painting, anime, surreal, deformed, duplicate objects, extra limbs, blurry, out of focus, noise, oversaturated, posterized, artifacts, jpeg artifacts"
9791,truck,pickup truck,dump truck,a backyard,side profile,foggy morning,clean,a finely detailed photo,"a finely detailed photo of a pickup truck dump truck in a backyard, side profile, foggy morning. single main subject, photorealistic color photo, natural colors, realistic texture, sharp focus on subject, no people, no text, no watermark, no logo, no border, no collage, no CGI, no illustration.","text, watermark, logo, caption, signature, border, frame, collage, multiple panels, cartoon, illustration, CGI, 3d render, low-poly, painting, anime, surreal, deformed, duplicate objects, extra limbs, blurry, out of focus, noise, oversaturated, posterized, artifacts, jpeg artifacts"
9795,truck,dump truck,utility truck,a quiet residential street,wide shot,backlit rim light,clean,a photorealistic color photo,"a photorealistic color photo of a dump truck utility truck in a quiet residential street, wide shot, backlit rim light. single main subject, photorealistic color photo, natural colors, realistic texture, sharp focus on subject, no people, no text, no watermark, no logo, no border, no collage, no CGI, no illustration.","text, watermark, logo, caption, signature, border, frame, collage, multiple panels, cartoon, illustration, CGI, 3d render, low-poly, painting, anime, surreal, deformed, duplicate objects, extra limbs, blurry, out of focus, noise, oversaturated, posterized, artifacts, jpeg artifacts"
9480,truck,dump truck,delivery truck,a countryside road,close-up,backlit rim light,clean,a high-quality image,"a high-quality image of a dump truck delivery truck in a countryside road, close-up, backlit rim light. single main subject, photorealistic color photo, natural colors, realistic texture, sharp focus on subject, no people, no text, no watermark, no logo, no border, no collage, no CGI, no illustration.","text, watermark, logo, caption, signature, border, frame, collage, multiple panels, cartoon, illustration, CGI, 3d render, low-poly, painting, anime, surreal, deformed, duplicate objects, extra limbs, blurry, out of focus, noise, oversaturated, posterized, artifacts, jpeg artifacts"
9969,truck,semi truck,dump truck,a countryside road,distant subject in the background,foggy morning,hard,a professional photo,"a professional photo of a semi truck dump truck in a countryside road, distant subject in the background, foggy morning. partially occluded by a foreground object. single main subject, photorealistic color photo, natural colors, realistic texture, sharp focus on subject, no people, no text, no watermark, no logo, no border, no collage, no CGI, no illustration.","text, watermark, logo, caption, signature, border, frame, collage, multiple panels, cartoon, illustration, CGI, 3d render, low-poly, painting, anime, surreal, deformed, duplicate objects, extra limbs, blurry, out of focus, noise, oversaturated, posterized, artifacts, jpeg artifacts"
9347,truck,box truck,utility truck,an industrial yard,front view,rainy with wet reflections,clean,a high-quality image,"a high-quality image of a box truck utility truck in an industrial yard, front view, rainy with wet reflections. single main subject, photorealistic color photo, natural colors, realistic texture, sharp focus on subject, no people, no text, no watermark, no logo, no border, no collage, no CGI, no illustration.","text, watermark, logo, caption, signature, border, frame, collage, multiple panels, cartoon, illustration, CGI, 3d render, low-poly, painting, anime, surreal, deformed, duplicate objects, extra limbs, blurry, out of focus, noise, oversaturated, posterized, artifacts, jpeg artifacts"
9026,truck,pickup truck,dump truck,an urban street,front view,foggy morning,clean,a detailed photograph,"a detailed photograph of a pickup truck dump truck in an urban street, front view, foggy morning. single main subject, photorealistic color photo, natural colors, realistic texture, sharp focus on subject, no people, no text, no watermark, no logo, no border, no collage, no CGI, no illustration.","text, watermark, logo, caption, signature, border, frame, collage, multiple panels, cartoon, illustration, CGI, 3d render, low-poly, painting, anime, surreal, deformed, duplicate objects, extra limbs, blurry, out of focus, noise, oversaturated, posterized, artifacts, jpeg artifacts"
9917,truck,utility truck,delivery truck,an urban street,wide shot,sunny afternoon,hard,a detailed photograph,"a detailed photograph of a utility truck delivery truck in an urban street, wide shot, sunny afternoon. in the distance. single main subject, photorealistic color photo, natural colors, realistic texture, sharp focus on subject, no people, no text, no watermark, no logo, no border, no collage, no CGI, no illustration.","text, watermark, logo, caption, signature, border, frame, collage, multiple panels, cartoon, illustration, CGI, 3d render, low-poly, painting, anime, surreal, deformed, duplicate objects, extra limbs, blurry, out of focus, noise, oversaturated, posterized, artifacts, jpeg artifacts"
9531,truck,utility truck,dump truck,a countryside road,wide shot,sunny afternoon,clean,a finely detailed photo,"a finely detailed photo of a utility truck dump truck in a countryside road, wide shot, sunny afternoon. single main subject, photorealistic color photo, natural colors, realistic texture, sharp focus on subject, no people, no text, no watermark, no logo, no border, no collage, no CGI, no illustration.","text, watermark, logo, caption, signature, border, frame, collage, multiple panels, cartoon, illustration, CGI, 3d render, low-poly, painting, anime, surreal, deformed, duplicate objects, extra limbs, blurry, out of focus, noise, oversaturated, posterized, artifacts, jpeg artifacts"
9247,truck,pickup truck,box truck,a wet roadway after rain,wide shot,overcast daylight,clean,a finely detailed photo,"a finely detailed photo of a pickup truck box truck in a wet roadway after rain, wide shot, overcast daylight. single main subject, photorealistic color photo, natural colors, realistic texture, sharp focus on subject, no people, no text, no watermark, no logo, no border, no collage, no CGI, no illustration.","text, watermark, logo, caption, signature, border, frame, collage, multiple panels, cartoon, illustration, CGI, 3d render, low-poly, painting, anime, surreal, deformed, duplicate objects, extra limbs, blurry, out of focus, noise, oversaturated, posterized, artifacts, jpeg artifacts"
9528,truck,pickup truck,pickup truck,a sandy beach,close-up,overcast daylight,clean,a photorealistic color photo,"a photorealistic color photo of a pickup truck pickup truck in a sandy beach, close-up, overcast daylight. single main subject, photorealistic color photo, natural colors, realistic texture, sharp focus on subject, no people, no text, no watermark, no logo, no border, no collage, no CGI, no illustration.","text, watermark, logo, caption, signature, border, frame, collage, multiple panels, cartoon, illustration, CGI, 3d render, low-poly, painting, anime, surreal, deformed, duplicate objects, extra limbs, blurry, out of focus, noise, oversaturated, posterized, artifacts, jpeg artifacts"
9865,truck,semi truck,pickup truck,a city park,front view,nighttime under streetlights,hard,an ultra-realistic rendering,"an ultra-realistic rendering of a semi truck pickup truck in a city park, front view, nighttime under streetlights. partially occluded by a foreground object. single main subject, photorealistic color photo, natural colors, realistic texture, sharp focus on subject, no people, no text, no watermark, no logo, no border, no collage, no CGI, no illustration.","text, watermark, logo, caption, signature, border, frame, collage, multiple panels, cartoon, illustration, CGI, 3d render, low-poly, painting, anime, surreal, deformed, duplicate objects, extra limbs, blurry, out of focus, noise, oversaturated, posterized, artifacts, jpeg artifacts"
9999,truck,utility truck,delivery truck,an urban street,front view,overcast daylight,hard,a photorealistic color photo,"a photorealistic color photo of a utility truck delivery truck in an urban street, front view, overcast daylight. cropped slightly. single main subject, photorealistic color photo, natural colors, realistic texture, sharp focus on subject, no people, no text, no watermark, no logo, no border, no collage, no CGI, no illustration.","text, watermark, logo, caption, signature, border, frame, collage, multiple panels, cartoon, illustration, CGI, 3d render, low-poly, painting, anime, surreal, deformed, duplicate objects, extra limbs, blurry, out of focus, noise, oversaturated, posterized, artifacts, jpeg artifacts"
9387,truck,dump truck,box truck,a backyard,side profile,backlit rim light,clean,a professional photo,"a professional photo of a dump truck box truck in a backyard, side profile, backlit rim light. single main subject, photorealistic color photo, natural colors, realistic texture, sharp focus on subject, no people, no text, no watermark, no logo, no border, no collage, no CGI, no illustration.","text, watermark, logo, caption, signature, border, frame, collage, multiple panels, cartoon, illustration, CGI, 3d render, low-poly, painting, anime, surreal, deformed, duplicate objects, extra limbs, blurry, out of focus, noise, oversaturated, posterized, artifacts, jpeg artifacts"
9233,truck,box truck,utility truck,a suburban neighborhood,side profile,foggy morning,clean,a professional photo,"a professional photo of a box truck utility truck in a suburban neighborhood, side profile, foggy morning. single main subject, photorealistic color photo, natural colors, realistic texture, sharp focus on subject, no people, no text, no watermark, no logo, no border, no collage, no CGI, no illustration.","text, watermark, logo, caption, signature, border, frame, collage, multiple panels, cartoon, illustration, CGI, 3d render, low-poly, painting, anime, surreal, deformed, duplicate objects, extra limbs, blurry, out of focus, noise, oversaturated, posterized, artifacts, jpeg artifacts"
9013,truck,semi truck,utility truck,a lakeside shore,wide shot,backlit rim light,clean,a photorealistic color photo,"a photorealistic color photo of a semi truck utility truck in a lakeside shore, wide shot, backlit rim light. single main subject, photorealistic color photo, natural colors, realistic texture, sharp focus on subject, no people, no text, no watermark, no logo, no border, no collage, no CGI, no illustration.","text, watermark, logo, caption, signature, border, frame, collage, multiple panels, cartoon, illustration, CGI, 3d render, low-poly, painting, anime, surreal, deformed, duplicate objects, extra limbs, blurry, out of focus, noise, oversaturated, posterized, artifacts, jpeg artifacts"
9709,truck,semi truck,utility truck,a parking lot,low angle,sunny afternoon,clean,a finely detailed photo,"a finely detailed photo of a semi truck utility truck in a parking lot, low angle, sunny afternoon. single main subject, photorealistic color photo, natural colors, realistic texture, sharp focus on subject, no people, no text, no watermark, no logo, no border, no collage, no CGI, no illustration.","text, watermark, logo, caption, signature, border, frame, collage, multiple panels, cartoon, illustration, CGI, 3d render, low-poly, painting, anime, surreal, deformed, duplicate objects, extra limbs, blurry, out of focus, noise, oversaturated, posterized, artifacts, jpeg artifacts"
9818,truck,delivery truck,utility truck,a city park,distant subject in the background,indoor soft window light,hard,a detailed photograph,"a detailed photograph of a delivery truck utility truck in a city park, distant subject in the background, indoor soft window light. cropped slightly. single main subject, photorealistic color photo, natural colors, realistic texture, sharp focus on subject, no people, no text, no watermark, no logo, no border, no collage, no CGI, no illustration.","text, watermark, logo, caption, signature, border, frame, collage, multiple panels, cartoon, illustration, CGI, 3d render, low-poly, painting, anime, surreal, deformed, duplicate objects, extra limbs, blurry, out of focus, noise, oversaturated, posterized, artifacts, jpeg artifacts"
9624,truck,box truck,utility truck,a gravel lot,slightly off-center framing,rainy with wet reflections,clean,a high-quality image,"a high-quality image of a box truck utility truck in a gravel lot, slightly off-center framing, rainy with wet reflections. single main subject, photorealistic color photo, natural colors, realistic texture, sharp focus on subject, no people, no text, no watermark, no logo, no border, no collage, no CGI, no illustration.","text, watermark, logo, caption, signature, border, frame, collage, multiple panels, cartoon, illustration, CGI, 3d render, low-poly, painting, anime, surreal, deformed, duplicate objects, extra limbs, blurry, out of focus, noise, oversaturated, posterized, artifacts, jpeg artifacts"
9118,truck,delivery truck,utility truck,a gravel lot,low angle,foggy morning,clean,a professional photo,"a professional photo of a delivery truck utility truck in a gravel lot, low angle, foggy morning. single main subject, photorealistic color photo, natural colors, realistic texture, sharp focus on subject, no people, no text, no watermark, no logo, no border, no collage, no CGI, no illustration.","text, watermark, logo, caption, signature, border, frame, collage, multiple panels, cartoon, illustration, CGI, 3d render, low-poly, painting, anime, surreal, deformed, duplicate objects, extra limbs, blurry, out of focus, noise, oversaturated, posterized, artifacts, jpeg artifacts"
9576,truck,dump truck,box truck,a grassy field,close-up,backlit rim light,clean,a detailed photograph,"a detailed photograph of a dump truck box truck in a grassy field, close-up, backlit rim light. single main subject, photorealistic color photo, natural colors, realistic texture, sharp focus on subject, no people, no text, no watermark, no logo, no border, no collage, no CGI, no illustration.","text, watermark, logo, caption, signature, border, frame, collage, multiple panels, cartoon, illustration, CGI, 3d render, low-poly, painting, anime, surreal, deformed, duplicate objects, extra limbs, blurry, out of focus, noise, oversaturated, posterized, artifacts, jpeg artifacts"
9039,truck,pickup truck,delivery truck,a countryside road,front view,backlit rim light,clean,a high-quality image,"a high-quality image of a pickup truck delivery truck in a countryside road, front view, backlit rim light. single main subject, photorealistic color photo, natural colors, realistic texture, sharp focus on subject, no people, no text, no watermark, no logo, no border, no collage, no CGI, no illustration.","text, watermark, logo, caption, signature, border, frame, collage, multiple panels, cartoon, illustration, CGI, 3d render, low-poly, painting, anime, surreal, deformed, duplicate objects, extra limbs, blurry, out of focus, noise, oversaturated, posterized, artifacts, jpeg artifacts"
9568,truck,dump truck,semi truck,a wet roadway after rain,wide shot,indoor soft window light,clean,a photorealistic color photo,"a photorealistic color photo of a dump truck semi truck in a wet roadway after rain, wide shot, indoor soft window light. single main subject, photorealistic color photo, natural colors, realistic texture, sharp focus on subject, no people, no text, no watermark, no logo, no border, no collage, no CGI, no illustration.","text, watermark, logo, caption, signature, border, frame, collage, multiple panels, cartoon, illustration, CGI, 3d render, low-poly, painting, anime, surreal, deformed, duplicate objects, extra limbs, blurry, out of focus, noise, oversaturated, posterized, artifacts, jpeg artifacts"
9638,truck,utility truck,semi truck,a backyard,wide shot,sunny afternoon,clean,a high-quality image,"a high-quality image of a utility truck semi truck in a backyard, wide shot, sunny afternoon. single main subject, photorealistic color photo, natural colors, realistic texture, sharp focus on subject, no people, no text, no watermark, no logo, no border, no collage, no CGI, no illustration.","text, watermark, logo, caption, signature, border, frame, collage, multiple panels, cartoon, illustration, CGI, 3d render, low-poly, painting, anime, surreal, deformed, duplicate objects, extra limbs, blurry, out of focus, noise, oversaturated, posterized, artifacts, jpeg artifacts"
9993,truck,dump truck,box truck,a backyard,slightly off-center framing,nighttime under streetlights,hard,a photorealistic color photo,"a photorealistic color photo of a dump truck box truck in a backyard, slightly off-center framing, nighttime under streetlights. cropped slightly. single main subject, photorealistic color photo, natural colors, realistic texture, sharp focus on subject, no people, no text, no watermark, no logo, no border, no collage, no CGI, no illustration.","text, watermark, logo, caption, signature, border, frame, collage, multiple panels, cartoon, illustration, CGI, 3d render, low-poly, painting, anime, surreal, deformed, duplicate objects, extra limbs, blurry, out of focus, noise, oversaturated, posterized, artifacts, jpeg artifacts"
9284,truck,semi truck,dump truck,a sandy beach,high angle,indoor soft window light,clean,a high-quality image,"a high-quality image of a semi truck dump truck in a sandy beach, high angle, indoor soft window light. single main subject, photorealistic color photo, natural colors, realistic texture, sharp focus on subject, no people, no text, no watermark, no logo, no border, no collage, no CGI, no illustration.","text, watermark, logo, caption, signature, border, frame, collage, multiple panels, cartoon, illustration, CGI, 3d render, low-poly, painting, anime, surreal, deformed, duplicate objects, extra limbs, blurry, out of focus, noise, oversaturated, posterized, artifacts, jpeg artifacts"
9904,truck,dump truck,delivery truck,a suburban neighborhood,front view,backlit rim light,hard,an ultra-realistic rendering,"an ultra-realistic rendering of a dump truck delivery truck in a suburban neighborhood, front view, backlit rim light. partially occluded by a foreground object. single main subject, photorealistic color photo, natural colors, realistic texture, sharp focus on subject, no people, no text, no watermark, no logo, no border, no collage, no CGI, no illustration.","text, watermark, logo, caption, signature, border, frame, collage, multiple panels, cartoon, illustration, CGI, 3d render, low-poly, painting, anime, surreal, deformed, duplicate objects, extra limbs, blurry, out of focus, noise, oversaturated, posterized, artifacts, jpeg artifacts"
9345,truck,pickup truck,pickup truck,a countryside road,3/4 view,overcast daylight,clean,a high-quality image,"a high-quality image of a pickup truck pickup truck in a countryside road, 3/4 view, overcast daylight. single main subject, photorealistic color photo, natural colors, realistic texture, sharp focus on subject, no people, no text, no watermark, no logo, no border, no collage, no CGI, no illustration.","text, watermark, logo, caption, signature, border, frame, collage, multiple panels, cartoon, illustration, CGI, 3d render, low-poly, painting, anime, surreal, deformed, duplicate objects, extra limbs, blurry, out of focus, noise, oversaturated, posterized, artifacts, jpeg artifacts"
9701,truck,pickup truck,delivery truck,a backyard,wide shot,foggy morning,clean,a finely detailed photo,"a finely detailed photo of a pickup truck delivery truck in a backyard, wide shot, foggy morning. single main subject, photorealistic color photo, natural colors, realistic texture, sharp focus on subject, no people, no text, no watermark, no logo, no border, no collage, no CGI, no illustration.","text, watermark, logo, caption, signature, border, frame, collage, multiple panels, cartoon, illustration, CGI, 3d render, low-poly, painting, anime, surreal, deformed, duplicate objects, extra limbs, blurry, out of focus, noise, oversaturated, posterized, artifacts, jpeg artifacts"
9562,truck,pickup truck,semi truck,a backyard,low angle,foggy morning,clean,a professional photo,"a professional photo of a pickup truck semi truck in a backyard, low angle, foggy morning. single main subject, photorealistic color photo, natural colors, realistic texture, sharp focus on subject, no people, no text, no watermark, no logo, no border, no collage, no CGI, no illustration.","text, watermark, logo, caption, signature, border, frame, collage, multiple panels, cartoon, illustration, CGI, 3d render, low-poly, painting, anime, surreal, deformed, duplicate objects, extra limbs, blurry, out of focus, noise, oversaturated, posterized, artifacts, jpeg artifacts"
9471,truck,dump truck,box truck,a parking lot,high angle,foggy morning,clean,a high-quality image,"a high-quality image of a dump truck box truck in a parking lot, high angle, foggy morning. single main subject, photorealistic color photo, natural colors, realistic texture, sharp focus on subject, no people, no text, no watermark, no logo, no border, no collage, no CGI, no illustration.","text, watermark, logo, caption, signature, border, frame, collage, multiple panels, cartoon, illustration, CGI, 3d render, low-poly, painting, anime, surreal, deformed, duplicate objects, extra limbs, blurry, out of focus, noise, oversaturated, posterized, artifacts, jpeg artifacts"
9478,truck,pickup truck,utility truck,a parking lot,front view,nighttime under streetlights,clean,an ultra-realistic rendering,"an ultra-realistic rendering of a pickup truck utility truck in a parking lot, front view, nighttime under streetlights. single main subject, photorealistic color photo, natural colors, realistic texture, sharp focus on subject, no people, no text, no watermark, no logo, no border, no collage, no CGI, no illustration.","text, watermark, logo, caption, signature, border, frame, collage, multiple panels, cartoon, illustration, CGI, 3d render, low-poly, painting, anime, surreal, deformed, duplicate objects, extra limbs, blurry, out of focus, noise, oversaturated, posterized, artifacts, jpeg artifacts"
9610,truck,box truck,pickup truck,a parking lot,high angle,foggy morning,clean,a professional photo,"a professional photo of a box truck pickup truck in a parking lot, high angle, foggy morning. single main subject, photorealistic color photo, natural colors, realistic texture, sharp focus on subject, no people, no text, no watermark, no logo, no border, no collage, no CGI, no illustration.","text, watermark, logo, caption, signature, border, frame, collage, multiple panels, cartoon, illustration, CGI, 3d render, low-poly, painting, anime, surreal, deformed, duplicate objects, extra limbs, blurry, out of focus, noise, oversaturated, posterized, artifacts, jpeg artifacts"
9470,truck,utility truck,utility truck,a sandy beach,side profile,indoor soft window light,clean,a finely detailed photo,"a finely detailed photo of a utility truck utility truck in a sandy beach, side profile, indoor soft window light. single main subject, photorealistic color photo, natural colors, realistic texture, sharp focus on subject, no people, no text, no watermark, no logo, no border, no collage, no CGI, no illustration.","text, watermark, logo, caption, signature, border, frame, collage, multiple panels, cartoon, illustration, CGI, 3d render, low-poly, painting, anime, surreal, deformed, duplicate objects, extra limbs, blurry, out of focus, noise, oversaturated, posterized, artifacts, jpeg artifacts"
9273,truck,delivery truck,semi truck,a wet roadway after rain,slightly off-center framing,golden hour,clean,a finely detailed photo,"a finely detailed photo of a delivery truck semi truck in a wet roadway after rain, slightly off-center framing, golden hour. single main subject, photorealistic color photo, natural colors, realistic texture, sharp focus on subject, no people, no text, no watermark, no logo, no border, no collage, no CGI, no illustration.","text, watermark, logo, caption, signature, border, frame, collage, multiple panels, cartoon, illustration, CGI, 3d render, low-poly, painting, anime, surreal, deformed, duplicate objects, extra limbs, blurry, out of focus, noise, oversaturated, posterized, artifacts, jpeg artifacts"
9147,truck,dump truck,utility truck,a city park,slightly off-center framing,indoor soft window light,clean,a detailed photograph,"a detailed photograph of a dump truck utility truck in a city park, slightly off-center framing, indoor soft window light. single main subject, photorealistic color photo, natural colors, realistic texture, sharp focus on subject, no people, no text, no watermark, no logo, no border, no collage, no CGI, no illustration.","text, watermark, logo, caption, signature, border, frame, collage, multiple panels, cartoon, illustration, CGI, 3d render, low-poly, painting, anime, surreal, deformed, duplicate objects, extra limbs, blurry, out of focus, noise, oversaturated, posterized, artifacts, jpeg artifacts"
9431,truck,box truck,pickup truck,a gravel lot,wide shot,foggy morning,clean,a professional photo,"a professional photo of a box truck pickup truck in a gravel lot, wide shot, foggy morning. single main subject, photorealistic color photo, natural colors, realistic texture, sharp focus on subject, no people, no text, no watermark, no logo, no border, no collage, no CGI, no illustration.","text, watermark, logo, caption, signature, border, frame, collage, multiple panels, cartoon, illustration, CGI, 3d render, low-poly, painting, anime, surreal, deformed, duplicate objects, extra limbs, blurry, out of focus, noise, oversaturated, posterized, artifacts, jpeg artifacts"
9651,truck,pickup truck,dump truck,a backyard,wide shot,overcast daylight,clean,a photorealistic color photo,"a photorealistic color photo of a pickup truck dump truck in a backyard, wide shot, overcast daylight. single main subject, photorealistic color photo, natural colors, realistic texture, sharp focus on subject, no people, no text, no watermark, no logo, no border, no collage, no CGI, no illustration.","text, watermark, logo, caption, signature, border, frame, collage, multiple panels, cartoon, illustration, CGI, 3d render, low-poly, painting, anime, surreal, deformed, duplicate objects, extra limbs, blurry, out of focus, noise, oversaturated, posterized, artifacts, jpeg artifacts"
9479,truck,box truck,utility truck,an industrial yard,side profile,rainy with wet reflections,clean,a detailed photograph,"a detailed photograph of a box truck utility truck in an industrial yard, side profile, rainy with wet reflections. single main subject, photorealistic color photo, natural colors, realistic texture, sharp focus on subject, no people, no text, no watermark, no logo, no border, no collage, no CGI, no illustration.","text, watermark, logo, caption, signature, border, frame, collage, multiple panels, cartoon, illustration, CGI, 3d render, low-poly, painting, anime, surreal, deformed, duplicate objects, extra limbs, blurry, out of focus, noise, oversaturated, posterized, artifacts, jpeg artifacts"
9601,truck,pickup truck,delivery truck,a grassy field,wide shot,golden hour,clean,a high-quality image,"a high-quality image of a pickup truck delivery truck in a grassy field, wide shot, golden hour. single main subject, photorealistic color photo, natural colors, realistic texture, sharp focus on subject, no people, no text, no watermark, no logo, no border, no collage, no CGI, no illustration.","text, watermark, logo, caption, signature, border, frame, collage, multiple panels, cartoon, illustration, CGI, 3d render, low-poly, painting, anime, surreal, deformed, duplicate objects, extra limbs, blurry, out of focus, noise, oversaturated, posterized, artifacts, jpeg artifacts"
9722,truck,box truck,semi truck,a forest clearing,side profile,overcast daylight,clean,an ultra-realistic rendering,"an ultra-realistic rendering of a box truck semi truck in a forest clearing, side profile, overcast daylight. single main subject, photorealistic color photo, natural colors, realistic texture, sharp focus on subject, no people, no text, no watermark, no logo, no border, no collage, no CGI, no illustration.","text, watermark, logo, caption, signature, border, frame, collage, multiple panels, cartoon, illustration, CGI, 3d render, low-poly, painting, anime, surreal, deformed, duplicate objects, extra limbs, blurry, out of focus, noise, oversaturated, posterized, artifacts, jpeg artifacts"
9520,truck,pickup truck,delivery truck,a gravel lot,front view,golden hour,clean,a detailed photograph,"a detailed photograph of a pickup truck delivery truck in a gravel lot, front view, golden hour. single main subject, photorealistic color photo, natural colors, realistic texture, sharp focus on subject, no people, no text, no watermark, no logo, no border, no collage, no CGI, no illustration.","text, watermark, logo, caption, signature, border, frame, collage, multiple panels, cartoon, illustration, CGI, 3d render, low-poly, painting, anime, surreal, deformed, duplicate objects, extra limbs, blurry, out of focus, noise, oversaturated, posterized, artifacts, jpeg artifacts"
9279,truck,semi truck,delivery truck,a parking lot,high angle,overcast daylight,clean,a detailed photograph,"a detailed photograph of a semi truck delivery truck in a parking lot, high angle, overcast daylight. single main subject, photorealistic color photo, natural colors, realistic texture, sharp focus on subject, no people, no text, no watermark, no logo, no border, no collage, no CGI, no illustration.","text, watermark, logo, caption, signature, border, frame, collage, multiple panels, cartoon, illustration, CGI, 3d render, low-poly, painting, anime, surreal, deformed, duplicate objects, extra limbs, blurry, out of focus, noise, oversaturated, posterized, artifacts, jpeg artifacts"
9180,truck,box truck,semi truck,a countryside road,low angle,sunny afternoon,clean,a high-quality image,"a high-quality image of a box truck semi truck in a countryside road, low angle, sunny afternoon. single main subject, photorealistic color photo, natural colors, realistic texture, sharp focus on subject, no people, no text, no watermark, no logo, no border, no collage, no CGI, no illustration.","text, watermark, logo, caption, signature, border, frame, collage, multiple panels, cartoon, illustration, CGI, 3d render, low-poly, painting, anime, surreal, deformed, duplicate objects, extra limbs, blurry, out of focus, noise, oversaturated, posterized, artifacts, jpeg artifacts"
9597,truck,box truck,utility truck,a backyard,side profile,nighttime under streetlights,clean,a high-quality image,"a high-quality image of a box truck utility truck in a backyard, side profile, nighttime under streetlights. single main subject, photorealistic color photo, natural colors, realistic texture, sharp focus on subject, no people, no text, no watermark, no logo, no border, no collage, no CGI, no illustration.","text, watermark, logo, caption, signature, border, frame, collage, multiple panels, cartoon, illustration, CGI, 3d render, low-poly, painting, anime, surreal, deformed, duplicate objects, extra limbs, blurry, out of focus, noise, oversaturated, posterized, artifacts, jpeg artifacts"
9389,truck,pickup truck,utility truck,a grassy field,wide shot,golden hour,clean,an ultra-realistic rendering,"an ultra-realistic rendering of a pickup truck utility truck in a grassy field, wide shot, golden hour. single main subject, photorealistic color photo, natural colors, realistic texture, sharp focus on subject, no people, no text, no watermark, no logo, no border, no collage, no CGI, no illustration.","text, watermark, logo, caption, signature, border, frame, collage, multiple panels, cartoon, illustration, CGI, 3d render, low-poly, painting, anime, surreal, deformed, duplicate objects, extra limbs, blurry, out of focus, noise, oversaturated, posterized, artifacts, jpeg artifacts"
9598,truck,box truck,dump truck,a parking lot,front view,sunny afternoon,clean,a high-quality image,"a high-quality image of a box truck dump truck in a parking lot, front view, sunny afternoon. single main subject, photorealistic color photo, natural colors, realistic texture, sharp focus on subject, no people, no text, no watermark, no logo, no border, no collage, no CGI, no illustration.","text, watermark, logo, caption, signature, border, frame, collage, multiple panels, cartoon, illustration, CGI, 3d render, low-poly, painting, anime, surreal, deformed, duplicate objects, extra limbs, blurry, out of focus, noise, oversaturated, posterized, artifacts, jpeg artifacts"
9444,truck,pickup truck,dump truck,a quiet residential street,low angle,nighttime under streetlights,clean,a finely detailed photo,"a finely detailed photo of a pickup truck dump truck in a quiet residential street, low angle, nighttime under streetlights. single main subject, photorealistic color photo, natural colors, realistic texture, sharp focus on subject, no people, no text, no watermark, no logo, no border, no collage, no CGI, no illustration.","text, watermark, logo, caption, signature, border, frame, collage, multiple panels, cartoon, illustration, CGI, 3d render, low-poly, painting, anime, surreal, deformed, duplicate objects, extra limbs, blurry, out of focus, noise, oversaturated, posterized, artifacts, jpeg artifacts"
9726,truck,dump truck,box truck,a grassy field,slightly off-center framing,overcast daylight,clean,a professional photo,"a professional photo of a dump truck box truck in a grassy field, slightly off-center framing, overcast daylight. single main subject, photorealistic color photo, natural colors, realistic texture, sharp focus on subject, no people, no text, no watermark, no logo, no border, no collage, no CGI, no illustration.","text, watermark, logo, caption, signature, border, frame, collage, multiple panels, cartoon, illustration, CGI, 3d render, low-poly, painting, anime, surreal, deformed, duplicate objects, extra limbs, blurry, out of focus, noise, oversaturated, posterized, artifacts, jpeg artifacts"
9305,truck,delivery truck,semi truck,an industrial yard,wide shot,backlit rim light,clean,a professional photo,"a professional photo of a delivery truck semi truck in an industrial yard, wide shot, backlit rim light. single main subject, photorealistic color photo, natural colors, realistic texture, sharp focus on subject, no people, no text, no watermark, no logo, no border, no collage, no CGI, no illustration.","text, watermark, logo, caption, signature, border, frame, collage, multiple panels, cartoon, illustration, CGI, 3d render, low-poly, painting, anime, surreal, deformed, duplicate objects, extra limbs, blurry, out of focus, noise, oversaturated, posterized, artifacts, jpeg artifacts"
9176,truck,box truck,dump truck,a countryside road,3/4 view,rainy with wet reflections,clean,a high-quality image,"a high-quality image of a box truck dump truck in a countryside road, 3/4 view, rainy with wet reflections. single main subject, photorealistic color photo, natural colors, realistic texture, sharp focus on subject, no people, no text, no watermark, no logo, no border, no collage, no CGI, no illustration.","text, watermark, logo, caption, signature, border, frame, collage, multiple panels, cartoon, illustration, CGI, 3d render, low-poly, painting, anime, surreal, deformed, duplicate objects, extra limbs, blurry, out of focus, noise, oversaturated, posterized, artifacts, jpeg artifacts"
9239,truck,delivery truck,box truck,a forest clearing,3/4 view,backlit rim light,clean,an ultra-realistic rendering,"an ultra-realistic rendering of a delivery truck box truck in a forest clearing, 3/4 view, backlit rim light. single main subject, photorealistic color photo, natural colors, realistic texture, sharp focus on subject, no people, no text, no watermark, no logo, no border, no collage, no CGI, no illustration.","text, watermark, logo, caption, signature, border, frame, collage, multiple panels, cartoon, illustration, CGI, 3d render, low-poly, painting, anime, surreal, deformed, duplicate objects, extra limbs, blurry, out of focus, noise, oversaturated, posterized, artifacts, jpeg artifacts"
9951,truck,pickup truck,semi truck,a forest clearing,3/4 view,sunny afternoon,hard,a professional photo,"a professional photo of a pickup truck semi truck in a forest clearing, 3/4 view, sunny afternoon. partially occluded by a foreground object. single main subject, photorealistic color photo, natural colors, realistic texture, sharp focus on subject, no people, no text, no watermark, no logo, no border, no collage, no CGI, no illustration.","text, watermark, logo, caption, signature, border, frame, collage, multiple panels, cartoon, illustration, CGI, 3d render, low-poly, painting, anime, surreal, deformed, duplicate objects, extra limbs, blurry, out of focus, noise, oversaturated, posterized, artifacts, jpeg artifacts"
9668,truck,semi truck,dump truck,a backyard,side profile,indoor soft window light,clean,an ultra-realistic rendering,"an ultra-realistic rendering of a semi truck dump truck in a backyard, side profile, indoor soft window light. single main subject, photorealistic color photo, natural colors, realistic texture, sharp focus on subject, no people, no text, no watermark, no logo, no border, no collage, no CGI, no illustration.","text, watermark, logo, caption, signature, border, frame, collage, multiple panels, cartoon, illustration, CGI, 3d render, low-poly, painting, anime, surreal, deformed, duplicate objects, extra limbs, blurry, out of focus, noise, oversaturated, posterized, artifacts, jpeg artifacts"
9890,truck,delivery truck,semi truck,an urban street,low angle,rainy with wet reflections,hard,an ultra-realistic rendering,"an ultra-realistic rendering of a delivery truck semi truck in an urban street, low angle, rainy with wet reflections. partially occluded by a foreground object. single main subject, photorealistic color photo, natural colors, realistic texture, sharp focus on subject, no people, no text, no watermark, no logo, no border, no collage, no CGI, no illustration.","text, watermark, logo, caption, signature, border, frame, collage, multiple panels, cartoon, illustration, CGI, 3d render, low-poly, painting, anime, surreal, deformed, duplicate objects, extra limbs, blurry, out of focus, noise, oversaturated, posterized, artifacts, jpeg artifacts"
9620,truck,dump truck,semi truck,a forest clearing,front view,foggy morning,clean,an ultra-realistic rendering,"an ultra-realistic rendering of a dump truck semi truck in a forest clearing, front view, foggy morning. single main subject, photorealistic color photo, natural colors, realistic texture, sharp focus on subject, no people, no text, no watermark, no logo, no border, no collage, no CGI, no illustration.","text, watermark, logo, caption, signature, border, frame, collage, multiple panels, cartoon, illustration, CGI, 3d render, low-poly, painting, anime, surreal, deformed, duplicate objects, extra limbs, blurry, out of focus, noise, oversaturated, posterized, artifacts, jpeg artifacts"
9173,truck,box truck,utility truck,a wet roadway after rain,close-up,indoor soft window light,clean,a finely detailed photo,"a finely detailed photo of a box truck utility truck in a wet roadway after rain, close-up, indoor soft window light. single main subject, photorealistic color photo, natural colors, realistic texture, sharp focus on subject, no people, no text, no watermark, no logo, no border, no collage, no CGI, no illustration.","text, watermark, logo, caption, signature, border, frame, collage, multiple panels, cartoon, illustration, CGI, 3d render, low-poly, painting, anime, surreal, deformed, duplicate objects, extra limbs, blurry, out of focus, noise, oversaturated, posterized, artifacts, jpeg artifacts"
9847,truck,semi truck,pickup truck,a gravel lot,wide shot,rainy with wet reflections,hard,a high-quality image,"a high-quality image of a semi truck pickup truck in a gravel lot, wide shot, rainy with wet reflections. slight motion blur. single main subject, photorealistic color photo, natural colors, realistic texture, sharp focus on subject, no people, no text, no watermark, no logo, no border, no collage, no CGI, no illustration.","text, watermark, logo, caption, signature, border, frame, collage, multiple panels, cartoon, illustration, CGI, 3d render, low-poly, painting, anime, surreal, deformed, duplicate objects, extra limbs, blurry, out of focus, noise, oversaturated, posterized, artifacts, jpeg artifacts"
9497,truck,utility truck,pickup truck,a city park,high angle,golden hour,clean,a finely detailed photo,"a finely detailed photo of a utility truck pickup truck in a city park, high angle, golden hour. single main subject, photorealistic color photo, natural colors, realistic texture, sharp focus on subject, no people, no text, no watermark, no logo, no border, no collage, no CGI, no illustration.","text, watermark, logo, caption, signature, border, frame, collage, multiple panels, cartoon, illustration, CGI, 3d render, low-poly, painting, anime, surreal, deformed, duplicate objects, extra limbs, blurry, out of focus, noise, oversaturated, posterized, artifacts, jpeg artifacts"
9016,truck,box truck,dump truck,an industrial yard,wide shot,rainy with wet reflections,clean,a detailed photograph,"a detailed photograph of a box truck dump truck in an industrial yard, wide shot, rainy with wet reflections. single main subject, photorealistic color photo, natural colors, realistic texture, sharp focus on subject, no people, no text, no watermark, no logo, no border, no collage, no CGI, no illustration.","text, watermark, logo, caption, signature, border, frame, collage, multiple panels, cartoon, illustration, CGI, 3d render, low-poly, painting, anime, surreal, deformed, duplicate objects, extra limbs, blurry, out of focus, noise, oversaturated, posterized, artifacts, jpeg artifacts"
9316,truck,pickup truck,semi truck,an industrial yard,low angle,overcast daylight,clean,a detailed photograph,"a detailed photograph of a pickup truck semi truck in an industrial yard, low angle, overcast daylight. single main subject, photorealistic color photo, natural colors, realistic texture, sharp focus on subject, no people, no text, no watermark, no logo, no border, no collage, no CGI, no illustration.","text, watermark, logo, caption, signature, border, frame, collage, multiple panels, cartoon, illustration, CGI, 3d render, low-poly, painting, anime, surreal, deformed, duplicate objects, extra limbs, blurry, out of focus, noise, oversaturated, posterized, artifacts, jpeg artifacts"
9842,truck,box truck,box truck,a countryside road,wide shot,nighttime under streetlights,hard,a detailed photograph,"a detailed photograph of a box truck box truck in a countryside road, wide shot, nighttime under streetlights. cropped slightly. single main subject, photorealistic color photo, natural colors, realistic texture, sharp focus on subject, no people, no text, no watermark, no logo, no border, no collage, no CGI, no illustration.","text, watermark, logo, caption, signature, border, frame, collage, multiple panels, cartoon, illustration, CGI, 3d render, low-poly, painting, anime, surreal, deformed, duplicate objects, extra limbs, blurry, out of focus, noise, oversaturated, posterized, artifacts, jpeg artifacts"
9051,truck,delivery truck,dump truck,a city park,close-up,rainy with wet reflections,clean,a detailed photograph,"a detailed photograph of a delivery truck dump truck in a city park, close-up, rainy with wet reflections. single main subject, photorealistic color photo, natural colors, realistic texture, sharp focus on subject, no people, no text, no watermark, no logo, no border, no collage, no CGI, no illustration.","text, watermark, logo, caption, signature, border, frame, collage, multiple panels, cartoon, illustration, CGI, 3d render, low-poly, painting, anime, surreal, deformed, duplicate objects, extra limbs, blurry, out of focus, noise, oversaturated, posterized, artifacts, jpeg artifacts"
9230,truck,dump truck,semi truck,a quiet residential street,close-up,backlit rim light,clean,an ultra-realistic rendering,"an ultra-realistic rendering of a dump truck semi truck in a quiet residential street, close-up, backlit rim light. single main subject, photorealistic color photo, natural colors, realistic texture, sharp focus on subject, no people, no text, no watermark, no logo, no border, no collage, no CGI, no illustration.","text, watermark, logo, caption, signature, border, frame, collage, multiple panels, cartoon, illustration, CGI, 3d render, low-poly, painting, anime, surreal, deformed, duplicate objects, extra limbs, blurry, out of focus, noise, oversaturated, posterized, artifacts, jpeg artifacts"
9370,truck,delivery truck,delivery truck,a suburban neighborhood,3/4 view,foggy morning,clean,an ultra-realistic rendering,"an ultra-realistic rendering of a delivery truck delivery truck in a suburban neighborhood, 3/4 view, foggy morning. single main subject, photorealistic color photo, natural colors, realistic texture, sharp focus on subject, no people, no text, no watermark, no logo, no border, no collage, no CGI, no illustration.","text, watermark, logo, caption, signature, border, frame, collage, multiple panels, cartoon, illustration, CGI, 3d render, low-poly, painting, anime, surreal, deformed, duplicate objects, extra limbs, blurry, out of focus, noise, oversaturated, posterized, artifacts, jpeg artifacts"
9086,truck,dump truck,semi truck,a wet roadway after rain,low angle,backlit rim light,clean,a professional photo,"a professional photo of a dump truck semi truck in a wet roadway after rain, low angle, backlit rim light. single main subject, photorealistic color photo, natural colors, realistic texture, sharp focus on subject, no people, no text, no watermark, no logo, no border, no collage, no CGI, no illustration.","text, watermark, logo, caption, signature, border, frame, collage, multiple panels, cartoon, illustration, CGI, 3d render, low-poly, painting, anime, surreal, deformed, duplicate objects, extra limbs, blurry, out of focus, noise, oversaturated, posterized, artifacts, jpeg artifacts"
9859,truck,pickup truck,pickup truck,a lakeside shore,slightly off-center framing,indoor soft window light,hard,a finely detailed photo,"a finely detailed photo of a pickup truck pickup truck in a lakeside shore, slightly off-center framing, indoor soft window light. slight motion blur. single main subject, photorealistic color photo, natural colors, realistic texture, sharp focus on subject, no people, no text, no watermark, no logo, no border, no collage, no CGI, no illustration.","text, watermark, logo, caption, signature, border, frame, collage, multiple panels, cartoon, illustration, CGI, 3d render, low-poly, painting, anime, surreal, deformed, duplicate objects, extra limbs, blurry, out of focus, noise, oversaturated, posterized, artifacts, jpeg artifacts"
9594,truck,box truck,utility truck,an urban street,slightly off-center framing,indoor soft window light,clean,a detailed photograph,"a detailed photograph of a box truck utility truck in an urban street, slightly off-center framing, indoor soft window light. single main subject, photorealistic color photo, natural colors, realistic texture, sharp focus on subject, no people, no text, no watermark, no logo, no border, no collage, no CGI, no illustration.","text, watermark, logo, caption, signature, border, frame, collage, multiple panels, cartoon, illustration, CGI, 3d render, low-poly, painting, anime, surreal, deformed, duplicate objects, extra limbs, blurry, out of focus, noise, oversaturated, posterized, artifacts, jpeg artifacts"
9534,truck,utility truck,utility truck,a suburban neighborhood,high angle,foggy morning,clean,a professional photo,"a professional photo of a utility truck utility truck in a suburban neighborhood, high angle, foggy morning. single main subject, photorealistic color photo, natural colors, realistic texture, sharp focus on subject, no people, no text, no watermark, no logo, no border, no collage, no CGI, no illustration.","text, watermark, logo, caption, signature, border, frame, collage, multiple panels, cartoon, illustration, CGI, 3d render, low-poly, painting, anime, surreal, deformed, duplicate objects, extra limbs, blurry, out of focus, noise, oversaturated, posterized, artifacts, jpeg artifacts"
9936,truck,box truck,utility truck,a lakeside shore,cropped at the edge of the frame,golden hour,hard,a finely detailed photo,"a finely detailed photo of a box truck utility truck in a lakeside shore, cropped at the edge of the frame, golden hour. in the distance. single main subject, photorealistic color photo, natural colors, realistic texture, sharp focus on subject, no people, no text, no watermark, no logo, no border, no collage, no CGI, no illustration.","text, watermark, logo, caption, signature, border, frame, collage, multiple panels, cartoon, illustration, CGI, 3d render, low-poly, painting, anime, surreal, deformed, duplicate objects, extra limbs, blurry, out of focus, noise, oversaturated, posterized, artifacts, jpeg artifacts"
9261,truck,delivery truck,box truck,a sandy beach,side profile,backlit rim light,clean,a photorealistic color photo,"a photorealistic color photo of a delivery truck box truck in a sandy beach, side profile, backlit rim light. single main subject, photorealistic color photo, natural colors, realistic texture, sharp focus on subject, no people, no text, no watermark, no logo, no border, no collage, no CGI, no illustration.","text, watermark, logo, caption, signature, border, frame, collage, multiple panels, cartoon, illustration, CGI, 3d render, low-poly, painting, anime, surreal, deformed, duplicate objects, extra limbs, blurry, out of focus, noise, oversaturated, posterized, artifacts, jpeg artifacts"
9236,truck,pickup truck,delivery truck,a countryside road,low angle,foggy morning,clean,a high-quality image,"a high-quality image of a pickup truck delivery truck in a countryside road, low angle, foggy morning. single main subject, photorealistic color photo, natural colors, realistic texture, sharp focus on subject, no people, no text, no watermark, no logo, no border, no collage, no CGI, no illustration.","text, watermark, logo, caption, signature, border, frame, collage, multiple panels, cartoon, illustration, CGI, 3d render, low-poly, painting, anime, surreal, deformed, duplicate objects, extra limbs, blurry, out of focus, noise, oversaturated, posterized, artifacts, jpeg artifacts"
9633,truck,semi truck,utility truck,a forest clearing,low angle,golden hour,clean,a detailed photograph,"a detailed photograph of a semi truck utility truck in a forest clearing, low angle, golden hour. single main subject, photorealistic color photo, natural colors, realistic texture, sharp focus on subject, no people, no text, no watermark, no logo, no border, no collage, no CGI, no illustration.","text, watermark, logo, caption, signature, border, frame, collage, multiple panels, cartoon, illustration, CGI, 3d render, low-poly, painting, anime, surreal, deformed, duplicate objects, extra limbs, blurry, out of focus, noise, oversaturated, posterized, artifacts, jpeg artifacts"
9683,truck,dump truck,dump truck,a countryside road,close-up,foggy morning,clean,a high-quality image,"a high-quality image of a dump truck dump truck in a countryside road, close-up, foggy morning. single main subject, photorealistic color photo, natural colors, realistic texture, sharp focus on subject, no people, no text, no watermark, no logo, no border, no collage, no CGI, no illustration.","text, watermark, logo, caption, signature, border, frame, collage, multiple panels, cartoon, illustration, CGI, 3d render, low-poly, painting, anime, surreal, deformed, duplicate objects, extra limbs, blurry, out of focus, noise, oversaturated, posterized, artifacts, jpeg artifacts"
9857,truck,semi truck,box truck,a city park,front view,foggy morning,hard,a finely detailed photo,"a finely detailed photo of a semi truck box truck in a city park, front view, foggy morning. busy background but still one main subject. single main subject, photorealistic color photo, natural colors, realistic texture, sharp focus on subject, no people, no text, no watermark, no logo, no border, no collage, no CGI, no illustration.","text, watermark, logo, caption, signature, border, frame, collage, multiple panels, cartoon, illustration, CGI, 3d render, low-poly, painting, anime, surreal, deformed, duplicate objects, extra limbs, blurry, out of focus, noise, oversaturated, posterized, artifacts, jpeg artifacts"
9817,truck,pickup truck,utility truck,an industrial yard,side profile,golden hour,hard,an ultra-realistic rendering,"an ultra-realistic rendering of a pickup truck utility truck in an industrial yard, side profile, golden hour. busy background but still one main subject. single main subject, photorealistic color photo, natural colors, realistic texture, sharp focus on subject, no people, no text, no watermark, no logo, no border, no collage, no CGI, no illustration.","text, watermark, logo, caption, signature, border, frame, collage, multiple panels, cartoon, illustration, CGI, 3d render, low-poly, painting, anime, surreal, deformed, duplicate objects, extra limbs, blurry, out of focus, noise, oversaturated, posterized, artifacts, jpeg artifacts"
9477,truck,dump truck,box truck,a parking lot,high angle,rainy with wet reflections,clean,a high-quality image,"a high-quality image of a dump truck box truck in a parking lot, high angle, rainy with wet reflections. single main subject, photorealistic color photo, natural colors, realistic texture, sharp focus on subject, no people, no text, no watermark, no logo, no border, no collage, no CGI, no illustration.","text, watermark, logo, caption, signature, border, frame, collage, multiple panels, cartoon, illustration, CGI, 3d render, low-poly, painting, anime, surreal, deformed, duplicate objects, extra limbs, blurry, out of focus, noise, oversaturated, posterized, artifacts, jpeg artifacts"
9943,truck,dump truck,delivery truck,a gravel lot,3/4 view,rainy with wet reflections,hard,a detailed photograph,"a detailed photograph of a dump truck delivery truck in a gravel lot, 3/4 view, rainy with wet reflections. busy background but still one main subject. single main subject, photorealistic color photo, natural colors, realistic texture, sharp focus on subject, no people, no text, no watermark, no logo, no border, no collage, no CGI, no illustration.","text, watermark, logo, caption, signature, border, frame, collage, multiple panels, cartoon, illustration, CGI, 3d render, low-poly, painting, anime, surreal, deformed, duplicate objects, extra limbs, blurry, out of focus, noise, oversaturated, posterized, artifacts, jpeg artifacts"
9695,truck,box truck,semi truck,a sandy beach,high angle,foggy morning,clean,an ultra-realistic rendering,"an ultra-realistic rendering of a box truck semi truck in a sandy beach, high angle, foggy morning. single main subject, photorealistic color photo, natural colors, realistic texture, sharp focus on subject, no people, no text, no watermark, no logo, no border, no collage, no CGI, no illustration.","text, watermark, logo, caption, signature, border, frame, collage, multiple panels, cartoon, illustration, CGI, 3d render, low-poly, painting, anime, surreal, deformed, duplicate objects, extra limbs, blurry, out of focus, noise, oversaturated, posterized, artifacts, jpeg artifacts"
9540,truck,pickup truck,semi truck,a countryside road,side profile,backlit rim light,clean,a high-quality image,"a high-quality image of a pickup truck semi truck in a countryside road, side profile, backlit rim light. single main subject, photorealistic color photo, natural colors, realistic texture, sharp focus on subject, no people, no text, no watermark, no logo, no border, no collage, no CGI, no illustration.","text, watermark, logo, caption, signature, border, frame, collage, multiple panels, cartoon, illustration, CGI, 3d render, low-poly, painting, anime, surreal, deformed, duplicate objects, extra limbs, blurry, out of focus, noise, oversaturated, posterized, artifacts, jpeg artifacts"
9667,truck,box truck,semi truck,a backyard,front view,backlit rim light,clean,a high-quality image,"a high-quality image of a box truck semi truck in a backyard, front view, backlit rim light. single main subject, photorealistic color photo, natural colors, realistic texture, sharp focus on subject, no people, no text, no watermark, no logo, no border, no collage, no CGI, no illustration.","text, watermark, logo, caption, signature, border, frame, collage, multiple panels, cartoon, illustration, CGI, 3d render, low-poly, painting, anime, surreal, deformed, duplicate objects, extra limbs, blurry, out of focus, noise, oversaturated, posterized, artifacts, jpeg artifacts"
9420,truck,delivery truck,utility truck,a sandy beach,wide shot,nighttime under streetlights,clean,an ultra-realistic rendering,"an ultra-realistic rendering of a delivery truck utility truck in a sandy beach, wide shot, nighttime under streetlights. single main subject, photorealistic color photo, natural colors, realistic texture, sharp focus on subject, no people, no text, no watermark, no logo, no border, no collage, no CGI, no illustration.","text, watermark, logo, caption, signature, border, frame, collage, multiple panels, cartoon, illustration, CGI, 3d render, low-poly, painting, anime, surreal, deformed, duplicate objects, extra limbs, blurry, out of focus, noise, oversaturated, posterized, artifacts, jpeg artifacts"
9472,truck,delivery truck,delivery truck,a gravel lot,high angle,indoor soft window light,clean,an ultra-realistic rendering,"an ultra-realistic rendering of a delivery truck delivery truck in a gravel lot, high angle, indoor soft window light. single main subject, photorealistic color photo, natural colors, realistic texture, sharp focus on subject, no people, no text, no watermark, no logo, no border, no collage, no CGI, no illustration.","text, watermark, logo, caption, signature, border, frame, collage, multiple panels, cartoon, illustration, CGI, 3d render, low-poly, painting, anime, surreal, deformed, duplicate objects, extra limbs, blurry, out of focus, noise, oversaturated, posterized, artifacts, jpeg artifacts"
9306,truck,pickup truck,pickup truck,a quiet residential street,slightly off-center framing,sunny afternoon,clean,a detailed photograph,"a detailed photograph of a pickup truck pickup truck in a quiet residential street, slightly off-center framing, sunny afternoon. single main subject, photorealistic color photo, natural colors, realistic texture, sharp focus on subject, no people, no text, no watermark, no logo, no border, no collage, no CGI, no illustration.","text, watermark, logo, caption, signature, border, frame, collage, multiple panels, cartoon, illustration, CGI, 3d render, low-poly, painting, anime, surreal, deformed, duplicate objects, extra limbs, blurry, out of focus, noise, oversaturated, posterized, artifacts, jpeg artifacts"
9982,truck,utility truck,utility truck,a backyard,wide shot,indoor soft window light,hard,a photorealistic color photo,"a photorealistic color photo of a utility truck utility truck in a backyard, wide shot, indoor soft window light. partially occluded by a foreground object. single main subject, photorealistic color photo, natural colors, realistic texture, sharp focus on subject, no people, no text, no watermark, no logo, no border, no collage, no CGI, no illustration.","text, watermark, logo, caption, signature, border, frame, collage, multiple panels, cartoon, illustration, CGI, 3d render, low-poly, painting, anime, surreal, deformed, duplicate objects, extra limbs, blurry, out of focus, noise, oversaturated, posterized, artifacts, jpeg artifacts"
9976,truck,pickup truck,delivery truck,a sandy beach,3/4 view,nighttime under streetlights,hard,an ultra-realistic rendering,"an ultra-realistic rendering of a pickup truck delivery truck in a sandy beach, 3/4 view, nighttime under streetlights. in the distance. single main subject, photorealistic color photo, natural colors, realistic texture, sharp focus on subject, no people, no text, no watermark, no logo, no border, no collage, no CGI, no illustration.","text, watermark, logo, caption, signature, border, frame, collage, multiple panels, cartoon, illustration, CGI, 3d render, low-poly, painting, anime, surreal, deformed, duplicate objects, extra limbs, blurry, out of focus, noise, oversaturated, posterized, artifacts, jpeg artifacts"
9595,truck,utility truck,semi truck,a lakeside shore,wide shot,foggy morning,clean,a detailed photograph,"a detailed photograph of a utility truck semi truck in a lakeside shore, wide shot, foggy morning. single main subject, photorealistic color photo, natural colors, realistic texture, sharp focus on subject, no people, no text, no watermark, no logo, no border, no collage, no CGI, no illustration.","text, watermark, logo, caption, signature, border, frame, collage, multiple panels, cartoon, illustration, CGI, 3d render, low-poly, painting, anime, surreal, deformed, duplicate objects, extra limbs, blurry, out of focus, noise, oversaturated, posterized, artifacts, jpeg artifacts"
9046,truck,semi truck,pickup truck,a backyard,slightly off-center framing,backlit rim light,clean,an ultra-realistic rendering,"an ultra-realistic rendering of a semi truck pickup truck in a backyard, slightly off-center framing, backlit rim light. single main subject, photorealistic color photo, natural colors, realistic texture, sharp focus on subject, no people, no text, no watermark, no logo, no border, no collage, no CGI, no illustration.","text, watermark, logo, caption, signature, border, frame, collage, multiple panels, cartoon, illustration, CGI, 3d render, low-poly, painting, anime, surreal, deformed, duplicate objects, extra limbs, blurry, out of focus, noise, oversaturated, posterized, artifacts, jpeg artifacts"
9676,truck,dump truck,box truck,a backyard,wide shot,foggy morning,clean,a detailed photograph,"a detailed photograph of a dump truck box truck in a backyard, wide shot, foggy morning. single main subject, photorealistic color photo, natural colors, realistic texture, sharp focus on subject, no people, no text, no watermark, no logo, no border, no collage, no CGI, no illustration.","text, watermark, logo, caption, signature, border, frame, collage, multiple panels, cartoon, illustration, CGI, 3d render, low-poly, painting, anime, surreal, deformed, duplicate objects, extra limbs, blurry, out of focus, noise, oversaturated, posterized, artifacts, jpeg artifacts"
9047,truck,semi truck,semi truck,a forest clearing,close-up,golden hour,clean,a finely detailed photo,"a finely detailed photo of a semi truck semi truck in a forest clearing, close-up, golden hour. single main subject, photorealistic color photo, natural colors, realistic texture, sharp focus on subject, no people, no text, no watermark, no logo, no border, no collage, no CGI, no illustration.","text, watermark, logo, caption, signature, border, frame, collage, multiple panels, cartoon, illustration, CGI, 3d render, low-poly, painting, anime, surreal, deformed, duplicate objects, extra limbs, blurry, out of focus, noise, oversaturated, posterized, artifacts, jpeg artifacts"
9796,truck,semi truck,semi truck,a lakeside shore,3/4 view,foggy morning,clean,a photorealistic color photo,"a photorealistic color photo of a semi truck semi truck in a lakeside shore, 3/4 view, foggy morning. single main subject, photorealistic color photo, natural colors, realistic texture, sharp focus on subject, no people, no text, no watermark, no logo, no border, no collage, no CGI, no illustration.","text, watermark, logo, caption, signature, border, frame, collage, multiple panels, cartoon, illustration, CGI, 3d render, low-poly, painting, anime, surreal, deformed, duplicate objects, extra limbs, blurry, out of focus, noise, oversaturated, posterized, artifacts, jpeg artifacts"
9400,truck,utility truck,delivery truck,a gravel lot,side profile,foggy morning,clean,a high-quality image,"a high-quality image of a utility truck delivery truck in a gravel lot, side profile, foggy morning. single main subject, photorealistic color photo, natural colors, realistic texture, sharp focus on subject, no people, no text, no watermark, no logo, no border, no collage, no CGI, no illustration.","text, watermark, logo, caption, signature, border, frame, collage, multiple panels, cartoon, illustration, CGI, 3d render, low-poly, painting, anime, surreal, deformed, duplicate objects, extra limbs, blurry, out of focus, noise, oversaturated, posterized, artifacts, jpeg artifacts"
9559,truck,pickup truck,utility truck,a lakeside shore,3/4 view,foggy morning,clean,a high-quality image,"a high-quality image of a pickup truck utility truck in a lakeside shore, 3/4 view, foggy morning. single main subject, photorealistic color photo, natural colors, realistic texture, sharp focus on subject, no people, no text, no watermark, no logo, no border, no collage, no CGI, no illustration.","text, watermark, logo, caption, signature, border, frame, collage, multiple panels, cartoon, illustration, CGI, 3d render, low-poly, painting, anime, surreal, deformed, duplicate objects, extra limbs, blurry, out of focus, noise, oversaturated, posterized, artifacts, jpeg artifacts"
9248,truck,dump truck,semi truck,an urban street,close-up,backlit rim light,clean,a detailed photograph,"a detailed photograph of a dump truck semi truck in an urban street, close-up, backlit rim light. single main subject, photorealistic color photo, natural colors, realistic texture, sharp focus on subject, no people, no text, no watermark, no logo, no border, no collage, no CGI, no illustration.","text, watermark, logo, caption, signature, border, frame, collage, multiple panels, cartoon, illustration, CGI, 3d render, low-poly, painting, anime, surreal, deformed, duplicate objects, extra limbs, blurry, out of focus, noise, oversaturated, posterized, artifacts, jpeg artifacts"
9742,truck,delivery truck,pickup truck,an urban street,front view,sunny afternoon,clean,a finely detailed photo,"a finely detailed photo of a delivery truck pickup truck in an urban street, front view, sunny afternoon. single main subject, photorealistic color photo, natural colors, realistic texture, sharp focus on subject, no people, no text, no watermark, no logo, no border, no collage, no CGI, no illustration.","text, watermark, logo, caption, signature, border, frame, collage, multiple panels, cartoon, illustration, CGI, 3d render, low-poly, painting, anime, surreal, deformed, duplicate objects, extra limbs, blurry, out of focus, noise, oversaturated, posterized, artifacts, jpeg artifacts"
9064,truck,box truck,utility truck,an industrial yard,high angle,backlit rim light,clean,a detailed photograph,"a detailed photograph of a box truck utility truck in an industrial yard, high angle, backlit rim light. single main subject, photorealistic color photo, natural colors, realistic texture, sharp focus on subject, no people, no text, no watermark, no logo, no border, no collage, no CGI, no illustration.","text, watermark, logo, caption, signature, border, frame, collage, multiple panels, cartoon, illustration, CGI, 3d render, low-poly, painting, anime, surreal, deformed, duplicate objects, extra limbs, blurry, out of focus, noise, oversaturated, posterized, artifacts, jpeg artifacts"
9453,truck,utility truck,semi truck,a quiet residential street,high angle,indoor soft window light,clean,an ultra-realistic rendering,"an ultra-realistic rendering of a utility truck semi truck in a quiet residential street, high angle, indoor soft window light. single main subject, photorealistic color photo, natural colors, realistic texture, sharp focus on subject, no people, no text, no watermark, no logo, no border, no collage, no CGI, no illustration.","text, watermark, logo, caption, signature, border, frame, collage, multiple panels, cartoon, illustration, CGI, 3d render, low-poly, painting, anime, surreal, deformed, duplicate objects, extra limbs, blurry, out of focus, noise, oversaturated, posterized, artifacts, jpeg artifacts"
9987,truck,semi truck,semi truck,a suburban neighborhood,slightly off-center framing,golden hour,hard,a detailed photograph,"a detailed photograph of a semi truck semi truck in a suburban neighborhood, slightly off-center framing, golden hour. slight motion blur. single main subject, photorealistic color photo, natural colors, realistic texture, sharp focus on subject, no people, no text, no watermark, no logo, no border, no collage, no CGI, no illustration.","text, watermark, logo, caption, signature, border, frame, collage, multiple panels, cartoon, illustration, CGI, 3d render, low-poly, painting, anime, surreal, deformed, duplicate objects, extra limbs, blurry, out of focus, noise, oversaturated, posterized, artifacts, jpeg artifacts"
9529,truck,utility truck,pickup truck,an industrial yard,slightly off-center framing,nighttime under streetlights,clean,a professional photo,"a professional photo of a utility truck pickup truck in an industrial yard, slightly off-center framing, nighttime under streetlights. single main subject, photorealistic color photo, natural colors, realistic texture, sharp focus on subject, no people, no text, no watermark, no logo, no border, no collage, no CGI, no illustration.","text, watermark, logo, caption, signature, border, frame, collage, multiple panels, cartoon, illustration, CGI, 3d render, low-poly, painting, anime, surreal, deformed, duplicate objects, extra limbs, blurry, out of focus, noise, oversaturated, posterized, artifacts, jpeg artifacts"
9878,truck,semi truck,pickup truck,a lakeside shore,wide shot,foggy morning,hard,an ultra-realistic rendering,"an ultra-realistic rendering of a semi truck pickup truck in a lakeside shore, wide shot, foggy morning. slight motion blur. single main subject, photorealistic color photo, natural colors, realistic texture, sharp focus on subject, no people, no text, no watermark, no logo, no border, no collage, no CGI, no illustration.","text, watermark, logo, caption, signature, border, frame, collage, multiple panels, cartoon, illustration, CGI, 3d render, low-poly, painting, anime, surreal, deformed, duplicate objects, extra limbs, blurry, out of focus, noise, oversaturated, posterized, artifacts, jpeg artifacts"
9871,truck,semi truck,delivery truck,a city park,high angle,foggy morning,hard,a photorealistic color photo,"a photorealistic color photo of a semi truck delivery truck in a city park, high angle, foggy morning. partially occluded by a foreground object. single main subject, photorealistic color photo, natural colors, realistic texture, sharp focus on subject, no people, no text, no watermark, no logo, no border, no collage, no CGI, no illustration.","text, watermark, logo, caption, signature, border, frame, collage, multiple panels, cartoon, illustration, CGI, 3d render, low-poly, painting, anime, surreal, deformed, duplicate objects, extra limbs, blurry, out of focus, noise, oversaturated, posterized, artifacts, jpeg artifacts"
9727,truck,semi truck,delivery truck,an urban street,front view,foggy morning,clean,an ultra-realistic rendering,"an ultra-realistic rendering of a semi truck delivery truck in an urban street, front view, foggy morning. single main subject, photorealistic color photo, natural colors, realistic texture, sharp focus on subject, no people, no text, no watermark, no logo, no border, no collage, no CGI, no illustration.","text, watermark, logo, caption, signature, border, frame, collage, multiple panels, cartoon, illustration, CGI, 3d render, low-poly, painting, anime, surreal, deformed, duplicate objects, extra limbs, blurry, out of focus, noise, oversaturated, posterized, artifacts, jpeg artifacts"
9413,truck,box truck,delivery truck,a gravel lot,wide shot,golden hour,clean,an ultra-realistic rendering,"an ultra-realistic rendering of a box truck delivery truck in a gravel lot, wide shot, golden hour. single main subject, photorealistic color photo, natural colors, realistic texture, sharp focus on subject, no people, no text, no watermark, no logo, no border, no collage, no CGI, no illustration.","text, watermark, logo, caption, signature, border, frame, collage, multiple panels, cartoon, illustration, CGI, 3d render, low-poly, painting, anime, surreal, deformed, duplicate objects, extra limbs, blurry, out of focus, noise, oversaturated, posterized, artifacts, jpeg artifacts"
9802,truck,dump truck,utility truck,a wet roadway after rain,side profile,overcast daylight,hard,a finely detailed photo,"a finely detailed photo of a dump truck utility truck in a wet roadway after rain, side profile, overcast daylight. partially occluded by a foreground object. single main subject, photorealistic color photo, natural colors, realistic texture, sharp focus on subject, no people, no text, no watermark, no logo, no border, no collage, no CGI, no illustration.","text, watermark, logo, caption, signature, border, frame, collage, multiple panels, cartoon, illustration, CGI, 3d render, low-poly, painting, anime, surreal, deformed, duplicate objects, extra limbs, blurry, out of focus, noise, oversaturated, posterized, artifacts, jpeg artifacts"
9393,truck,utility truck,semi truck,a grassy field,3/4 view,rainy with wet reflections,clean,a photorealistic color photo,"a photorealistic color photo of a utility truck semi truck in a grassy field, 3/4 view, rainy with wet reflections. single main subject, photorealistic color photo, natural colors, realistic texture, sharp focus on subject, no people, no text, no watermark, no logo, no border, no collage, no CGI, no illustration.","text, watermark, logo, caption, signature, border, frame, collage, multiple panels, cartoon, illustration, CGI, 3d render, low-poly, painting, anime, surreal, deformed, duplicate objects, extra limbs, blurry, out of focus, noise, oversaturated, posterized, artifacts, jpeg artifacts"
9512,truck,dump truck,pickup truck,a backyard,low angle,backlit rim light,clean,a detailed photograph,"a detailed photograph of a dump truck pickup truck in a backyard, low angle, backlit rim light. single main subject, photorealistic color photo, natural colors, realistic texture, sharp focus on subject, no people, no text, no watermark, no logo, no border, no collage, no CGI, no illustration.","text, watermark, logo, caption, signature, border, frame, collage, multiple panels, cartoon, illustration, CGI, 3d render, low-poly, painting, anime, surreal, deformed, duplicate objects, extra limbs, blurry, out of focus, noise, oversaturated, posterized, artifacts, jpeg artifacts"
9207,truck,utility truck,box truck,a lakeside shore,wide shot,nighttime under streetlights,clean,a detailed photograph,"a detailed photograph of a utility truck box truck in a lakeside shore, wide shot, nighttime under streetlights. single main subject, photorealistic color photo, natural colors, realistic texture, sharp focus on subject, no people, no text, no watermark, no logo, no border, no collage, no CGI, no illustration.","text, watermark, logo, caption, signature, border, frame, collage, multiple panels, cartoon, illustration, CGI, 3d render, low-poly, painting, anime, surreal, deformed, duplicate objects, extra limbs, blurry, out of focus, noise, oversaturated, posterized, artifacts, jpeg artifacts"
9343,truck,delivery truck,semi truck,a forest clearing,front view,overcast daylight,clean,a photorealistic color photo,"a photorealistic color photo of a delivery truck semi truck in a forest clearing, front view, overcast daylight. single main subject, photorealistic color photo, natural colors, realistic texture, sharp focus on subject, no people, no text, no watermark, no logo, no border, no collage, no CGI, no illustration.","text, watermark, logo, caption, signature, border, frame, collage, multiple panels, cartoon, illustration, CGI, 3d render, low-poly, painting, anime, surreal, deformed, duplicate objects, extra limbs, blurry, out of focus, noise, oversaturated, posterized, artifacts, jpeg artifacts"
9195,truck,pickup truck,box truck,a quiet residential street,close-up,backlit rim light,clean,a photorealistic color photo,"a photorealistic color photo of a pickup truck box truck in a quiet residential street, close-up, backlit rim light. single main subject, photorealistic color photo, natural colors, realistic texture, sharp focus on subject, no people, no text, no watermark, no logo, no border, no collage, no CGI, no illustration.","text, watermark, logo, caption, signature, border, frame, collage, multiple panels, cartoon, illustration, CGI, 3d render, low-poly, painting, anime, surreal, deformed, duplicate objects, extra limbs, blurry, out of focus, noise, oversaturated, posterized, artifacts, jpeg artifacts"
9227,truck,box truck,dump truck,a parking lot,slightly off-center framing,overcast daylight,clean,a photorealistic color photo,"a photorealistic color photo of a box truck dump truck in a parking lot, slightly off-center framing, overcast daylight. single main subject, photorealistic color photo, natural colors, realistic texture, sharp focus on subject, no people, no text, no watermark, no logo, no border, no collage, no CGI, no illustration.","text, watermark, logo, caption, signature, border, frame, collage, multiple panels, cartoon, illustration, CGI, 3d render, low-poly, painting, anime, surreal, deformed, duplicate objects, extra limbs, blurry, out of focus, noise, oversaturated, posterized, artifacts, jpeg artifacts"
9298,truck,pickup truck,dump truck,a backyard,3/4 view,golden hour,clean,a detailed photograph,"a detailed photograph of a pickup truck dump truck in a backyard, 3/4 view, golden hour. single main subject, photorealistic color photo, natural colors, realistic texture, sharp focus on subject, no people, no text, no watermark, no logo, no border, no collage, no CGI, no illustration.","text, watermark, logo, caption, signature, border, frame, collage, multiple panels, cartoon, illustration, CGI, 3d render, low-poly, painting, anime, surreal, deformed, duplicate objects, extra limbs, blurry, out of focus, noise, oversaturated, posterized, artifacts, jpeg artifacts"
9714,truck,pickup truck,box truck,a suburban neighborhood,high angle,foggy morning,clean,a photorealistic color photo,"a photorealistic color photo of a pickup truck box truck in a suburban neighborhood, high angle, foggy morning. single main subject, photorealistic color photo, natural colors, realistic texture, sharp focus on subject, no people, no text, no watermark, no logo, no border, no collage, no CGI, no illustration.","text, watermark, logo, caption, signature, border, frame, collage, multiple panels, cartoon, illustration, CGI, 3d render, low-poly, painting, anime, surreal, deformed, duplicate objects, extra limbs, blurry, out of focus, noise, oversaturated, posterized, artifacts, jpeg artifacts"
9455,truck,pickup truck,pickup truck,a quiet residential street,high angle,rainy with wet reflections,clean,a professional photo,"a professional photo of a pickup truck pickup truck in a quiet residential street, high angle, rainy with wet reflections. single main subject, photorealistic color photo, natural colors, realistic texture, sharp focus on subject, no people, no text, no watermark, no logo, no border, no collage, no CGI, no illustration.","text, watermark, logo, caption, signature, border, frame, collage, multiple panels, cartoon, illustration, CGI, 3d render, low-poly, painting, anime, surreal, deformed, duplicate objects, extra limbs, blurry, out of focus, noise, oversaturated, posterized, artifacts, jpeg artifacts"
9550,truck,utility truck,utility truck,a parking lot,3/4 view,foggy morning,clean,a finely detailed photo,"a finely detailed photo of a utility truck utility truck in a parking lot, 3/4 view, foggy morning. single main subject, photorealistic color photo, natural colors, realistic texture, sharp focus on subject, no people, no text, no watermark, no logo, no border, no collage, no CGI, no illustration.","text, watermark, logo, caption, signature, border, frame, collage, multiple panels, cartoon, illustration, CGI, 3d render, low-poly, painting, anime, surreal, deformed, duplicate objects, extra limbs, blurry, out of focus, noise, oversaturated, posterized, artifacts, jpeg artifacts"
9342,truck,box truck,utility truck,a city park,slightly off-center framing,nighttime under streetlights,clean,an ultra-realistic rendering,"an ultra-realistic rendering of a box truck utility truck in a city park, slightly off-center framing, nighttime under streetlights. single main subject, photorealistic color photo, natural colors, realistic texture, sharp focus on subject, no people, no text, no watermark, no logo, no border, no collage, no CGI, no illustration.","text, watermark, logo, caption, signature, border, frame, collage, multiple panels, cartoon, illustration, CGI, 3d render, low-poly, painting, anime, surreal, deformed, duplicate objects, extra limbs, blurry, out of focus, noise, oversaturated, posterized, artifacts, jpeg artifacts"
9660,truck,delivery truck,delivery truck,a wet roadway after rain,high angle,indoor soft window light,clean,a finely detailed photo,"a finely detailed photo of a delivery truck delivery truck in a wet roadway after rain, high angle, indoor soft window light. single main subject, photorealistic color photo, natural colors, realistic texture, sharp focus on subject, no people, no text, no watermark, no logo, no border, no collage, no CGI, no illustration.","text, watermark, logo, caption, signature, border, frame, collage, multiple panels, cartoon, illustration, CGI, 3d render, low-poly, painting, anime, surreal, deformed, duplicate objects, extra limbs, blurry, out of focus, noise, oversaturated, posterized, artifacts, jpeg artifacts"
9848,truck,delivery truck,delivery truck,a parking lot,high angle,foggy morning,hard,a professional photo,"a professional photo of a delivery truck delivery truck in a parking lot, high angle, foggy morning. busy background but still one main subject. single main subject, photorealistic color photo, natural colors, realistic texture, sharp focus on subject, no people, no text, no watermark, no logo, no border, no collage, no CGI, no illustration.","text, watermark, logo, caption, signature, border, frame, collage, multiple panels, cartoon, illustration, CGI, 3d render, low-poly, painting, anime, surreal, deformed, duplicate objects, extra limbs, blurry, out of focus, noise, oversaturated, posterized, artifacts, jpeg artifacts"
9681,truck,utility truck,dump truck,a parking lot,close-up,foggy morning,clean,a detailed photograph,"a detailed photograph of a utility truck dump truck in a parking lot, close-up, foggy morning. single main subject, photorealistic color photo, natural colors, realistic texture, sharp focus on subject, no people, no text, no watermark, no logo, no border, no collage, no CGI, no illustration.","text, watermark, logo, caption, signature, border, frame, collage, multiple panels, cartoon, illustration, CGI, 3d render, low-poly, painting, anime, surreal, deformed, duplicate objects, extra limbs, blurry, out of focus, noise, oversaturated, posterized, artifacts, jpeg artifacts"
9122,truck,utility truck,dump truck,a city park,close-up,foggy morning,clean,a high-quality image,"a high-quality image of a utility truck dump truck in a city park, close-up, foggy morning. single main subject, photorealistic color photo, natural colors, realistic texture, sharp focus on subject, no people, no text, no watermark, no logo, no border, no collage, no CGI, no illustration.","text, watermark, logo, caption, signature, border, frame, collage, multiple panels, cartoon, illustration, CGI, 3d render, low-poly, painting, anime, surreal, deformed, duplicate objects, extra limbs, blurry, out of focus, noise, oversaturated, posterized, artifacts, jpeg artifacts"
9555,truck,box truck,box truck,a grassy field,high angle,nighttime under streetlights,clean,a photorealistic color photo,"a photorealistic color photo of a box truck box truck in a grassy field, high angle, nighttime under streetlights. single main subject, photorealistic color photo, natural colors, realistic texture, sharp focus on subject, no people, no text, no watermark, no logo, no border, no collage, no CGI, no illustration.","text, watermark, logo, caption, signature, border, frame, collage, multiple panels, cartoon, illustration, CGI, 3d render, low-poly, painting, anime, surreal, deformed, duplicate objects, extra limbs, blurry, out of focus, noise, oversaturated, posterized, artifacts, jpeg artifacts"
9870,truck,dump truck,delivery truck,a quiet residential street,wide shot,foggy morning,hard,a finely detailed photo,"a finely detailed photo of a dump truck delivery truck in a quiet residential street, wide shot, foggy morning. busy background but still one main subject. single main subject, photorealistic color photo, natural colors, realistic texture, sharp focus on subject, no people, no text, no watermark, no logo, no border, no collage, no CGI, no illustration.","text, watermark, logo, caption, signature, border, frame, collage, multiple panels, cartoon, illustration, CGI, 3d render, low-poly, painting, anime, surreal, deformed, duplicate objects, extra limbs, blurry, out of focus, noise, oversaturated, posterized, artifacts, jpeg artifacts"
9778,truck,utility truck,delivery truck,a city park,front view,golden hour,clean,a professional photo,"a professional photo of a utility truck delivery truck in a city park, front view, golden hour. single main subject, photorealistic color photo, natural colors, realistic texture, sharp focus on subject, no people, no text, no watermark, no logo, no border, no collage, no CGI, no illustration.","text, watermark, logo, caption, signature, border, frame, collage, multiple panels, cartoon, illustration, CGI, 3d render, low-poly, painting, anime, surreal, deformed, duplicate objects, extra limbs, blurry, out of focus, noise, oversaturated, posterized, artifacts, jpeg artifacts"
9183,truck,delivery truck,pickup truck,a suburban neighborhood,low angle,nighttime under streetlights,clean,a high-quality image,"a high-quality image of a delivery truck pickup truck in a suburban neighborhood, low angle, nighttime under streetlights. single main subject, photorealistic color photo, natural colors, realistic texture, sharp focus on subject, no people, no text, no watermark, no logo, no border, no collage, no CGI, no illustration.","text, watermark, logo, caption, signature, border, frame, collage, multiple panels, cartoon, illustration, CGI, 3d render, low-poly, painting, anime, surreal, deformed, duplicate objects, extra limbs, blurry, out of focus, noise, oversaturated, posterized, artifacts, jpeg artifacts"
9744,truck,utility truck,box truck,a sandy beach,front view,overcast daylight,clean,an ultra-realistic rendering,"an ultra-realistic rendering of a utility truck box truck in a sandy beach, front view, overcast daylight. single main subject, photorealistic color photo, natural colors, realistic texture, sharp focus on subject, no people, no text, no watermark, no logo, no border, no collage, no CGI, no illustration.","text, watermark, logo, caption, signature, border, frame, collage, multiple panels, cartoon, illustration, CGI, 3d render, low-poly, painting, anime, surreal, deformed, duplicate objects, extra limbs, blurry, out of focus, noise, oversaturated, posterized, artifacts, jpeg artifacts"
9156,truck,box truck,pickup truck,a wet roadway after rain,wide shot,nighttime under streetlights,clean,a professional photo,"a professional photo of a box truck pickup truck in a wet roadway after rain, wide shot, nighttime under streetlights. single main subject, photorealistic color photo, natural colors, realistic texture, sharp focus on subject, no people, no text, no watermark, no logo, no border, no collage, no CGI, no illustration.","text, watermark, logo, caption, signature, border, frame, collage, multiple panels, cartoon, illustration, CGI, 3d render, low-poly, painting, anime, surreal, deformed, duplicate objects, extra limbs, blurry, out of focus, noise, oversaturated, posterized, artifacts, jpeg artifacts"
9699,truck,delivery truck,dump truck,a parking lot,high angle,nighttime under streetlights,clean,a high-quality image,"a high-quality image of a delivery truck dump truck in a parking lot, high angle, nighttime under streetlights. single main subject, photorealistic color photo, natural colors, realistic texture, sharp focus on subject, no people, no text, no watermark, no logo, no border, no collage, no CGI, no illustration.","text, watermark, logo, caption, signature, border, frame, collage, multiple panels, cartoon, illustration, CGI, 3d render, low-poly, painting, anime, surreal, deformed, duplicate objects, extra limbs, blurry, out of focus, noise, oversaturated, posterized, artifacts, jpeg artifacts"
9788,truck,pickup truck,box truck,a countryside road,front view,backlit rim light,clean,a photorealistic color photo,"a photorealistic color photo of a pickup truck box truck in a countryside road, front view, backlit rim light. single main subject, photorealistic color photo, natural colors, realistic texture, sharp focus on subject, no people, no text, no watermark, no logo, no border, no collage, no CGI, no illustration.","text, watermark, logo, caption, signature, border, frame, collage, multiple panels, cartoon, illustration, CGI, 3d render, low-poly, painting, anime, surreal, deformed, duplicate objects, extra limbs, blurry, out of focus, noise, oversaturated, posterized, artifacts, jpeg artifacts"
9803,truck,dump truck,box truck,a wet roadway after rain,cropped at the edge of the frame,indoor soft window light,hard,a photorealistic color photo,"a photorealistic color photo of a dump truck box truck in a wet roadway after rain, cropped at the edge of the frame, indoor soft window light. partially occluded by a foreground object. single main subject, photorealistic color photo, natural colors, realistic texture, sharp focus on subject, no people, no text, no watermark, no logo, no border, no collage, no CGI, no illustration.","text, watermark, logo, caption, signature, border, frame, collage, multiple panels, cartoon, illustration, CGI, 3d render, low-poly, painting, anime, surreal, deformed, duplicate objects, extra limbs, blurry, out of focus, noise, oversaturated, posterized, artifacts, jpeg artifacts"
9115,truck,utility truck,dump truck,a forest clearing,3/4 view,foggy morning,clean,a detailed photograph,"a detailed photograph of a utility truck dump truck in a forest clearing, 3/4 view, foggy morning. single main subject, photorealistic color photo, natural colors, realistic texture, sharp focus on subject, no people, no text, no watermark, no logo, no border, no collage, no CGI, no illustration.","text, watermark, logo, caption, signature, border, frame, collage, multiple panels, cartoon, illustration, CGI, 3d render, low-poly, painting, anime, surreal, deformed, duplicate objects, extra limbs, blurry, out of focus, noise, oversaturated, posterized, artifacts, jpeg artifacts"
9875,truck,delivery truck,utility truck,a grassy field,cropped at the edge of the frame,foggy morning,hard,a finely detailed photo,"a finely detailed photo of a delivery truck utility truck in a grassy field, cropped at the edge of the frame, foggy morning. slight motion blur. single main subject, photorealistic color photo, natural colors, realistic texture, sharp focus on subject, no people, no text, no watermark, no logo, no border, no collage, no CGI, no illustration.","text, watermark, logo, caption, signature, border, frame, collage, multiple panels, cartoon, illustration, CGI, 3d render, low-poly, painting, anime, surreal, deformed, duplicate objects, extra limbs, blurry, out of focus, noise, oversaturated, posterized, artifacts, jpeg artifacts"
9005,truck,semi truck,pickup truck,a lakeside shore,low angle,rainy with wet reflections,clean,a photorealistic color photo,"a photorealistic color photo of a semi truck pickup truck in a lakeside shore, low angle, rainy with wet reflections. single main subject, photorealistic color photo, natural colors, realistic texture, sharp focus on subject, no people, no text, no watermark, no logo, no border, no collage, no CGI, no illustration.","text, watermark, logo, caption, signature, border, frame, collage, multiple panels, cartoon, illustration, CGI, 3d render, low-poly, painting, anime, surreal, deformed, duplicate objects, extra limbs, blurry, out of focus, noise, oversaturated, posterized, artifacts, jpeg artifacts"
9983,truck,pickup truck,box truck,a suburban neighborhood,side profile,backlit rim light,hard,an ultra-realistic rendering,"an ultra-realistic rendering of a pickup truck box truck in a suburban neighborhood, side profile, backlit rim light. in the distance. single main subject, photorealistic color photo, natural colors, realistic texture, sharp focus on subject, no people, no text, no watermark, no logo, no border, no collage, no CGI, no illustration.","text, watermark, logo, caption, signature, border, frame, collage, multiple panels, cartoon, illustration, CGI, 3d render, low-poly, painting, anime, surreal, deformed, duplicate objects, extra limbs, blurry, out of focus, noise, oversaturated, posterized, artifacts, jpeg artifacts"
9905,truck,dump truck,box truck,a forest clearing,cropped at the edge of the frame,overcast daylight,hard,a professional photo,"a professional photo of a dump truck box truck in a forest clearing, cropped at the edge of the frame, overcast daylight. in the distance. single main subject, photorealistic color photo, natural colors, realistic texture, sharp focus on subject, no people, no text, no watermark, no logo, no border, no collage, no CGI, no illustration.","text, watermark, logo, caption, signature, border, frame, collage, multiple panels, cartoon, illustration, CGI, 3d render, low-poly, painting, anime, surreal, deformed, duplicate objects, extra limbs, blurry, out of focus, noise, oversaturated, posterized, artifacts, jpeg artifacts"
9933,truck,delivery truck,semi truck,a grassy field,wide shot,foggy morning,hard,a finely detailed photo,"a finely detailed photo of a delivery truck semi truck in a grassy field, wide shot, foggy morning. partially occluded by a foreground object. single main subject, photorealistic color photo, natural colors, realistic texture, sharp focus on subject, no people, no text, no watermark, no logo, no border, no collage, no CGI, no illustration.","text, watermark, logo, caption, signature, border, frame, collage, multiple panels, cartoon, illustration, CGI, 3d render, low-poly, painting, anime, surreal, deformed, duplicate objects, extra limbs, blurry, out of focus, noise, oversaturated, posterized, artifacts, jpeg artifacts"
9510,truck,semi truck,semi truck,a grassy field,front view,foggy morning,clean,a photorealistic color photo,"a photorealistic color photo of a semi truck semi truck in a grassy field, front view, foggy morning. single main subject, photorealistic color photo, natural colors, realistic texture, sharp focus on subject, no people, no text, no watermark, no logo, no border, no collage, no CGI, no illustration.","text, watermark, logo, caption, signature, border, frame, collage, multiple panels, cartoon, illustration, CGI, 3d render, low-poly, painting, anime, surreal, deformed, duplicate objects, extra limbs, blurry, out of focus, noise, oversaturated, posterized, artifacts, jpeg artifacts"
9383,truck,semi truck,semi truck,a suburban neighborhood,low angle,nighttime under streetlights,clean,a finely detailed photo,"a finely detailed photo of a semi truck semi truck in a suburban neighborhood, low angle, nighttime under streetlights. single main subject, photorealistic color photo, natural colors, realistic texture, sharp focus on subject, no people, no text, no watermark, no logo, no border, no collage, no CGI, no illustration.","text, watermark, logo, caption, signature, border, frame, collage, multiple panels, cartoon, illustration, CGI, 3d render, low-poly, painting, anime, surreal, deformed, duplicate objects, extra limbs, blurry, out of focus, noise, oversaturated, posterized, artifacts, jpeg artifacts"
9285,truck,semi truck,box truck,a grassy field,side profile,golden hour,clean,a high-quality image,"a high-quality image of a semi truck box truck in a grassy field, side profile, golden hour. single main subject, photorealistic color photo, natural colors, realistic texture, sharp focus on subject, no people, no text, no watermark, no logo, no border, no collage, no CGI, no illustration.","text, watermark, logo, caption, signature, border, frame, collage, multiple panels, cartoon, illustration, CGI, 3d render, low-poly, painting, anime, surreal, deformed, duplicate objects, extra limbs, blurry, out of focus, noise, oversaturated, posterized, artifacts, jpeg artifacts"
9398,truck,box truck,pickup truck,a parking lot,3/4 view,nighttime under streetlights,clean,a finely detailed photo,"a finely detailed photo of a box truck pickup truck in a parking lot, 3/4 view, nighttime under streetlights. single main subject, photorealistic color photo, natural colors, realistic texture, sharp focus on subject, no people, no text, no watermark, no logo, no border, no collage, no CGI, no illustration.","text, watermark, logo, caption, signature, border, frame, collage, multiple panels, cartoon, illustration, CGI, 3d render, low-poly, painting, anime, surreal, deformed, duplicate objects, extra limbs, blurry, out of focus, noise, oversaturated, posterized, artifacts, jpeg artifacts"
9752,truck,delivery truck,pickup truck,a sandy beach,low angle,indoor soft window light,clean,a detailed photograph,"a detailed photograph of a delivery truck pickup truck in a sandy beach, low angle, indoor soft window light. single main subject, photorealistic color photo, natural colors, realistic texture, sharp focus on subject, no people, no text, no watermark, no logo, no border, no collage, no CGI, no illustration.","text, watermark, logo, caption, signature, border, frame, collage, multiple panels, cartoon, illustration, CGI, 3d render, low-poly, painting, anime, surreal, deformed, duplicate objects, extra limbs, blurry, out of focus, noise, oversaturated, posterized, artifacts, jpeg artifacts"
9112,truck,pickup truck,pickup truck,a grassy field,high angle,sunny afternoon,clean,a high-quality image,"a high-quality image of a pickup truck pickup truck in a grassy field, high angle, sunny afternoon. single main subject, photorealistic color photo, natural colors, realistic texture, sharp focus on subject, no people, no text, no watermark, no logo, no border, no collage, no CGI, no illustration.","text, watermark, logo, caption, signature, border, frame, collage, multiple panels, cartoon, illustration, CGI, 3d render, low-poly, painting, anime, surreal, deformed, duplicate objects, extra limbs, blurry, out of focus, noise, oversaturated, posterized, artifacts, jpeg artifacts"
9907,truck,dump truck,pickup truck,a countryside road,front view,sunny afternoon,hard,a detailed photograph,"a detailed photograph of a dump truck pickup truck in a countryside road, front view, sunny afternoon. partially occluded by a foreground object. single main subject, photorealistic color photo, natural colors, realistic texture, sharp focus on subject, no people, no text, no watermark, no logo, no border, no collage, no CGI, no illustration.","text, watermark, logo, caption, signature, border, frame, collage, multiple panels, cartoon, illustration, CGI, 3d render, low-poly, painting, anime, surreal, deformed, duplicate objects, extra limbs, blurry, out of focus, noise, oversaturated, posterized, artifacts, jpeg artifacts"
9460,truck,delivery truck,semi truck,a forest clearing,high angle,rainy with wet reflections,clean,a finely detailed photo,"a finely detailed photo of a delivery truck semi truck in a forest clearing, high angle, rainy with wet reflections. single main subject, photorealistic color photo, natural colors, realistic texture, sharp focus on subject, no people, no text, no watermark, no logo, no border, no collage, no CGI, no illustration.","text, watermark, logo, caption, signature, border, frame, collage, multiple panels, cartoon, illustration, CGI, 3d render, low-poly, painting, anime, surreal, deformed, duplicate objects, extra limbs, blurry, out of focus, noise, oversaturated, posterized, artifacts, jpeg artifacts"
9092,truck,delivery truck,box truck,a wet roadway after rain,low angle,golden hour,clean,a high-quality image,"a high-quality image of a delivery truck box truck in a wet roadway after rain, low angle, golden hour. single main subject, photorealistic color photo, natural colors, realistic texture, sharp focus on subject, no people, no text, no watermark, no logo, no border, no collage, no CGI, no illustration.","text, watermark, logo, caption, signature, border, frame, collage, multiple panels, cartoon, illustration, CGI, 3d render, low-poly, painting, anime, surreal, deformed, duplicate objects, extra limbs, blurry, out of focus, noise, oversaturated, posterized, artifacts, jpeg artifacts"
9604,truck,utility truck,dump truck,a gravel lot,close-up,foggy morning,clean,a photorealistic color photo,"a photorealistic color photo of a utility truck dump truck in a gravel lot, close-up, foggy morning. single main subject, photorealistic color photo, natural colors, realistic texture, sharp focus on subject, no people, no text, no watermark, no logo, no border, no collage, no CGI, no illustration.","text, watermark, logo, caption, signature, border, frame, collage, multiple panels, cartoon, illustration, CGI, 3d render, low-poly, painting, anime, surreal, deformed, duplicate objects, extra limbs, blurry, out of focus, noise, oversaturated, posterized, artifacts, jpeg artifacts"
9967,truck,box truck,delivery truck,an urban street,slightly off-center framing,backlit rim light,hard,a finely detailed photo,"a finely detailed photo of a box truck delivery truck in an urban street, slightly off-center framing, backlit rim light. busy background but still one main subject. single main subject, photorealistic color photo, natural colors, realistic texture, sharp focus on subject, no people, no text, no watermark, no logo, no border, no collage, no CGI, no illustration.","text, watermark, logo, caption, signature, border, frame, collage, multiple panels, cartoon, illustration, CGI, 3d render, low-poly, painting, anime, surreal, deformed, duplicate objects, extra limbs, blurry, out of focus, noise, oversaturated, posterized, artifacts, jpeg artifacts"
9177,truck,dump truck,utility truck,a countryside road,front view,overcast daylight,clean,a high-quality image,"a high-quality image of a dump truck utility truck in a countryside road, front view, overcast daylight. single main subject, photorealistic color photo, natural colors, realistic texture, sharp focus on subject, no people, no text, no watermark, no logo, no border, no collage, no CGI, no illustration.","text, watermark, logo, caption, signature, border, frame, collage, multiple panels, cartoon, illustration, CGI, 3d render, low-poly, painting, anime, surreal, deformed, duplicate objects, extra limbs, blurry, out of focus, noise, oversaturated, posterized, artifacts, jpeg artifacts"
9504,truck,semi truck,delivery truck,a countryside road,close-up,indoor soft window light,clean,a professional photo,"a professional photo of a semi truck delivery truck in a countryside road, close-up, indoor soft window light. single main subject, photorealistic color photo, natural colors, realistic texture, sharp focus on subject, no people, no text, no watermark, no logo, no border, no collage, no CGI, no illustration.","text, watermark, logo, caption, signature, border, frame, collage, multiple panels, cartoon, illustration, CGI, 3d render, low-poly, painting, anime, surreal, deformed, duplicate objects, extra limbs, blurry, out of focus, noise, oversaturated, posterized, artifacts, jpeg artifacts"
9328,truck,pickup truck,delivery truck,an urban street,side profile,backlit rim light,clean,a high-quality image,"a high-quality image of a pickup truck delivery truck in an urban street, side profile, backlit rim light. single main subject, photorealistic color photo, natural colors, realistic texture, sharp focus on subject, no people, no text, no watermark, no logo, no border, no collage, no CGI, no illustration.","text, watermark, logo, caption, signature, border, frame, collage, multiple panels, cartoon, illustration, CGI, 3d render, low-poly, painting, anime, surreal, deformed, duplicate objects, extra limbs, blurry, out of focus, noise, oversaturated, posterized, artifacts, jpeg artifacts"
9673,truck,box truck,delivery truck,a forest clearing,close-up,backlit rim light,clean,an ultra-realistic rendering,"an ultra-realistic rendering of a box truck delivery truck in a forest clearing, close-up, backlit rim light. single main subject, photorealistic color photo, natural colors, realistic texture, sharp focus on subject, no people, no text, no watermark, no logo, no border, no collage, no CGI, no illustration.","text, watermark, logo, caption, signature, border, frame, collage, multiple panels, cartoon, illustration, CGI, 3d render, low-poly, painting, anime, surreal, deformed, duplicate objects, extra limbs, blurry, out of focus, noise, oversaturated, posterized, artifacts, jpeg artifacts"
9070,truck,utility truck,dump truck,a gravel lot,high angle,golden hour,clean,a high-quality image,"a high-quality image of a utility truck dump truck in a gravel lot, high angle, golden hour. single main subject, photorealistic color photo, natural colors, realistic texture, sharp focus on subject, no people, no text, no watermark, no logo, no border, no collage, no CGI, no illustration.","text, watermark, logo, caption, signature, border, frame, collage, multiple panels, cartoon, illustration, CGI, 3d render, low-poly, painting, anime, surreal, deformed, duplicate objects, extra limbs, blurry, out of focus, noise, oversaturated, posterized, artifacts, jpeg artifacts"
9981,truck,delivery truck,semi truck,a wet roadway after rain,3/4 view,golden hour,hard,a photorealistic color photo,"a photorealistic color photo of a delivery truck semi truck in a wet roadway after rain, 3/4 view, golden hour. cropped slightly. single main subject, photorealistic color photo, natural colors, realistic texture, sharp focus on subject, no people, no text, no watermark, no logo, no border, no collage, no CGI, no illustration.","text, watermark, logo, caption, signature, border, frame, collage, multiple panels, cartoon, illustration, CGI, 3d render, low-poly, painting, anime, surreal, deformed, duplicate objects, extra limbs, blurry, out of focus, noise, oversaturated, posterized, artifacts, jpeg artifacts"
9805,truck,box truck,box truck,a forest clearing,close-up,backlit rim light,hard,a finely detailed photo,"a finely detailed photo of a box truck box truck in a forest clearing, close-up, backlit rim light. cropped slightly. single main subject, photorealistic color photo, natural colors, realistic texture, sharp focus on subject, no people, no text, no watermark, no logo, no border, no collage, no CGI, no illustration.","text, watermark, logo, caption, signature, border, frame, collage, multiple panels, cartoon, illustration, CGI, 3d render, low-poly, painting, anime, surreal, deformed, duplicate objects, extra limbs, blurry, out of focus, noise, oversaturated, posterized, artifacts, jpeg artifacts"
9825,truck,delivery truck,dump truck,a suburban neighborhood,cropped at the edge of the frame,rainy with wet reflections,hard,a high-quality image,"a high-quality image of a delivery truck dump truck in a suburban neighborhood, cropped at the edge of the frame, rainy with wet reflections. slight motion blur. single main subject, photorealistic color photo, natural colors, realistic texture, sharp focus on subject, no people, no text, no watermark, no logo, no border, no collage, no CGI, no illustration.","text, watermark, logo, caption, signature, border, frame, collage, multiple panels, cartoon, illustration, CGI, 3d render, low-poly, painting, anime, surreal, deformed, duplicate objects, extra limbs, blurry, out of focus, noise, oversaturated, posterized, artifacts, jpeg artifacts"
9718,truck,utility truck,box truck,a sandy beach,slightly off-center framing,overcast daylight,clean,a finely detailed photo,"a finely detailed photo of a utility truck box truck in a sandy beach, slightly off-center framing, overcast daylight. single main subject, photorealistic color photo, natural colors, realistic texture, sharp focus on subject, no people, no text, no watermark, no logo, no border, no collage, no CGI, no illustration.","text, watermark, logo, caption, signature, border, frame, collage, multiple panels, cartoon, illustration, CGI, 3d render, low-poly, painting, anime, surreal, deformed, duplicate objects, extra limbs, blurry, out of focus, noise, oversaturated, posterized, artifacts, jpeg artifacts"
9291,truck,semi truck,utility truck,a sandy beach,3/4 view,nighttime under streetlights,clean,a photorealistic color photo,"a photorealistic color photo of a semi truck utility truck in a sandy beach, 3/4 view, nighttime under streetlights. single main subject, photorealistic color photo, natural colors, realistic texture, sharp focus on subject, no people, no text, no watermark, no logo, no border, no collage, no CGI, no illustration.","text, watermark, logo, caption, signature, border, frame, collage, multiple panels, cartoon, illustration, CGI, 3d render, low-poly, painting, anime, surreal, deformed, duplicate objects, extra limbs, blurry, out of focus, noise, oversaturated, posterized, artifacts, jpeg artifacts"
9830,truck,dump truck,delivery truck,a countryside road,close-up,indoor soft window light,hard,a finely detailed photo,"a finely detailed photo of a dump truck delivery truck in a countryside road, close-up, indoor soft window light. busy background but still one main subject. single main subject, photorealistic color photo, natural colors, realistic texture, sharp focus on subject, no people, no text, no watermark, no logo, no border, no collage, no CGI, no illustration.","text, watermark, logo, caption, signature, border, frame, collage, multiple panels, cartoon, illustration, CGI, 3d render, low-poly, painting, anime, surreal, deformed, duplicate objects, extra limbs, blurry, out of focus, noise, oversaturated, posterized, artifacts, jpeg artifacts"
9757,truck,pickup truck,box truck,a suburban neighborhood,3/4 view,backlit rim light,clean,a detailed photograph,"a detailed photograph of a pickup truck box truck in a suburban neighborhood, 3/4 view, backlit rim light. single main subject, photorealistic color photo, natural colors, realistic texture, sharp focus on subject, no people, no text, no watermark, no logo, no border, no collage, no CGI, no illustration.","text, watermark, logo, caption, signature, border, frame, collage, multiple panels, cartoon, illustration, CGI, 3d render, low-poly, painting, anime, surreal, deformed, duplicate objects, extra limbs, blurry, out of focus, noise, oversaturated, posterized, artifacts, jpeg artifacts"
9184,truck,box truck,semi truck,a forest clearing,low angle,overcast daylight,clean,a photorealistic color photo,"a photorealistic color photo of a box truck semi truck in a forest clearing, low angle, overcast daylight. single main subject, photorealistic color photo, natural colors, realistic texture, sharp focus on subject, no people, no text, no watermark, no logo, no border, no collage, no CGI, no illustration.","text, watermark, logo, caption, signature, border, frame, collage, multiple panels, cartoon, illustration, CGI, 3d render, low-poly, painting, anime, surreal, deformed, duplicate objects, extra limbs, blurry, out of focus, noise, oversaturated, posterized, artifacts, jpeg artifacts"
9635,truck,semi truck,semi truck,a city park,low angle,foggy morning,clean,a photorealistic color photo,"a photorealistic color photo of a semi truck semi truck in a city park, low angle, foggy morning. single main subject, photorealistic color photo, natural colors, realistic texture, sharp focus on subject, no people, no text, no watermark, no logo, no border, no collage, no CGI, no illustration.","text, watermark, logo, caption, signature, border, frame, collage, multiple panels, cartoon, illustration, CGI, 3d render, low-poly, painting, anime, surreal, deformed, duplicate objects, extra limbs, blurry, out of focus, noise, oversaturated, posterized, artifacts, jpeg artifacts"
9835,truck,dump truck,box truck,a wet roadway after rain,front view,overcast daylight,hard,a detailed photograph,"a detailed photograph of a dump truck box truck in a wet roadway after rain, front view, overcast daylight. partially occluded by a foreground object. single main subject, photorealistic color photo, natural colors, realistic texture, sharp focus on subject, no people, no text, no watermark, no logo, no border, no collage, no CGI, no illustration.","text, watermark, logo, caption, signature, border, frame, collage, multiple panels, cartoon, illustration, CGI, 3d render, low-poly, painting, anime, surreal, deformed, duplicate objects, extra limbs, blurry, out of focus, noise, oversaturated, posterized, artifacts, jpeg artifacts"
9256,truck,utility truck,pickup truck,a parking lot,slightly off-center framing,sunny afternoon,clean,a high-quality image,"a high-quality image of a utility truck pickup truck in a parking lot, slightly off-center framing, sunny afternoon. single main subject, photorealistic color photo, natural colors, realistic texture, sharp focus on subject, no people, no text, no watermark, no logo, no border, no collage, no CGI, no illustration.","text, watermark, logo, caption, signature, border, frame, collage, multiple panels, cartoon, illustration, CGI, 3d render, low-poly, painting, anime, surreal, deformed, duplicate objects, extra limbs, blurry, out of focus, noise, oversaturated, posterized, artifacts, jpeg artifacts"
9357,truck,dump truck,dump truck,a parking lot,3/4 view,overcast daylight,clean,a detailed photograph,"a detailed photograph of a dump truck dump truck in a parking lot, 3/4 view, overcast daylight. single main subject, photorealistic color photo, natural colors, realistic texture, sharp focus on subject, no people, no text, no watermark, no logo, no border, no collage, no CGI, no illustration.","text, watermark, logo, caption, signature, border, frame, collage, multiple panels, cartoon, illustration, CGI, 3d render, low-poly, painting, anime, surreal, deformed, duplicate objects, extra limbs, blurry, out of focus, noise, oversaturated, posterized, artifacts, jpeg artifacts"
9120,truck,semi truck,semi truck,a lakeside shore,slightly off-center framing,nighttime under streetlights,clean,a high-quality image,"a high-quality image of a semi truck semi truck in a lakeside shore, slightly off-center framing, nighttime under streetlights. single main subject, photorealistic color photo, natural colors, realistic texture, sharp focus on subject, no people, no text, no watermark, no logo, no border, no collage, no CGI, no illustration.","text, watermark, logo, caption, signature, border, frame, collage, multiple panels, cartoon, illustration, CGI, 3d render, low-poly, painting, anime, surreal, deformed, duplicate objects, extra limbs, blurry, out of focus, noise, oversaturated, posterized, artifacts, jpeg artifacts"
9313,truck,pickup truck,delivery truck,an industrial yard,front view,foggy morning,clean,a finely detailed photo,"a finely detailed photo of a pickup truck delivery truck in an industrial yard, front view, foggy morning. single main subject, photorealistic color photo, natural colors, realistic texture, sharp focus on subject, no people, no text, no watermark, no logo, no border, no collage, no CGI, no illustration.","text, watermark, logo, caption, signature, border, frame, collage, multiple panels, cartoon, illustration, CGI, 3d render, low-poly, painting, anime, surreal, deformed, duplicate objects, extra limbs, blurry, out of focus, noise, oversaturated, posterized, artifacts, jpeg artifacts"
9867,truck,pickup truck,delivery truck,a countryside road,low angle,sunny afternoon,hard,a finely detailed photo,"a finely detailed photo of a pickup truck delivery truck in a countryside road, low angle, sunny afternoon. partially occluded by a foreground object. single main subject, photorealistic color photo, natural colors, realistic texture, sharp focus on subject, no people, no text, no watermark, no logo, no border, no collage, no CGI, no illustration.","text, watermark, logo, caption, signature, border, frame, collage, multiple panels, cartoon, illustration, CGI, 3d render, low-poly, painting, anime, surreal, deformed, duplicate objects, extra limbs, blurry, out of focus, noise, oversaturated, posterized, artifacts, jpeg artifacts"
9703,truck,semi truck,box truck,a gravel lot,wide shot,rainy with wet reflections,clean,a photorealistic color photo,"a photorealistic color photo of a semi truck box truck in a gravel lot, wide shot, rainy with wet reflections. single main subject, photorealistic color photo, natural colors, realistic texture, sharp focus on subject, no people, no text, no watermark, no logo, no border, no collage, no CGI, no illustration.","text, watermark, logo, caption, signature, border, frame, collage, multiple panels, cartoon, illustration, CGI, 3d render, low-poly, painting, anime, surreal, deformed, duplicate objects, extra limbs, blurry, out of focus, noise, oversaturated, posterized, artifacts, jpeg artifacts"
9521,truck,box truck,dump truck,a gravel lot,close-up,sunny afternoon,clean,a high-quality image,"a high-quality image of a box truck dump truck in a gravel lot, close-up, sunny afternoon. single main subject, photorealistic color photo, natural colors, realistic texture, sharp focus on subject, no people, no text, no watermark, no logo, no border, no collage, no CGI, no illustration.","text, watermark, logo, caption, signature, border, frame, collage, multiple panels, cartoon, illustration, CGI, 3d render, low-poly, painting, anime, surreal, deformed, duplicate objects, extra limbs, blurry, out of focus, noise, oversaturated, posterized, artifacts, jpeg artifacts"
9427,truck,pickup truck,delivery truck,an industrial yard,low angle,nighttime under streetlights,clean,a professional photo,"a professional photo of a pickup truck delivery truck in an industrial yard, low angle, nighttime under streetlights. single main subject, photorealistic color photo, natural colors, realistic texture, sharp focus on subject, no people, no text, no watermark, no logo, no border, no collage, no CGI, no illustration.","text, watermark, logo, caption, signature, border, frame, collage, multiple panels, cartoon, illustration, CGI, 3d render, low-poly, painting, anime, surreal, deformed, duplicate objects, extra limbs, blurry, out of focus, noise, oversaturated, posterized, artifacts, jpeg artifacts"
9691,truck,utility truck,pickup truck,a backyard,slightly off-center framing,sunny afternoon,clean,a high-quality image,"a high-quality image of a utility truck pickup truck in a backyard, slightly off-center framing, sunny afternoon. single main subject, photorealistic color photo, natural colors, realistic texture, sharp focus on subject, no people, no text, no watermark, no logo, no border, no collage, no CGI, no illustration.","text, watermark, logo, caption, signature, border, frame, collage, multiple panels, cartoon, illustration, CGI, 3d render, low-poly, painting, anime, surreal, deformed, duplicate objects, extra limbs, blurry, out of focus, noise, oversaturated, posterized, artifacts, jpeg artifacts"
9992,truck,utility truck,semi truck,a backyard,distant subject in the background,backlit rim light,hard,a high-quality image,"a high-quality image of a utility truck semi truck in a backyard, distant subject in the background, backlit rim light. partially occluded by a foreground object. single main subject, photorealistic color photo, natural colors, realistic texture, sharp focus on subject, no people, no text, no watermark, no logo, no border, no collage, no CGI, no illustration.","text, watermark, logo, caption, signature, border, frame, collage, multiple panels, cartoon, illustration, CGI, 3d render, low-poly, painting, anime, surreal, deformed, duplicate objects, extra limbs, blurry, out of focus, noise, oversaturated, posterized, artifacts, jpeg artifacts"
9715,truck,dump truck,box truck,a wet roadway after rain,3/4 view,indoor soft window light,clean,a professional photo,"a professional photo of a dump truck box truck in a wet roadway after rain, 3/4 view, indoor soft window light. single main subject, photorealistic color photo, natural colors, realistic texture, sharp focus on subject, no people, no text, no watermark, no logo, no border, no collage, no CGI, no illustration.","text, watermark, logo, caption, signature, border, frame, collage, multiple panels, cartoon, illustration, CGI, 3d render, low-poly, painting, anime, surreal, deformed, duplicate objects, extra limbs, blurry, out of focus, noise, oversaturated, posterized, artifacts, jpeg artifacts"
9337,truck,dump truck,dump truck,a suburban neighborhood,high angle,golden hour,clean,a professional photo,"a professional photo of a dump truck dump truck in a suburban neighborhood, high angle, golden hour. single main subject, photorealistic color photo, natural colors, realistic texture, sharp focus on subject, no people, no text, no watermark, no logo, no border, no collage, no CGI, no illustration.","text, watermark, logo, caption, signature, border, frame, collage, multiple panels, cartoon, illustration, CGI, 3d render, low-poly, painting, anime, surreal, deformed, duplicate objects, extra limbs, blurry, out of focus, noise, oversaturated, posterized, artifacts, jpeg artifacts"
9508,truck,pickup truck,utility truck,a backyard,wide shot,sunny afternoon,clean,a professional photo,"a professional photo of a pickup truck utility truck in a backyard, wide shot, sunny afternoon. single main subject, photorealistic color photo, natural colors, realistic texture, sharp focus on subject, no people, no text, no watermark, no logo, no border, no collage, no CGI, no illustration.","text, watermark, logo, caption, signature, border, frame, collage, multiple panels, cartoon, illustration, CGI, 3d render, low-poly, painting, anime, surreal, deformed, duplicate objects, extra limbs, blurry, out of focus, noise, oversaturated, posterized, artifacts, jpeg artifacts"
9519,truck,box truck,semi truck,an industrial yard,side profile,sunny afternoon,clean,an ultra-realistic rendering,"an ultra-realistic rendering of a box truck semi truck in an industrial yard, side profile, sunny afternoon. single main subject, photorealistic color photo, natural colors, realistic texture, sharp focus on subject, no people, no text, no watermark, no logo, no border, no collage, no CGI, no illustration.","text, watermark, logo, caption, signature, border, frame, collage, multiple panels, cartoon, illustration, CGI, 3d render, low-poly, painting, anime, surreal, deformed, duplicate objects, extra limbs, blurry, out of focus, noise, oversaturated, posterized, artifacts, jpeg artifacts"
9950,truck,box truck,dump truck,a wet roadway after rain,wide shot,foggy morning,hard,a detailed photograph,"a detailed photograph of a box truck dump truck in a wet roadway after rain, wide shot, foggy morning. partially occluded by a foreground object. single main subject, photorealistic color photo, natural colors, realistic texture, sharp focus on subject, no people, no text, no watermark, no logo, no border, no collage, no CGI, no illustration.","text, watermark, logo, caption, signature, border, frame, collage, multiple panels, cartoon, illustration, CGI, 3d render, low-poly, painting, anime, surreal, deformed, duplicate objects, extra limbs, blurry, out of focus, noise, oversaturated, posterized, artifacts, jpeg artifacts"
9745,truck,pickup truck,delivery truck,an industrial yard,low angle,indoor soft window light,clean,a professional photo,"a professional photo of a pickup truck delivery truck in an industrial yard, low angle, indoor soft window light. single main subject, photorealistic color photo, natural colors, realistic texture, sharp focus on subject, no people, no text, no watermark, no logo, no border, no collage, no CGI, no illustration.","text, watermark, logo, caption, signature, border, frame, collage, multiple panels, cartoon, illustration, CGI, 3d render, low-poly, painting, anime, surreal, deformed, duplicate objects, extra limbs, blurry, out of focus, noise, oversaturated, posterized, artifacts, jpeg artifacts"
9820,truck,dump truck,dump truck,a backyard,3/4 view,golden hour,hard,a photorealistic color photo,"a photorealistic color photo of a dump truck dump truck in a backyard, 3/4 view, golden hour. partially occluded by a foreground object. single main subject, photorealistic color photo, natural colors, realistic texture, sharp focus on subject, no people, no text, no watermark, no logo, no border, no collage, no CGI, no illustration.","text, watermark, logo, caption, signature, border, frame, collage, multiple panels, cartoon, illustration, CGI, 3d render, low-poly, painting, anime, surreal, deformed, duplicate objects, extra limbs, blurry, out of focus, noise, oversaturated, posterized, artifacts, jpeg artifacts"
9530,truck,utility truck,dump truck,a lakeside shore,side profile,nighttime under streetlights,clean,a high-quality image,"a high-quality image of a utility truck dump truck in a lakeside shore, side profile, nighttime under streetlights. single main subject, photorealistic color photo, natural colors, realistic texture, sharp focus on subject, no people, no text, no watermark, no logo, no border, no collage, no CGI, no illustration.","text, watermark, logo, caption, signature, border, frame, collage, multiple panels, cartoon, illustration, CGI, 3d render, low-poly, painting, anime, surreal, deformed, duplicate objects, extra limbs, blurry, out of focus, noise, oversaturated, posterized, artifacts, jpeg artifacts"
9654,truck,pickup truck,pickup truck,a backyard,3/4 view,foggy morning,clean,a detailed photograph,"a detailed photograph of a pickup truck pickup truck in a backyard, 3/4 view, foggy morning. single main subject, photorealistic color photo, natural colors, realistic texture, sharp focus on subject, no people, no text, no watermark, no logo, no border, no collage, no CGI, no illustration.","text, watermark, logo, caption, signature, border, frame, collage, multiple panels, cartoon, illustration, CGI, 3d render, low-poly, painting, anime, surreal, deformed, duplicate objects, extra limbs, blurry, out of focus, noise, oversaturated, posterized, artifacts, jpeg artifacts"
9208,truck,delivery truck,pickup truck,a suburban neighborhood,front view,sunny afternoon,clean,a finely detailed photo,"a finely detailed photo of a delivery truck pickup truck in a suburban neighborhood, front view, sunny afternoon. single main subject, photorealistic color photo, natural colors, realistic texture, sharp focus on subject, no people, no text, no watermark, no logo, no border, no collage, no CGI, no illustration.","text, watermark, logo, caption, signature, border, frame, collage, multiple panels, cartoon, illustration, CGI, 3d render, low-poly, painting, anime, surreal, deformed, duplicate objects, extra limbs, blurry, out of focus, noise, oversaturated, posterized, artifacts, jpeg artifacts"
9008,truck,box truck,box truck,an industrial yard,slightly off-center framing,foggy morning,clean,a photorealistic color photo,"a photorealistic color photo of a box truck box truck in an industrial yard, slightly off-center framing, foggy morning. single main subject, photorealistic color photo, natural colors, realistic texture, sharp focus on subject, no people, no text, no watermark, no logo, no border, no collage, no CGI, no illustration.","text, watermark, logo, caption, signature, border, frame, collage, multiple panels, cartoon, illustration, CGI, 3d render, low-poly, painting, anime, surreal, deformed, duplicate objects, extra limbs, blurry, out of focus, noise, oversaturated, posterized, artifacts, jpeg artifacts"
9873,truck,utility truck,semi truck,a suburban neighborhood,high angle,nighttime under streetlights,hard,a detailed photograph,"a detailed photograph of a utility truck semi truck in a suburban neighborhood, high angle, nighttime under streetlights. in the distance. single main subject, photorealistic color photo, natural colors, realistic texture, sharp focus on subject, no people, no text, no watermark, no logo, no border, no collage, no CGI, no illustration.","text, watermark, logo, caption, signature, border, frame, collage, multiple panels, cartoon, illustration, CGI, 3d render, low-poly, painting, anime, surreal, deformed, duplicate objects, extra limbs, blurry, out of focus, noise, oversaturated, posterized, artifacts, jpeg artifacts"
9275,truck,pickup truck,dump truck,a wet roadway after rain,side profile,backlit rim light,clean,a professional photo,"a professional photo of a pickup truck dump truck in a wet roadway after rain, side profile, backlit rim light. single main subject, photorealistic color photo, natural colors, realistic texture, sharp focus on subject, no people, no text, no watermark, no logo, no border, no collage, no CGI, no illustration.","text, watermark, logo, caption, signature, border, frame, collage, multiple panels, cartoon, illustration, CGI, 3d render, low-poly, painting, anime, surreal, deformed, duplicate objects, extra limbs, blurry, out of focus, noise, oversaturated, posterized, artifacts, jpeg artifacts"
9938,truck,delivery truck,box truck,a backyard,cropped at the edge of the frame,sunny afternoon,hard,a high-quality image,"a high-quality image of a delivery truck box truck in a backyard, cropped at the edge of the frame, sunny afternoon. busy background but still one main subject. single main subject, photorealistic color photo, natural colors, realistic texture, sharp focus on subject, no people, no text, no watermark, no logo, no border, no collage, no CGI, no illustration.","text, watermark, logo, caption, signature, border, frame, collage, multiple panels, cartoon, illustration, CGI, 3d render, low-poly, painting, anime, surreal, deformed, duplicate objects, extra limbs, blurry, out of focus, noise, oversaturated, posterized, artifacts, jpeg artifacts"
9756,truck,semi truck,delivery truck,a lakeside shore,slightly off-center framing,golden hour,clean,a high-quality image,"a high-quality image of a semi truck delivery truck in a lakeside shore, slightly off-center framing, golden hour. single main subject, photorealistic color photo, natural colors, realistic texture, sharp focus on subject, no people, no text, no watermark, no logo, no border, no collage, no CGI, no illustration.","text, watermark, logo, caption, signature, border, frame, collage, multiple panels, cartoon, illustration, CGI, 3d render, low-poly, painting, anime, surreal, deformed, duplicate objects, extra limbs, blurry, out of focus, noise, oversaturated, posterized, artifacts, jpeg artifacts"
9533,truck,dump truck,semi truck,a backyard,high angle,nighttime under streetlights,clean,a photorealistic color photo,"a photorealistic color photo of a dump truck semi truck in a backyard, high angle, nighttime under streetlights. single main subject, photorealistic color photo, natural colors, realistic texture, sharp focus on subject, no people, no text, no watermark, no logo, no border, no collage, no CGI, no illustration.","text, watermark, logo, caption, signature, border, frame, collage, multiple panels, cartoon, illustration, CGI, 3d render, low-poly, painting, anime, surreal, deformed, duplicate objects, extra limbs, blurry, out of focus, noise, oversaturated, posterized, artifacts, jpeg artifacts"
9506,truck,dump truck,box truck,a wet roadway after rain,side profile,rainy with wet reflections,clean,a detailed photograph,"a detailed photograph of a dump truck box truck in a wet roadway after rain, side profile, rainy with wet reflections. single main subject, photorealistic color photo, natural colors, realistic texture, sharp focus on subject, no people, no text, no watermark, no logo, no border, no collage, no CGI, no illustration.","text, watermark, logo, caption, signature, border, frame, collage, multiple panels, cartoon, illustration, CGI, 3d render, low-poly, painting, anime, surreal, deformed, duplicate objects, extra limbs, blurry, out of focus, noise, oversaturated, posterized, artifacts, jpeg artifacts"
9947,truck,delivery truck,dump truck,a backyard,distant subject in the background,nighttime under streetlights,hard,a high-quality image,"a high-quality image of a delivery truck dump truck in a backyard, distant subject in the background, nighttime under streetlights. busy background but still one main subject. single main subject, photorealistic color photo, natural colors, realistic texture, sharp focus on subject, no people, no text, no watermark, no logo, no border, no collage, no CGI, no illustration.","text, watermark, logo, caption, signature, border, frame, collage, multiple panels, cartoon, illustration, CGI, 3d render, low-poly, painting, anime, surreal, deformed, duplicate objects, extra limbs, blurry, out of focus, noise, oversaturated, posterized, artifacts, jpeg artifacts"
9297,truck,utility truck,dump truck,a lakeside shore,close-up,nighttime under streetlights,clean,a high-quality image,"a high-quality image of a utility truck dump truck in a lakeside shore, close-up, nighttime under streetlights. single main subject, photorealistic color photo, natural colors, realistic texture, sharp focus on subject, no people, no text, no watermark, no logo, no border, no collage, no CGI, no illustration.","text, watermark, logo, caption, signature, border, frame, collage, multiple panels, cartoon, illustration, CGI, 3d render, low-poly, painting, anime, surreal, deformed, duplicate objects, extra limbs, blurry, out of focus, noise, oversaturated, posterized, artifacts, jpeg artifacts"
9326,truck,utility truck,delivery truck,a backyard,wide shot,backlit rim light,clean,an ultra-realistic rendering,"an ultra-realistic rendering of a utility truck delivery truck in a backyard, wide shot, backlit rim light. single main subject, photorealistic color photo, natural colors, realistic texture, sharp focus on subject, no people, no text, no watermark, no logo, no border, no collage, no CGI, no illustration.","text, watermark, logo, caption, signature, border, frame, collage, multiple panels, cartoon, illustration, CGI, 3d render, low-poly, painting, anime, surreal, deformed, duplicate objects, extra limbs, blurry, out of focus, noise, oversaturated, posterized, artifacts, jpeg artifacts"
9682,truck,delivery truck,dump truck,a parking lot,close-up,sunny afternoon,clean,an ultra-realistic rendering,"an ultra-realistic rendering of a delivery truck dump truck in a parking lot, close-up, sunny afternoon. single main subject, photorealistic color photo, natural colors, realistic texture, sharp focus on subject, no people, no text, no watermark, no logo, no border, no collage, no CGI, no illustration.","text, watermark, logo, caption, signature, border, frame, collage, multiple panels, cartoon, illustration, CGI, 3d render, low-poly, painting, anime, surreal, deformed, duplicate objects, extra limbs, blurry, out of focus, noise, oversaturated, posterized, artifacts, jpeg artifacts"
9074,truck,semi truck,box truck,a gravel lot,low angle,nighttime under streetlights,clean,a detailed photograph,"a detailed photograph of a semi truck box truck in a gravel lot, low angle, nighttime under streetlights. single main subject, photorealistic color photo, natural colors, realistic texture, sharp focus on subject, no people, no text, no watermark, no logo, no border, no collage, no CGI, no illustration.","text, watermark, logo, caption, signature, border, frame, collage, multiple panels, cartoon, illustration, CGI, 3d render, low-poly, painting, anime, surreal, deformed, duplicate objects, extra limbs, blurry, out of focus, noise, oversaturated, posterized, artifacts, jpeg artifacts"
9065,truck,delivery truck,semi truck,a lakeside shore,high angle,nighttime under streetlights,clean,a detailed photograph,"a detailed photograph of a delivery truck semi truck in a lakeside shore, high angle, nighttime under streetlights. single main subject, photorealistic color photo, natural colors, realistic texture, sharp focus on subject, no people, no text, no watermark, no logo, no border, no collage, no CGI, no illustration.","text, watermark, logo, caption, signature, border, frame, collage, multiple panels, cartoon, illustration, CGI, 3d render, low-poly, painting, anime, surreal, deformed, duplicate objects, extra limbs, blurry, out of focus, noise, oversaturated, posterized, artifacts, jpeg artifacts"
9955,truck,semi truck,pickup truck,a gravel lot,high angle,indoor soft window light,hard,an ultra-realistic rendering,"an ultra-realistic rendering of a semi truck pickup truck in a gravel lot, high angle, indoor soft window light. busy background but still one main subject. single main subject, photorealistic color photo, natural colors, realistic texture, sharp focus on subject, no people, no text, no watermark, no logo, no border, no collage, no CGI, no illustration.","text, watermark, logo, caption, signature, border, frame, collage, multiple panels, cartoon, illustration, CGI, 3d render, low-poly, painting, anime, surreal, deformed, duplicate objects, extra limbs, blurry, out of focus, noise, oversaturated, posterized, artifacts, jpeg artifacts"
9741,truck,box truck,delivery truck,a countryside road,close-up,nighttime under streetlights,clean,a detailed photograph,"a detailed photograph of a box truck delivery truck in a countryside road, close-up, nighttime under streetlights. single main subject, photorealistic color photo, natural colors, realistic texture, sharp focus on subject, no people, no text, no watermark, no logo, no border, no collage, no CGI, no illustration.","text, watermark, logo, caption, signature, border, frame, collage, multiple panels, cartoon, illustration, CGI, 3d render, low-poly, painting, anime, surreal, deformed, duplicate objects, extra limbs, blurry, out of focus, noise, oversaturated, posterized, artifacts, jpeg artifacts"
9050,truck,pickup truck,utility truck,a suburban neighborhood,side profile,foggy morning,clean,a high-quality image,"a high-quality image of a pickup truck utility truck in a suburban neighborhood, side profile, foggy morning. single main subject, photorealistic color photo, natural colors, realistic texture, sharp focus on subject, no people, no text, no watermark, no logo, no border, no collage, no CGI, no illustration.","text, watermark, logo, caption, signature, border, frame, collage, multiple panels, cartoon, illustration, CGI, 3d render, low-poly, painting, anime, surreal, deformed, duplicate objects, extra limbs, blurry, out of focus, noise, oversaturated, posterized, artifacts, jpeg artifacts"
9397,truck,delivery truck,delivery truck,a sandy beach,slightly off-center framing,indoor soft window light,clean,a detailed photograph,"a detailed photograph of a delivery truck delivery truck in a sandy beach, slightly off-center framing, indoor soft window light. single main subject, photorealistic color photo, natural colors, realistic texture, sharp focus on subject, no people, no text, no watermark, no logo, no border, no collage, no CGI, no illustration.","text, watermark, logo, caption, signature, border, frame, collage, multiple panels, cartoon, illustration, CGI, 3d render, low-poly, painting, anime, surreal, deformed, duplicate objects, extra limbs, blurry, out of focus, noise, oversaturated, posterized, artifacts, jpeg artifacts"
9502,truck,delivery truck,box truck,a countryside road,low angle,foggy morning,clean,a finely detailed photo,"a finely detailed photo of a delivery truck box truck in a countryside road, low angle, foggy morning. single main subject, photorealistic color photo, natural colors, realistic texture, sharp focus on subject, no people, no text, no watermark, no logo, no border, no collage, no CGI, no illustration.","text, watermark, logo, caption, signature, border, frame, collage, multiple panels, cartoon, illustration, CGI, 3d render, low-poly, painting, anime, surreal, deformed, duplicate objects, extra limbs, blurry, out of focus, noise, oversaturated, posterized, artifacts, jpeg artifacts"
9423,truck,pickup truck,semi truck,a gravel lot,side profile,nighttime under streetlights,clean,an ultra-realistic rendering,"an ultra-realistic rendering of a pickup truck semi truck in a gravel lot, side profile, nighttime under streetlights. single main subject, photorealistic color photo, natural colors, realistic texture, sharp focus on subject, no people, no text, no watermark, no logo, no border, no collage, no CGI, no illustration.","text, watermark, logo, caption, signature, border, frame, collage, multiple panels, cartoon, illustration, CGI, 3d render, low-poly, painting, anime, surreal, deformed, duplicate objects, extra limbs, blurry, out of focus, noise, oversaturated, posterized, artifacts, jpeg artifacts"
9056,truck,pickup truck,dump truck,a sandy beach,3/4 view,overcast daylight,clean,a detailed photograph,"a detailed photograph of a pickup truck dump truck in a sandy beach, 3/4 view, overcast daylight. single main subject, photorealistic color photo, natural colors, realistic texture, sharp focus on subject, no people, no text, no watermark, no logo, no border, no collage, no CGI, no illustration.","text, watermark, logo, caption, signature, border, frame, collage, multiple panels, cartoon, illustration, CGI, 3d render, low-poly, painting, anime, surreal, deformed, duplicate objects, extra limbs, blurry, out of focus, noise, oversaturated, posterized, artifacts, jpeg artifacts"
9491,truck,box truck,box truck,a suburban neighborhood,close-up,indoor soft window light,clean,a high-quality image,"a high-quality image of a box truck box truck in a suburban neighborhood, close-up, indoor soft window light. single main subject, photorealistic color photo, natural colors, realistic texture, sharp focus on subject, no people, no text, no watermark, no logo, no border, no collage, no CGI, no illustration.","text, watermark, logo, caption, signature, border, frame, collage, multiple panels, cartoon, illustration, CGI, 3d render, low-poly, painting, anime, surreal, deformed, duplicate objects, extra limbs, blurry, out of focus, noise, oversaturated, posterized, artifacts, jpeg artifacts"
9516,truck,box truck,dump truck,a parking lot,close-up,nighttime under streetlights,clean,an ultra-realistic rendering,"an ultra-realistic rendering of a box truck dump truck in a parking lot, close-up, nighttime under streetlights. single main subject, photorealistic color photo, natural colors, realistic texture, sharp focus on subject, no people, no text, no watermark, no logo, no border, no collage, no CGI, no illustration.","text, watermark, logo, caption, signature, border, frame, collage, multiple panels, cartoon, illustration, CGI, 3d render, low-poly, painting, anime, surreal, deformed, duplicate objects, extra limbs, blurry, out of focus, noise, oversaturated, posterized, artifacts, jpeg artifacts"
9320,truck,utility truck,box truck,a quiet residential street,front view,backlit rim light,clean,a finely detailed photo,"a finely detailed photo of a utility truck box truck in a quiet residential street, front view, backlit rim light. single main subject, photorealistic color photo, natural colors, realistic texture, sharp focus on subject, no people, no text, no watermark, no logo, no border, no collage, no CGI, no illustration.","text, watermark, logo, caption, signature, border, frame, collage, multiple panels, cartoon, illustration, CGI, 3d render, low-poly, painting, anime, surreal, deformed, duplicate objects, extra limbs, blurry, out of focus, noise, oversaturated, posterized, artifacts, jpeg artifacts"
9349,truck,delivery truck,pickup truck,a countryside road,front view,golden hour,clean,a finely detailed photo,"a finely detailed photo of a delivery truck pickup truck in a countryside road, front view, golden hour. single main subject, photorealistic color photo, natural colors, realistic texture, sharp focus on subject, no people, no text, no watermark, no logo, no border, no collage, no CGI, no illustration.","text, watermark, logo, caption, signature, border, frame, collage, multiple panels, cartoon, illustration, CGI, 3d render, low-poly, painting, anime, surreal, deformed, duplicate objects, extra limbs, blurry, out of focus, noise, oversaturated, posterized, artifacts, jpeg artifacts"
9591,truck,box truck,semi truck,a parking lot,side profile,indoor soft window light,clean,an ultra-realistic rendering,"an ultra-realistic rendering of a box truck semi truck in a parking lot, side profile, indoor soft window light. single main subject, photorealistic color photo, natural colors, realistic texture, sharp focus on subject, no people, no text, no watermark, no logo, no border, no collage, no CGI, no illustration.","text, watermark, logo, caption, signature, border, frame, collage, multiple panels, cartoon, illustration, CGI, 3d render, low-poly, painting, anime, surreal, deformed, duplicate objects, extra limbs, blurry, out of focus, noise, oversaturated, posterized, artifacts, jpeg artifacts"
9826,truck,dump truck,semi truck,a gravel lot,low angle,overcast daylight,hard,a detailed photograph,"a detailed photograph of a dump truck semi truck in a gravel lot, low angle, overcast daylight. busy background but still one main subject. single main subject, photorealistic color photo, natural colors, realistic texture, sharp focus on subject, no people, no text, no watermark, no logo, no border, no collage, no CGI, no illustration.","text, watermark, logo, caption, signature, border, frame, collage, multiple panels, cartoon, illustration, CGI, 3d render, low-poly, painting, anime, surreal, deformed, duplicate objects, extra limbs, blurry, out of focus, noise, oversaturated, posterized, artifacts, jpeg artifacts"
9249,truck,semi truck,delivery truck,a backyard,low angle,foggy morning,clean,an ultra-realistic rendering,"an ultra-realistic rendering of a semi truck delivery truck in a backyard, low angle, foggy morning. single main subject, photorealistic color photo, natural colors, realistic texture, sharp focus on subject, no people, no text, no watermark, no logo, no border, no collage, no CGI, no illustration.","text, watermark, logo, caption, signature, border, frame, collage, multiple panels, cartoon, illustration, CGI, 3d render, low-poly, painting, anime, surreal, deformed, duplicate objects, extra limbs, blurry, out of focus, noise, oversaturated, posterized, artifacts, jpeg artifacts"
9124,truck,dump truck,box truck,a wet roadway after rain,wide shot,indoor soft window light,clean,a professional photo,"a professional photo of a dump truck box truck in a wet roadway after rain, wide shot, indoor soft window light. single main subject, photorealistic color photo, natural colors, realistic texture, sharp focus on subject, no people, no text, no watermark, no logo, no border, no collage, no CGI, no illustration.","text, watermark, logo, caption, signature, border, frame, collage, multiple panels, cartoon, illustration, CGI, 3d render, low-poly, painting, anime, surreal, deformed, duplicate objects, extra limbs, blurry, out of focus, noise, oversaturated, posterized, artifacts, jpeg artifacts"
9440,truck,box truck,delivery truck,a suburban neighborhood,close-up,indoor soft window light,clean,a detailed photograph,"a detailed photograph of a box truck delivery truck in a suburban neighborhood, close-up, indoor soft window light. single main subject, photorealistic color photo, natural colors, realistic texture, sharp focus on subject, no people, no text, no watermark, no logo, no border, no collage, no CGI, no illustration.","text, watermark, logo, caption, signature, border, frame, collage, multiple panels, cartoon, illustration, CGI, 3d render, low-poly, painting, anime, surreal, deformed, duplicate objects, extra limbs, blurry, out of focus, noise, oversaturated, posterized, artifacts, jpeg artifacts"
9898,truck,utility truck,delivery truck,a suburban neighborhood,close-up,golden hour,hard,a high-quality image,"a high-quality image of a utility truck delivery truck in a suburban neighborhood, close-up, golden hour. slight motion blur. single main subject, photorealistic color photo, natural colors, realistic texture, sharp focus on subject, no people, no text, no watermark, no logo, no border, no collage, no CGI, no illustration.","text, watermark, logo, caption, signature, border, frame, collage, multiple panels, cartoon, illustration, CGI, 3d render, low-poly, painting, anime, surreal, deformed, duplicate objects, extra limbs, blurry, out of focus, noise, oversaturated, posterized, artifacts, jpeg artifacts"
9789,truck,pickup truck,semi truck,a forest clearing,wide shot,overcast daylight,clean,a finely detailed photo,"a finely detailed photo of a pickup truck semi truck in a forest clearing, wide shot, overcast daylight. single main subject, photorealistic color photo, natural colors, realistic texture, sharp focus on subject, no people, no text, no watermark, no logo, no border, no collage, no CGI, no illustration.","text, watermark, logo, caption, signature, border, frame, collage, multiple panels, cartoon, illustration, CGI, 3d render, low-poly, painting, anime, surreal, deformed, duplicate objects, extra limbs, blurry, out of focus, noise, oversaturated, posterized, artifacts, jpeg artifacts"
9625,truck,utility truck,box truck,a city park,low angle,nighttime under streetlights,clean,a detailed photograph,"a detailed photograph of a utility truck box truck in a city park, low angle, nighttime under streetlights. single main subject, photorealistic color photo, natural colors, realistic texture, sharp focus on subject, no people, no text, no watermark, no logo, no border, no collage, no CGI, no illustration.","text, watermark, logo, caption, signature, border, frame, collage, multiple panels, cartoon, illustration, CGI, 3d render, low-poly, painting, anime, surreal, deformed, duplicate objects, extra limbs, blurry, out of focus, noise, oversaturated, posterized, artifacts, jpeg artifacts"
9645,truck,pickup truck,box truck,an urban street,side profile,backlit rim light,clean,an ultra-realistic rendering,"an ultra-realistic rendering of a pickup truck box truck in an urban street, side profile, backlit rim light. single main subject, photorealistic color photo, natural colors, realistic texture, sharp focus on subject, no people, no text, no watermark, no logo, no border, no collage, no CGI, no illustration.","text, watermark, logo, caption, signature, border, frame, collage, multiple panels, cartoon, illustration, CGI, 3d render, low-poly, painting, anime, surreal, deformed, duplicate objects, extra limbs, blurry, out of focus, noise, oversaturated, posterized, artifacts, jpeg artifacts"
9960,truck,box truck,box truck,a parking lot,front view,indoor soft window light,hard,a finely detailed photo,"a finely detailed photo of a box truck box truck in a parking lot, front view, indoor soft window light. busy background but still one main subject. single main subject, photorealistic color photo, natural colors, realistic texture, sharp focus on subject, no people, no text, no watermark, no logo, no border, no collage, no CGI, no illustration.","text, watermark, logo, caption, signature, border, frame, collage, multiple panels, cartoon, illustration, CGI, 3d render, low-poly, painting, anime, surreal, deformed, duplicate objects, extra limbs, blurry, out of focus, noise, oversaturated, posterized, artifacts, jpeg artifacts"
9566,truck,utility truck,pickup truck,a lakeside shore,low angle,foggy morning,clean,an ultra-realistic rendering,"an ultra-realistic rendering of a utility truck pickup truck in a lakeside shore, low angle, foggy morning. single main subject, photorealistic color photo, natural colors, realistic texture, sharp focus on subject, no people, no text, no watermark, no logo, no border, no collage, no CGI, no illustration.","text, watermark, logo, caption, signature, border, frame, collage, multiple panels, cartoon, illustration, CGI, 3d render, low-poly, painting, anime, surreal, deformed, duplicate objects, extra limbs, blurry, out of focus, noise, oversaturated, posterized, artifacts, jpeg artifacts"
9430,truck,semi truck,utility truck,a backyard,wide shot,backlit rim light,clean,a high-quality image,"a high-quality image of a semi truck utility truck in a backyard, wide shot, backlit rim light. single main subject, photorealistic color photo, natural colors, realistic texture, sharp focus on subject, no people, no text, no watermark, no logo, no border, no collage, no CGI, no illustration.","text, watermark, logo, caption, signature, border, frame, collage, multiple panels, cartoon, illustration, CGI, 3d render, low-poly, painting, anime, surreal, deformed, duplicate objects, extra limbs, blurry, out of focus, noise, oversaturated, posterized, artifacts, jpeg artifacts"
9896,truck,utility truck,pickup truck,a lakeside shore,distant subject in the background,nighttime under streetlights,hard,an ultra-realistic rendering,"an ultra-realistic rendering of a utility truck pickup truck in a lakeside shore, distant subject in the background, nighttime under streetlights. cropped slightly. single main subject, photorealistic color photo, natural colors, realistic texture, sharp focus on subject, no people, no text, no watermark, no logo, no border, no collage, no CGI, no illustration.","text, watermark, logo, caption, signature, border, frame, collage, multiple panels, cartoon, illustration, CGI, 3d render, low-poly, painting, anime, surreal, deformed, duplicate objects, extra limbs, blurry, out of focus, noise, oversaturated, posterized, artifacts, jpeg artifacts"
9949,truck,utility truck,delivery truck,a lakeside shore,high angle,backlit rim light,hard,a photorealistic color photo,"a photorealistic color photo of a utility truck delivery truck in a lakeside shore, high angle, backlit rim light. in the distance. single main subject, photorealistic color photo, natural colors, realistic texture, sharp focus on subject, no people, no text, no watermark, no logo, no border, no collage, no CGI, no illustration.","text, watermark, logo, caption, signature, border, frame, collage, multiple panels, cartoon, illustration, CGI, 3d render, low-poly, painting, anime, surreal, deformed, duplicate objects, extra limbs, blurry, out of focus, noise, oversaturated, posterized, artifacts, jpeg artifacts"
9628,truck,utility truck,utility truck,an urban street,high angle,backlit rim light,clean,a detailed photograph,"a detailed photograph of a utility truck utility truck in an urban street, high angle, backlit rim light. single main subject, photorealistic color photo, natural colors, realistic texture, sharp focus on subject, no people, no text, no watermark, no logo, no border, no collage, no CGI, no illustration.","text, watermark, logo, caption, signature, border, frame, collage, multiple panels, cartoon, illustration, CGI, 3d render, low-poly, painting, anime, surreal, deformed, duplicate objects, extra limbs, blurry, out of focus, noise, oversaturated, posterized, artifacts, jpeg artifacts"
9711,truck,delivery truck,pickup truck,a grassy field,front view,nighttime under streetlights,clean,a professional photo,"a professional photo of a delivery truck pickup truck in a grassy field, front view, nighttime under streetlights. single main subject, photorealistic color photo, natural colors, realistic texture, sharp focus on subject, no people, no text, no watermark, no logo, no border, no collage, no CGI, no illustration.","text, watermark, logo, caption, signature, border, frame, collage, multiple panels, cartoon, illustration, CGI, 3d render, low-poly, painting, anime, surreal, deformed, duplicate objects, extra limbs, blurry, out of focus, noise, oversaturated, posterized, artifacts, jpeg artifacts"
9353,truck,utility truck,dump truck,a suburban neighborhood,wide shot,sunny afternoon,clean,a high-quality image,"a high-quality image of a utility truck dump truck in a suburban neighborhood, wide shot, sunny afternoon. single main subject, photorealistic color photo, natural colors, realistic texture, sharp focus on subject, no people, no text, no watermark, no logo, no border, no collage, no CGI, no illustration.","text, watermark, logo, caption, signature, border, frame, collage, multiple panels, cartoon, illustration, CGI, 3d render, low-poly, painting, anime, surreal, deformed, duplicate objects, extra limbs, blurry, out of focus, noise, oversaturated, posterized, artifacts, jpeg artifacts"
9052,truck,utility truck,dump truck,a gravel lot,front view,nighttime under streetlights,clean,a detailed photograph,"a detailed photograph of a utility truck dump truck in a gravel lot, front view, nighttime under streetlights. single main subject, photorealistic color photo, natural colors, realistic texture, sharp focus on subject, no people, no text, no watermark, no logo, no border, no collage, no CGI, no illustration.","text, watermark, logo, caption, signature, border, frame, collage, multiple panels, cartoon, illustration, CGI, 3d render, low-poly, painting, anime, surreal, deformed, duplicate objects, extra limbs, blurry, out of focus, noise, oversaturated, posterized, artifacts, jpeg artifacts"
9621,truck,pickup truck,semi truck,a suburban neighborhood,wide shot,overcast daylight,clean,an ultra-realistic rendering,"an ultra-realistic rendering of a pickup truck semi truck in a suburban neighborhood, wide shot, overcast daylight. single main subject, photorealistic color photo, natural colors, realistic texture, sharp focus on subject, no people, no text, no watermark, no logo, no border, no collage, no CGI, no illustration.","text, watermark, logo, caption, signature, border, frame, collage, multiple panels, cartoon, illustration, CGI, 3d render, low-poly, painting, anime, surreal, deformed, duplicate objects, extra limbs, blurry, out of focus, noise, oversaturated, posterized, artifacts, jpeg artifacts"
9068,truck,pickup truck,pickup truck,a backyard,slightly off-center framing,overcast daylight,clean,a photorealistic color photo,"a photorealistic color photo of a pickup truck pickup truck in a backyard, slightly off-center framing, overcast daylight. single main subject, photorealistic color photo, natural colors, realistic texture, sharp focus on subject, no people, no text, no watermark, no logo, no border, no collage, no CGI, no illustration.","text, watermark, logo, caption, signature, border, frame, collage, multiple panels, cartoon, illustration, CGI, 3d render, low-poly, painting, anime, surreal, deformed, duplicate objects, extra limbs, blurry, out of focus, noise, oversaturated, posterized, artifacts, jpeg artifacts"
9325,truck,utility truck,pickup truck,an urban street,3/4 view,sunny afternoon,clean,a finely detailed photo,"a finely detailed photo of a utility truck pickup truck in an urban street, 3/4 view, sunny afternoon. single main subject, photorealistic color photo, natural colors, realistic texture, sharp focus on subject, no people, no text, no watermark, no logo, no border, no collage, no CGI, no illustration.","text, watermark, logo, caption, signature, border, frame, collage, multiple panels, cartoon, illustration, CGI, 3d render, low-poly, painting, anime, surreal, deformed, duplicate objects, extra limbs, blurry, out of focus, noise, oversaturated, posterized, artifacts, jpeg artifacts"
9419,truck,utility truck,dump truck,a countryside road,3/4 view,foggy morning,clean,a detailed photograph,"a detailed photograph of a utility truck dump truck in a countryside road, 3/4 view, foggy morning. single main subject, photorealistic color photo, natural colors, realistic texture, sharp focus on subject, no people, no text, no watermark, no logo, no border, no collage, no CGI, no illustration.","text, watermark, logo, caption, signature, border, frame, collage, multiple panels, cartoon, illustration, CGI, 3d render, low-poly, painting, anime, surreal, deformed, duplicate objects, extra limbs, blurry, out of focus, noise, oversaturated, posterized, artifacts, jpeg artifacts"
9465,truck,delivery truck,semi truck,a parking lot,high angle,nighttime under streetlights,clean,a high-quality image,"a high-quality image of a delivery truck semi truck in a parking lot, high angle, nighttime under streetlights. single main subject, photorealistic color photo, natural colors, realistic texture, sharp focus on subject, no people, no text, no watermark, no logo, no border, no collage, no CGI, no illustration.","text, watermark, logo, caption, signature, border, frame, collage, multiple panels, cartoon, illustration, CGI, 3d render, low-poly, painting, anime, surreal, deformed, duplicate objects, extra limbs, blurry, out of focus, noise, oversaturated, posterized, artifacts, jpeg artifacts"
9542,truck,semi truck,pickup truck,a countryside road,slightly off-center framing,overcast daylight,clean,a finely detailed photo,"a finely detailed photo of a semi truck pickup truck in a countryside road, slightly off-center framing, overcast daylight. single main subject, photorealistic color photo, natural colors, realistic texture, sharp focus on subject, no people, no text, no watermark, no logo, no border, no collage, no CGI, no illustration.","text, watermark, logo, caption, signature, border, frame, collage, multiple panels, cartoon, illustration, CGI, 3d render, low-poly, painting, anime, surreal, deformed, duplicate objects, extra limbs, blurry, out of focus, noise, oversaturated, posterized, artifacts, jpeg artifacts"
9020,truck,pickup truck,semi truck,a countryside road,3/4 view,foggy morning,clean,a photorealistic color photo,"a photorealistic color photo of a pickup truck semi truck in a countryside road, 3/4 view, foggy morning. single main subject, photorealistic color photo, natural colors, realistic texture, sharp focus on subject, no people, no text, no watermark, no logo, no border, no collage, no CGI, no illustration.","text, watermark, logo, caption, signature, border, frame, collage, multiple panels, cartoon, illustration, CGI, 3d render, low-poly, painting, anime, surreal, deformed, duplicate objects, extra limbs, blurry, out of focus, noise, oversaturated, posterized, artifacts, jpeg artifacts"
9970,truck,box truck,pickup truck,a parking lot,slightly off-center framing,sunny afternoon,hard,a professional photo,"a professional photo of a box truck pickup truck in a parking lot, slightly off-center framing, sunny afternoon. partially occluded by a foreground object. single main subject, photorealistic color photo, natural colors, realistic texture, sharp focus on subject, no people, no text, no watermark, no logo, no border, no collage, no CGI, no illustration.","text, watermark, logo, caption, signature, border, frame, collage, multiple panels, cartoon, illustration, CGI, 3d render, low-poly, painting, anime, surreal, deformed, duplicate objects, extra limbs, blurry, out of focus, noise, oversaturated, posterized, artifacts, jpeg artifacts"
9294,truck,box truck,semi truck,an industrial yard,front view,backlit rim light,clean,a high-quality image,"a high-quality image of a box truck semi truck in an industrial yard, front view, backlit rim light. single main subject, photorealistic color photo, natural colors, realistic texture, sharp focus on subject, no people, no text, no watermark, no logo, no border, no collage, no CGI, no illustration.","text, watermark, logo, caption, signature, border, frame, collage, multiple panels, cartoon, illustration, CGI, 3d render, low-poly, painting, anime, surreal, deformed, duplicate objects, extra limbs, blurry, out of focus, noise, oversaturated, posterized, artifacts, jpeg artifacts"
9311,truck,dump truck,pickup truck,a suburban neighborhood,wide shot,nighttime under streetlights,clean,a professional photo,"a professional photo of a dump truck pickup truck in a suburban neighborhood, wide shot, nighttime under streetlights. single main subject, photorealistic color photo, natural colors, realistic texture, sharp focus on subject, no people, no text, no watermark, no logo, no border, no collage, no CGI, no illustration.","text, watermark, logo, caption, signature, border, frame, collage, multiple panels, cartoon, illustration, CGI, 3d render, low-poly, painting, anime, surreal, deformed, duplicate objects, extra limbs, blurry, out of focus, noise, oversaturated, posterized, artifacts, jpeg artifacts"
9834,truck,semi truck,dump truck,a lakeside shore,wide shot,rainy with wet reflections,hard,a detailed photograph,"a detailed photograph of a semi truck dump truck in a lakeside shore, wide shot, rainy with wet reflections. partially occluded by a foreground object. single main subject, photorealistic color photo, natural colors, realistic texture, sharp focus on subject, no people, no text, no watermark, no logo, no border, no collage, no CGI, no illustration.","text, watermark, logo, caption, signature, border, frame, collage, multiple panels, cartoon, illustration, CGI, 3d render, low-poly, painting, anime, surreal, deformed, duplicate objects, extra limbs, blurry, out of focus, noise, oversaturated, posterized, artifacts, jpeg artifacts"
9409,truck,delivery truck,box truck,an urban street,close-up,backlit rim light,clean,an ultra-realistic rendering,"an ultra-realistic rendering of a delivery truck box truck in an urban street, close-up, backlit rim light. single main subject, photorealistic color photo, natural colors, realistic texture, sharp focus on subject, no people, no text, no watermark, no logo, no border, no collage, no CGI, no illustration.","text, watermark, logo, caption, signature, border, frame, collage, multiple panels, cartoon, illustration, CGI, 3d render, low-poly, painting, anime, surreal, deformed, duplicate objects, extra limbs, blurry, out of focus, noise, oversaturated, posterized, artifacts, jpeg artifacts"
9119,truck,box truck,box truck,a wet roadway after rain,front view,nighttime under streetlights,clean,an ultra-realistic rendering,"an ultra-realistic rendering of a box truck box truck in a wet roadway after rain, front view, nighttime under streetlights. single main subject, photorealistic color photo, natural colors, realistic texture, sharp focus on subject, no people, no text, no watermark, no logo, no border, no collage, no CGI, no illustration.","text, watermark, logo, caption, signature, border, frame, collage, multiple panels, cartoon, illustration, CGI, 3d render, low-poly, painting, anime, surreal, deformed, duplicate objects, extra limbs, blurry, out of focus, noise, oversaturated, posterized, artifacts, jpeg artifacts"
9879,truck,dump truck,utility truck,a city park,slightly off-center framing,sunny afternoon,hard,a professional photo,"a professional photo of a dump truck utility truck in a city park, slightly off-center framing, sunny afternoon. busy background but still one main subject. single main subject, photorealistic color photo, natural colors, realistic texture, sharp focus on subject, no people, no text, no watermark, no logo, no border, no collage, no CGI, no illustration.","text, watermark, logo, caption, signature, border, frame, collage, multiple panels, cartoon, illustration, CGI, 3d render, low-poly, painting, anime, surreal, deformed, duplicate objects, extra limbs, blurry, out of focus, noise, oversaturated, posterized, artifacts, jpeg artifacts"
9889,truck,pickup truck,dump truck,a lakeside shore,3/4 view,nighttime under streetlights,hard,a professional photo,"a professional photo of a pickup truck dump truck in a lakeside shore, 3/4 view, nighttime under streetlights. busy background but still one main subject. single main subject, photorealistic color photo, natural colors, realistic texture, sharp focus on subject, no people, no text, no watermark, no logo, no border, no collage, no CGI, no illustration.","text, watermark, logo, caption, signature, border, frame, collage, multiple panels, cartoon, illustration, CGI, 3d render, low-poly, painting, anime, surreal, deformed, duplicate objects, extra limbs, blurry, out of focus, noise, oversaturated, posterized, artifacts, jpeg artifacts"
9698,truck,semi truck,box truck,a forest clearing,close-up,overcast daylight,clean,a detailed photograph,"a detailed photograph of a semi truck box truck in a forest clearing, close-up, overcast daylight. single main subject, photorealistic color photo, natural colors, realistic texture, sharp focus on subject, no people, no text, no watermark, no logo, no border, no collage, no CGI, no illustration.","text, watermark, logo, caption, signature, border, frame, collage, multiple panels, cartoon, illustration, CGI, 3d render, low-poly, painting, anime, surreal, deformed, duplicate objects, extra limbs, blurry, out of focus, noise, oversaturated, posterized, artifacts, jpeg artifacts"
9381,truck,box truck,utility truck,a forest clearing,low angle,nighttime under streetlights,clean,an ultra-realistic rendering,"an ultra-realistic rendering of a box truck utility truck in a forest clearing, low angle, nighttime under streetlights. single main subject, photorealistic color photo, natural colors, realistic texture, sharp focus on subject, no people, no text, no watermark, no logo, no border, no collage, no CGI, no illustration.","text, watermark, logo, caption, signature, border, frame, collage, multiple panels, cartoon, illustration, CGI, 3d render, low-poly, painting, anime, surreal, deformed, duplicate objects, extra limbs, blurry, out of focus, noise, oversaturated, posterized, artifacts, jpeg artifacts"
9608,truck,box truck,dump truck,a city park,side profile,indoor soft window light,clean,an ultra-realistic rendering,"an ultra-realistic rendering of a box truck dump truck in a city park, side profile, indoor soft window light. single main subject, photorealistic color photo, natural colors, realistic texture, sharp focus on subject, no people, no text, no watermark, no logo, no border, no collage, no CGI, no illustration.","text, watermark, logo, caption, signature, border, frame, collage, multiple panels, cartoon, illustration, CGI, 3d render, low-poly, painting, anime, surreal, deformed, duplicate objects, extra limbs, blurry, out of focus, noise, oversaturated, posterized, artifacts, jpeg artifacts"
9330,truck,utility truck,dump truck,a sandy beach,wide shot,nighttime under streetlights,clean,a photorealistic color photo,"a photorealistic color photo of a utility truck dump truck in a sandy beach, wide shot, nighttime under streetlights. single main subject, photorealistic color photo, natural colors, realistic texture, sharp focus on subject, no people, no text, no watermark, no logo, no border, no collage, no CGI, no illustration.","text, watermark, logo, caption, signature, border, frame, collage, multiple panels, cartoon, illustration, CGI, 3d render, low-poly, painting, anime, surreal, deformed, duplicate objects, extra limbs, blurry, out of focus, noise, oversaturated, posterized, artifacts, jpeg artifacts"
9876,truck,delivery truck,semi truck,a sandy beach,wide shot,nighttime under streetlights,hard,a detailed photograph,"a detailed photograph of a delivery truck semi truck in a sandy beach, wide shot, nighttime under streetlights. in the distance. single main subject, photorealistic color photo, natural colors, realistic texture, sharp focus on subject, no people, no text, no watermark, no logo, no border, no collage, no CGI, no illustration.","text, watermark, logo, caption, signature, border, frame, collage, multiple panels, cartoon, illustration, CGI, 3d render, low-poly, painting, anime, surreal, deformed, duplicate objects, extra limbs, blurry, out of focus, noise, oversaturated, posterized, artifacts, jpeg artifacts"
9764,truck,utility truck,pickup truck,a sandy beach,wide shot,overcast daylight,clean,a photorealistic color photo,"a photorealistic color photo of a utility truck pickup truck in a sandy beach, wide shot, overcast daylight. single main subject, photorealistic color photo, natural colors, realistic texture, sharp focus on subject, no people, no text, no watermark, no logo, no border, no collage, no CGI, no illustration.","text, watermark, logo, caption, signature, border, frame, collage, multiple panels, cartoon, illustration, CGI, 3d render, low-poly, painting, anime, surreal, deformed, duplicate objects, extra limbs, blurry, out of focus, noise, oversaturated, posterized, artifacts, jpeg artifacts"
9007,truck,delivery truck,box truck,a parking lot,front view,foggy morning,clean,a finely detailed photo,"a finely detailed photo of a delivery truck box truck in a parking lot, front view, foggy morning. single main subject, photorealistic color photo, natural colors, realistic texture, sharp focus on subject, no people, no text, no watermark, no logo, no border, no collage, no CGI, no illustration.","text, watermark, logo, caption, signature, border, frame, collage, multiple panels, cartoon, illustration, CGI, 3d render, low-poly, painting, anime, surreal, deformed, duplicate objects, extra limbs, blurry, out of focus, noise, oversaturated, posterized, artifacts, jpeg artifacts"
9246,truck,dump truck,semi truck,an urban street,low angle,golden hour,clean,an ultra-realistic rendering,"an ultra-realistic rendering of a dump truck semi truck in an urban street, low angle, golden hour. single main subject, photorealistic color photo, natural colors, realistic texture, sharp focus on subject, no people, no text, no watermark, no logo, no border, no collage, no CGI, no illustration.","text, watermark, logo, caption, signature, border, frame, collage, multiple panels, cartoon, illustration, CGI, 3d render, low-poly, painting, anime, surreal, deformed, duplicate objects, extra limbs, blurry, out of focus, noise, oversaturated, posterized, artifacts, jpeg artifacts"
9743,truck,dump truck,pickup truck,an urban street,close-up,rainy with wet reflections,clean,a photorealistic color photo,"a photorealistic color photo of a dump truck pickup truck in an urban street, close-up, rainy with wet reflections. single main subject, photorealistic color photo, natural colors, realistic texture, sharp focus on subject, no people, no text, no watermark, no logo, no border, no collage, no CGI, no illustration.","text, watermark, logo, caption, signature, border, frame, collage, multiple panels, cartoon, illustration, CGI, 3d render, low-poly, painting, anime, surreal, deformed, duplicate objects, extra limbs, blurry, out of focus, noise, oversaturated, posterized, artifacts, jpeg artifacts"
9539,truck,delivery truck,pickup truck,a forest clearing,front view,sunny afternoon,clean,an ultra-realistic rendering,"an ultra-realistic rendering of a delivery truck pickup truck in a forest clearing, front view, sunny afternoon. single main subject, photorealistic color photo, natural colors, realistic texture, sharp focus on subject, no people, no text, no watermark, no logo, no border, no collage, no CGI, no illustration.","text, watermark, logo, caption, signature, border, frame, collage, multiple panels, cartoon, illustration, CGI, 3d render, low-poly, painting, anime, surreal, deformed, duplicate objects, extra limbs, blurry, out of focus, noise, oversaturated, posterized, artifacts, jpeg artifacts"
9408,truck,box truck,dump truck,a forest clearing,slightly off-center framing,indoor soft window light,clean,a photorealistic color photo,"a photorealistic color photo of a box truck dump truck in a forest clearing, slightly off-center framing, indoor soft window light. single main subject, photorealistic color photo, natural colors, realistic texture, sharp focus on subject, no people, no text, no watermark, no logo, no border, no collage, no CGI, no illustration.","text, watermark, logo, caption, signature, border, frame, collage, multiple panels, cartoon, illustration, CGI, 3d render, low-poly, painting, anime, surreal, deformed, duplicate objects, extra limbs, blurry, out of focus, noise, oversaturated, posterized, artifacts, jpeg artifacts"
9940,truck,delivery truck,delivery truck,a suburban neighborhood,wide shot,foggy morning,hard,a photorealistic color photo,"a photorealistic color photo of a delivery truck delivery truck in a suburban neighborhood, wide shot, foggy morning. partially occluded by a foreground object. single main subject, photorealistic color photo, natural colors, realistic texture, sharp focus on subject, no people, no text, no watermark, no logo, no border, no collage, no CGI, no illustration.","text, watermark, logo, caption, signature, border, frame, collage, multiple panels, cartoon, illustration, CGI, 3d render, low-poly, painting, anime, surreal, deformed, duplicate objects, extra limbs, blurry, out of focus, noise, oversaturated, posterized, artifacts, jpeg artifacts"
9454,truck,pickup truck,utility truck,a backyard,side profile,backlit rim light,clean,a high-quality image,"a high-quality image of a pickup truck utility truck in a backyard, side profile, backlit rim light. single main subject, photorealistic color photo, natural colors, realistic texture, sharp focus on subject, no people, no text, no watermark, no logo, no border, no collage, no CGI, no illustration.","text, watermark, logo, caption, signature, border, frame, collage, multiple panels, cartoon, illustration, CGI, 3d render, low-poly, painting, anime, surreal, deformed, duplicate objects, extra limbs, blurry, out of focus, noise, oversaturated, posterized, artifacts, jpeg artifacts"
9767,truck,dump truck,utility truck,a gravel lot,low angle,foggy morning,clean,a detailed photograph,"a detailed photograph of a dump truck utility truck in a gravel lot, low angle, foggy morning. single main subject, photorealistic color photo, natural colors, realistic texture, sharp focus on subject, no people, no text, no watermark, no logo, no border, no collage, no CGI, no illustration.","text, watermark, logo, caption, signature, border, frame, collage, multiple panels, cartoon, illustration, CGI, 3d render, low-poly, painting, anime, surreal, deformed, duplicate objects, extra limbs, blurry, out of focus, noise, oversaturated, posterized, artifacts, jpeg artifacts"
9518,truck,delivery truck,dump truck,a lakeside shore,high angle,golden hour,clean,a finely detailed photo,"a finely detailed photo of a delivery truck dump truck in a lakeside shore, high angle, golden hour. single main subject, photorealistic color photo, natural colors, realistic texture, sharp focus on subject, no people, no text, no watermark, no logo, no border, no collage, no CGI, no illustration.","text, watermark, logo, caption, signature, border, frame, collage, multiple panels, cartoon, illustration, CGI, 3d render, low-poly, painting, anime, surreal, deformed, duplicate objects, extra limbs, blurry, out of focus, noise, oversaturated, posterized, artifacts, jpeg artifacts"
9412,truck,box truck,dump truck,a forest clearing,close-up,golden hour,clean,a high-quality image,"a high-quality image of a box truck dump truck in a forest clearing, close-up, golden hour. single main subject, photorealistic color photo, natural colors, realistic texture, sharp focus on subject, no people, no text, no watermark, no logo, no border, no collage, no CGI, no illustration.","text, watermark, logo, caption, signature, border, frame, collage, multiple panels, cartoon, illustration, CGI, 3d render, low-poly, painting, anime, surreal, deformed, duplicate objects, extra limbs, blurry, out of focus, noise, oversaturated, posterized, artifacts, jpeg artifacts"
9385,truck,box truck,delivery truck,an industrial yard,high angle,overcast daylight,clean,a finely detailed photo,"a finely detailed photo of a box truck delivery truck in an industrial yard, high angle, overcast daylight. single main subject, photorealistic color photo, natural colors, realistic texture, sharp focus on subject, no people, no text, no watermark, no logo, no border, no collage, no CGI, no illustration.","text, watermark, logo, caption, signature, border, frame, collage, multiple panels, cartoon, illustration, CGI, 3d render, low-poly, painting, anime, surreal, deformed, duplicate objects, extra limbs, blurry, out of focus, noise, oversaturated, posterized, artifacts, jpeg artifacts"
9210,truck,delivery truck,pickup truck,a forest clearing,front view,indoor soft window light,clean,a finely detailed photo,"a finely detailed photo of a delivery truck pickup truck in a forest clearing, front view, indoor soft window light. single main subject, photorealistic color photo, natural colors, realistic texture, sharp focus on subject, no people, no text, no watermark, no logo, no border, no collage, no CGI, no illustration.","text, watermark, logo, caption, signature, border, frame, collage, multiple panels, cartoon, illustration, CGI, 3d render, low-poly, painting, anime, surreal, deformed, duplicate objects, extra limbs, blurry, out of focus, noise, oversaturated, posterized, artifacts, jpeg artifacts"
9432,truck,box truck,box truck,a city park,wide shot,rainy with wet reflections,clean,a finely detailed photo,"a finely detailed photo of a box truck box truck in a city park, wide shot, rainy with wet reflections. single main subject, photorealistic color photo, natural colors, realistic texture, sharp focus on subject, no people, no text, no watermark, no logo, no border, no collage, no CGI, no illustration.","text, watermark, logo, caption, signature, border, frame, collage, multiple panels, cartoon, illustration, CGI, 3d render, low-poly, painting, anime, surreal, deformed, duplicate objects, extra limbs, blurry, out of focus, noise, oversaturated, posterized, artifacts, jpeg artifacts"
9111,truck,semi truck,dump truck,a suburban neighborhood,3/4 view,sunny afternoon,clean,a photorealistic color photo,"a photorealistic color photo of a semi truck dump truck in a suburban neighborhood, 3/4 view, sunny afternoon. single main subject, photorealistic color photo, natural colors, realistic texture, sharp focus on subject, no people, no text, no watermark, no logo, no border, no collage, no CGI, no illustration.","text, watermark, logo, caption, signature, border, frame, collage, multiple panels, cartoon, illustration, CGI, 3d render, low-poly, painting, anime, surreal, deformed, duplicate objects, extra limbs, blurry, out of focus, noise, oversaturated, posterized, artifacts, jpeg artifacts"
9087,truck,utility truck,dump truck,a sandy beach,low angle,golden hour,clean,a finely detailed photo,"a finely detailed photo of a utility truck dump truck in a sandy beach, low angle, golden hour. single main subject, photorealistic color photo, natural colors, realistic texture, sharp focus on subject, no people, no text, no watermark, no logo, no border, no collage, no CGI, no illustration.","text, watermark, logo, caption, signature, border, frame, collage, multiple panels, cartoon, illustration, CGI, 3d render, low-poly, painting, anime, surreal, deformed, duplicate objects, extra limbs, blurry, out of focus, noise, oversaturated, posterized, artifacts, jpeg artifacts"
9157,truck,dump truck,delivery truck,a forest clearing,3/4 view,indoor soft window light,clean,a photorealistic color photo,"a photorealistic color photo of a dump truck delivery truck in a forest clearing, 3/4 view, indoor soft window light. single main subject, photorealistic color photo, natural colors, realistic texture, sharp focus on subject, no people, no text, no watermark, no logo, no border, no collage, no CGI, no illustration.","text, watermark, logo, caption, signature, border, frame, collage, multiple panels, cartoon, illustration, CGI, 3d render, low-poly, painting, anime, surreal, deformed, duplicate objects, extra limbs, blurry, out of focus, noise, oversaturated, posterized, artifacts, jpeg artifacts"
9499,truck,box truck,dump truck,a countryside road,side profile,foggy morning,clean,a finely detailed photo,"a finely detailed photo of a box truck dump truck in a countryside road, side profile, foggy morning. single main subject, photorealistic color photo, natural colors, realistic texture, sharp focus on subject, no people, no text, no watermark, no logo, no border, no collage, no CGI, no illustration.","text, watermark, logo, caption, signature, border, frame, collage, multiple panels, cartoon, illustration, CGI, 3d render, low-poly, painting, anime, surreal, deformed, duplicate objects, extra limbs, blurry, out of focus, noise, oversaturated, posterized, artifacts, jpeg artifacts"
9637,truck,utility truck,delivery truck,a backyard,side profile,sunny afternoon,clean,a professional photo,"a professional photo of a utility truck delivery truck in a backyard, side profile, sunny afternoon. single main subject, photorealistic color photo, natural colors, realistic texture, sharp focus on subject, no people, no text, no watermark, no logo, no border, no collage, no CGI, no illustration.","text, watermark, logo, caption, signature, border, frame, collage, multiple panels, cartoon, illustration, CGI, 3d render, low-poly, painting, anime, surreal, deformed, duplicate objects, extra limbs, blurry, out of focus, noise, oversaturated, posterized, artifacts, jpeg artifacts"
9991,truck,utility truck,utility truck,a gravel lot,front view,overcast daylight,hard,a finely detailed photo,"a finely detailed photo of a utility truck utility truck in a gravel lot, front view, overcast daylight. busy background but still one main subject. single main subject, photorealistic color photo, natural colors, realistic texture, sharp focus on subject, no people, no text, no watermark, no logo, no border, no collage, no CGI, no illustration.","text, watermark, logo, caption, signature, border, frame, collage, multiple panels, cartoon, illustration, CGI, 3d render, low-poly, painting, anime, surreal, deformed, duplicate objects, extra limbs, blurry, out of focus, noise, oversaturated, posterized, artifacts, jpeg artifacts"
9963,truck,box truck,utility truck,a parking lot,close-up,overcast daylight,hard,a photorealistic color photo,"a photorealistic color photo of a box truck utility truck in a parking lot, close-up, overcast daylight. cropped slightly. single main subject, photorealistic color photo, natural colors, realistic texture, sharp focus on subject, no people, no text, no watermark, no logo, no border, no collage, no CGI, no illustration.","text, watermark, logo, caption, signature, border, frame, collage, multiple panels, cartoon, illustration, CGI, 3d render, low-poly, painting, anime, surreal, deformed, duplicate objects, extra limbs, blurry, out of focus, noise, oversaturated, posterized, artifacts, jpeg artifacts"
9954,truck,dump truck,pickup truck,a countryside road,3/4 view,foggy morning,hard,a detailed photograph,"a detailed photograph of a dump truck pickup truck in a countryside road, 3/4 view, foggy morning. slight motion blur. single main subject, photorealistic color photo, natural colors, realistic texture, sharp focus on subject, no people, no text, no watermark, no logo, no border, no collage, no CGI, no illustration.","text, watermark, logo, caption, signature, border, frame, collage, multiple panels, cartoon, illustration, CGI, 3d render, low-poly, painting, anime, surreal, deformed, duplicate objects, extra limbs, blurry, out of focus, noise, oversaturated, posterized, artifacts, jpeg artifacts"
9661,truck,utility truck,box truck,an industrial yard,low angle,overcast daylight,clean,a high-quality image,"a high-quality image of a utility truck box truck in an industrial yard, low angle, overcast daylight. single main subject, photorealistic color photo, natural colors, realistic texture, sharp focus on subject, no people, no text, no watermark, no logo, no border, no collage, no CGI, no illustration.","text, watermark, logo, caption, signature, border, frame, collage, multiple panels, cartoon, illustration, CGI, 3d render, low-poly, painting, anime, surreal, deformed, duplicate objects, extra limbs, blurry, out of focus, noise, oversaturated, posterized, artifacts, jpeg artifacts"
9837,truck,semi truck,semi truck,an industrial yard,3/4 view,rainy with wet reflections,hard,a detailed photograph,"a detailed photograph of a semi truck semi truck in an industrial yard, 3/4 view, rainy with wet reflections. slight motion blur. single main subject, photorealistic color photo, natural colors, realistic texture, sharp focus on subject, no people, no text, no watermark, no logo, no border, no collage, no CGI, no illustration.","text, watermark, logo, caption, signature, border, frame, collage, multiple panels, cartoon, illustration, CGI, 3d render, low-poly, painting, anime, surreal, deformed, duplicate objects, extra limbs, blurry, out of focus, noise, oversaturated, posterized, artifacts, jpeg artifacts"
9134,truck,dump truck,box truck,a wet roadway after rain,low angle,foggy morning,clean,a finely detailed photo,"a finely detailed photo of a dump truck box truck in a wet roadway after rain, low angle, foggy morning. single main subject, photorealistic color photo, natural colors, realistic texture, sharp focus on subject, no people, no text, no watermark, no logo, no border, no collage, no CGI, no illustration.","text, watermark, logo, caption, signature, border, frame, collage, multiple panels, cartoon, illustration, CGI, 3d render, low-poly, painting, anime, surreal, deformed, duplicate objects, extra limbs, blurry, out of focus, noise, oversaturated, posterized, artifacts, jpeg artifacts"
9565,truck,delivery truck,utility truck,an urban street,low angle,rainy with wet reflections,clean,a detailed photograph,"a detailed photograph of a delivery truck utility truck in an urban street, low angle, rainy with wet reflections. single main subject, photorealistic color photo, natural colors, realistic texture, sharp focus on subject, no people, no text, no watermark, no logo, no border, no collage, no CGI, no illustration.","text, watermark, logo, caption, signature, border, frame, collage, multiple panels, cartoon, illustration, CGI, 3d render, low-poly, painting, anime, surreal, deformed, duplicate objects, extra limbs, blurry, out of focus, noise, oversaturated, posterized, artifacts, jpeg artifacts"
9034,truck,delivery truck,dump truck,a sandy beach,high angle,overcast daylight,clean,a detailed photograph,"a detailed photograph of a delivery truck dump truck in a sandy beach, high angle, overcast daylight. single main subject, photorealistic color photo, natural colors, realistic texture, sharp focus on subject, no people, no text, no watermark, no logo, no border, no collage, no CGI, no illustration.","text, watermark, logo, caption, signature, border, frame, collage, multiple panels, cartoon, illustration, CGI, 3d render, low-poly, painting, anime, surreal, deformed, duplicate objects, extra limbs, blurry, out of focus, noise, oversaturated, posterized, artifacts, jpeg artifacts"
9945,truck,semi truck,box truck,a gravel lot,distant subject in the background,overcast daylight,hard,an ultra-realistic rendering,"an ultra-realistic rendering of a semi truck box truck in a gravel lot, distant subject in the background, overcast daylight. partially occluded by a foreground object. single main subject, photorealistic color photo, natural colors, realistic texture, sharp focus on subject, no people, no text, no watermark, no logo, no border, no collage, no CGI, no illustration.","text, watermark, logo, caption, signature, border, frame, collage, multiple panels, cartoon, illustration, CGI, 3d render, low-poly, painting, anime, surreal, deformed, duplicate objects, extra limbs, blurry, out of focus, noise, oversaturated, posterized, artifacts, jpeg artifacts"
9501,truck,delivery truck,delivery truck,a sandy beach,side profile,foggy morning,clean,a photorealistic color photo,"a photorealistic color photo of a delivery truck delivery truck in a sandy beach, side profile, foggy morning. single main subject, photorealistic color photo, natural colors, realistic texture, sharp focus on subject, no people, no text, no watermark, no logo, no border, no collage, no CGI, no illustration.","text, watermark, logo, caption, signature, border, frame, collage, multiple panels, cartoon, illustration, CGI, 3d render, low-poly, painting, anime, surreal, deformed, duplicate objects, extra limbs, blurry, out of focus, noise, oversaturated, posterized, artifacts, jpeg artifacts"
9361,truck,pickup truck,box truck,a wet roadway after rain,high angle,golden hour,clean,a professional photo,"a professional photo of a pickup truck box truck in a wet roadway after rain, high angle, golden hour. single main subject, photorealistic color photo, natural colors, realistic texture, sharp focus on subject, no people, no text, no watermark, no logo, no border, no collage, no CGI, no illustration.","text, watermark, logo, caption, signature, border, frame, collage, multiple panels, cartoon, illustration, CGI, 3d render, low-poly, painting, anime, surreal, deformed, duplicate objects, extra limbs, blurry, out of focus, noise, oversaturated, posterized, artifacts, jpeg artifacts"
9669,truck,pickup truck,semi truck,a suburban neighborhood,slightly off-center framing,backlit rim light,clean,a finely detailed photo,"a finely detailed photo of a pickup truck semi truck in a suburban neighborhood, slightly off-center framing, backlit rim light. single main subject, photorealistic color photo, natural colors, realistic texture, sharp focus on subject, no people, no text, no watermark, no logo, no border, no collage, no CGI, no illustration.","text, watermark, logo, caption, signature, border, frame, collage, multiple panels, cartoon, illustration, CGI, 3d render, low-poly, painting, anime, surreal, deformed, duplicate objects, extra limbs, blurry, out of focus, noise, oversaturated, posterized, artifacts, jpeg artifacts"
9225,truck,utility truck,dump truck,a sandy beach,close-up,backlit rim light,clean,a detailed photograph,"a detailed photograph of a utility truck dump truck in a sandy beach, close-up, backlit rim light. single main subject, photorealistic color photo, natural colors, realistic texture, sharp focus on subject, no people, no text, no watermark, no logo, no border, no collage, no CGI, no illustration.","text, watermark, logo, caption, signature, border, frame, collage, multiple panels, cartoon, illustration, CGI, 3d render, low-poly, painting, anime, surreal, deformed, duplicate objects, extra limbs, blurry, out of focus, noise, oversaturated, posterized, artifacts, jpeg artifacts"
9897,truck,delivery truck,pickup truck,a backyard,cropped at the edge of the frame,sunny afternoon,hard,a finely detailed photo,"a finely detailed photo of a delivery truck pickup truck in a backyard, cropped at the edge of the frame, sunny afternoon. in the distance. single main subject, photorealistic color photo, natural colors, realistic texture, sharp focus on subject, no people, no text, no watermark, no logo, no border, no collage, no CGI, no illustration.","text, watermark, logo, caption, signature, border, frame, collage, multiple panels, cartoon, illustration, CGI, 3d render, low-poly, painting, anime, surreal, deformed, duplicate objects, extra limbs, blurry, out of focus, noise, oversaturated, posterized, artifacts, jpeg artifacts"
9486,truck,delivery truck,pickup truck,a city park,3/4 view,sunny afternoon,clean,a high-quality image,"a high-quality image of a delivery truck pickup truck in a city park, 3/4 view, sunny afternoon. single main subject, photorealistic color photo, natural colors, realistic texture, sharp focus on subject, no people, no text, no watermark, no logo, no border, no collage, no CGI, no illustration.","text, watermark, logo, caption, signature, border, frame, collage, multiple panels, cartoon, illustration, CGI, 3d render, low-poly, painting, anime, surreal, deformed, duplicate objects, extra limbs, blurry, out of focus, noise, oversaturated, posterized, artifacts, jpeg artifacts"
9417,truck,dump truck,pickup truck,a wet roadway after rain,close-up,overcast daylight,clean,a professional photo,"a professional photo of a dump truck pickup truck in a wet roadway after rain, close-up, overcast daylight. single main subject, photorealistic color photo, natural colors, realistic texture, sharp focus on subject, no people, no text, no watermark, no logo, no border, no collage, no CGI, no illustration.","text, watermark, logo, caption, signature, border, frame, collage, multiple panels, cartoon, illustration, CGI, 3d render, low-poly, painting, anime, surreal, deformed, duplicate objects, extra limbs, blurry, out of focus, noise, oversaturated, posterized, artifacts, jpeg artifacts"
9885,truck,box truck,delivery truck,a quiet residential street,3/4 view,backlit rim light,hard,a finely detailed photo,"a finely detailed photo of a box truck delivery truck in a quiet residential street, 3/4 view, backlit rim light. busy background but still one main subject. single main subject, photorealistic color photo, natural colors, realistic texture, sharp focus on subject, no people, no text, no watermark, no logo, no border, no collage, no CGI, no illustration.","text, watermark, logo, caption, signature, border, frame, collage, multiple panels, cartoon, illustration, CGI, 3d render, low-poly, painting, anime, surreal, deformed, duplicate objects, extra limbs, blurry, out of focus, noise, oversaturated, posterized, artifacts, jpeg artifacts"
9973,truck,pickup truck,utility truck,a quiet residential street,wide shot,backlit rim light,hard,a professional photo,"a professional photo of a pickup truck utility truck in a quiet residential street, wide shot, backlit rim light. slight motion blur. single main subject, photorealistic color photo, natural colors, realistic texture, sharp focus on subject, no people, no text, no watermark, no logo, no border, no collage, no CGI, no illustration.","text, watermark, logo, caption, signature, border, frame, collage, multiple panels, cartoon, illustration, CGI, 3d render, low-poly, painting, anime, surreal, deformed, duplicate objects, extra limbs, blurry, out of focus, noise, oversaturated, posterized, artifacts, jpeg artifacts"
9422,truck,utility truck,delivery truck,a lakeside shore,close-up,overcast daylight,clean,a finely detailed photo,"a finely detailed photo of a utility truck delivery truck in a lakeside shore, close-up, overcast daylight. single main subject, photorealistic color photo, natural colors, realistic texture, sharp focus on subject, no people, no text, no watermark, no logo, no border, no collage, no CGI, no illustration.","text, watermark, logo, caption, signature, border, frame, collage, multiple panels, cartoon, illustration, CGI, 3d render, low-poly, painting, anime, surreal, deformed, duplicate objects, extra limbs, blurry, out of focus, noise, oversaturated, posterized, artifacts, jpeg artifacts"
9243,truck,delivery truck,utility truck,a parking lot,high angle,indoor soft window light,clean,a finely detailed photo,"a finely detailed photo of a delivery truck utility truck in a parking lot, high angle, indoor soft window light. single main subject, photorealistic color photo, natural colors, realistic texture, sharp focus on subject, no people, no text, no watermark, no logo, no border, no collage, no CGI, no illustration.","text, watermark, logo, caption, signature, border, frame, collage, multiple panels, cartoon, illustration, CGI, 3d render, low-poly, painting, anime, surreal, deformed, duplicate objects, extra limbs, blurry, out of focus, noise, oversaturated, posterized, artifacts, jpeg artifacts"
9202,truck,pickup truck,semi truck,a forest clearing,close-up,nighttime under streetlights,clean,an ultra-realistic rendering,"an ultra-realistic rendering of a pickup truck semi truck in a forest clearing, close-up, nighttime under streetlights. single main subject, photorealistic color photo, natural colors, realistic texture, sharp focus on subject, no people, no text, no watermark, no logo, no border, no collage, no CGI, no illustration.","text, watermark, logo, caption, signature, border, frame, collage, multiple panels, cartoon, illustration, CGI, 3d render, low-poly, painting, anime, surreal, deformed, duplicate objects, extra limbs, blurry, out of focus, noise, oversaturated, posterized, artifacts, jpeg artifacts"
9775,truck,utility truck,utility truck,a city park,wide shot,nighttime under streetlights,clean,a detailed photograph,"a detailed photograph of a utility truck utility truck in a city park, wide shot, nighttime under streetlights. single main subject, photorealistic color photo, natural colors, realistic texture, sharp focus on subject, no people, no text, no watermark, no logo, no border, no collage, no CGI, no illustration.","text, watermark, logo, caption, signature, border, frame, collage, multiple panels, cartoon, illustration, CGI, 3d render, low-poly, painting, anime, surreal, deformed, duplicate objects, extra limbs, blurry, out of focus, noise, oversaturated, posterized, artifacts, jpeg artifacts"
9365,truck,pickup truck,delivery truck,a quiet residential street,wide shot,overcast daylight,clean,a finely detailed photo,"a finely detailed photo of a pickup truck delivery truck in a quiet residential street, wide shot, overcast daylight. single main subject, photorealistic color photo, natural colors, realistic texture, sharp focus on subject, no people, no text, no watermark, no logo, no border, no collage, no CGI, no illustration.","text, watermark, logo, caption, signature, border, frame, collage, multiple panels, cartoon, illustration, CGI, 3d render, low-poly, painting, anime, surreal, deformed, duplicate objects, extra limbs, blurry, out of focus, noise, oversaturated, posterized, artifacts, jpeg artifacts"
9882,truck,semi truck,utility truck,a countryside road,slightly off-center framing,backlit rim light,hard,a finely detailed photo,"a finely detailed photo of a semi truck utility truck in a countryside road, slightly off-center framing, backlit rim light. in the distance. single main subject, photorealistic color photo, natural colors, realistic texture, sharp focus on subject, no people, no text, no watermark, no logo, no border, no collage, no CGI, no illustration.","text, watermark, logo, caption, signature, border, frame, collage, multiple panels, cartoon, illustration, CGI, 3d render, low-poly, painting, anime, surreal, deformed, duplicate objects, extra limbs, blurry, out of focus, noise, oversaturated, posterized, artifacts, jpeg artifacts"
9308,truck,semi truck,delivery truck,a lakeside shore,slightly off-center framing,nighttime under streetlights,clean,a detailed photograph,"a detailed photograph of a semi truck delivery truck in a lakeside shore, slightly off-center framing, nighttime under streetlights. single main subject, photorealistic color photo, natural colors, realistic texture, sharp focus on subject, no people, no text, no watermark, no logo, no border, no collage, no CGI, no illustration.","text, watermark, logo, caption, signature, border, frame, collage, multiple panels, cartoon, illustration, CGI, 3d render, low-poly, painting, anime, surreal, deformed, duplicate objects, extra limbs, blurry, out of focus, noise, oversaturated, posterized, artifacts, jpeg artifacts"
9494,truck,pickup truck,utility truck,a city park,low angle,nighttime under streetlights,clean,a photorealistic color photo,"a photorealistic color photo of a pickup truck utility truck in a city park, low angle, nighttime under streetlights. single main subject, photorealistic color photo, natural colors, realistic texture, sharp focus on subject, no people, no text, no watermark, no logo, no border, no collage, no CGI, no illustration.","text, watermark, logo, caption, signature, border, frame, collage, multiple panels, cartoon, illustration, CGI, 3d render, low-poly, painting, anime, surreal, deformed, duplicate objects, extra limbs, blurry, out of focus, noise, oversaturated, posterized, artifacts, jpeg artifacts"
9429,truck,delivery truck,box truck,a suburban neighborhood,wide shot,golden hour,clean,a finely detailed photo,"a finely detailed photo of a delivery truck box truck in a suburban neighborhood, wide shot, golden hour. single main subject, photorealistic color photo, natural colors, realistic texture, sharp focus on subject, no people, no text, no watermark, no logo, no border, no collage, no CGI, no illustration.","text, watermark, logo, caption, signature, border, frame, collage, multiple panels, cartoon, illustration, CGI, 3d render, low-poly, painting, anime, surreal, deformed, duplicate objects, extra limbs, blurry, out of focus, noise, oversaturated, posterized, artifacts, jpeg artifacts"
9367,truck,dump truck,utility truck,a forest clearing,close-up,foggy morning,clean,an ultra-realistic rendering,"an ultra-realistic rendering of a dump truck utility truck in a forest clearing, close-up, foggy morning. single main subject, photorealistic color photo, natural colors, realistic texture, sharp focus on subject, no people, no text, no watermark, no logo, no border, no collage, no CGI, no illustration.","text, watermark, logo, caption, signature, border, frame, collage, multiple panels, cartoon, illustration, CGI, 3d render, low-poly, painting, anime, surreal, deformed, duplicate objects, extra limbs, blurry, out of focus, noise, oversaturated, posterized, artifacts, jpeg artifacts"
9299,truck,delivery truck,semi truck,a forest clearing,low angle,rainy with wet reflections,clean,an ultra-realistic rendering,"an ultra-realistic rendering of a delivery truck semi truck in a forest clearing, low angle, rainy with wet reflections. single main subject, photorealistic color photo, natural colors, realistic texture, sharp focus on subject, no people, no text, no watermark, no logo, no border, no collage, no CGI, no illustration.","text, watermark, logo, caption, signature, border, frame, collage, multiple panels, cartoon, illustration, CGI, 3d render, low-poly, painting, anime, surreal, deformed, duplicate objects, extra limbs, blurry, out of focus, noise, oversaturated, posterized, artifacts, jpeg artifacts"
9436,truck,delivery truck,semi truck,a countryside road,3/4 view,foggy morning,clean,a detailed photograph,"a detailed photograph of a delivery truck semi truck in a countryside road, 3/4 view, foggy morning. single main subject, photorealistic color photo, natural colors, realistic texture, sharp focus on subject, no people, no text, no watermark, no logo, no border, no collage, no CGI, no illustration.","text, watermark, logo, caption, signature, border, frame, collage, multiple panels, cartoon, illustration, CGI, 3d render, low-poly, painting, anime, surreal, deformed, duplicate objects, extra limbs, blurry, out of focus, noise, oversaturated, posterized, artifacts, jpeg artifacts"
9588,truck,pickup truck,utility truck,a forest clearing,high angle,backlit rim light,clean,a detailed photograph,"a detailed photograph of a pickup truck utility truck in a forest clearing, high angle, backlit rim light. single main subject, photorealistic color photo, natural colors, realistic texture, sharp focus on subject, no people, no text, no watermark, no logo, no border, no collage, no CGI, no illustration.","text, watermark, logo, caption, signature, border, frame, collage, multiple panels, cartoon, illustration, CGI, 3d render, low-poly, painting, anime, surreal, deformed, duplicate objects, extra limbs, blurry, out of focus, noise, oversaturated, posterized, artifacts, jpeg artifacts"
9684,truck,utility truck,semi truck,a sandy beach,high angle,overcast daylight,clean,a finely detailed photo,"a finely detailed photo of a utility truck semi truck in a sandy beach, high angle, overcast daylight. single main subject, photorealistic color photo, natural colors, realistic texture, sharp focus on subject, no people, no text, no watermark, no logo, no border, no collage, no CGI, no illustration.","text, watermark, logo, caption, signature, border, frame, collage, multiple panels, cartoon, illustration, CGI, 3d render, low-poly, painting, anime, surreal, deformed, duplicate objects, extra limbs, blurry, out of focus, noise, oversaturated, posterized, artifacts, jpeg artifacts"
9295,truck,delivery truck,pickup truck,a backyard,low angle,sunny afternoon,clean,a professional photo,"a professional photo of a delivery truck pickup truck in a backyard, low angle, sunny afternoon. single main subject, photorealistic color photo, natural colors, realistic texture, sharp focus on subject, no people, no text, no watermark, no logo, no border, no collage, no CGI, no illustration.","text, watermark, logo, caption, signature, border, frame, collage, multiple panels, cartoon, illustration, CGI, 3d render, low-poly, painting, anime, surreal, deformed, duplicate objects, extra limbs, blurry, out of focus, noise, oversaturated, posterized, artifacts, jpeg artifacts"
9685,truck,semi truck,utility truck,an industrial yard,slightly off-center framing,sunny afternoon,clean,a detailed photograph,"a detailed photograph of a semi truck utility truck in an industrial yard, slightly off-center framing, sunny afternoon. single main subject, photorealistic color photo, natural colors, realistic texture, sharp focus on subject, no people, no text, no watermark, no logo, no border, no collage, no CGI, no illustration.","text, watermark, logo, caption, signature, border, frame, collage, multiple panels, cartoon, illustration, CGI, 3d render, low-poly, painting, anime, surreal, deformed, duplicate objects, extra limbs, blurry, out of focus, noise, oversaturated, posterized, artifacts, jpeg artifacts"
9438,truck,box truck,semi truck,a city park,side profile,nighttime under streetlights,clean,a detailed photograph,"a detailed photograph of a box truck semi truck in a city park, side profile, nighttime under streetlights. single main subject, photorealistic color photo, natural colors, realistic texture, sharp focus on subject, no people, no text, no watermark, no logo, no border, no collage, no CGI, no illustration.","text, watermark, logo, caption, signature, border, frame, collage, multiple panels, cartoon, illustration, CGI, 3d render, low-poly, painting, anime, surreal, deformed, duplicate objects, extra limbs, blurry, out of focus, noise, oversaturated, posterized, artifacts, jpeg artifacts"
9753,truck,pickup truck,delivery truck,an industrial yard,low angle,golden hour,clean,a professional photo,"a professional photo of a pickup truck delivery truck in an industrial yard, low angle, golden hour. single main subject, photorealistic color photo, natural colors, realistic texture, sharp focus on subject, no people, no text, no watermark, no logo, no border, no collage, no CGI, no illustration.","text, watermark, logo, caption, signature, border, frame, collage, multiple panels, cartoon, illustration, CGI, 3d render, low-poly, painting, anime, surreal, deformed, duplicate objects, extra limbs, blurry, out of focus, noise, oversaturated, posterized, artifacts, jpeg artifacts"
9196,truck,delivery truck,delivery truck,a countryside road,side profile,overcast daylight,clean,a photorealistic color photo,"a photorealistic color photo of a delivery truck delivery truck in a countryside road, side profile, overcast daylight. single main subject, photorealistic color photo, natural colors, realistic texture, sharp focus on subject, no people, no text, no watermark, no logo, no border, no collage, no CGI, no illustration.","text, watermark, logo, caption, signature, border, frame, collage, multiple panels, cartoon, illustration, CGI, 3d render, low-poly, painting, anime, surreal, deformed, duplicate objects, extra limbs, blurry, out of focus, noise, oversaturated, posterized, artifacts, jpeg artifacts"
9310,truck,pickup truck,pickup truck,a suburban neighborhood,front view,backlit rim light,clean,a high-quality image,"a high-quality image of a pickup truck pickup truck in a suburban neighborhood, front view, backlit rim light. single main subject, photorealistic color photo, natural colors, realistic texture, sharp focus on subject, no people, no text, no watermark, no logo, no border, no collage, no CGI, no illustration.","text, watermark, logo, caption, signature, border, frame, collage, multiple panels, cartoon, illustration, CGI, 3d render, low-poly, painting, anime, surreal, deformed, duplicate objects, extra limbs, blurry, out of focus, noise, oversaturated, posterized, artifacts, jpeg artifacts"
9664,truck,utility truck,box truck,a city park,wide shot,golden hour,clean,a professional photo,"a professional photo of a utility truck box truck in a city park, wide shot, golden hour. single main subject, photorealistic color photo, natural colors, realistic texture, sharp focus on subject, no people, no text, no watermark, no logo, no border, no collage, no CGI, no illustration.","text, watermark, logo, caption, signature, border, frame, collage, multiple panels, cartoon, illustration, CGI, 3d render, low-poly, painting, anime, surreal, deformed, duplicate objects, extra limbs, blurry, out of focus, noise, oversaturated, posterized, artifacts, jpeg artifacts"
9257,truck,utility truck,semi truck,a grassy field,wide shot,overcast daylight,clean,a high-quality image,"a high-quality image of a utility truck semi truck in a grassy field, wide shot, overcast daylight. single main subject, photorealistic color photo, natural colors, realistic texture, sharp focus on subject, no people, no text, no watermark, no logo, no border, no collage, no CGI, no illustration.","text, watermark, logo, caption, signature, border, frame, collage, multiple panels, cartoon, illustration, CGI, 3d render, low-poly, painting, anime, surreal, deformed, duplicate objects, extra limbs, blurry, out of focus, noise, oversaturated, posterized, artifacts, jpeg artifacts"
9054,truck,delivery truck,utility truck,a wet roadway after rain,side profile,foggy morning,clean,an ultra-realistic rendering,"an ultra-realistic rendering of a delivery truck utility truck in a wet roadway after rain, side profile, foggy morning. single main subject, photorealistic color photo, natural colors, realistic texture, sharp focus on subject, no people, no text, no watermark, no logo, no border, no collage, no CGI, no illustration.","text, watermark, logo, caption, signature, border, frame, collage, multiple panels, cartoon, illustration, CGI, 3d render, low-poly, painting, anime, surreal, deformed, duplicate objects, extra limbs, blurry, out of focus, noise, oversaturated, posterized, artifacts, jpeg artifacts"
9466,truck,utility truck,delivery truck,a grassy field,front view,overcast daylight,clean,a high-quality image,"a high-quality image of a utility truck delivery truck in a grassy field, front view, overcast daylight. single main subject, photorealistic color photo, natural colors, realistic texture, sharp focus on subject, no people, no text, no watermark, no logo, no border, no collage, no CGI, no illustration.","text, watermark, logo, caption, signature, border, frame, collage, multiple panels, cartoon, illustration, CGI, 3d render, low-poly, painting, anime, surreal, deformed, duplicate objects, extra limbs, blurry, out of focus, noise, oversaturated, posterized, artifacts, jpeg artifacts"
9899,truck,box truck,semi truck,a quiet residential street,front view,rainy with wet reflections,hard,a high-quality image,"a high-quality image of a box truck semi truck in a quiet residential street, front view, rainy with wet reflections. slight motion blur. single main subject, photorealistic color photo, natural colors, realistic texture, sharp focus on subject, no people, no text, no watermark, no logo, no border, no collage, no CGI, no illustration.","text, watermark, logo, caption, signature, border, frame, collage, multiple panels, cartoon, illustration, CGI, 3d render, low-poly, painting, anime, surreal, deformed, duplicate objects, extra limbs, blurry, out of focus, noise, oversaturated, posterized, artifacts, jpeg artifacts"
9002,truck,box truck,utility truck,a forest clearing,low angle,overcast daylight,clean,a photorealistic color photo,"a photorealistic color photo of a box truck utility truck in a forest clearing, low angle, overcast daylight. single main subject, photorealistic color photo, natural colors, realistic texture, sharp focus on subject, no people, no text, no watermark, no logo, no border, no collage, no CGI, no illustration.","text, watermark, logo, caption, signature, border, frame, collage, multiple panels, cartoon, illustration, CGI, 3d render, low-poly, painting, anime, surreal, deformed, duplicate objects, extra limbs, blurry, out of focus, noise, oversaturated, posterized, artifacts, jpeg artifacts"
9029,truck,dump truck,dump truck,a wet roadway after rain,side profile,foggy morning,clean,a detailed photograph,"a detailed photograph of a dump truck dump truck in a wet roadway after rain, side profile, foggy morning. single main subject, photorealistic color photo, natural colors, realistic texture, sharp focus on subject, no people, no text, no watermark, no logo, no border, no collage, no CGI, no illustration.","text, watermark, logo, caption, signature, border, frame, collage, multiple panels, cartoon, illustration, CGI, 3d render, low-poly, painting, anime, surreal, deformed, duplicate objects, extra limbs, blurry, out of focus, noise, oversaturated, posterized, artifacts, jpeg artifacts"
9619,truck,semi truck,semi truck,a grassy field,3/4 view,indoor soft window light,clean,an ultra-realistic rendering,"an ultra-realistic rendering of a semi truck semi truck in a grassy field, 3/4 view, indoor soft window light. single main subject, photorealistic color photo, natural colors, realistic texture, sharp focus on subject, no people, no text, no watermark, no logo, no border, no collage, no CGI, no illustration.","text, watermark, logo, caption, signature, border, frame, collage, multiple panels, cartoon, illustration, CGI, 3d render, low-poly, painting, anime, surreal, deformed, duplicate objects, extra limbs, blurry, out of focus, noise, oversaturated, posterized, artifacts, jpeg artifacts"
9281,truck,box truck,semi truck,a forest clearing,wide shot,backlit rim light,clean,a finely detailed photo,"a finely detailed photo of a box truck semi truck in a forest clearing, wide shot, backlit rim light. single main subject, photorealistic color photo, natural colors, realistic texture, sharp focus on subject, no people, no text, no watermark, no logo, no border, no collage, no CGI, no illustration.","text, watermark, logo, caption, signature, border, frame, collage, multiple panels, cartoon, illustration, CGI, 3d render, low-poly, painting, anime, surreal, deformed, duplicate objects, extra limbs, blurry, out of focus, noise, oversaturated, posterized, artifacts, jpeg artifacts"
9894,truck,dump truck,pickup truck,a forest clearing,close-up,overcast daylight,hard,a professional photo,"a professional photo of a dump truck pickup truck in a forest clearing, close-up, overcast daylight. in the distance. single main subject, photorealistic color photo, natural colors, realistic texture, sharp focus on subject, no people, no text, no watermark, no logo, no border, no collage, no CGI, no illustration.","text, watermark, logo, caption, signature, border, frame, collage, multiple panels, cartoon, illustration, CGI, 3d render, low-poly, painting, anime, surreal, deformed, duplicate objects, extra limbs, blurry, out of focus, noise, oversaturated, posterized, artifacts, jpeg artifacts"
9352,truck,utility truck,dump truck,a parking lot,front view,nighttime under streetlights,clean,an ultra-realistic rendering,"an ultra-realistic rendering of a utility truck dump truck in a parking lot, front view, nighttime under streetlights. single main subject, photorealistic color photo, natural colors, realistic texture, sharp focus on subject, no people, no text, no watermark, no logo, no border, no collage, no CGI, no illustration.","text, watermark, logo, caption, signature, border, frame, collage, multiple panels, cartoon, illustration, CGI, 3d render, low-poly, painting, anime, surreal, deformed, duplicate objects, extra limbs, blurry, out of focus, noise, oversaturated, posterized, artifacts, jpeg artifacts"
9266,truck,pickup truck,delivery truck,a suburban neighborhood,wide shot,sunny afternoon,clean,an ultra-realistic rendering,"an ultra-realistic rendering of a pickup truck delivery truck in a suburban neighborhood, wide shot, sunny afternoon. single main subject, photorealistic color photo, natural colors, realistic texture, sharp focus on subject, no people, no text, no watermark, no logo, no border, no collage, no CGI, no illustration.","text, watermark, logo, caption, signature, border, frame, collage, multiple panels, cartoon, illustration, CGI, 3d render, low-poly, painting, anime, surreal, deformed, duplicate objects, extra limbs, blurry, out of focus, noise, oversaturated, posterized, artifacts, jpeg artifacts"
9560,truck,dump truck,dump truck,a forest clearing,side profile,golden hour,clean,a detailed photograph,"a detailed photograph of a dump truck dump truck in a forest clearing, side profile, golden hour. single main subject, photorealistic color photo, natural colors, realistic texture, sharp focus on subject, no people, no text, no watermark, no logo, no border, no collage, no CGI, no illustration.","text, watermark, logo, caption, signature, border, frame, collage, multiple panels, cartoon, illustration, CGI, 3d render, low-poly, painting, anime, surreal, deformed, duplicate objects, extra limbs, blurry, out of focus, noise, oversaturated, posterized, artifacts, jpeg artifacts"
9229,truck,utility truck,delivery truck,a sandy beach,slightly off-center framing,backlit rim light,clean,a photorealistic color photo,"a photorealistic color photo of a utility truck delivery truck in a sandy beach, slightly off-center framing, backlit rim light. single main subject, photorealistic color photo, natural colors, realistic texture, sharp focus on subject, no people, no text, no watermark, no logo, no border, no collage, no CGI, no illustration.","text, watermark, logo, caption, signature, border, frame, collage, multiple panels, cartoon, illustration, CGI, 3d render, low-poly, painting, anime, surreal, deformed, duplicate objects, extra limbs, blurry, out of focus, noise, oversaturated, posterized, artifacts, jpeg artifacts"
9535,truck,dump truck,pickup truck,a gravel lot,3/4 view,golden hour,clean,a photorealistic color photo,"a photorealistic color photo of a dump truck pickup truck in a gravel lot, 3/4 view, golden hour. single main subject, photorealistic color photo, natural colors, realistic texture, sharp focus on subject, no people, no text, no watermark, no logo, no border, no collage, no CGI, no illustration.","text, watermark, logo, caption, signature, border, frame, collage, multiple panels, cartoon, illustration, CGI, 3d render, low-poly, painting, anime, surreal, deformed, duplicate objects, extra limbs, blurry, out of focus, noise, oversaturated, posterized, artifacts, jpeg artifacts"
9333,truck,box truck,semi truck,a sandy beach,slightly off-center framing,rainy with wet reflections,clean,a professional photo,"a professional photo of a box truck semi truck in a sandy beach, slightly off-center framing, rainy with wet reflections. single main subject, photorealistic color photo, natural colors, realistic texture, sharp focus on subject, no people, no text, no watermark, no logo, no border, no collage, no CGI, no illustration.","text, watermark, logo, caption, signature, border, frame, collage, multiple panels, cartoon, illustration, CGI, 3d render, low-poly, painting, anime, surreal, deformed, duplicate objects, extra limbs, blurry, out of focus, noise, oversaturated, posterized, artifacts, jpeg artifacts"
9869,truck,semi truck,delivery truck,a suburban neighborhood,low angle,indoor soft window light,hard,a professional photo,"a professional photo of a semi truck delivery truck in a suburban neighborhood, low angle, indoor soft window light. cropped slightly. single main subject, photorealistic color photo, natural colors, realistic texture, sharp focus on subject, no people, no text, no watermark, no logo, no border, no collage, no CGI, no illustration.","text, watermark, logo, caption, signature, border, frame, collage, multiple panels, cartoon, illustration, CGI, 3d render, low-poly, painting, anime, surreal, deformed, duplicate objects, extra limbs, blurry, out of focus, noise, oversaturated, posterized, artifacts, jpeg artifacts"
9804,truck,dump truck,pickup truck,a forest clearing,slightly off-center framing,golden hour,hard,a photorealistic color photo,"a photorealistic color photo of a dump truck pickup truck in a forest clearing, slightly off-center framing, golden hour. cropped slightly. single main subject, photorealistic color photo, natural colors, realistic texture, sharp focus on subject, no people, no text, no watermark, no logo, no border, no collage, no CGI, no illustration.","text, watermark, logo, caption, signature, border, frame, collage, multiple panels, cartoon, illustration, CGI, 3d render, low-poly, painting, anime, surreal, deformed, duplicate objects, extra limbs, blurry, out of focus, noise, oversaturated, posterized, artifacts, jpeg artifacts"
9755,truck,dump truck,semi truck,a grassy field,low angle,backlit rim light,clean,an ultra-realistic rendering,"an ultra-realistic rendering of a dump truck semi truck in a grassy field, low angle, backlit rim light. single main subject, photorealistic color photo, natural colors, realistic texture, sharp focus on subject, no people, no text, no watermark, no logo, no border, no collage, no CGI, no illustration.","text, watermark, logo, caption, signature, border, frame, collage, multiple panels, cartoon, illustration, CGI, 3d render, low-poly, painting, anime, surreal, deformed, duplicate objects, extra limbs, blurry, out of focus, noise, oversaturated, posterized, artifacts, jpeg artifacts"
9930,truck,box truck,pickup truck,a city park,side profile,rainy with wet reflections,hard,a finely detailed photo,"a finely detailed photo of a box truck pickup truck in a city park, side profile, rainy with wet reflections. in the distance. single main subject, photorealistic color photo, natural colors, realistic texture, sharp focus on subject, no people, no text, no watermark, no logo, no border, no collage, no CGI, no illustration.","text, watermark, logo, caption, signature, border, frame, collage, multiple panels, cartoon, illustration, CGI, 3d render, low-poly, painting, anime, surreal, deformed, duplicate objects, extra limbs, blurry, out of focus, noise, oversaturated, posterized, artifacts, jpeg artifacts"
9378,truck,utility truck,box truck,a sandy beach,low angle,backlit rim light,clean,an ultra-realistic rendering,"an ultra-realistic rendering of a utility truck box truck in a sandy beach, low angle, backlit rim light. single main subject, photorealistic color photo, natural colors, realistic texture, sharp focus on subject, no people, no text, no watermark, no logo, no border, no collage, no CGI, no illustration.","text, watermark, logo, caption, signature, border, frame, collage, multiple panels, cartoon, illustration, CGI, 3d render, low-poly, painting, anime, surreal, deformed, duplicate objects, extra limbs, blurry, out of focus, noise, oversaturated, posterized, artifacts, jpeg artifacts"
9779,truck,utility truck,dump truck,a wet roadway after rain,slightly off-center framing,indoor soft window light,clean,a detailed photograph,"a detailed photograph of a utility truck dump truck in a wet roadway after rain, slightly off-center framing, indoor soft window light. single main subject, photorealistic color photo, natural colors, realistic texture, sharp focus on subject, no people, no text, no watermark, no logo, no border, no collage, no CGI, no illustration.","text, watermark, logo, caption, signature, border, frame, collage, multiple panels, cartoon, illustration, CGI, 3d render, low-poly, painting, anime, surreal, deformed, duplicate objects, extra limbs, blurry, out of focus, noise, oversaturated, posterized, artifacts, jpeg artifacts"
9403,truck,dump truck,delivery truck,a countryside road,low angle,nighttime under streetlights,clean,a finely detailed photo,"a finely detailed photo of a dump truck delivery truck in a countryside road, low angle, nighttime under streetlights. single main subject, photorealistic color photo, natural colors, realistic texture, sharp focus on subject, no people, no text, no watermark, no logo, no border, no collage, no CGI, no illustration.","text, watermark, logo, caption, signature, border, frame, collage, multiple panels, cartoon, illustration, CGI, 3d render, low-poly, painting, anime, surreal, deformed, duplicate objects, extra limbs, blurry, out of focus, noise, oversaturated, posterized, artifacts, jpeg artifacts"
9080,truck,utility truck,dump truck,a city park,side profile,overcast daylight,clean,a finely detailed photo,"a finely detailed photo of a utility truck dump truck in a city park, side profile, overcast daylight. single main subject, photorealistic color photo, natural colors, realistic texture, sharp focus on subject, no people, no text, no watermark, no logo, no border, no collage, no CGI, no illustration.","text, watermark, logo, caption, signature, border, frame, collage, multiple panels, cartoon, illustration, CGI, 3d render, low-poly, painting, anime, surreal, deformed, duplicate objects, extra limbs, blurry, out of focus, noise, oversaturated, posterized, artifacts, jpeg artifacts"
9264,truck,utility truck,utility truck,an urban street,low angle,overcast daylight,clean,an ultra-realistic rendering,"an ultra-realistic rendering of a utility truck utility truck in an urban street, low angle, overcast daylight. single main subject, photorealistic color photo, natural colors, realistic texture, sharp focus on subject, no people, no text, no watermark, no logo, no border, no collage, no CGI, no illustration.","text, watermark, logo, caption, signature, border, frame, collage, multiple panels, cartoon, illustration, CGI, 3d render, low-poly, painting, anime, surreal, deformed, duplicate objects, extra limbs, blurry, out of focus, noise, oversaturated, posterized, artifacts, jpeg artifacts"
9082,truck,box truck,box truck,an industrial yard,low angle,rainy with wet reflections,clean,a finely detailed photo,"a finely detailed photo of a box truck box truck in an industrial yard, low angle, rainy with wet reflections. single main subject, photorealistic color photo, natural colors, realistic texture, sharp focus on subject, no people, no text, no watermark, no logo, no border, no collage, no CGI, no illustration.","text, watermark, logo, caption, signature, border, frame, collage, multiple panels, cartoon, illustration, CGI, 3d render, low-poly, painting, anime, surreal, deformed, duplicate objects, extra limbs, blurry, out of focus, noise, oversaturated, posterized, artifacts, jpeg artifacts"
9552,truck,semi truck,semi truck,a quiet residential street,3/4 view,nighttime under streetlights,clean,a detailed photograph,"a detailed photograph of a semi truck semi truck in a quiet residential street, 3/4 view, nighttime under streetlights. single main subject, photorealistic color photo, natural colors, realistic texture, sharp focus on subject, no people, no text, no watermark, no logo, no border, no collage, no CGI, no illustration.","text, watermark, logo, caption, signature, border, frame, collage, multiple panels, cartoon, illustration, CGI, 3d render, low-poly, painting, anime, surreal, deformed, duplicate objects, extra limbs, blurry, out of focus, noise, oversaturated, posterized, artifacts, jpeg artifacts"
9724,truck,pickup truck,utility truck,a lakeside shore,high angle,foggy morning,clean,an ultra-realistic rendering,"an ultra-realistic rendering of a pickup truck utility truck in a lakeside shore, high angle, foggy morning. single main subject, photorealistic color photo, natural colors, realistic texture, sharp focus on subject, no people, no text, no watermark, no logo, no border, no collage, no CGI, no illustration.","text, watermark, logo, caption, signature, border, frame, collage, multiple panels, cartoon, illustration, CGI, 3d render, low-poly, painting, anime, surreal, deformed, duplicate objects, extra limbs, blurry, out of focus, noise, oversaturated, posterized, artifacts, jpeg artifacts"
9391,truck,pickup truck,delivery truck,a gravel lot,wide shot,sunny afternoon,clean,a detailed photograph,"a detailed photograph of a pickup truck delivery truck in a gravel lot, wide shot, sunny afternoon. single main subject, photorealistic color photo, natural colors, realistic texture, sharp focus on subject, no people, no text, no watermark, no logo, no border, no collage, no CGI, no illustration.","text, watermark, logo, caption, signature, border, frame, collage, multiple panels, cartoon, illustration, CGI, 3d render, low-poly, painting, anime, surreal, deformed, duplicate objects, extra limbs, blurry, out of focus, noise, oversaturated, posterized, artifacts, jpeg artifacts"
9731,truck,utility truck,delivery truck,a grassy field,3/4 view,golden hour,clean,a professional photo,"a professional photo of a utility truck delivery truck in a grassy field, 3/4 view, golden hour. single main subject, photorealistic color photo, natural colors, realistic texture, sharp focus on subject, no people, no text, no watermark, no logo, no border, no collage, no CGI, no illustration.","text, watermark, logo, caption, signature, border, frame, collage, multiple panels, cartoon, illustration, CGI, 3d render, low-poly, painting, anime, surreal, deformed, duplicate objects, extra limbs, blurry, out of focus, noise, oversaturated, posterized, artifacts, jpeg artifacts"
9324,truck,semi truck,semi truck,a countryside road,low angle,sunny afternoon,clean,a professional photo,"a professional photo of a semi truck semi truck in a countryside road, low angle, sunny afternoon. single main subject, photorealistic color photo, natural colors, realistic texture, sharp focus on subject, no people, no text, no watermark, no logo, no border, no collage, no CGI, no illustration.","text, watermark, logo, caption, signature, border, frame, collage, multiple panels, cartoon, illustration, CGI, 3d render, low-poly, painting, anime, surreal, deformed, duplicate objects, extra limbs, blurry, out of focus, noise, oversaturated, posterized, artifacts, jpeg artifacts"
9679,truck,utility truck,delivery truck,a gravel lot,slightly off-center framing,backlit rim light,clean,an ultra-realistic rendering,"an ultra-realistic rendering of a utility truck delivery truck in a gravel lot, slightly off-center framing, backlit rim light. single main subject, photorealistic color photo, natural colors, realistic texture, sharp focus on subject, no people, no text, no watermark, no logo, no border, no collage, no CGI, no illustration.","text, watermark, logo, caption, signature, border, frame, collage, multiple panels, cartoon, illustration, CGI, 3d render, low-poly, painting, anime, surreal, deformed, duplicate objects, extra limbs, blurry, out of focus, noise, oversaturated, posterized, artifacts, jpeg artifacts"
9634,truck,box truck,semi truck,an urban street,low angle,nighttime under streetlights,clean,a detailed photograph,"a detailed photograph of a box truck semi truck in an urban street, low angle, nighttime under streetlights. single main subject, photorealistic color photo, natural colors, realistic texture, sharp focus on subject, no people, no text, no watermark, no logo, no border, no collage, no CGI, no illustration.","text, watermark, logo, caption, signature, border, frame, collage, multiple panels, cartoon, illustration, CGI, 3d render, low-poly, painting, anime, surreal, deformed, duplicate objects, extra limbs, blurry, out of focus, noise, oversaturated, posterized, artifacts, jpeg artifacts"
9222,truck,semi truck,box truck,a grassy field,low angle,backlit rim light,clean,a detailed photograph,"a detailed photograph of a semi truck box truck in a grassy field, low angle, backlit rim light. single main subject, photorealistic color photo, natural colors, realistic texture, sharp focus on subject, no people, no text, no watermark, no logo, no border, no collage, no CGI, no illustration.","text, watermark, logo, caption, signature, border, frame, collage, multiple panels, cartoon, illustration, CGI, 3d render, low-poly, painting, anime, surreal, deformed, duplicate objects, extra limbs, blurry, out of focus, noise, oversaturated, posterized, artifacts, jpeg artifacts"
9144,truck,utility truck,pickup truck,a quiet residential street,wide shot,foggy morning,clean,a photorealistic color photo,"a photorealistic color photo of a utility truck pickup truck in a quiet residential street, wide shot, foggy morning. single main subject, photorealistic color photo, natural colors, realistic texture, sharp focus on subject, no people, no text, no watermark, no logo, no border, no collage, no CGI, no illustration.","text, watermark, logo, caption, signature, border, frame, collage, multiple panels, cartoon, illustration, CGI, 3d render, low-poly, painting, anime, surreal, deformed, duplicate objects, extra limbs, blurry, out of focus, noise, oversaturated, posterized, artifacts, jpeg artifacts"
9829,truck,delivery truck,box truck,a sandy beach,cropped at the edge of the frame,overcast daylight,hard,a finely detailed photo,"a finely detailed photo of a delivery truck box truck in a sandy beach, cropped at the edge of the frame, overcast daylight. partially occluded by a foreground object. single main subject, photorealistic color photo, natural colors, realistic texture, sharp focus on subject, no people, no text, no watermark, no logo, no border, no collage, no CGI, no illustration.","text, watermark, logo, caption, signature, border, frame, collage, multiple panels, cartoon, illustration, CGI, 3d render, low-poly, painting, anime, surreal, deformed, duplicate objects, extra limbs, blurry, out of focus, noise, oversaturated, posterized, artifacts, jpeg artifacts"
9570,truck,dump truck,pickup truck,a gravel lot,low angle,indoor soft window light,clean,a professional photo,"a professional photo of a dump truck pickup truck in a gravel lot, low angle, indoor soft window light. single main subject, photorealistic color photo, natural colors, realistic texture, sharp focus on subject, no people, no text, no watermark, no logo, no border, no collage, no CGI, no illustration.","text, watermark, logo, caption, signature, border, frame, collage, multiple panels, cartoon, illustration, CGI, 3d render, low-poly, painting, anime, surreal, deformed, duplicate objects, extra limbs, blurry, out of focus, noise, oversaturated, posterized, artifacts, jpeg artifacts"
9179,truck,dump truck,dump truck,a wet roadway after rain,front view,golden hour,clean,an ultra-realistic rendering,"an ultra-realistic rendering of a dump truck dump truck in a wet roadway after rain, front view, golden hour. single main subject, photorealistic color photo, natural colors, realistic texture, sharp focus on subject, no people, no text, no watermark, no logo, no border, no collage, no CGI, no illustration.","text, watermark, logo, caption, signature, border, frame, collage, multiple panels, cartoon, illustration, CGI, 3d render, low-poly, painting, anime, surreal, deformed, duplicate objects, extra limbs, blurry, out of focus, noise, oversaturated, posterized, artifacts, jpeg artifacts"
9988,truck,pickup truck,dump truck,a suburban neighborhood,high angle,backlit rim light,hard,a detailed photograph,"a detailed photograph of a pickup truck dump truck in a suburban neighborhood, high angle, backlit rim light. slight motion blur. single main subject, photorealistic color photo, natural colors, realistic texture, sharp focus on subject, no people, no text, no watermark, no logo, no border, no collage, no CGI, no illustration.","text, watermark, logo, caption, signature, border, frame, collage, multiple panels, cartoon, illustration, CGI, 3d render, low-poly, painting, anime, surreal, deformed, duplicate objects, extra limbs, blurry, out of focus, noise, oversaturated, posterized, artifacts, jpeg artifacts"
9794,truck,pickup truck,pickup truck,a wet roadway after rain,slightly off-center framing,backlit rim light,clean,a finely detailed photo,"a finely detailed photo of a pickup truck pickup truck in a wet roadway after rain, slightly off-center framing, backlit rim light. single main subject, photorealistic color photo, natural colors, realistic texture, sharp focus on subject, no people, no text, no watermark, no logo, no border, no collage, no CGI, no illustration.","text, watermark, logo, caption, signature, border, frame, collage, multiple panels, cartoon, illustration, CGI, 3d render, low-poly, painting, anime, surreal, deformed, duplicate objects, extra limbs, blurry, out of focus, noise, oversaturated, posterized, artifacts, jpeg artifacts"
9732,truck,utility truck,delivery truck,a wet roadway after rain,close-up,sunny afternoon,clean,an ultra-realistic rendering,"an ultra-realistic rendering of a utility truck delivery truck in a wet roadway after rain, close-up, sunny afternoon. single main subject, photorealistic color photo, natural colors, realistic texture, sharp focus on subject, no people, no text, no watermark, no logo, no border, no collage, no CGI, no illustration.","text, watermark, logo, caption, signature, border, frame, collage, multiple panels, cartoon, illustration, CGI, 3d render, low-poly, painting, anime, surreal, deformed, duplicate objects, extra limbs, blurry, out of focus, noise, oversaturated, posterized, artifacts, jpeg artifacts"
9307,truck,dump truck,dump truck,a quiet residential street,low angle,nighttime under streetlights,clean,an ultra-realistic rendering,"an ultra-realistic rendering of a dump truck dump truck in a quiet residential street, low angle, nighttime under streetlights. single main subject, photorealistic color photo, natural colors, realistic texture, sharp focus on subject, no people, no text, no watermark, no logo, no border, no collage, no CGI, no illustration.","text, watermark, logo, caption, signature, border, frame, collage, multiple panels, cartoon, illustration, CGI, 3d render, low-poly, painting, anime, surreal, deformed, duplicate objects, extra limbs, blurry, out of focus, noise, oversaturated, posterized, artifacts, jpeg artifacts"
9314,truck,utility truck,box truck,a gravel lot,side profile,nighttime under streetlights,clean,a detailed photograph,"a detailed photograph of a utility truck box truck in a gravel lot, side profile, nighttime under streetlights. single main subject, photorealistic color photo, natural colors, realistic texture, sharp focus on subject, no people, no text, no watermark, no logo, no border, no collage, no CGI, no illustration.","text, watermark, logo, caption, signature, border, frame, collage, multiple panels, cartoon, illustration, CGI, 3d render, low-poly, painting, anime, surreal, deformed, duplicate objects, extra limbs, blurry, out of focus, noise, oversaturated, posterized, artifacts, jpeg artifacts"
9300,truck,delivery truck,pickup truck,a gravel lot,high angle,backlit rim light,clean,a detailed photograph,"a detailed photograph of a delivery truck pickup truck in a gravel lot, high angle, backlit rim light. single main subject, photorealistic color photo, natural colors, realistic texture, sharp focus on subject, no people, no text, no watermark, no logo, no border, no collage, no CGI, no illustration.","text, watermark, logo, caption, signature, border, frame, collage, multiple panels, cartoon, illustration, CGI, 3d render, low-poly, painting, anime, surreal, deformed, duplicate objects, extra limbs, blurry, out of focus, noise, oversaturated, posterized, artifacts, jpeg artifacts"
9583,truck,dump truck,semi truck,an urban street,high angle,golden hour,clean,a photorealistic color photo,"a photorealistic color photo of a dump truck semi truck in an urban street, high angle, golden hour. single main subject, photorealistic color photo, natural colors, realistic texture, sharp focus on subject, no people, no text, no watermark, no logo, no border, no collage, no CGI, no illustration.","text, watermark, logo, caption, signature, border, frame, collage, multiple panels, cartoon, illustration, CGI, 3d render, low-poly, painting, anime, surreal, deformed, duplicate objects, extra limbs, blurry, out of focus, noise, oversaturated, posterized, artifacts, jpeg artifacts"
9581,truck,utility truck,pickup truck,a wet roadway after rain,front view,indoor soft window light,clean,a professional photo,"a professional photo of a utility truck pickup truck in a wet roadway after rain, front view, indoor soft window light. single main subject, photorealistic color photo, natural colors, realistic texture, sharp focus on subject, no people, no text, no watermark, no logo, no border, no collage, no CGI, no illustration.","text, watermark, logo, caption, signature, border, frame, collage, multiple panels, cartoon, illustration, CGI, 3d render, low-poly, painting, anime, surreal, deformed, duplicate objects, extra limbs, blurry, out of focus, noise, oversaturated, posterized, artifacts, jpeg artifacts"
9716,truck,delivery truck,pickup truck,a lakeside shore,wide shot,foggy morning,clean,a photorealistic color photo,"a photorealistic color photo of a delivery truck pickup truck in a lakeside shore, wide shot, foggy morning. single main subject, photorealistic color photo, natural colors, realistic texture, sharp focus on subject, no people, no text, no watermark, no logo, no border, no collage, no CGI, no illustration.","text, watermark, logo, caption, signature, border, frame, collage, multiple panels, cartoon, illustration, CGI, 3d render, low-poly, painting, anime, surreal, deformed, duplicate objects, extra limbs, blurry, out of focus, noise, oversaturated, posterized, artifacts, jpeg artifacts"
9496,truck,semi truck,semi truck,a backyard,wide shot,rainy with wet reflections,clean,a finely detailed photo,"a finely detailed photo of a semi truck semi truck in a backyard, wide shot, rainy with wet reflections. single main subject, photorealistic color photo, natural colors, realistic texture, sharp focus on subject, no people, no text, no watermark, no logo, no border, no collage, no CGI, no illustration.","text, watermark, logo, caption, signature, border, frame, collage, multiple panels, cartoon, illustration, CGI, 3d render, low-poly, painting, anime, surreal, deformed, duplicate objects, extra limbs, blurry, out of focus, noise, oversaturated, posterized, artifacts, jpeg artifacts"
9522,truck,box truck,delivery truck,an urban street,front view,indoor soft window light,clean,a high-quality image,"a high-quality image of a box truck delivery truck in an urban street, front view, indoor soft window light. single main subject, photorealistic color photo, natural colors, realistic texture, sharp focus on subject, no people, no text, no watermark, no logo, no border, no collage, no CGI, no illustration.","text, watermark, logo, caption, signature, border, frame, collage, multiple panels, cartoon, illustration, CGI, 3d render, low-poly, painting, anime, surreal, deformed, duplicate objects, extra limbs, blurry, out of focus, noise, oversaturated, posterized, artifacts, jpeg artifacts"
9806,truck,box truck,pickup truck,a sandy beach,close-up,overcast daylight,hard,an ultra-realistic rendering,"an ultra-realistic rendering of a box truck pickup truck in a sandy beach, close-up, overcast daylight. slight motion blur. single main subject, photorealistic color photo, natural colors, realistic texture, sharp focus on subject, no people, no text, no watermark, no logo, no border, no collage, no CGI, no illustration.","text, watermark, logo, caption, signature, border, frame, collage, multiple panels, cartoon, illustration, CGI, 3d render, low-poly, painting, anime, surreal, deformed, duplicate objects, extra limbs, blurry, out of focus, noise, oversaturated, posterized, artifacts, jpeg artifacts"
9927,truck,dump truck,dump truck,a suburban neighborhood,distant subject in the background,nighttime under streetlights,hard,a detailed photograph,"a detailed photograph of a dump truck dump truck in a suburban neighborhood, distant subject in the background, nighttime under streetlights. cropped slightly. single main subject, photorealistic color photo, natural colors, realistic texture, sharp focus on subject, no people, no text, no watermark, no logo, no border, no collage, no CGI, no illustration.","text, watermark, logo, caption, signature, border, frame, collage, multiple panels, cartoon, illustration, CGI, 3d render, low-poly, painting, anime, surreal, deformed, duplicate objects, extra limbs, blurry, out of focus, noise, oversaturated, posterized, artifacts, jpeg artifacts"
9220,truck,utility truck,box truck,a suburban neighborhood,high angle,rainy with wet reflections,clean,an ultra-realistic rendering,"an ultra-realistic rendering of a utility truck box truck in a suburban neighborhood, high angle, rainy with wet reflections. single main subject, photorealistic color photo, natural colors, realistic texture, sharp focus on subject, no people, no text, no watermark, no logo, no border, no collage, no CGI, no illustration.","text, watermark, logo, caption, signature, border, frame, collage, multiple panels, cartoon, illustration, CGI, 3d render, low-poly, painting, anime, surreal, deformed, duplicate objects, extra limbs, blurry, out of focus, noise, oversaturated, posterized, artifacts, jpeg artifacts"
9260,truck,semi truck,utility truck,a forest clearing,slightly off-center framing,indoor soft window light,clean,a high-quality image,"a high-quality image of a semi truck utility truck in a forest clearing, slightly off-center framing, indoor soft window light. single main subject, photorealistic color photo, natural colors, realistic texture, sharp focus on subject, no people, no text, no watermark, no logo, no border, no collage, no CGI, no illustration.","text, watermark, logo, caption, signature, border, frame, collage, multiple panels, cartoon, illustration, CGI, 3d render, low-poly, painting, anime, surreal, deformed, duplicate objects, extra limbs, blurry, out of focus, noise, oversaturated, posterized, artifacts, jpeg artifacts"
9616,truck,box truck,delivery truck,a wet roadway after rain,side profile,sunny afternoon,clean,a professional photo,"a professional photo of a box truck delivery truck in a wet roadway after rain, side profile, sunny afternoon. single main subject, photorealistic color photo, natural colors, realistic texture, sharp focus on subject, no people, no text, no watermark, no logo, no border, no collage, no CGI, no illustration.","text, watermark, logo, caption, signature, border, frame, collage, multiple panels, cartoon, illustration, CGI, 3d render, low-poly, painting, anime, surreal, deformed, duplicate objects, extra limbs, blurry, out of focus, noise, oversaturated, posterized, artifacts, jpeg artifacts"
9733,truck,box truck,semi truck,an industrial yard,low angle,backlit rim light,clean,a high-quality image,"a high-quality image of a box truck semi truck in an industrial yard, low angle, backlit rim light. single main subject, photorealistic color photo, natural colors, realistic texture, sharp focus on subject, no people, no text, no watermark, no logo, no border, no collage, no CGI, no illustration.","text, watermark, logo, caption, signature, border, frame, collage, multiple panels, cartoon, illustration, CGI, 3d render, low-poly, painting, anime, surreal, deformed, duplicate objects, extra limbs, blurry, out of focus, noise, oversaturated, posterized, artifacts, jpeg artifacts"
9336,truck,utility truck,semi truck,a gravel lot,high angle,backlit rim light,clean,an ultra-realistic rendering,"an ultra-realistic rendering of a utility truck semi truck in a gravel lot, high angle, backlit rim light. single main subject, photorealistic color photo, natural colors, realistic texture, sharp focus on subject, no people, no text, no watermark, no logo, no border, no collage, no CGI, no illustration.","text, watermark, logo, caption, signature, border, frame, collage, multiple panels, cartoon, illustration, CGI, 3d render, low-poly, painting, anime, surreal, deformed, duplicate objects, extra limbs, blurry, out of focus, noise, oversaturated, posterized, artifacts, jpeg artifacts"
9994,truck,pickup truck,box truck,a forest clearing,slightly off-center framing,overcast daylight,hard,a finely detailed photo,"a finely detailed photo of a pickup truck box truck in a forest clearing, slightly off-center framing, overcast daylight. cropped slightly. single main subject, photorealistic color photo, natural colors, realistic texture, sharp focus on subject, no people, no text, no watermark, no logo, no border, no collage, no CGI, no illustration.","text, watermark, logo, caption, signature, border, frame, collage, multiple panels, cartoon, illustration, CGI, 3d render, low-poly, painting, anime, surreal, deformed, duplicate objects, extra limbs, blurry, out of focus, noise, oversaturated, posterized, artifacts, jpeg artifacts"
9462,truck,box truck,semi truck,a city park,side profile,overcast daylight,clean,a high-quality image,"a high-quality image of a box truck semi truck in a city park, side profile, overcast daylight. single main subject, photorealistic color photo, natural colors, realistic texture, sharp focus on subject, no people, no text, no watermark, no logo, no border, no collage, no CGI, no illustration.","text, watermark, logo, caption, signature, border, frame, collage, multiple panels, cartoon, illustration, CGI, 3d render, low-poly, painting, anime, surreal, deformed, duplicate objects, extra limbs, blurry, out of focus, noise, oversaturated, posterized, artifacts, jpeg artifacts"
9631,truck,utility truck,utility truck,an industrial yard,front view,overcast daylight,clean,a finely detailed photo,"a finely detailed photo of a utility truck utility truck in an industrial yard, front view, overcast daylight. single main subject, photorealistic color photo, natural colors, realistic texture, sharp focus on subject, no people, no text, no watermark, no logo, no border, no collage, no CGI, no illustration.","text, watermark, logo, caption, signature, border, frame, collage, multiple panels, cartoon, illustration, CGI, 3d render, low-poly, painting, anime, surreal, deformed, duplicate objects, extra limbs, blurry, out of focus, noise, oversaturated, posterized, artifacts, jpeg artifacts"
9217,truck,semi truck,box truck,a lakeside shore,front view,backlit rim light,clean,a high-quality image,"a high-quality image of a semi truck box truck in a lakeside shore, front view, backlit rim light. single main subject, photorealistic color photo, natural colors, realistic texture, sharp focus on subject, no people, no text, no watermark, no logo, no border, no collage, no CGI, no illustration.","text, watermark, logo, caption, signature, border, frame, collage, multiple panels, cartoon, illustration, CGI, 3d render, low-poly, painting, anime, surreal, deformed, duplicate objects, extra limbs, blurry, out of focus, noise, oversaturated, posterized, artifacts, jpeg artifacts"
9918,truck,delivery truck,semi truck,an industrial yard,side profile,overcast daylight,hard,a high-quality image,"a high-quality image of a delivery truck semi truck in an industrial yard, side profile, overcast daylight. busy background but still one main subject. single main subject, photorealistic color photo, natural colors, realistic texture, sharp focus on subject, no people, no text, no watermark, no logo, no border, no collage, no CGI, no illustration.","text, watermark, logo, caption, signature, border, frame, collage, multiple panels, cartoon, illustration, CGI, 3d render, low-poly, painting, anime, surreal, deformed, duplicate objects, extra limbs, blurry, out of focus, noise, oversaturated, posterized, artifacts, jpeg artifacts"
9476,truck,semi truck,dump truck,a forest clearing,side profile,nighttime under streetlights,clean,a detailed photograph,"a detailed photograph of a semi truck dump truck in a forest clearing, side profile, nighttime under streetlights. single main subject, photorealistic color photo, natural colors, realistic texture, sharp focus on subject, no people, no text, no watermark, no logo, no border, no collage, no CGI, no illustration.","text, watermark, logo, caption, signature, border, frame, collage, multiple panels, cartoon, illustration, CGI, 3d render, low-poly, painting, anime, surreal, deformed, duplicate objects, extra limbs, blurry, out of focus, noise, oversaturated, posterized, artifacts, jpeg artifacts"
9934,truck,delivery truck,delivery truck,a parking lot,side profile,rainy with wet reflections,hard,a photorealistic color photo,"a photorealistic color photo of a delivery truck delivery truck in a parking lot, side profile, rainy with wet reflections. partially occluded by a foreground object. single main subject, photorealistic color photo, natural colors, realistic texture, sharp focus on subject, no people, no text, no watermark, no logo, no border, no collage, no CGI, no illustration.","text, watermark, logo, caption, signature, border, frame, collage, multiple panels, cartoon, illustration, CGI, 3d render, low-poly, painting, anime, surreal, deformed, duplicate objects, extra limbs, blurry, out of focus, noise, oversaturated, posterized, artifacts, jpeg artifacts"
9317,truck,semi truck,pickup truck,a suburban neighborhood,side profile,indoor soft window light,clean,a high-quality image,"a high-quality image of a semi truck pickup truck in a suburban neighborhood, side profile, indoor soft window light. single main subject, photorealistic color photo, natural colors, realistic texture, sharp focus on subject, no people, no text, no watermark, no logo, no border, no collage, no CGI, no illustration.","text, watermark, logo, caption, signature, border, frame, collage, multiple panels, cartoon, illustration, CGI, 3d render, low-poly, painting, anime, surreal, deformed, duplicate objects, extra limbs, blurry, out of focus, noise, oversaturated, posterized, artifacts, jpeg artifacts"
9776,truck,semi truck,utility truck,a suburban neighborhood,wide shot,backlit rim light,clean,a detailed photograph,"a detailed photograph of a semi truck utility truck in a suburban neighborhood, wide shot, backlit rim light. single main subject, photorealistic color photo, natural colors, realistic texture, sharp focus on subject, no people, no text, no watermark, no logo, no border, no collage, no CGI, no illustration.","text, watermark, logo, caption, signature, border, frame, collage, multiple panels, cartoon, illustration, CGI, 3d render, low-poly, painting, anime, surreal, deformed, duplicate objects, extra limbs, blurry, out of focus, noise, oversaturated, posterized, artifacts, jpeg artifacts"
9319,truck,pickup truck,box truck,a gravel lot,low angle,indoor soft window light,clean,a photorealistic color photo,"a photorealistic color photo of a pickup truck box truck in a gravel lot, low angle, indoor soft window light. single main subject, photorealistic color photo, natural colors, realistic texture, sharp focus on subject, no people, no text, no watermark, no logo, no border, no collage, no CGI, no illustration.","text, watermark, logo, caption, signature, border, frame, collage, multiple panels, cartoon, illustration, CGI, 3d render, low-poly, painting, anime, surreal, deformed, duplicate objects, extra limbs, blurry, out of focus, noise, oversaturated, posterized, artifacts, jpeg artifacts"
9640,truck,delivery truck,utility truck,a suburban neighborhood,low angle,nighttime under streetlights,clean,a finely detailed photo,"a finely detailed photo of a delivery truck utility truck in a suburban neighborhood, low angle, nighttime under streetlights. single main subject, photorealistic color photo, natural colors, realistic texture, sharp focus on subject, no people, no text, no watermark, no logo, no border, no collage, no CGI, no illustration.","text, watermark, logo, caption, signature, border, frame, collage, multiple panels, cartoon, illustration, CGI, 3d render, low-poly, painting, anime, surreal, deformed, duplicate objects, extra limbs, blurry, out of focus, noise, oversaturated, posterized, artifacts, jpeg artifacts"
9774,truck,semi truck,utility truck,a quiet residential street,front view,backlit rim light,clean,an ultra-realistic rendering,"an ultra-realistic rendering of a semi truck utility truck in a quiet residential street, front view, backlit rim light. single main subject, photorealistic color photo, natural colors, realistic texture, sharp focus on subject, no people, no text, no watermark, no logo, no border, no collage, no CGI, no illustration.","text, watermark, logo, caption, signature, border, frame, collage, multiple panels, cartoon, illustration, CGI, 3d render, low-poly, painting, anime, surreal, deformed, duplicate objects, extra limbs, blurry, out of focus, noise, oversaturated, posterized, artifacts, jpeg artifacts"
9962,truck,delivery truck,delivery truck,a forest clearing,high angle,foggy morning,hard,a high-quality image,"a high-quality image of a delivery truck delivery truck in a forest clearing, high angle, foggy morning. slight motion blur. single main subject, photorealistic color photo, natural colors, realistic texture, sharp focus on subject, no people, no text, no watermark, no logo, no border, no collage, no CGI, no illustration.","text, watermark, logo, caption, signature, border, frame, collage, multiple panels, cartoon, illustration, CGI, 3d render, low-poly, painting, anime, surreal, deformed, duplicate objects, extra limbs, blurry, out of focus, noise, oversaturated, posterized, artifacts, jpeg artifacts"
9172,truck,pickup truck,dump truck,a quiet residential street,3/4 view,rainy with wet reflections,clean,a finely detailed photo,"a finely detailed photo of a pickup truck dump truck in a quiet residential street, 3/4 view, rainy with wet reflections. single main subject, photorealistic color photo, natural colors, realistic texture, sharp focus on subject, no people, no text, no watermark, no logo, no border, no collage, no CGI, no illustration.","text, watermark, logo, caption, signature, border, frame, collage, multiple panels, cartoon, illustration, CGI, 3d render, low-poly, painting, anime, surreal, deformed, duplicate objects, extra limbs, blurry, out of focus, noise, oversaturated, posterized, artifacts, jpeg artifacts"
9688,truck,utility truck,box truck,an urban street,high angle,backlit rim light,clean,a detailed photograph,"a detailed photograph of a utility truck box truck in an urban street, high angle, backlit rim light. single main subject, photorealistic color photo, natural colors, realistic texture, sharp focus on subject, no people, no text, no watermark, no logo, no border, no collage, no CGI, no illustration.","text, watermark, logo, caption, signature, border, frame, collage, multiple panels, cartoon, illustration, CGI, 3d render, low-poly, painting, anime, surreal, deformed, duplicate objects, extra limbs, blurry, out of focus, noise, oversaturated, posterized, artifacts, jpeg artifacts"
9376,truck,pickup truck,dump truck,a wet roadway after rain,side profile,indoor soft window light,clean,a high-quality image,"a high-quality image of a pickup truck dump truck in a wet roadway after rain, side profile, indoor soft window light. single main subject, photorealistic color photo, natural colors, realistic texture, sharp focus on subject, no people, no text, no watermark, no logo, no border, no collage, no CGI, no illustration.","text, watermark, logo, caption, signature, border, frame, collage, multiple panels, cartoon, illustration, CGI, 3d render, low-poly, painting, anime, surreal, deformed, duplicate objects, extra limbs, blurry, out of focus, noise, oversaturated, posterized, artifacts, jpeg artifacts"
9849,truck,semi truck,dump truck,a suburban neighborhood,cropped at the edge of the frame,nighttime under streetlights,hard,a high-quality image,"a high-quality image of a semi truck dump truck in a suburban neighborhood, cropped at the edge of the frame, nighttime under streetlights. busy background but still one main subject. single main subject, photorealistic color photo, natural colors, realistic texture, sharp focus on subject, no people, no text, no watermark, no logo, no border, no collage, no CGI, no illustration.","text, watermark, logo, caption, signature, border, frame, collage, multiple panels, cartoon, illustration, CGI, 3d render, low-poly, painting, anime, surreal, deformed, duplicate objects, extra limbs, blurry, out of focus, noise, oversaturated, posterized, artifacts, jpeg artifacts"
9509,truck,delivery truck,semi truck,an industrial yard,3/4 view,golden hour,clean,a detailed photograph,"a detailed photograph of a delivery truck semi truck in an industrial yard, 3/4 view, golden hour. single main subject, photorealistic color photo, natural colors, realistic texture, sharp focus on subject, no people, no text, no watermark, no logo, no border, no collage, no CGI, no illustration.","text, watermark, logo, caption, signature, border, frame, collage, multiple panels, cartoon, illustration, CGI, 3d render, low-poly, painting, anime, surreal, deformed, duplicate objects, extra limbs, blurry, out of focus, noise, oversaturated, posterized, artifacts, jpeg artifacts"
9821,truck,semi truck,utility truck,a suburban neighborhood,close-up,backlit rim light,hard,an ultra-realistic rendering,"an ultra-realistic rendering of a semi truck utility truck in a suburban neighborhood, close-up, backlit rim light. cropped slightly. single main subject, photorealistic color photo, natural colors, realistic texture, sharp focus on subject, no people, no text, no watermark, no logo, no border, no collage, no CGI, no illustration.","text, watermark, logo, caption, signature, border, frame, collage, multiple panels, cartoon, illustration, CGI, 3d render, low-poly, painting, anime, surreal, deformed, duplicate objects, extra limbs, blurry, out of focus, noise, oversaturated, posterized, artifacts, jpeg artifacts"
9372,truck,delivery truck,utility truck,a parking lot,low angle,nighttime under streetlights,clean,a high-quality image,"a high-quality image of a delivery truck utility truck in a parking lot, low angle, nighttime under streetlights. single main subject, photorealistic color photo, natural colors, realistic texture, sharp focus on subject, no people, no text, no watermark, no logo, no border, no collage, no CGI, no illustration.","text, watermark, logo, caption, signature, border, frame, collage, multiple panels, cartoon, illustration, CGI, 3d render, low-poly, painting, anime, surreal, deformed, duplicate objects, extra limbs, blurry, out of focus, noise, oversaturated, posterized, artifacts, jpeg artifacts"
9864,truck,semi truck,delivery truck,a suburban neighborhood,close-up,foggy morning,hard,a detailed photograph,"a detailed photograph of a semi truck delivery truck in a suburban neighborhood, close-up, foggy morning. partially occluded by a foreground object. single main subject, photorealistic color photo, natural colors, realistic texture, sharp focus on subject, no people, no text, no watermark, no logo, no border, no collage, no CGI, no illustration.","text, watermark, logo, caption, signature, border, frame, collage, multiple panels, cartoon, illustration, CGI, 3d render, low-poly, painting, anime, surreal, deformed, duplicate objects, extra limbs, blurry, out of focus, noise, oversaturated, posterized, artifacts, jpeg artifacts"
9797,truck,pickup truck,dump truck,a grassy field,front view,indoor soft window light,clean,a high-quality image,"a high-quality image of a pickup truck dump truck in a grassy field, front view, indoor soft window light. single main subject, photorealistic color photo, natural colors, realistic texture, sharp focus on subject, no people, no text, no watermark, no logo, no border, no collage, no CGI, no illustration.","text, watermark, logo, caption, signature, border, frame, collage, multiple panels, cartoon, illustration, CGI, 3d render, low-poly, painting, anime, surreal, deformed, duplicate objects, extra limbs, blurry, out of focus, noise, oversaturated, posterized, artifacts, jpeg artifacts"
9416,truck,box truck,utility truck,a backyard,3/4 view,foggy morning,clean,a finely detailed photo,"a finely detailed photo of a box truck utility truck in a backyard, 3/4 view, foggy morning. single main subject, photorealistic color photo, natural colors, realistic texture, sharp focus on subject, no people, no text, no watermark, no logo, no border, no collage, no CGI, no illustration.","text, watermark, logo, caption, signature, border, frame, collage, multiple panels, cartoon, illustration, CGI, 3d render, low-poly, painting, anime, surreal, deformed, duplicate objects, extra limbs, blurry, out of focus, noise, oversaturated, posterized, artifacts, jpeg artifacts"
9108,truck,delivery truck,utility truck,a city park,low angle,foggy morning,clean,an ultra-realistic rendering,"an ultra-realistic rendering of a delivery truck utility truck in a city park, low angle, foggy morning. single main subject, photorealistic color photo, natural colors, realistic texture, sharp focus on subject, no people, no text, no watermark, no logo, no border, no collage, no CGI, no illustration.","text, watermark, logo, caption, signature, border, frame, collage, multiple panels, cartoon, illustration, CGI, 3d render, low-poly, painting, anime, surreal, deformed, duplicate objects, extra limbs, blurry, out of focus, noise, oversaturated, posterized, artifacts, jpeg artifacts"
9424,truck,utility truck,dump truck,a backyard,high angle,golden hour,clean,a professional photo,"a professional photo of a utility truck dump truck in a backyard, high angle, golden hour. single main subject, photorealistic color photo, natural colors, realistic texture, sharp focus on subject, no people, no text, no watermark, no logo, no border, no collage, no CGI, no illustration.","text, watermark, logo, caption, signature, border, frame, collage, multiple panels, cartoon, illustration, CGI, 3d render, low-poly, painting, anime, surreal, deformed, duplicate objects, extra limbs, blurry, out of focus, noise, oversaturated, posterized, artifacts, jpeg artifacts"
9167,truck,pickup truck,box truck,an industrial yard,3/4 view,overcast daylight,clean,a high-quality image,"a high-quality image of a pickup truck box truck in an industrial yard, 3/4 view, overcast daylight. single main subject, photorealistic color photo, natural colors, realistic texture, sharp focus on subject, no people, no text, no watermark, no logo, no border, no collage, no CGI, no illustration.","text, watermark, logo, caption, signature, border, frame, collage, multiple panels, cartoon, illustration, CGI, 3d render, low-poly, painting, anime, surreal, deformed, duplicate objects, extra limbs, blurry, out of focus, noise, oversaturated, posterized, artifacts, jpeg artifacts"
9364,truck,semi truck,semi truck,a backyard,3/4 view,backlit rim light,clean,a detailed photograph,"a detailed photograph of a semi truck semi truck in a backyard, 3/4 view, backlit rim light. single main subject, photorealistic color photo, natural colors, realistic texture, sharp focus on subject, no people, no text, no watermark, no logo, no border, no collage, no CGI, no illustration.","text, watermark, logo, caption, signature, border, frame, collage, multiple panels, cartoon, illustration, CGI, 3d render, low-poly, painting, anime, surreal, deformed, duplicate objects, extra limbs, blurry, out of focus, noise, oversaturated, posterized, artifacts, jpeg artifacts"
9069,truck,delivery truck,pickup truck,a countryside road,wide shot,foggy morning,clean,a finely detailed photo,"a finely detailed photo of a delivery truck pickup truck in a countryside road, wide shot, foggy morning. single main subject, photorealistic color photo, natural colors, realistic texture, sharp focus on subject, no people, no text, no watermark, no logo, no border, no collage, no CGI, no illustration.","text, watermark, logo, caption, signature, border, frame, collage, multiple panels, cartoon, illustration, CGI, 3d render, low-poly, painting, anime, surreal, deformed, duplicate objects, extra limbs, blurry, out of focus, noise, oversaturated, posterized, artifacts, jpeg artifacts"
9418,truck,utility truck,semi truck,an urban street,side profile,nighttime under streetlights,clean,an ultra-realistic rendering,"an ultra-realistic rendering of a utility truck semi truck in an urban street, side profile, nighttime under streetlights. single main subject, photorealistic color photo, natural colors, realistic texture, sharp focus on subject, no people, no text, no watermark, no logo, no border, no collage, no CGI, no illustration.","text, watermark, logo, caption, signature, border, frame, collage, multiple panels, cartoon, illustration, CGI, 3d render, low-poly, painting, anime, surreal, deformed, duplicate objects, extra limbs, blurry, out of focus, noise, oversaturated, posterized, artifacts, jpeg artifacts"
9359,truck,pickup truck,dump truck,a parking lot,slightly off-center framing,indoor soft window light,clean,a finely detailed photo,"a finely detailed photo of a pickup truck dump truck in a parking lot, slightly off-center framing, indoor soft window light. single main subject, photorealistic color photo, natural colors, realistic texture, sharp focus on subject, no people, no text, no watermark, no logo, no border, no collage, no CGI, no illustration.","text, watermark, logo, caption, signature, border, frame, collage, multiple panels, cartoon, illustration, CGI, 3d render, low-poly, painting, anime, surreal, deformed, duplicate objects, extra limbs, blurry, out of focus, noise, oversaturated, posterized, artifacts, jpeg artifacts"
9341,truck,utility truck,delivery truck,a countryside road,slightly off-center framing,golden hour,clean,a photorealistic color photo,"a photorealistic color photo of a utility truck delivery truck in a countryside road, slightly off-center framing, golden hour. single main subject, photorealistic color photo, natural colors, realistic texture, sharp focus on subject, no people, no text, no watermark, no logo, no border, no collage, no CGI, no illustration.","text, watermark, logo, caption, signature, border, frame, collage, multiple panels, cartoon, illustration, CGI, 3d render, low-poly, painting, anime, surreal, deformed, duplicate objects, extra limbs, blurry, out of focus, noise, oversaturated, posterized, artifacts, jpeg artifacts"
9288,truck,utility truck,pickup truck,a city park,close-up,rainy with wet reflections,clean,a photorealistic color photo,"a photorealistic color photo of a utility truck pickup truck in a city park, close-up, rainy with wet reflections. single main subject, photorealistic color photo, natural colors, realistic texture, sharp focus on subject, no people, no text, no watermark, no logo, no border, no collage, no CGI, no illustration.","text, watermark, logo, caption, signature, border, frame, collage, multiple panels, cartoon, illustration, CGI, 3d render, low-poly, painting, anime, surreal, deformed, duplicate objects, extra limbs, blurry, out of focus, noise, oversaturated, posterized, artifacts, jpeg artifacts"
9629,truck,semi truck,delivery truck,a lakeside shore,side profile,backlit rim light,clean,a professional photo,"a professional photo of a semi truck delivery truck in a lakeside shore, side profile, backlit rim light. single main subject, photorealistic color photo, natural colors, realistic texture, sharp focus on subject, no people, no text, no watermark, no logo, no border, no collage, no CGI, no illustration.","text, watermark, logo, caption, signature, border, frame, collage, multiple panels, cartoon, illustration, CGI, 3d render, low-poly, painting, anime, surreal, deformed, duplicate objects, extra limbs, blurry, out of focus, noise, oversaturated, posterized, artifacts, jpeg artifacts"
9407,truck,pickup truck,delivery truck,a quiet residential street,close-up,backlit rim light,clean,an ultra-realistic rendering,"an ultra-realistic rendering of a pickup truck delivery truck in a quiet residential street, close-up, backlit rim light. single main subject, photorealistic color photo, natural colors, realistic texture, sharp focus on subject, no people, no text, no watermark, no logo, no border, no collage, no CGI, no illustration.","text, watermark, logo, caption, signature, border, frame, collage, multiple panels, cartoon, illustration, CGI, 3d render, low-poly, painting, anime, surreal, deformed, duplicate objects, extra limbs, blurry, out of focus, noise, oversaturated, posterized, artifacts, jpeg artifacts"
9373,truck,box truck,delivery truck,a backyard,3/4 view,golden hour,clean,a photorealistic color photo,"a photorealistic color photo of a box truck delivery truck in a backyard, 3/4 view, golden hour. single main subject, photorealistic color photo, natural colors, realistic texture, sharp focus on subject, no people, no text, no watermark, no logo, no border, no collage, no CGI, no illustration.","text, watermark, logo, caption, signature, border, frame, collage, multiple panels, cartoon, illustration, CGI, 3d render, low-poly, painting, anime, surreal, deformed, duplicate objects, extra limbs, blurry, out of focus, noise, oversaturated, posterized, artifacts, jpeg artifacts"
9915,truck,delivery truck,utility truck,a countryside road,cropped at the edge of the frame,overcast daylight,hard,a photorealistic color photo,"a photorealistic color photo of a delivery truck utility truck in a countryside road, cropped at the edge of the frame, overcast daylight. partially occluded by a foreground object. single main subject, photorealistic color photo, natural colors, realistic texture, sharp focus on subject, no people, no text, no watermark, no logo, no border, no collage, no CGI, no illustration.","text, watermark, logo, caption, signature, border, frame, collage, multiple panels, cartoon, illustration, CGI, 3d render, low-poly, painting, anime, surreal, deformed, duplicate objects, extra limbs, blurry, out of focus, noise, oversaturated, posterized, artifacts, jpeg artifacts"
9749,truck,dump truck,semi truck,an industrial yard,high angle,overcast daylight,clean,a detailed photograph,"a detailed photograph of a dump truck semi truck in an industrial yard, high angle, overcast daylight. single main subject, photorealistic color photo, natural colors, realistic texture, sharp focus on subject, no people, no text, no watermark, no logo, no border, no collage, no CGI, no illustration.","text, watermark, logo, caption, signature, border, frame, collage, multiple panels, cartoon, illustration, CGI, 3d render, low-poly, painting, anime, surreal, deformed, duplicate objects, extra limbs, blurry, out of focus, noise, oversaturated, posterized, artifacts, jpeg artifacts"
9231,truck,delivery truck,dump truck,an urban street,low angle,golden hour,clean,a finely detailed photo,"a finely detailed photo of a delivery truck dump truck in an urban street, low angle, golden hour. single main subject, photorealistic color photo, natural colors, realistic texture, sharp focus on subject, no people, no text, no watermark, no logo, no border, no collage, no CGI, no illustration.","text, watermark, logo, caption, signature, border, frame, collage, multiple panels, cartoon, illustration, CGI, 3d render, low-poly, painting, anime, surreal, deformed, duplicate objects, extra limbs, blurry, out of focus, noise, oversaturated, posterized, artifacts, jpeg artifacts"
9437,truck,dump truck,pickup truck,an urban street,front view,overcast daylight,clean,a professional photo,"a professional photo of a dump truck pickup truck in an urban street, front view, overcast daylight. single main subject, photorealistic color photo, natural colors, realistic texture, sharp focus on subject, no people, no text, no watermark, no logo, no border, no collage, no CGI, no illustration.","text, watermark, logo, caption, signature, border, frame, collage, multiple panels, cartoon, illustration, CGI, 3d render, low-poly, painting, anime, surreal, deformed, duplicate objects, extra limbs, blurry, out of focus, noise, oversaturated, posterized, artifacts, jpeg artifacts"
9450,truck,dump truck,pickup truck,a forest clearing,slightly off-center framing,overcast daylight,clean,a finely detailed photo,"a finely detailed photo of a dump truck pickup truck in a forest clearing, slightly off-center framing, overcast daylight. single main subject, photorealistic color photo, natural colors, realistic texture, sharp focus on subject, no people, no text, no watermark, no logo, no border, no collage, no CGI, no illustration.","text, watermark, logo, caption, signature, border, frame, collage, multiple panels, cartoon, illustration, CGI, 3d render, low-poly, painting, anime, surreal, deformed, duplicate objects, extra limbs, blurry, out of focus, noise, oversaturated, posterized, artifacts, jpeg artifacts"
9916,truck,semi truck,delivery truck,a backyard,side profile,foggy morning,hard,a detailed photograph,"a detailed photograph of a semi truck delivery truck in a backyard, side profile, foggy morning. busy background but still one main subject. single main subject, photorealistic color photo, natural colors, realistic texture, sharp focus on subject, no people, no text, no watermark, no logo, no border, no collage, no CGI, no illustration.","text, watermark, logo, caption, signature, border, frame, collage, multiple panels, cartoon, illustration, CGI, 3d render, low-poly, painting, anime, surreal, deformed, duplicate objects, extra limbs, blurry, out of focus, noise, oversaturated, posterized, artifacts, jpeg artifacts"
9611,truck,pickup truck,box truck,a forest clearing,front view,rainy with wet reflections,clean,a photorealistic color photo,"a photorealistic color photo of a pickup truck box truck in a forest clearing, front view, rainy with wet reflections. single main subject, photorealistic color photo, natural colors, realistic texture, sharp focus on subject, no people, no text, no watermark, no logo, no border, no collage, no CGI, no illustration.","text, watermark, logo, caption, signature, border, frame, collage, multiple panels, cartoon, illustration, CGI, 3d render, low-poly, painting, anime, surreal, deformed, duplicate objects, extra limbs, blurry, out of focus, noise, oversaturated, posterized, artifacts, jpeg artifacts"
9883,truck,utility truck,pickup truck,a city park,wide shot,backlit rim light,hard,a professional photo,"a professional photo of a utility truck pickup truck in a city park, wide shot, backlit rim light. busy background but still one main subject. single main subject, photorealistic color photo, natural colors, realistic texture, sharp focus on subject, no people, no text, no watermark, no logo, no border, no collage, no CGI, no illustration.","text, watermark, logo, caption, signature, border, frame, collage, multiple panels, cartoon, illustration, CGI, 3d render, low-poly, painting, anime, surreal, deformed, duplicate objects, extra limbs, blurry, out of focus, noise, oversaturated, posterized, artifacts, jpeg artifacts"
9152,truck,dump truck,utility truck,a sandy beach,slightly off-center framing,rainy with wet reflections,clean,a photorealistic color photo,"a photorealistic color photo of a dump truck utility truck in a sandy beach, slightly off-center framing, rainy with wet reflections. single main subject, photorealistic color photo, natural colors, realistic texture, sharp focus on subject, no people, no text, no watermark, no logo, no border, no collage, no CGI, no illustration.","text, watermark, logo, caption, signature, border, frame, collage, multiple panels, cartoon, illustration, CGI, 3d render, low-poly, painting, anime, surreal, deformed, duplicate objects, extra limbs, blurry, out of focus, noise, oversaturated, posterized, artifacts, jpeg artifacts"
9058,truck,pickup truck,delivery truck,a grassy field,wide shot,backlit rim light,clean,a high-quality image,"a high-quality image of a pickup truck delivery truck in a grassy field, wide shot, backlit rim light. single main subject, photorealistic color photo, natural colors, realistic texture, sharp focus on subject, no people, no text, no watermark, no logo, no border, no collage, no CGI, no illustration.","text, watermark, logo, caption, signature, border, frame, collage, multiple panels, cartoon, illustration, CGI, 3d render, low-poly, painting, anime, surreal, deformed, duplicate objects, extra limbs, blurry, out of focus, noise, oversaturated, posterized, artifacts, jpeg artifacts"
9517,truck,dump truck,delivery truck,a forest clearing,close-up,overcast daylight,clean,a photorealistic color photo,"a photorealistic color photo of a dump truck delivery truck in a forest clearing, close-up, overcast daylight. single main subject, photorealistic color photo, natural colors, realistic texture, sharp focus on subject, no people, no text, no watermark, no logo, no border, no collage, no CGI, no illustration.","text, watermark, logo, caption, signature, border, frame, collage, multiple panels, cartoon, illustration, CGI, 3d render, low-poly, painting, anime, surreal, deformed, duplicate objects, extra limbs, blurry, out of focus, noise, oversaturated, posterized, artifacts, jpeg artifacts"
9380,truck,pickup truck,semi truck,a countryside road,high angle,foggy morning,clean,a professional photo,"a professional photo of a pickup truck semi truck in a countryside road, high angle, foggy morning. single main subject, photorealistic color photo, natural colors, realistic texture, sharp focus on subject, no people, no text, no watermark, no logo, no border, no collage, no CGI, no illustration.","text, watermark, logo, caption, signature, border, frame, collage, multiple panels, cartoon, illustration, CGI, 3d render, low-poly, painting, anime, surreal, deformed, duplicate objects, extra limbs, blurry, out of focus, noise, oversaturated, posterized, artifacts, jpeg artifacts"
9286,truck,semi truck,dump truck,a grassy field,low angle,sunny afternoon,clean,a detailed photograph,"a detailed photograph of a semi truck dump truck in a grassy field, low angle, sunny afternoon. single main subject, photorealistic color photo, natural colors, realistic texture, sharp focus on subject, no people, no text, no watermark, no logo, no border, no collage, no CGI, no illustration.","text, watermark, logo, caption, signature, border, frame, collage, multiple panels, cartoon, illustration, CGI, 3d render, low-poly, painting, anime, surreal, deformed, duplicate objects, extra limbs, blurry, out of focus, noise, oversaturated, posterized, artifacts, jpeg artifacts"
9265,truck,pickup truck,utility truck,a sandy beach,front view,foggy morning,clean,a finely detailed photo,"a finely detailed photo of a pickup truck utility truck in a sandy beach, front view, foggy morning. single main subject, photorealistic color photo, natural colors, realistic texture, sharp focus on subject, no people, no text, no watermark, no logo, no border, no collage, no CGI, no illustration.","text, watermark, logo, caption, signature, border, frame, collage, multiple panels, cartoon, illustration, CGI, 3d render, low-poly, painting, anime, surreal, deformed, duplicate objects, extra limbs, blurry, out of focus, noise, oversaturated, posterized, artifacts, jpeg artifacts"
9145,truck,pickup truck,utility truck,an industrial yard,high angle,backlit rim light,clean,a detailed photograph,"a detailed photograph of a pickup truck utility truck in an industrial yard, high angle, backlit rim light. single main subject, photorealistic color photo, natural colors, realistic texture, sharp focus on subject, no people, no text, no watermark, no logo, no border, no collage, no CGI, no illustration.","text, watermark, logo, caption, signature, border, frame, collage, multiple panels, cartoon, illustration, CGI, 3d render, low-poly, painting, anime, surreal, deformed, duplicate objects, extra limbs, blurry, out of focus, noise, oversaturated, posterized, artifacts, jpeg artifacts"
9204,truck,box truck,box truck,a suburban neighborhood,3/4 view,indoor soft window light,clean,a professional photo,"a professional photo of a box truck box truck in a suburban neighborhood, 3/4 view, indoor soft window light. single main subject, photorealistic color photo, natural colors, realistic texture, sharp focus on subject, no people, no text, no watermark, no logo, no border, no collage, no CGI, no illustration.","text, watermark, logo, caption, signature, border, frame, collage, multiple panels, cartoon, illustration, CGI, 3d render, low-poly, painting, anime, surreal, deformed, duplicate objects, extra limbs, blurry, out of focus, noise, oversaturated, posterized, artifacts, jpeg artifacts"
9492,truck,box truck,pickup truck,a sandy beach,low angle,golden hour,clean,a high-quality image,"a high-quality image of a box truck pickup truck in a sandy beach, low angle, golden hour. single main subject, photorealistic color photo, natural colors, realistic texture, sharp focus on subject, no people, no text, no watermark, no logo, no border, no collage, no CGI, no illustration.","text, watermark, logo, caption, signature, border, frame, collage, multiple panels, cartoon, illustration, CGI, 3d render, low-poly, painting, anime, surreal, deformed, duplicate objects, extra limbs, blurry, out of focus, noise, oversaturated, posterized, artifacts, jpeg artifacts"
9339,truck,semi truck,box truck,a backyard,3/4 view,rainy with wet reflections,clean,an ultra-realistic rendering,"an ultra-realistic rendering of a semi truck box truck in a backyard, 3/4 view, rainy with wet reflections. single main subject, photorealistic color photo, natural colors, realistic texture, sharp focus on subject, no people, no text, no watermark, no logo, no border, no collage, no CGI, no illustration.","text, watermark, logo, caption, signature, border, frame, collage, multiple panels, cartoon, illustration, CGI, 3d render, low-poly, painting, anime, surreal, deformed, duplicate objects, extra limbs, blurry, out of focus, noise, oversaturated, posterized, artifacts, jpeg artifacts"
9071,truck,dump truck,delivery truck,a suburban neighborhood,wide shot,foggy morning,clean,a finely detailed photo,"a finely detailed photo of a dump truck delivery truck in a suburban neighborhood, wide shot, foggy morning. single main subject, photorealistic color photo, natural colors, realistic texture, sharp focus on subject, no people, no text, no watermark, no logo, no border, no collage, no CGI, no illustration.","text, watermark, logo, caption, signature, border, frame, collage, multiple panels, cartoon, illustration, CGI, 3d render, low-poly, painting, anime, surreal, deformed, duplicate objects, extra limbs, blurry, out of focus, noise, oversaturated, posterized, artifacts, jpeg artifacts"
9887,truck,delivery truck,utility truck,a grassy field,high angle,overcast daylight,hard,a detailed photograph,"a detailed photograph of a delivery truck utility truck in a grassy field, high angle, overcast daylight. slight motion blur. single main subject, photorealistic color photo, natural colors, realistic texture, sharp focus on subject, no people, no text, no watermark, no logo, no border, no collage, no CGI, no illustration.","text, watermark, logo, caption, signature, border, frame, collage, multiple panels, cartoon, illustration, CGI, 3d render, low-poly, painting, anime, surreal, deformed, duplicate objects, extra limbs, blurry, out of focus, noise, oversaturated, posterized, artifacts, jpeg artifacts"
9081,truck,box truck,delivery truck,a backyard,close-up,indoor soft window light,clean,a professional photo,"a professional photo of a box truck delivery truck in a backyard, close-up, indoor soft window light. single main subject, photorealistic color photo, natural colors, realistic texture, sharp focus on subject, no people, no text, no watermark, no logo, no border, no collage, no CGI, no illustration.","text, watermark, logo, caption, signature, border, frame, collage, multiple panels, cartoon, illustration, CGI, 3d render, low-poly, painting, anime, surreal, deformed, duplicate objects, extra limbs, blurry, out of focus, noise, oversaturated, posterized, artifacts, jpeg artifacts"
9004,truck,delivery truck,utility truck,a wet roadway after rain,close-up,rainy with wet reflections,clean,a high-quality image,"a high-quality image of a delivery truck utility truck in a wet roadway after rain, close-up, rainy with wet reflections. single main subject, photorealistic color photo, natural colors, realistic texture, sharp focus on subject, no people, no text, no watermark, no logo, no border, no collage, no CGI, no illustration.","text, watermark, logo, caption, signature, border, frame, collage, multiple panels, cartoon, illustration, CGI, 3d render, low-poly, painting, anime, surreal, deformed, duplicate objects, extra limbs, blurry, out of focus, noise, oversaturated, posterized, artifacts, jpeg artifacts"
9984,truck,delivery truck,box truck,an urban street,low angle,overcast daylight,hard,an ultra-realistic rendering,"an ultra-realistic rendering of a delivery truck box truck in an urban street, low angle, overcast daylight. busy background but still one main subject. single main subject, photorealistic color photo, natural colors, realistic texture, sharp focus on subject, no people, no text, no watermark, no logo, no border, no collage, no CGI, no illustration.","text, watermark, logo, caption, signature, border, frame, collage, multiple panels, cartoon, illustration, CGI, 3d render, low-poly, painting, anime, surreal, deformed, duplicate objects, extra limbs, blurry, out of focus, noise, oversaturated, posterized, artifacts, jpeg artifacts"
9461,truck,utility truck,pickup truck,a city park,side profile,backlit rim light,clean,a detailed photograph,"a detailed photograph of a utility truck pickup truck in a city park, side profile, backlit rim light. single main subject, photorealistic color photo, natural colors, realistic texture, sharp focus on subject, no people, no text, no watermark, no logo, no border, no collage, no CGI, no illustration.","text, watermark, logo, caption, signature, border, frame, collage, multiple panels, cartoon, illustration, CGI, 3d render, low-poly, painting, anime, surreal, deformed, duplicate objects, extra limbs, blurry, out of focus, noise, oversaturated, posterized, artifacts, jpeg artifacts"
9974,truck,pickup truck,utility truck,a wet roadway after rain,slightly off-center framing,indoor soft window light,hard,a high-quality image,"a high-quality image of a pickup truck utility truck in a wet roadway after rain, slightly off-center framing, indoor soft window light. slight motion blur. single main subject, photorealistic color photo, natural colors, realistic texture, sharp focus on subject, no people, no text, no watermark, no logo, no border, no collage, no CGI, no illustration.","text, watermark, logo, caption, signature, border, frame, collage, multiple panels, cartoon, illustration, CGI, 3d render, low-poly, painting, anime, surreal, deformed, duplicate objects, extra limbs, blurry, out of focus, noise, oversaturated, posterized, artifacts, jpeg artifacts"
9484,truck,delivery truck,dump truck,a countryside road,slightly off-center framing,overcast daylight,clean,a finely detailed photo,"a finely detailed photo of a delivery truck dump truck in a countryside road, slightly off-center framing, overcast daylight. single main subject, photorealistic color photo, natural colors, realistic texture, sharp focus on subject, no people, no text, no watermark, no logo, no border, no collage, no CGI, no illustration.","text, watermark, logo, caption, signature, border, frame, collage, multiple panels, cartoon, illustration, CGI, 3d render, low-poly, painting, anime, surreal, deformed, duplicate objects, extra limbs, blurry, out of focus, noise, oversaturated, posterized, artifacts, jpeg artifacts"
9110,truck,dump truck,pickup truck,a countryside road,low angle,nighttime under streetlights,clean,a detailed photograph,"a detailed photograph of a dump truck pickup truck in a countryside road, low angle, nighttime under streetlights. single main subject, photorealistic color photo, natural colors, realistic texture, sharp focus on subject, no people, no text, no watermark, no logo, no border, no collage, no CGI, no illustration.","text, watermark, logo, caption, signature, border, frame, collage, multiple panels, cartoon, illustration, CGI, 3d render, low-poly, painting, anime, surreal, deformed, duplicate objects, extra limbs, blurry, out of focus, noise, oversaturated, posterized, artifacts, jpeg artifacts"
9831,truck,box truck,delivery truck,an urban street,high angle,rainy with wet reflections,hard,a high-quality image,"a high-quality image of a box truck delivery truck in an urban street, high angle, rainy with wet reflections. cropped slightly. single main subject, photorealistic color photo, natural colors, realistic texture, sharp focus on subject, no people, no text, no watermark, no logo, no border, no collage, no CGI, no illustration.","text, watermark, logo, caption, signature, border, frame, collage, multiple panels, cartoon, illustration, CGI, 3d render, low-poly, painting, anime, surreal, deformed, duplicate objects, extra limbs, blurry, out of focus, noise, oversaturated, posterized, artifacts, jpeg artifacts"
9153,truck,pickup truck,pickup truck,a parking lot,slightly off-center framing,nighttime under streetlights,clean,a finely detailed photo,"a finely detailed photo of a pickup truck pickup truck in a parking lot, slightly off-center framing, nighttime under streetlights. single main subject, photorealistic color photo, natural colors, realistic texture, sharp focus on subject, no people, no text, no watermark, no logo, no border, no collage, no CGI, no illustration.","text, watermark, logo, caption, signature, border, frame, collage, multiple panels, cartoon, illustration, CGI, 3d render, low-poly, painting, anime, surreal, deformed, duplicate objects, extra limbs, blurry, out of focus, noise, oversaturated, posterized, artifacts, jpeg artifacts"
9712,truck,dump truck,delivery truck,a backyard,front view,foggy morning,clean,a professional photo,"a professional photo of a dump truck delivery truck in a backyard, front view, foggy morning. single main subject, photorealistic color photo, natural colors, realistic texture, sharp focus on subject, no people, no text, no watermark, no logo, no border, no collage, no CGI, no illustration.","text, watermark, logo, caption, signature, border, frame, collage, multiple panels, cartoon, illustration, CGI, 3d render, low-poly, painting, anime, surreal, deformed, duplicate objects, extra limbs, blurry, out of focus, noise, oversaturated, posterized, artifacts, jpeg artifacts"
9832,truck,delivery truck,delivery truck,a lakeside shore,cropped at the edge of the frame,overcast daylight,hard,a high-quality image,"a high-quality image of a delivery truck delivery truck in a lakeside shore, cropped at the edge of the frame, overcast daylight. cropped slightly. single main subject, photorealistic color photo, natural colors, realistic texture, sharp focus on subject, no people, no text, no watermark, no logo, no border, no collage, no CGI, no illustration.","text, watermark, logo, caption, signature, border, frame, collage, multiple panels, cartoon, illustration, CGI, 3d render, low-poly, painting, anime, surreal, deformed, duplicate objects, extra limbs, blurry, out of focus, noise, oversaturated, posterized, artifacts, jpeg artifacts"
9603,truck,pickup truck,dump truck,an urban street,side profile,backlit rim light,clean,a detailed photograph,"a detailed photograph of a pickup truck dump truck in an urban street, side profile, backlit rim light. single main subject, photorealistic color photo, natural colors, realistic texture, sharp focus on subject, no people, no text, no watermark, no logo, no border, no collage, no CGI, no illustration.","text, watermark, logo, caption, signature, border, frame, collage, multiple panels, cartoon, illustration, CGI, 3d render, low-poly, painting, anime, surreal, deformed, duplicate objects, extra limbs, blurry, out of focus, noise, oversaturated, posterized, artifacts, jpeg artifacts"
9772,truck,pickup truck,pickup truck,a suburban neighborhood,close-up,golden hour,clean,an ultra-realistic rendering,"an ultra-realistic rendering of a pickup truck pickup truck in a suburban neighborhood, close-up, golden hour. single main subject, photorealistic color photo, natural colors, realistic texture, sharp focus on subject, no people, no text, no watermark, no logo, no border, no collage, no CGI, no illustration.","text, watermark, logo, caption, signature, border, frame, collage, multiple panels, cartoon, illustration, CGI, 3d render, low-poly, painting, anime, surreal, deformed, duplicate objects, extra limbs, blurry, out of focus, noise, oversaturated, posterized, artifacts, jpeg artifacts"
9241,truck,box truck,pickup truck,a quiet residential street,wide shot,backlit rim light,clean,a photorealistic color photo,"a photorealistic color photo of a box truck pickup truck in a quiet residential street, wide shot, backlit rim light. single main subject, photorealistic color photo, natural colors, realistic texture, sharp focus on subject, no people, no text, no watermark, no logo, no border, no collage, no CGI, no illustration.","text, watermark, logo, caption, signature, border, frame, collage, multiple panels, cartoon, illustration, CGI, 3d render, low-poly, painting, anime, surreal, deformed, duplicate objects, extra limbs, blurry, out of focus, noise, oversaturated, posterized, artifacts, jpeg artifacts"
9874,truck,delivery truck,pickup truck,a city park,slightly off-center framing,golden hour,hard,a high-quality image,"a high-quality image of a delivery truck pickup truck in a city park, slightly off-center framing, golden hour. partially occluded by a foreground object. single main subject, photorealistic color photo, natural colors, realistic texture, sharp focus on subject, no people, no text, no watermark, no logo, no border, no collage, no CGI, no illustration.","text, watermark, logo, caption, signature, border, frame, collage, multiple panels, cartoon, illustration, CGI, 3d render, low-poly, painting, anime, surreal, deformed, duplicate objects, extra limbs, blurry, out of focus, noise, oversaturated, posterized, artifacts, jpeg artifacts"
9028,truck,dump truck,delivery truck,an industrial yard,front view,foggy morning,clean,a photorealistic color photo,"a photorealistic color photo of a dump truck delivery truck in an industrial yard, front view, foggy morning. single main subject, photorealistic color photo, natural colors, realistic texture, sharp focus on subject, no people, no text, no watermark, no logo, no border, no collage, no CGI, no illustration.","text, watermark, logo, caption, signature, border, frame, collage, multiple panels, cartoon, illustration, CGI, 3d render, low-poly, painting, anime, surreal, deformed, duplicate objects, extra limbs, blurry, out of focus, noise, oversaturated, posterized, artifacts, jpeg artifacts"
9710,truck,box truck,delivery truck,a forest clearing,slightly off-center framing,backlit rim light,clean,a detailed photograph,"a detailed photograph of a box truck delivery truck in a forest clearing, slightly off-center framing, backlit rim light. single main subject, photorealistic color photo, natural colors, realistic texture, sharp focus on subject, no people, no text, no watermark, no logo, no border, no collage, no CGI, no illustration.","text, watermark, logo, caption, signature, border, frame, collage, multiple panels, cartoon, illustration, CGI, 3d render, low-poly, painting, anime, surreal, deformed, duplicate objects, extra limbs, blurry, out of focus, noise, oversaturated, posterized, artifacts, jpeg artifacts"
9858,truck,semi truck,pickup truck,a backyard,3/4 view,backlit rim light,hard,a photorealistic color photo,"a photorealistic color photo of a semi truck pickup truck in a backyard, 3/4 view, backlit rim light. cropped slightly. single main subject, photorealistic color photo, natural colors, realistic texture, sharp focus on subject, no people, no text, no watermark, no logo, no border, no collage, no CGI, no illustration.","text, watermark, logo, caption, signature, border, frame, collage, multiple panels, cartoon, illustration, CGI, 3d render, low-poly, painting, anime, surreal, deformed, duplicate objects, extra limbs, blurry, out of focus, noise, oversaturated, posterized, artifacts, jpeg artifacts"
9369,truck,box truck,pickup truck,a grassy field,slightly off-center framing,foggy morning,clean,a professional photo,"a professional photo of a box truck pickup truck in a grassy field, slightly off-center framing, foggy morning. single main subject, photorealistic color photo, natural colors, realistic texture, sharp focus on subject, no people, no text, no watermark, no logo, no border, no collage, no CGI, no illustration.","text, watermark, logo, caption, signature, border, frame, collage, multiple panels, cartoon, illustration, CGI, 3d render, low-poly, painting, anime, surreal, deformed, duplicate objects, extra limbs, blurry, out of focus, noise, oversaturated, posterized, artifacts, jpeg artifacts"
9840,truck,dump truck,delivery truck,a sandy beach,slightly off-center framing,backlit rim light,hard,a photorealistic color photo,"a photorealistic color photo of a dump truck delivery truck in a sandy beach, slightly off-center framing, backlit rim light. in the distance. single main subject, photorealistic color photo, natural colors, realistic texture, sharp focus on subject, no people, no text, no watermark, no logo, no border, no collage, no CGI, no illustration.","text, watermark, logo, caption, signature, border, frame, collage, multiple panels, cartoon, illustration, CGI, 3d render, low-poly, painting, anime, surreal, deformed, duplicate objects, extra limbs, blurry, out of focus, noise, oversaturated, posterized, artifacts, jpeg artifacts"
9924,truck,delivery truck,dump truck,a parking lot,3/4 view,backlit rim light,hard,a finely detailed photo,"a finely detailed photo of a delivery truck dump truck in a parking lot, 3/4 view, backlit rim light. slight motion blur. single main subject, photorealistic color photo, natural colors, realistic texture, sharp focus on subject, no people, no text, no watermark, no logo, no border, no collage, no CGI, no illustration.","text, watermark, logo, caption, signature, border, frame, collage, multiple panels, cartoon, illustration, CGI, 3d render, low-poly, painting, anime, surreal, deformed, duplicate objects, extra limbs, blurry, out of focus, noise, oversaturated, posterized, artifacts, jpeg artifacts"
9739,truck,box truck,delivery truck,a parking lot,wide shot,golden hour,clean,a finely detailed photo,"a finely detailed photo of a box truck delivery truck in a parking lot, wide shot, golden hour. single main subject, photorealistic color photo, natural colors, realistic texture, sharp focus on subject, no people, no text, no watermark, no logo, no border, no collage, no CGI, no illustration.","text, watermark, logo, caption, signature, border, frame, collage, multiple panels, cartoon, illustration, CGI, 3d render, low-poly, painting, anime, surreal, deformed, duplicate objects, extra limbs, blurry, out of focus, noise, oversaturated, posterized, artifacts, jpeg artifacts"
9884,truck,delivery truck,dump truck,a countryside road,wide shot,overcast daylight,hard,a finely detailed photo,"a finely detailed photo of a delivery truck dump truck in a countryside road, wide shot, overcast daylight. slight motion blur. single main subject, photorealistic color photo, natural colors, realistic texture, sharp focus on subject, no people, no text, no watermark, no logo, no border, no collage, no CGI, no illustration.","text, watermark, logo, caption, signature, border, frame, collage, multiple panels, cartoon, illustration, CGI, 3d render, low-poly, painting, anime, surreal, deformed, duplicate objects, extra limbs, blurry, out of focus, noise, oversaturated, posterized, artifacts, jpeg artifacts"
9632,truck,pickup truck,box truck,a city park,3/4 view,overcast daylight,clean,an ultra-realistic rendering,"an ultra-realistic rendering of a pickup truck box truck in a city park, 3/4 view, overcast daylight. single main subject, photorealistic color photo, natural colors, realistic texture, sharp focus on subject, no people, no text, no watermark, no logo, no border, no collage, no CGI, no illustration.","text, watermark, logo, caption, signature, border, frame, collage, multiple panels, cartoon, illustration, CGI, 3d render, low-poly, painting, anime, surreal, deformed, duplicate objects, extra limbs, blurry, out of focus, noise, oversaturated, posterized, artifacts, jpeg artifacts"
9636,truck,utility truck,semi truck,a suburban neighborhood,wide shot,rainy with wet reflections,clean,a detailed photograph,"a detailed photograph of a utility truck semi truck in a suburban neighborhood, wide shot, rainy with wet reflections. single main subject, photorealistic color photo, natural colors, realistic texture, sharp focus on subject, no people, no text, no watermark, no logo, no border, no collage, no CGI, no illustration.","text, watermark, logo, caption, signature, border, frame, collage, multiple panels, cartoon, illustration, CGI, 3d render, low-poly, painting, anime, surreal, deformed, duplicate objects, extra limbs, blurry, out of focus, noise, oversaturated, posterized, artifacts, jpeg artifacts"
9808,truck,utility truck,pickup truck,a gravel lot,low angle,nighttime under streetlights,hard,a photorealistic color photo,"a photorealistic color photo of a utility truck pickup truck in a gravel lot, low angle, nighttime under streetlights. cropped slightly. single main subject, photorealistic color photo, natural colors, realistic texture, sharp focus on subject, no people, no text, no watermark, no logo, no border, no collage, no CGI, no illustration.","text, watermark, logo, caption, signature, border, frame, collage, multiple panels, cartoon, illustration, CGI, 3d render, low-poly, painting, anime, surreal, deformed, duplicate objects, extra limbs, blurry, out of focus, noise, oversaturated, posterized, artifacts, jpeg artifacts"
9538,truck,box truck,box truck,a lakeside shore,wide shot,golden hour,clean,a high-quality image,"a high-quality image of a box truck box truck in a lakeside shore, wide shot, golden hour. single main subject, photorealistic color photo, natural colors, realistic texture, sharp focus on subject, no people, no text, no watermark, no logo, no border, no collage, no CGI, no illustration.","text, watermark, logo, caption, signature, border, frame, collage, multiple panels, cartoon, illustration, CGI, 3d render, low-poly, painting, anime, surreal, deformed, duplicate objects, extra limbs, blurry, out of focus, noise, oversaturated, posterized, artifacts, jpeg artifacts"
9006,truck,utility truck,utility truck,a city park,high angle,rainy with wet reflections,clean,a detailed photograph,"a detailed photograph of a utility truck utility truck in a city park, high angle, rainy with wet reflections. single main subject, photorealistic color photo, natural colors, realistic texture, sharp focus on subject, no people, no text, no watermark, no logo, no border, no collage, no CGI, no illustration.","text, watermark, logo, caption, signature, border, frame, collage, multiple panels, cartoon, illustration, CGI, 3d render, low-poly, painting, anime, surreal, deformed, duplicate objects, extra limbs, blurry, out of focus, noise, oversaturated, posterized, artifacts, jpeg artifacts"
9996,truck,dump truck,pickup truck,a sandy beach,slightly off-center framing,rainy with wet reflections,hard,a finely detailed photo,"a finely detailed photo of a dump truck pickup truck in a sandy beach, slightly off-center framing, rainy with wet reflections. in the distance. single main subject, photorealistic color photo, natural colors, realistic texture, sharp focus on subject, no people, no text, no watermark, no logo, no border, no collage, no CGI, no illustration.","text, watermark, logo, caption, signature, border, frame, collage, multiple panels, cartoon, illustration, CGI, 3d render, low-poly, painting, anime, surreal, deformed, duplicate objects, extra limbs, blurry, out of focus, noise, oversaturated, posterized, artifacts, jpeg artifacts"
9895,truck,utility truck,pickup truck,a countryside road,cropped at the edge of the frame,golden hour,hard,a professional photo,"a professional photo of a utility truck pickup truck in a countryside road, cropped at the edge of the frame, golden hour. slight motion blur. single main subject, photorealistic color photo, natural colors, realistic texture, sharp focus on subject, no people, no text, no watermark, no logo, no border, no collage, no CGI, no illustration.","text, watermark, logo, caption, signature, border, frame, collage, multiple panels, cartoon, illustration, CGI, 3d render, low-poly, painting, anime, surreal, deformed, duplicate objects, extra limbs, blurry, out of focus, noise, oversaturated, posterized, artifacts, jpeg artifacts"
9798,truck,box truck,pickup truck,a grassy field,low angle,sunny afternoon,clean,a detailed photograph,"a detailed photograph of a box truck pickup truck in a grassy field, low angle, sunny afternoon. single main subject, photorealistic color photo, natural colors, realistic texture, sharp focus on subject, no people, no text, no watermark, no logo, no border, no collage, no CGI, no illustration.","text, watermark, logo, caption, signature, border, frame, collage, multiple panels, cartoon, illustration, CGI, 3d render, low-poly, painting, anime, surreal, deformed, duplicate objects, extra limbs, blurry, out of focus, noise, oversaturated, posterized, artifacts, jpeg artifacts"
9206,truck,pickup truck,delivery truck,a wet roadway after rain,close-up,foggy morning,clean,a high-quality image,"a high-quality image of a pickup truck delivery truck in a wet roadway after rain, close-up, foggy morning. single main subject, photorealistic color photo, natural colors, realistic texture, sharp focus on subject, no people, no text, no watermark, no logo, no border, no collage, no CGI, no illustration.","text, watermark, logo, caption, signature, border, frame, collage, multiple panels, cartoon, illustration, CGI, 3d render, low-poly, painting, anime, surreal, deformed, duplicate objects, extra limbs, blurry, out of focus, noise, oversaturated, posterized, artifacts, jpeg artifacts"
9253,truck,pickup truck,pickup truck,an industrial yard,wide shot,indoor soft window light,clean,a high-quality image,"a high-quality image of a pickup truck pickup truck in an industrial yard, wide shot, indoor soft window light. single main subject, photorealistic color photo, natural colors, realistic texture, sharp focus on subject, no people, no text, no watermark, no logo, no border, no collage, no CGI, no illustration.","text, watermark, logo, caption, signature, border, frame, collage, multiple panels, cartoon, illustration, CGI, 3d render, low-poly, painting, anime, surreal, deformed, duplicate objects, extra limbs, blurry, out of focus, noise, oversaturated, posterized, artifacts, jpeg artifacts"
9394,truck,delivery truck,pickup truck,a countryside road,3/4 view,overcast daylight,clean,a detailed photograph,"a detailed photograph of a delivery truck pickup truck in a countryside road, 3/4 view, overcast daylight. single main subject, photorealistic color photo, natural colors, realistic texture, sharp focus on subject, no people, no text, no watermark, no logo, no border, no collage, no CGI, no illustration.","text, watermark, logo, caption, signature, border, frame, collage, multiple panels, cartoon, illustration, CGI, 3d render, low-poly, painting, anime, surreal, deformed, duplicate objects, extra limbs, blurry, out of focus, noise, oversaturated, posterized, artifacts, jpeg artifacts"
9785,truck,utility truck,utility truck,a grassy field,wide shot,backlit rim light,clean,a professional photo,"a professional photo of a utility truck utility truck in a grassy field, wide shot, backlit rim light. single main subject, photorealistic color photo, natural colors, realistic texture, sharp focus on subject, no people, no text, no watermark, no logo, no border, no collage, no CGI, no illustration.","text, watermark, logo, caption, signature, border, frame, collage, multiple panels, cartoon, illustration, CGI, 3d render, low-poly, painting, anime, surreal, deformed, duplicate objects, extra limbs, blurry, out of focus, noise, oversaturated, posterized, artifacts, jpeg artifacts"
9254,truck,box truck,box truck,a lakeside shore,high angle,rainy with wet reflections,clean,a photorealistic color photo,"a photorealistic color photo of a box truck box truck in a lakeside shore, high angle, rainy with wet reflections. single main subject, photorealistic color photo, natural colors, realistic texture, sharp focus on subject, no people, no text, no watermark, no logo, no border, no collage, no CGI, no illustration.","text, watermark, logo, caption, signature, border, frame, collage, multiple panels, cartoon, illustration, CGI, 3d render, low-poly, painting, anime, surreal, deformed, duplicate objects, extra limbs, blurry, out of focus, noise, oversaturated, posterized, artifacts, jpeg artifacts"
9105,truck,box truck,box truck,a forest clearing,wide shot,golden hour,clean,an ultra-realistic rendering,"an ultra-realistic rendering of a box truck box truck in a forest clearing, wide shot, golden hour. single main subject, photorealistic color photo, natural colors, realistic texture, sharp focus on subject, no people, no text, no watermark, no logo, no border, no collage, no CGI, no illustration.","text, watermark, logo, caption, signature, border, frame, collage, multiple panels, cartoon, illustration, CGI, 3d render, low-poly, painting, anime, surreal, deformed, duplicate objects, extra limbs, blurry, out of focus, noise, oversaturated, posterized, artifacts, jpeg artifacts"
9382,truck,pickup truck,pickup truck,a lakeside shore,wide shot,sunny afternoon,clean,a professional photo,"a professional photo of a pickup truck pickup truck in a lakeside shore, wide shot, sunny afternoon. single main subject, photorealistic color photo, natural colors, realistic texture, sharp focus on subject, no people, no text, no watermark, no logo, no border, no collage, no CGI, no illustration.","text, watermark, logo, caption, signature, border, frame, collage, multiple panels, cartoon, illustration, CGI, 3d render, low-poly, painting, anime, surreal, deformed, duplicate objects, extra limbs, blurry, out of focus, noise, oversaturated, posterized, artifacts, jpeg artifacts"
9575,truck,utility truck,pickup truck,a backyard,3/4 view,indoor soft window light,clean,a high-quality image,"a high-quality image of a utility truck pickup truck in a backyard, 3/4 view, indoor soft window light. single main subject, photorealistic color photo, natural colors, realistic texture, sharp focus on subject, no people, no text, no watermark, no logo, no border, no collage, no CGI, no illustration.","text, watermark, logo, caption, signature, border, frame, collage, multiple panels, cartoon, illustration, CGI, 3d render, low-poly, painting, anime, surreal, deformed, duplicate objects, extra limbs, blurry, out of focus, noise, oversaturated, posterized, artifacts, jpeg artifacts"
9269,truck,delivery truck,utility truck,a backyard,high angle,rainy with wet reflections,clean,a photorealistic color photo,"a photorealistic color photo of a delivery truck utility truck in a backyard, high angle, rainy with wet reflections. single main subject, photorealistic color photo, natural colors, realistic texture, sharp focus on subject, no people, no text, no watermark, no logo, no border, no collage, no CGI, no illustration.","text, watermark, logo, caption, signature, border, frame, collage, multiple panels, cartoon, illustration, CGI, 3d render, low-poly, painting, anime, surreal, deformed, duplicate objects, extra limbs, blurry, out of focus, noise, oversaturated, posterized, artifacts, jpeg artifacts"
9138,truck,pickup truck,box truck,a wet roadway after rain,high angle,indoor soft window light,clean,a professional photo,"a professional photo of a pickup truck box truck in a wet roadway after rain, high angle, indoor soft window light. single main subject, photorealistic color photo, natural colors, realistic texture, sharp focus on subject, no people, no text, no watermark, no logo, no border, no collage, no CGI, no illustration.","text, watermark, logo, caption, signature, border, frame, collage, multiple panels, cartoon, illustration, CGI, 3d render, low-poly, painting, anime, surreal, deformed, duplicate objects, extra limbs, blurry, out of focus, noise, oversaturated, posterized, artifacts, jpeg artifacts"
9021,truck,pickup truck,dump truck,a grassy field,3/4 view,overcast daylight,clean,an ultra-realistic rendering,"an ultra-realistic rendering of a pickup truck dump truck in a grassy field, 3/4 view, overcast daylight. single main subject, photorealistic color photo, natural colors, realistic texture, sharp focus on subject, no people, no text, no watermark, no logo, no border, no collage, no CGI, no illustration.","text, watermark, logo, caption, signature, border, frame, collage, multiple panels, cartoon, illustration, CGI, 3d render, low-poly, painting, anime, surreal, deformed, duplicate objects, extra limbs, blurry, out of focus, noise, oversaturated, posterized, artifacts, jpeg artifacts"
9511,truck,dump truck,box truck,a city park,low angle,overcast daylight,clean,a high-quality image,"a high-quality image of a dump truck box truck in a city park, low angle, overcast daylight. single main subject, photorealistic color photo, natural colors, realistic texture, sharp focus on subject, no people, no text, no watermark, no logo, no border, no collage, no CGI, no illustration.","text, watermark, logo, caption, signature, border, frame, collage, multiple panels, cartoon, illustration, CGI, 3d render, low-poly, painting, anime, surreal, deformed, duplicate objects, extra limbs, blurry, out of focus, noise, oversaturated, posterized, artifacts, jpeg artifacts"
9618,truck,semi truck,semi truck,a wet roadway after rain,low angle,overcast daylight,clean,a detailed photograph,"a detailed photograph of a semi truck semi truck in a wet roadway after rain, low angle, overcast daylight. single main subject, photorealistic color photo, natural colors, realistic texture, sharp focus on subject, no people, no text, no watermark, no logo, no border, no collage, no CGI, no illustration.","text, watermark, logo, caption, signature, border, frame, collage, multiple panels, cartoon, illustration, CGI, 3d render, low-poly, painting, anime, surreal, deformed, duplicate objects, extra limbs, blurry, out of focus, noise, oversaturated, posterized, artifacts, jpeg artifacts"
9911,truck,box truck,dump truck,a countryside road,high angle,golden hour,hard,a detailed photograph,"a detailed photograph of a box truck dump truck in a countryside road, high angle, golden hour. busy background but still one main subject. single main subject, photorealistic color photo, natural colors, realistic texture, sharp focus on subject, no people, no text, no watermark, no logo, no border, no collage, no CGI, no illustration.","text, watermark, logo, caption, signature, border, frame, collage, multiple panels, cartoon, illustration, CGI, 3d render, low-poly, painting, anime, surreal, deformed, duplicate objects, extra limbs, blurry, out of focus, noise, oversaturated, posterized, artifacts, jpeg artifacts"
9272,truck,semi truck,semi truck,a countryside road,3/4 view,sunny afternoon,clean,a high-quality image,"a high-quality image of a semi truck semi truck in a countryside road, 3/4 view, sunny afternoon. single main subject, photorealistic color photo, natural colors, realistic texture, sharp focus on subject, no people, no text, no watermark, no logo, no border, no collage, no CGI, no illustration.","text, watermark, logo, caption, signature, border, frame, collage, multiple panels, cartoon, illustration, CGI, 3d render, low-poly, painting, anime, surreal, deformed, duplicate objects, extra limbs, blurry, out of focus, noise, oversaturated, posterized, artifacts, jpeg artifacts"
9574,truck,dump truck,dump truck,a sandy beach,slightly off-center framing,backlit rim light,clean,a detailed photograph,"a detailed photograph of a dump truck dump truck in a sandy beach, slightly off-center framing, backlit rim light. single main subject, photorealistic color photo, natural colors, realistic texture, sharp focus on subject, no people, no text, no watermark, no logo, no border, no collage, no CGI, no illustration.","text, watermark, logo, caption, signature, border, frame, collage, multiple panels, cartoon, illustration, CGI, 3d render, low-poly, painting, anime, surreal, deformed, duplicate objects, extra limbs, blurry, out of focus, noise, oversaturated, posterized, artifacts, jpeg artifacts"
9075,truck,semi truck,dump truck,a countryside road,slightly off-center framing,sunny afternoon,clean,an ultra-realistic rendering,"an ultra-realistic rendering of a semi truck dump truck in a countryside road, slightly off-center framing, sunny afternoon. single main subject, photorealistic color photo, natural colors, realistic texture, sharp focus on subject, no people, no text, no watermark, no logo, no border, no collage, no CGI, no illustration.","text, watermark, logo, caption, signature, border, frame, collage, multiple panels, cartoon, illustration, CGI, 3d render, low-poly, painting, anime, surreal, deformed, duplicate objects, extra limbs, blurry, out of focus, noise, oversaturated, posterized, artifacts, jpeg artifacts"
9964,truck,semi truck,delivery truck,a suburban neighborhood,3/4 view,rainy with wet reflections,hard,a high-quality image,"a high-quality image of a semi truck delivery truck in a suburban neighborhood, 3/4 view, rainy with wet reflections. partially occluded by a foreground object. single main subject, photorealistic color photo, natural colors, realistic texture, sharp focus on subject, no people, no text, no watermark, no logo, no border, no collage, no CGI, no illustration.","text, watermark, logo, caption, signature, border, frame, collage, multiple panels, cartoon, illustration, CGI, 3d render, low-poly, painting, anime, surreal, deformed, duplicate objects, extra limbs, blurry, out of focus, noise, oversaturated, posterized, artifacts, jpeg artifacts"
9700,truck,pickup truck,delivery truck,a forest clearing,low angle,nighttime under streetlights,clean,a detailed photograph,"a detailed photograph of a pickup truck delivery truck in a forest clearing, low angle, nighttime under streetlights. single main subject, photorealistic color photo, natural colors, realistic texture, sharp focus on subject, no people, no text, no watermark, no logo, no border, no collage, no CGI, no illustration.","text, watermark, logo, caption, signature, border, frame, collage, multiple panels, cartoon, illustration, CGI, 3d render, low-poly, painting, anime, surreal, deformed, duplicate objects, extra limbs, blurry, out of focus, noise, oversaturated, posterized, artifacts, jpeg artifacts"
9093,truck,semi truck,pickup truck,a lakeside shore,slightly off-center framing,backlit rim light,clean,a detailed photograph,"a detailed photograph of a semi truck pickup truck in a lakeside shore, slightly off-center framing, backlit rim light. single main subject, photorealistic color photo, natural colors, realistic texture, sharp focus on subject, no people, no text, no watermark, no logo, no border, no collage, no CGI, no illustration.","text, watermark, logo, caption, signature, border, frame, collage, multiple panels, cartoon, illustration, CGI, 3d render, low-poly, painting, anime, surreal, deformed, duplicate objects, extra limbs, blurry, out of focus, noise, oversaturated, posterized, artifacts, jpeg artifacts"
9563,truck,utility truck,utility truck,a gravel lot,3/4 view,overcast daylight,clean,a photorealistic color photo,"a photorealistic color photo of a utility truck utility truck in a gravel lot, 3/4 view, overcast daylight. single main subject, photorealistic color photo, natural colors, realistic texture, sharp focus on subject, no people, no text, no watermark, no logo, no border, no collage, no CGI, no illustration.","text, watermark, logo, caption, signature, border, frame, collage, multiple panels, cartoon, illustration, CGI, 3d render, low-poly, painting, anime, surreal, deformed, duplicate objects, extra limbs, blurry, out of focus, noise, oversaturated, posterized, artifacts, jpeg artifacts"
9524,truck,semi truck,pickup truck,a suburban neighborhood,3/4 view,rainy with wet reflections,clean,a detailed photograph,"a detailed photograph of a semi truck pickup truck in a suburban neighborhood, 3/4 view, rainy with wet reflections. single main subject, photorealistic color photo, natural colors, realistic texture, sharp focus on subject, no people, no text, no watermark, no logo, no border, no collage, no CGI, no illustration.","text, watermark, logo, caption, signature, border, frame, collage, multiple panels, cartoon, illustration, CGI, 3d render, low-poly, painting, anime, surreal, deformed, duplicate objects, extra limbs, blurry, out of focus, noise, oversaturated, posterized, artifacts, jpeg artifacts"
9736,truck,delivery truck,semi truck,a wet roadway after rain,high angle,indoor soft window light,clean,a finely detailed photo,"a finely detailed photo of a delivery truck semi truck in a wet roadway after rain, high angle, indoor soft window light. single main subject, photorealistic color photo, natural colors, realistic texture, sharp focus on subject, no people, no text, no watermark, no logo, no border, no collage, no CGI, no illustration.","text, watermark, logo, caption, signature, border, frame, collage, multiple panels, cartoon, illustration, CGI, 3d render, low-poly, painting, anime, surreal, deformed, duplicate objects, extra limbs, blurry, out of focus, noise, oversaturated, posterized, artifacts, jpeg artifacts"
9687,truck,utility truck,dump truck,a parking lot,side profile,sunny afternoon,clean,an ultra-realistic rendering,"an ultra-realistic rendering of a utility truck dump truck in a parking lot, side profile, sunny afternoon. single main subject, photorealistic color photo, natural colors, realistic texture, sharp focus on subject, no people, no text, no watermark, no logo, no border, no collage, no CGI, no illustration.","text, watermark, logo, caption, signature, border, frame, collage, multiple panels, cartoon, illustration, CGI, 3d render, low-poly, painting, anime, surreal, deformed, duplicate objects, extra limbs, blurry, out of focus, noise, oversaturated, posterized, artifacts, jpeg artifacts"
9292,truck,delivery truck,pickup truck,a forest clearing,3/4 view,foggy morning,clean,a detailed photograph,"a detailed photograph of a delivery truck pickup truck in a forest clearing, 3/4 view, foggy morning. single main subject, photorealistic color photo, natural colors, realistic texture, sharp focus on subject, no people, no text, no watermark, no logo, no border, no collage, no CGI, no illustration.","text, watermark, logo, caption, signature, border, frame, collage, multiple panels, cartoon, illustration, CGI, 3d render, low-poly, painting, anime, surreal, deformed, duplicate objects, extra limbs, blurry, out of focus, noise, oversaturated, posterized, artifacts, jpeg artifacts"
9194,truck,utility truck,pickup truck,a grassy field,3/4 view,overcast daylight,clean,an ultra-realistic rendering,"an ultra-realistic rendering of a utility truck pickup truck in a grassy field, 3/4 view, overcast daylight. single main subject, photorealistic color photo, natural colors, realistic texture, sharp focus on subject, no people, no text, no watermark, no logo, no border, no collage, no CGI, no illustration.","text, watermark, logo, caption, signature, border, frame, collage, multiple panels, cartoon, illustration, CGI, 3d render, low-poly, painting, anime, surreal, deformed, duplicate objects, extra limbs, blurry, out of focus, noise, oversaturated, posterized, artifacts, jpeg artifacts"
9377,truck,pickup truck,delivery truck,a grassy field,wide shot,indoor soft window light,clean,a professional photo,"a professional photo of a pickup truck delivery truck in a grassy field, wide shot, indoor soft window light. single main subject, photorealistic color photo, natural colors, realistic texture, sharp focus on subject, no people, no text, no watermark, no logo, no border, no collage, no CGI, no illustration.","text, watermark, logo, caption, signature, border, frame, collage, multiple panels, cartoon, illustration, CGI, 3d render, low-poly, painting, anime, surreal, deformed, duplicate objects, extra limbs, blurry, out of focus, noise, oversaturated, posterized, artifacts, jpeg artifacts"
9866,truck,delivery truck,utility truck,a backyard,high angle,overcast daylight,hard,a high-quality image,"a high-quality image of a delivery truck utility truck in a backyard, high angle, overcast daylight. slight motion blur. single main subject, photorealistic color photo, natural colors, realistic texture, sharp focus on subject, no people, no text, no watermark, no logo, no border, no collage, no CGI, no illustration.","text, watermark, logo, caption, signature, border, frame, collage, multiple panels, cartoon, illustration, CGI, 3d render, low-poly, painting, anime, surreal, deformed, duplicate objects, extra limbs, blurry, out of focus, noise, oversaturated, posterized, artifacts, jpeg artifacts"
9814,truck,box truck,delivery truck,a quiet residential street,wide shot,sunny afternoon,hard,a photorealistic color photo,"a photorealistic color photo of a box truck delivery truck in a quiet residential street, wide shot, sunny afternoon. slight motion blur. single main subject, photorealistic color photo, natural colors, realistic texture, sharp focus on subject, no people, no text, no watermark, no logo, no border, no collage, no CGI, no illustration.","text, watermark, logo, caption, signature, border, frame, collage, multiple panels, cartoon, illustration, CGI, 3d render, low-poly, painting, anime, surreal, deformed, duplicate objects, extra limbs, blurry, out of focus, noise, oversaturated, posterized, artifacts, jpeg artifacts"
9931,truck,box truck,utility truck,a sandy beach,close-up,rainy with wet reflections,hard,a high-quality image,"a high-quality image of a box truck utility truck in a sandy beach, close-up, rainy with wet reflections. busy background but still one main subject. single main subject, photorealistic color photo, natural colors, realistic texture, sharp focus on subject, no people, no text, no watermark, no logo, no border, no collage, no CGI, no illustration.","text, watermark, logo, caption, signature, border, frame, collage, multiple panels, cartoon, illustration, CGI, 3d render, low-poly, painting, anime, surreal, deformed, duplicate objects, extra limbs, blurry, out of focus, noise, oversaturated, posterized, artifacts, jpeg artifacts"
9475,truck,utility truck,dump truck,a countryside road,side profile,backlit rim light,clean,a professional photo,"a professional photo of a utility truck dump truck in a countryside road, side profile, backlit rim light. single main subject, photorealistic color photo, natural colors, realistic texture, sharp focus on subject, no people, no text, no watermark, no logo, no border, no collage, no CGI, no illustration.","text, watermark, logo, caption, signature, border, frame, collage, multiple panels, cartoon, illustration, CGI, 3d render, low-poly, painting, anime, surreal, deformed, duplicate objects, extra limbs, blurry, out of focus, noise, oversaturated, posterized, artifacts, jpeg artifacts"
9935,truck,pickup truck,dump truck,a suburban neighborhood,cropped at the edge of the frame,nighttime under streetlights,hard,a professional photo,"a professional photo of a pickup truck dump truck in a suburban neighborhood, cropped at the edge of the frame, nighttime under streetlights. cropped slightly. single main subject, photorealistic color photo, natural colors, realistic texture, sharp focus on subject, no people, no text, no watermark, no logo, no border, no collage, no CGI, no illustration.","text, watermark, logo, caption, signature, border, frame, collage, multiple panels, cartoon, illustration, CGI, 3d render, low-poly, painting, anime, surreal, deformed, duplicate objects, extra limbs, blurry, out of focus, noise, oversaturated, posterized, artifacts, jpeg artifacts"
9091,truck,semi truck,box truck,a countryside road,low angle,overcast daylight,clean,a high-quality image,"a high-quality image of a semi truck box truck in a countryside road, low angle, overcast daylight. single main subject, photorealistic color photo, natural colors, realistic texture, sharp focus on subject, no people, no text, no watermark, no logo, no border, no collage, no CGI, no illustration.","text, watermark, logo, caption, signature, border, frame, collage, multiple panels, cartoon, illustration, CGI, 3d render, low-poly, painting, anime, surreal, deformed, duplicate objects, extra limbs, blurry, out of focus, noise, oversaturated, posterized, artifacts, jpeg artifacts"
9280,truck,pickup truck,pickup truck,a parking lot,front view,golden hour,clean,an ultra-realistic rendering,"an ultra-realistic rendering of a pickup truck pickup truck in a parking lot, front view, golden hour. single main subject, photorealistic color photo, natural colors, realistic texture, sharp focus on subject, no people, no text, no watermark, no logo, no border, no collage, no CGI, no illustration.","text, watermark, logo, caption, signature, border, frame, collage, multiple panels, cartoon, illustration, CGI, 3d render, low-poly, painting, anime, surreal, deformed, duplicate objects, extra limbs, blurry, out of focus, noise, oversaturated, posterized, artifacts, jpeg artifacts"
9037,truck,pickup truck,box truck,a grassy field,low angle,sunny afternoon,clean,a photorealistic color photo,"a photorealistic color photo of a pickup truck box truck in a grassy field, low angle, sunny afternoon. single main subject, photorealistic color photo, natural colors, realistic texture, sharp focus on subject, no people, no text, no watermark, no logo, no border, no collage, no CGI, no illustration.","text, watermark, logo, caption, signature, border, frame, collage, multiple panels, cartoon, illustration, CGI, 3d render, low-poly, painting, anime, surreal, deformed, duplicate objects, extra limbs, blurry, out of focus, noise, oversaturated, posterized, artifacts, jpeg artifacts"
9009,truck,semi truck,box truck,a wet roadway after rain,high angle,backlit rim light,clean,a high-quality image,"a high-quality image of a semi truck box truck in a wet roadway after rain, high angle, backlit rim light. single main subject, photorealistic color photo, natural colors, realistic texture, sharp focus on subject, no people, no text, no watermark, no logo, no border, no collage, no CGI, no illustration.","text, watermark, logo, caption, signature, border, frame, collage, multiple panels, cartoon, illustration, CGI, 3d render, low-poly, painting, anime, surreal, deformed, duplicate objects, extra limbs, blurry, out of focus, noise, oversaturated, posterized, artifacts, jpeg artifacts"
9584,truck,pickup truck,dump truck,a backyard,slightly off-center framing,nighttime under streetlights,clean,a photorealistic color photo,"a photorealistic color photo of a pickup truck dump truck in a backyard, slightly off-center framing, nighttime under streetlights. single main subject, photorealistic color photo, natural colors, realistic texture, sharp focus on subject, no people, no text, no watermark, no logo, no border, no collage, no CGI, no illustration.","text, watermark, logo, caption, signature, border, frame, collage, multiple panels, cartoon, illustration, CGI, 3d render, low-poly, painting, anime, surreal, deformed, duplicate objects, extra limbs, blurry, out of focus, noise, oversaturated, posterized, artifacts, jpeg artifacts"
9721,truck,dump truck,delivery truck,a sandy beach,front view,rainy with wet reflections,clean,a finely detailed photo,"a finely detailed photo of a dump truck delivery truck in a sandy beach, front view, rainy with wet reflections. single main subject, photorealistic color photo, natural colors, realistic texture, sharp focus on subject, no people, no text, no watermark, no logo, no border, no collage, no CGI, no illustration.","text, watermark, logo, caption, signature, border, frame, collage, multiple panels, cartoon, illustration, CGI, 3d render, low-poly, painting, anime, surreal, deformed, duplicate objects, extra limbs, blurry, out of focus, noise, oversaturated, posterized, artifacts, jpeg artifacts"
9663,truck,pickup truck,dump truck,a city park,3/4 view,nighttime under streetlights,clean,an ultra-realistic rendering,"an ultra-realistic rendering of a pickup truck dump truck in a city park, 3/4 view, nighttime under streetlights. single main subject, photorealistic color photo, natural colors, realistic texture, sharp focus on subject, no people, no text, no watermark, no logo, no border, no collage, no CGI, no illustration.","text, watermark, logo, caption, signature, border, frame, collage, multiple panels, cartoon, illustration, CGI, 3d render, low-poly, painting, anime, surreal, deformed, duplicate objects, extra limbs, blurry, out of focus, noise, oversaturated, posterized, artifacts, jpeg artifacts"
9414,truck,pickup truck,box truck,a suburban neighborhood,close-up,golden hour,clean,a detailed photograph,"a detailed photograph of a pickup truck box truck in a suburban neighborhood, close-up, golden hour. single main subject, photorealistic color photo, natural colors, realistic texture, sharp focus on subject, no people, no text, no watermark, no logo, no border, no collage, no CGI, no illustration.","text, watermark, logo, caption, signature, border, frame, collage, multiple panels, cartoon, illustration, CGI, 3d render, low-poly, painting, anime, surreal, deformed, duplicate objects, extra limbs, blurry, out of focus, noise, oversaturated, posterized, artifacts, jpeg artifacts"
9188,truck,delivery truck,utility truck,a quiet residential street,front view,sunny afternoon,clean,a photorealistic color photo,"a photorealistic color photo of a delivery truck utility truck in a quiet residential street, front view, sunny afternoon. single main subject, photorealistic color photo, natural colors, realistic texture, sharp focus on subject, no people, no text, no watermark, no logo, no border, no collage, no CGI, no illustration.","text, watermark, logo, caption, signature, border, frame, collage, multiple panels, cartoon, illustration, CGI, 3d render, low-poly, painting, anime, surreal, deformed, duplicate objects, extra limbs, blurry, out of focus, noise, oversaturated, posterized, artifacts, jpeg artifacts"
9356,truck,delivery truck,pickup truck,a lakeside shore,close-up,indoor soft window light,clean,a finely detailed photo,"a finely detailed photo of a delivery truck pickup truck in a lakeside shore, close-up, indoor soft window light. single main subject, photorealistic color photo, natural colors, realistic texture, sharp focus on subject, no people, no text, no watermark, no logo, no border, no collage, no CGI, no illustration.","text, watermark, logo, caption, signature, border, frame, collage, multiple panels, cartoon, illustration, CGI, 3d render, low-poly, painting, anime, surreal, deformed, duplicate objects, extra limbs, blurry, out of focus, noise, oversaturated, posterized, artifacts, jpeg artifacts"
9527,truck,delivery truck,dump truck,an urban street,side profile,rainy with wet reflections,clean,a photorealistic color photo,"a photorealistic color photo of a delivery truck dump truck in an urban street, side profile, rainy with wet reflections. single main subject, photorealistic color photo, natural colors, realistic texture, sharp focus on subject, no people, no text, no watermark, no logo, no border, no collage, no CGI, no illustration.","text, watermark, logo, caption, signature, border, frame, collage, multiple panels, cartoon, illustration, CGI, 3d render, low-poly, painting, anime, surreal, deformed, duplicate objects, extra limbs, blurry, out of focus, noise, oversaturated, posterized, artifacts, jpeg artifacts"
9641,truck,delivery truck,semi truck,a suburban neighborhood,high angle,indoor soft window light,clean,an ultra-realistic rendering,"an ultra-realistic rendering of a delivery truck semi truck in a suburban neighborhood, high angle, indoor soft window light. single main subject, photorealistic color photo, natural colors, realistic texture, sharp focus on subject, no people, no text, no watermark, no logo, no border, no collage, no CGI, no illustration.","text, watermark, logo, caption, signature, border, frame, collage, multiple panels, cartoon, illustration, CGI, 3d render, low-poly, painting, anime, surreal, deformed, duplicate objects, extra limbs, blurry, out of focus, noise, oversaturated, posterized, artifacts, jpeg artifacts"
9590,truck,delivery truck,delivery truck,a parking lot,slightly off-center framing,foggy morning,clean,a high-quality image,"a high-quality image of a delivery truck delivery truck in a parking lot, slightly off-center framing, foggy morning. single main subject, photorealistic color photo, natural colors, realistic texture, sharp focus on subject, no people, no text, no watermark, no logo, no border, no collage, no CGI, no illustration.","text, watermark, logo, caption, signature, border, frame, collage, multiple panels, cartoon, illustration, CGI, 3d render, low-poly, painting, anime, surreal, deformed, duplicate objects, extra limbs, blurry, out of focus, noise, oversaturated, posterized, artifacts, jpeg artifacts"
9850,truck,utility truck,semi truck,a wet roadway after rain,slightly off-center framing,golden hour,hard,a detailed photograph,"a detailed photograph of a utility truck semi truck in a wet roadway after rain, slightly off-center framing, golden hour. partially occluded by a foreground object. single main subject, photorealistic color photo, natural colors, realistic texture, sharp focus on subject, no people, no text, no watermark, no logo, no border, no collage, no CGI, no illustration.","text, watermark, logo, caption, signature, border, frame, collage, multiple panels, cartoon, illustration, CGI, 3d render, low-poly, painting, anime, surreal, deformed, duplicate objects, extra limbs, blurry, out of focus, noise, oversaturated, posterized, artifacts, jpeg artifacts"
9900,truck,semi truck,utility truck,a wet roadway after rain,3/4 view,backlit rim light,hard,a photorealistic color photo,"a photorealistic color photo of a semi truck utility truck in a wet roadway after rain, 3/4 view, backlit rim light. busy background but still one main subject. single main subject, photorealistic color photo, natural colors, realistic texture, sharp focus on subject, no people, no text, no watermark, no logo, no border, no collage, no CGI, no illustration.","text, watermark, logo, caption, signature, border, frame, collage, multiple panels, cartoon, illustration, CGI, 3d render, low-poly, painting, anime, surreal, deformed, duplicate objects, extra limbs, blurry, out of focus, noise, oversaturated, posterized, artifacts, jpeg artifacts"
9162,truck,dump truck,pickup truck,a quiet residential street,wide shot,sunny afternoon,clean,a high-quality image,"a high-quality image of a dump truck pickup truck in a quiet residential street, wide shot, sunny afternoon. single main subject, photorealistic color photo, natural colors, realistic texture, sharp focus on subject, no people, no text, no watermark, no logo, no border, no collage, no CGI, no illustration.","text, watermark, logo, caption, signature, border, frame, collage, multiple panels, cartoon, illustration, CGI, 3d render, low-poly, painting, anime, surreal, deformed, duplicate objects, extra limbs, blurry, out of focus, noise, oversaturated, posterized, artifacts, jpeg artifacts"
9094,truck,box truck,dump truck,a suburban neighborhood,close-up,overcast daylight,clean,a professional photo,"a professional photo of a box truck dump truck in a suburban neighborhood, close-up, overcast daylight. single main subject, photorealistic color photo, natural colors, realistic texture, sharp focus on subject, no people, no text, no watermark, no logo, no border, no collage, no CGI, no illustration.","text, watermark, logo, caption, signature, border, frame, collage, multiple panels, cartoon, illustration, CGI, 3d render, low-poly, painting, anime, surreal, deformed, duplicate objects, extra limbs, blurry, out of focus, noise, oversaturated, posterized, artifacts, jpeg artifacts"
9946,truck,semi truck,semi truck,a lakeside shore,side profile,nighttime under streetlights,hard,a high-quality image,"a high-quality image of a semi truck semi truck in a lakeside shore, side profile, nighttime under streetlights. cropped slightly. single main subject, photorealistic color photo, natural colors, realistic texture, sharp focus on subject, no people, no text, no watermark, no logo, no border, no collage, no CGI, no illustration.","text, watermark, logo, caption, signature, border, frame, collage, multiple panels, cartoon, illustration, CGI, 3d render, low-poly, painting, anime, surreal, deformed, duplicate objects, extra limbs, blurry, out of focus, noise, oversaturated, posterized, artifacts, jpeg artifacts"
9045,truck,box truck,delivery truck,a countryside road,high angle,nighttime under streetlights,clean,a photorealistic color photo,"a photorealistic color photo of a box truck delivery truck in a countryside road, high angle, nighttime under streetlights. single main subject, photorealistic color photo, natural colors, realistic texture, sharp focus on subject, no people, no text, no watermark, no logo, no border, no collage, no CGI, no illustration.","text, watermark, logo, caption, signature, border, frame, collage, multiple panels, cartoon, illustration, CGI, 3d render, low-poly, painting, anime, surreal, deformed, duplicate objects, extra limbs, blurry, out of focus, noise, oversaturated, posterized, artifacts, jpeg artifacts"
9301,truck,semi truck,utility truck,a parking lot,slightly off-center framing,nighttime under streetlights,clean,an ultra-realistic rendering,"an ultra-realistic rendering of a semi truck utility truck in a parking lot, slightly off-center framing, nighttime under streetlights. single main subject, photorealistic color photo, natural colors, realistic texture, sharp focus on subject, no people, no text, no watermark, no logo, no border, no collage, no CGI, no illustration.","text, watermark, logo, caption, signature, border, frame, collage, multiple panels, cartoon, illustration, CGI, 3d render, low-poly, painting, anime, surreal, deformed, duplicate objects, extra limbs, blurry, out of focus, noise, oversaturated, posterized, artifacts, jpeg artifacts"
9979,truck,box truck,pickup truck,a lakeside shore,cropped at the edge of the frame,sunny afternoon,hard,a finely detailed photo,"a finely detailed photo of a box truck pickup truck in a lakeside shore, cropped at the edge of the frame, sunny afternoon. partially occluded by a foreground object. single main subject, photorealistic color photo, natural colors, realistic texture, sharp focus on subject, no people, no text, no watermark, no logo, no border, no collage, no CGI, no illustration.","text, watermark, logo, caption, signature, border, frame, collage, multiple panels, cartoon, illustration, CGI, 3d render, low-poly, painting, anime, surreal, deformed, duplicate objects, extra limbs, blurry, out of focus, noise, oversaturated, posterized, artifacts, jpeg artifacts"
9582,truck,utility truck,pickup truck,a wet roadway after rain,high angle,sunny afternoon,clean,an ultra-realistic rendering,"an ultra-realistic rendering of a utility truck pickup truck in a wet roadway after rain, high angle, sunny afternoon. single main subject, photorealistic color photo, natural colors, realistic texture, sharp focus on subject, no people, no text, no watermark, no logo, no border, no collage, no CGI, no illustration.","text, watermark, logo, caption, signature, border, frame, collage, multiple panels, cartoon, illustration, CGI, 3d render, low-poly, painting, anime, surreal, deformed, duplicate objects, extra limbs, blurry, out of focus, noise, oversaturated, posterized, artifacts, jpeg artifacts"
9547,truck,semi truck,utility truck,a city park,side profile,foggy morning,clean,a detailed photograph,"a detailed photograph of a semi truck utility truck in a city park, side profile, foggy morning. single main subject, photorealistic color photo, natural colors, realistic texture, sharp focus on subject, no people, no text, no watermark, no logo, no border, no collage, no CGI, no illustration.","text, watermark, logo, caption, signature, border, frame, collage, multiple panels, cartoon, illustration, CGI, 3d render, low-poly, painting, anime, surreal, deformed, duplicate objects, extra limbs, blurry, out of focus, noise, oversaturated, posterized, artifacts, jpeg artifacts"
9841,truck,dump truck,pickup truck,a countryside road,3/4 view,sunny afternoon,hard,a detailed photograph,"a detailed photograph of a dump truck pickup truck in a countryside road, 3/4 view, sunny afternoon. busy background but still one main subject. single main subject, photorealistic color photo, natural colors, realistic texture, sharp focus on subject, no people, no text, no watermark, no logo, no border, no collage, no CGI, no illustration.","text, watermark, logo, caption, signature, border, frame, collage, multiple panels, cartoon, illustration, CGI, 3d render, low-poly, painting, anime, surreal, deformed, duplicate objects, extra limbs, blurry, out of focus, noise, oversaturated, posterized, artifacts, jpeg artifacts"
9340,truck,delivery truck,utility truck,a forest clearing,slightly off-center framing,backlit rim light,clean,an ultra-realistic rendering,"an ultra-realistic rendering of a delivery truck utility truck in a forest clearing, slightly off-center framing, backlit rim light. single main subject, photorealistic color photo, natural colors, realistic texture, sharp focus on subject, no people, no text, no watermark, no logo, no border, no collage, no CGI, no illustration.","text, watermark, logo, caption, signature, border, frame, collage, multiple panels, cartoon, illustration, CGI, 3d render, low-poly, painting, anime, surreal, deformed, duplicate objects, extra limbs, blurry, out of focus, noise, oversaturated, posterized, artifacts, jpeg artifacts"
9578,truck,dump truck,dump truck,a grassy field,3/4 view,sunny afternoon,clean,a high-quality image,"a high-quality image of a dump truck dump truck in a grassy field, 3/4 view, sunny afternoon. single main subject, photorealistic color photo, natural colors, realistic texture, sharp focus on subject, no people, no text, no watermark, no logo, no border, no collage, no CGI, no illustration.","text, watermark, logo, caption, signature, border, frame, collage, multiple panels, cartoon, illustration, CGI, 3d render, low-poly, painting, anime, surreal, deformed, duplicate objects, extra limbs, blurry, out of focus, noise, oversaturated, posterized, artifacts, jpeg artifacts"
9498,truck,delivery truck,delivery truck,a quiet residential street,side profile,sunny afternoon,clean,a high-quality image,"a high-quality image of a delivery truck delivery truck in a quiet residential street, side profile, sunny afternoon. single main subject, photorealistic color photo, natural colors, realistic texture, sharp focus on subject, no people, no text, no watermark, no logo, no border, no collage, no CGI, no illustration.","text, watermark, logo, caption, signature, border, frame, collage, multiple panels, cartoon, illustration, CGI, 3d render, low-poly, painting, anime, surreal, deformed, duplicate objects, extra limbs, blurry, out of focus, noise, oversaturated, posterized, artifacts, jpeg artifacts"
9948,truck,pickup truck,delivery truck,an industrial yard,high angle,indoor soft window light,hard,a detailed photograph,"a detailed photograph of a pickup truck delivery truck in an industrial yard, high angle, indoor soft window light. in the distance. single main subject, photorealistic color photo, natural colors, realistic texture, sharp focus on subject, no people, no text, no watermark, no logo, no border, no collage, no CGI, no illustration.","text, watermark, logo, caption, signature, border, frame, collage, multiple panels, cartoon, illustration, CGI, 3d render, low-poly, painting, anime, surreal, deformed, duplicate objects, extra limbs, blurry, out of focus, noise, oversaturated, posterized, artifacts, jpeg artifacts"
9213,truck,semi truck,box truck,an urban street,front view,golden hour,clean,a professional photo,"a professional photo of a semi truck box truck in an urban street, front view, golden hour. single main subject, photorealistic color photo, natural colors, realistic texture, sharp focus on subject, no people, no text, no watermark, no logo, no border, no collage, no CGI, no illustration.","text, watermark, logo, caption, signature, border, frame, collage, multiple panels, cartoon, illustration, CGI, 3d render, low-poly, painting, anime, surreal, deformed, duplicate objects, extra limbs, blurry, out of focus, noise, oversaturated, posterized, artifacts, jpeg artifacts"
9443,truck,pickup truck,utility truck,a backyard,close-up,indoor soft window light,clean,a professional photo,"a professional photo of a pickup truck utility truck in a backyard, close-up, indoor soft window light. single main subject, photorealistic color photo, natural colors, realistic texture, sharp focus on subject, no people, no text, no watermark, no logo, no border, no collage, no CGI, no illustration.","text, watermark, logo, caption, signature, border, frame, collage, multiple panels, cartoon, illustration, CGI, 3d render, low-poly, painting, anime, surreal, deformed, duplicate objects, extra limbs, blurry, out of focus, noise, oversaturated, posterized, artifacts, jpeg artifacts"
9956,truck,semi truck,dump truck,a lakeside shore,close-up,rainy with wet reflections,hard,a finely detailed photo,"a finely detailed photo of a semi truck dump truck in a lakeside shore, close-up, rainy with wet reflections. cropped slightly. single main subject, photorealistic color photo, natural colors, realistic texture, sharp focus on subject, no people, no text, no watermark, no logo, no border, no collage, no CGI, no illustration.","text, watermark, logo, caption, signature, border, frame, collage, multiple panels, cartoon, illustration, CGI, 3d render, low-poly, painting, anime, surreal, deformed, duplicate objects, extra limbs, blurry, out of focus, noise, oversaturated, posterized, artifacts, jpeg artifacts"
9270,truck,delivery truck,pickup truck,an urban street,low angle,nighttime under streetlights,clean,a photorealistic color photo,"a photorealistic color photo of a delivery truck pickup truck in an urban street, low angle, nighttime under streetlights. single main subject, photorealistic color photo, natural colors, realistic texture, sharp focus on subject, no people, no text, no watermark, no logo, no border, no collage, no CGI, no illustration.","text, watermark, logo, caption, signature, border, frame, collage, multiple panels, cartoon, illustration, CGI, 3d render, low-poly, painting, anime, surreal, deformed, duplicate objects, extra limbs, blurry, out of focus, noise, oversaturated, posterized, artifacts, jpeg artifacts"
9252,truck,semi truck,pickup truck,a forest clearing,side profile,foggy morning,clean,a finely detailed photo,"a finely detailed photo of a semi truck pickup truck in a forest clearing, side profile, foggy morning. single main subject, photorealistic color photo, natural colors, realistic texture, sharp focus on subject, no people, no text, no watermark, no logo, no border, no collage, no CGI, no illustration.","text, watermark, logo, caption, signature, border, frame, collage, multiple panels, cartoon, illustration, CGI, 3d render, low-poly, painting, anime, surreal, deformed, duplicate objects, extra limbs, blurry, out of focus, noise, oversaturated, posterized, artifacts, jpeg artifacts"
9235,truck,pickup truck,box truck,a sandy beach,3/4 view,rainy with wet reflections,clean,a professional photo,"a professional photo of a pickup truck box truck in a sandy beach, 3/4 view, rainy with wet reflections. single main subject, photorealistic color photo, natural colors, realistic texture, sharp focus on subject, no people, no text, no watermark, no logo, no border, no collage, no CGI, no illustration.","text, watermark, logo, caption, signature, border, frame, collage, multiple panels, cartoon, illustration, CGI, 3d render, low-poly, painting, anime, surreal, deformed, duplicate objects, extra limbs, blurry, out of focus, noise, oversaturated, posterized, artifacts, jpeg artifacts"
9686,truck,dump truck,dump truck,a city park,slightly off-center framing,backlit rim light,clean,a finely detailed photo,"a finely detailed photo of a dump truck dump truck in a city park, slightly off-center framing, backlit rim light. single main subject, photorealistic color photo, natural colors, realistic texture, sharp focus on subject, no people, no text, no watermark, no logo, no border, no collage, no CGI, no illustration.","text, watermark, logo, caption, signature, border, frame, collage, multiple panels, cartoon, illustration, CGI, 3d render, low-poly, painting, anime, surreal, deformed, duplicate objects, extra limbs, blurry, out of focus, noise, oversaturated, posterized, artifacts, jpeg artifacts"
9399,truck,dump truck,box truck,an urban street,slightly off-center framing,golden hour,clean,a high-quality image,"a high-quality image of a dump truck box truck in an urban street, slightly off-center framing, golden hour. single main subject, photorealistic color photo, natural colors, realistic texture, sharp focus on subject, no people, no text, no watermark, no logo, no border, no collage, no CGI, no illustration.","text, watermark, logo, caption, signature, border, frame, collage, multiple panels, cartoon, illustration, CGI, 3d render, low-poly, painting, anime, surreal, deformed, duplicate objects, extra limbs, blurry, out of focus, noise, oversaturated, posterized, artifacts, jpeg artifacts"
9656,truck,box truck,delivery truck,a backyard,low angle,overcast daylight,clean,a photorealistic color photo,"a photorealistic color photo of a box truck delivery truck in a backyard, low angle, overcast daylight. single main subject, photorealistic color photo, natural colors, realistic texture, sharp focus on subject, no people, no text, no watermark, no logo, no border, no collage, no CGI, no illustration.","text, watermark, logo, caption, signature, border, frame, collage, multiple panels, cartoon, illustration, CGI, 3d render, low-poly, painting, anime, surreal, deformed, duplicate objects, extra limbs, blurry, out of focus, noise, oversaturated, posterized, artifacts, jpeg artifacts"
9242,truck,semi truck,delivery truck,a grassy field,low angle,indoor soft window light,clean,a high-quality image,"a high-quality image of a semi truck delivery truck in a grassy field, low angle, indoor soft window light. single main subject, photorealistic color photo, natural colors, realistic texture, sharp focus on subject, no people, no text, no watermark, no logo, no border, no collage, no CGI, no illustration.","text, watermark, logo, caption, signature, border, frame, collage, multiple panels, cartoon, illustration, CGI, 3d render, low-poly, painting, anime, surreal, deformed, duplicate objects, extra limbs, blurry, out of focus, noise, oversaturated, posterized, artifacts, jpeg artifacts"
9161,truck,box truck,utility truck,a countryside road,close-up,nighttime under streetlights,clean,a photorealistic color photo,"a photorealistic color photo of a box truck utility truck in a countryside road, close-up, nighttime under streetlights. single main subject, photorealistic color photo, natural colors, realistic texture, sharp focus on subject, no people, no text, no watermark, no logo, no border, no collage, no CGI, no illustration.","text, watermark, logo, caption, signature, border, frame, collage, multiple panels, cartoon, illustration, CGI, 3d render, low-poly, painting, anime, surreal, deformed, duplicate objects, extra limbs, blurry, out of focus, noise, oversaturated, posterized, artifacts, jpeg artifacts"
9066,truck,utility truck,dump truck,a countryside road,3/4 view,backlit rim light,clean,a high-quality image,"a high-quality image of a utility truck dump truck in a countryside road, 3/4 view, backlit rim light. single main subject, photorealistic color photo, natural colors, realistic texture, sharp focus on subject, no people, no text, no watermark, no logo, no border, no collage, no CGI, no illustration.","text, watermark, logo, caption, signature, border, frame, collage, multiple panels, cartoon, illustration, CGI, 3d render, low-poly, painting, anime, surreal, deformed, duplicate objects, extra limbs, blurry, out of focus, noise, oversaturated, posterized, artifacts, jpeg artifacts"
9155,truck,dump truck,dump truck,a forest clearing,close-up,nighttime under streetlights,clean,a professional photo,"a professional photo of a dump truck dump truck in a forest clearing, close-up, nighttime under streetlights. single main subject, photorealistic color photo, natural colors, realistic texture, sharp focus on subject, no people, no text, no watermark, no logo, no border, no collage, no CGI, no illustration.","text, watermark, logo, caption, signature, border, frame, collage, multiple panels, cartoon, illustration, CGI, 3d render, low-poly, painting, anime, surreal, deformed, duplicate objects, extra limbs, blurry, out of focus, noise, oversaturated, posterized, artifacts, jpeg artifacts"
9546,truck,box truck,semi truck,a city park,low angle,foggy morning,clean,an ultra-realistic rendering,"an ultra-realistic rendering of a box truck semi truck in a city park, low angle, foggy morning. single main subject, photorealistic color photo, natural colors, realistic texture, sharp focus on subject, no people, no text, no watermark, no logo, no border, no collage, no CGI, no illustration.","text, watermark, logo, caption, signature, border, frame, collage, multiple panels, cartoon, illustration, CGI, 3d render, low-poly, painting, anime, surreal, deformed, duplicate objects, extra limbs, blurry, out of focus, noise, oversaturated, posterized, artifacts, jpeg artifacts"
9187,truck,utility truck,utility truck,a gravel lot,high angle,golden hour,clean,an ultra-realistic rendering,"an ultra-realistic rendering of a utility truck utility truck in a gravel lot, high angle, golden hour. single main subject, photorealistic color photo, natural colors, realistic texture, sharp focus on subject, no people, no text, no watermark, no logo, no border, no collage, no CGI, no illustration.","text, watermark, logo, caption, signature, border, frame, collage, multiple panels, cartoon, illustration, CGI, 3d render, low-poly, painting, anime, surreal, deformed, duplicate objects, extra limbs, blurry, out of focus, noise, oversaturated, posterized, artifacts, jpeg artifacts"
9665,truck,pickup truck,pickup truck,a sandy beach,slightly off-center framing,golden hour,clean,a high-quality image,"a high-quality image of a pickup truck pickup truck in a sandy beach, slightly off-center framing, golden hour. single main subject, photorealistic color photo, natural colors, realistic texture, sharp focus on subject, no people, no text, no watermark, no logo, no border, no collage, no CGI, no illustration.","text, watermark, logo, caption, signature, border, frame, collage, multiple panels, cartoon, illustration, CGI, 3d render, low-poly, painting, anime, surreal, deformed, duplicate objects, extra limbs, blurry, out of focus, noise, oversaturated, posterized, artifacts, jpeg artifacts"
9514,truck,pickup truck,semi truck,a lakeside shore,close-up,overcast daylight,clean,a photorealistic color photo,"a photorealistic color photo of a pickup truck semi truck in a lakeside shore, close-up, overcast daylight. single main subject, photorealistic color photo, natural colors, realistic texture, sharp focus on subject, no people, no text, no watermark, no logo, no border, no collage, no CGI, no illustration.","text, watermark, logo, caption, signature, border, frame, collage, multiple panels, cartoon, illustration, CGI, 3d render, low-poly, painting, anime, surreal, deformed, duplicate objects, extra limbs, blurry, out of focus, noise, oversaturated, posterized, artifacts, jpeg artifacts"
9725,truck,semi truck,box truck,a suburban neighborhood,wide shot,backlit rim light,clean,a detailed photograph,"a detailed photograph of a semi truck box truck in a suburban neighborhood, wide shot, backlit rim light. single main subject, photorealistic color photo, natural colors, realistic texture, sharp focus on subject, no people, no text, no watermark, no logo, no border, no collage, no CGI, no illustration.","text, watermark, logo, caption, signature, border, frame, collage, multiple panels, cartoon, illustration, CGI, 3d render, low-poly, painting, anime, surreal, deformed, duplicate objects, extra limbs, blurry, out of focus, noise, oversaturated, posterized, artifacts, jpeg artifacts"
9392,truck,utility truck,delivery truck,a lakeside shore,side profile,foggy morning,clean,a detailed photograph,"a detailed photograph of a utility truck delivery truck in a lakeside shore, side profile, foggy morning. single main subject, photorealistic color photo, natural colors, realistic texture, sharp focus on subject, no people, no text, no watermark, no logo, no border, no collage, no CGI, no illustration.","text, watermark, logo, caption, signature, border, frame, collage, multiple panels, cartoon, illustration, CGI, 3d render, low-poly, painting, anime, surreal, deformed, duplicate objects, extra limbs, blurry, out of focus, noise, oversaturated, posterized, artifacts, jpeg artifacts"
9063,truck,semi truck,delivery truck,a suburban neighborhood,low angle,golden hour,clean,an ultra-realistic rendering,"an ultra-realistic rendering of a semi truck delivery truck in a suburban neighborhood, low angle, golden hour. single main subject, photorealistic color photo, natural colors, realistic texture, sharp focus on subject, no people, no text, no watermark, no logo, no border, no collage, no CGI, no illustration.","text, watermark, logo, caption, signature, border, frame, collage, multiple panels, cartoon, illustration, CGI, 3d render, low-poly, painting, anime, surreal, deformed, duplicate objects, extra limbs, blurry, out of focus, noise, oversaturated, posterized, artifacts, jpeg artifacts"
9099,truck,semi truck,dump truck,an urban street,side profile,sunny afternoon,clean,a photorealistic color photo,"a photorealistic color photo of a semi truck dump truck in an urban street, side profile, sunny afternoon. single main subject, photorealistic color photo, natural colors, realistic texture, sharp focus on subject, no people, no text, no watermark, no logo, no border, no collage, no CGI, no illustration.","text, watermark, logo, caption, signature, border, frame, collage, multiple panels, cartoon, illustration, CGI, 3d render, low-poly, painting, anime, surreal, deformed, duplicate objects, extra limbs, blurry, out of focus, noise, oversaturated, posterized, artifacts, jpeg artifacts"
9126,truck,pickup truck,box truck,a lakeside shore,3/4 view,backlit rim light,clean,an ultra-realistic rendering,"an ultra-realistic rendering of a pickup truck box truck in a lakeside shore, 3/4 view, backlit rim light. single main subject, photorealistic color photo, natural colors, realistic texture, sharp focus on subject, no people, no text, no watermark, no logo, no border, no collage, no CGI, no illustration.","text, watermark, logo, caption, signature, border, frame, collage, multiple panels, cartoon, illustration, CGI, 3d render, low-poly, painting, anime, surreal, deformed, duplicate objects, extra limbs, blurry, out of focus, noise, oversaturated, posterized, artifacts, jpeg artifacts"
9135,truck,dump truck,dump truck,a wet roadway after rain,wide shot,rainy with wet reflections,clean,an ultra-realistic rendering,"an ultra-realistic rendering of a dump truck dump truck in a wet roadway after rain, wide shot, rainy with wet reflections. single main subject, photorealistic color photo, natural colors, realistic texture, sharp focus on subject, no people, no text, no watermark, no logo, no border, no collage, no CGI, no illustration.","text, watermark, logo, caption, signature, border, frame, collage, multiple panels, cartoon, illustration, CGI, 3d render, low-poly, painting, anime, surreal, deformed, duplicate objects, extra limbs, blurry, out of focus, noise, oversaturated, posterized, artifacts, jpeg artifacts"
9209,truck,semi truck,box truck,a parking lot,front view,golden hour,clean,a finely detailed photo,"a finely detailed photo of a semi truck box truck in a parking lot, front view, golden hour. single main subject, photorealistic color photo, natural colors, realistic texture, sharp focus on subject, no people, no text, no watermark, no logo, no border, no collage, no CGI, no illustration.","text, watermark, logo, caption, signature, border, frame, collage, multiple panels, cartoon, illustration, CGI, 3d render, low-poly, painting, anime, surreal, deformed, duplicate objects, extra limbs, blurry, out of focus, noise, oversaturated, posterized, artifacts, jpeg artifacts"
9630,truck,box truck,dump truck,a suburban neighborhood,side profile,foggy morning,clean,a detailed photograph,"a detailed photograph of a box truck dump truck in a suburban neighborhood, side profile, foggy morning. single main subject, photorealistic color photo, natural colors, realistic texture, sharp focus on subject, no people, no text, no watermark, no logo, no border, no collage, no CGI, no illustration.","text, watermark, logo, caption, signature, border, frame, collage, multiple panels, cartoon, illustration, CGI, 3d render, low-poly, painting, anime, surreal, deformed, duplicate objects, extra limbs, blurry, out of focus, noise, oversaturated, posterized, artifacts, jpeg artifacts"
9623,truck,box truck,utility truck,a backyard,wide shot,indoor soft window light,clean,a professional photo,"a professional photo of a box truck utility truck in a backyard, wide shot, indoor soft window light. single main subject, photorealistic color photo, natural colors, realistic texture, sharp focus on subject, no people, no text, no watermark, no logo, no border, no collage, no CGI, no illustration.","text, watermark, logo, caption, signature, border, frame, collage, multiple panels, cartoon, illustration, CGI, 3d render, low-poly, painting, anime, surreal, deformed, duplicate objects, extra limbs, blurry, out of focus, noise, oversaturated, posterized, artifacts, jpeg artifacts"
9442,truck,delivery truck,utility truck,a wet roadway after rain,slightly off-center framing,sunny afternoon,clean,a photorealistic color photo,"a photorealistic color photo of a delivery truck utility truck in a wet roadway after rain, slightly off-center framing, sunny afternoon. single main subject, photorealistic color photo, natural colors, realistic texture, sharp focus on subject, no people, no text, no watermark, no logo, no border, no collage, no CGI, no illustration.","text, watermark, logo, caption, signature, border, frame, collage, multiple panels, cartoon, illustration, CGI, 3d render, low-poly, painting, anime, surreal, deformed, duplicate objects, extra limbs, blurry, out of focus, noise, oversaturated, posterized, artifacts, jpeg artifacts"
9556,truck,semi truck,pickup truck,a quiet residential street,front view,foggy morning,clean,a detailed photograph,"a detailed photograph of a semi truck pickup truck in a quiet residential street, front view, foggy morning. single main subject, photorealistic color photo, natural colors, realistic texture, sharp focus on subject, no people, no text, no watermark, no logo, no border, no collage, no CGI, no illustration.","text, watermark, logo, caption, signature, border, frame, collage, multiple panels, cartoon, illustration, CGI, 3d render, low-poly, painting, anime, surreal, deformed, duplicate objects, extra limbs, blurry, out of focus, noise, oversaturated, posterized, artifacts, jpeg artifacts"
9495,truck,box truck,dump truck,a suburban neighborhood,high angle,foggy morning,clean,an ultra-realistic rendering,"an ultra-realistic rendering of a box truck dump truck in a suburban neighborhood, high angle, foggy morning. single main subject, photorealistic color photo, natural colors, realistic texture, sharp focus on subject, no people, no text, no watermark, no logo, no border, no collage, no CGI, no illustration.","text, watermark, logo, caption, signature, border, frame, collage, multiple panels, cartoon, illustration, CGI, 3d render, low-poly, painting, anime, surreal, deformed, duplicate objects, extra limbs, blurry, out of focus, noise, oversaturated, posterized, artifacts, jpeg artifacts"
9136,truck,delivery truck,semi truck,a sandy beach,wide shot,golden hour,clean,a photorealistic color photo,"a photorealistic color photo of a delivery truck semi truck in a sandy beach, wide shot, golden hour. single main subject, photorealistic color photo, natural colors, realistic texture, sharp focus on subject, no people, no text, no watermark, no logo, no border, no collage, no CGI, no illustration.","text, watermark, logo, caption, signature, border, frame, collage, multiple panels, cartoon, illustration, CGI, 3d render, low-poly, painting, anime, surreal, deformed, duplicate objects, extra limbs, blurry, out of focus, noise, oversaturated, posterized, artifacts, jpeg artifacts"
9363,truck,utility truck,semi truck,a sandy beach,wide shot,nighttime under streetlights,clean,an ultra-realistic rendering,"an ultra-realistic rendering of a utility truck semi truck in a sandy beach, wide shot, nighttime under streetlights. single main subject, photorealistic color photo, natural colors, realistic texture, sharp focus on subject, no people, no text, no watermark, no logo, no border, no collage, no CGI, no illustration.","text, watermark, logo, caption, signature, border, frame, collage, multiple panels, cartoon, illustration, CGI, 3d render, low-poly, painting, anime, surreal, deformed, duplicate objects, extra limbs, blurry, out of focus, noise, oversaturated, posterized, artifacts, jpeg artifacts"
9740,truck,dump truck,utility truck,a backyard,slightly off-center framing,golden hour,clean,a high-quality image,"a high-quality image of a dump truck utility truck in a backyard, slightly off-center framing, golden hour. single main subject, photorealistic color photo, natural colors, realistic texture, sharp focus on subject, no people, no text, no watermark, no logo, no border, no collage, no CGI, no illustration.","text, watermark, logo, caption, signature, border, frame, collage, multiple panels, cartoon, illustration, CGI, 3d render, low-poly, painting, anime, surreal, deformed, duplicate objects, extra limbs, blurry, out of focus, noise, oversaturated, posterized, artifacts, jpeg artifacts"
9596,truck,utility truck,delivery truck,a backyard,front view,overcast daylight,clean,a professional photo,"a professional photo of a utility truck delivery truck in a backyard, front view, overcast daylight. single main subject, photorealistic color photo, natural colors, realistic texture, sharp focus on subject, no people, no text, no watermark, no logo, no border, no collage, no CGI, no illustration.","text, watermark, logo, caption, signature, border, frame, collage, multiple panels, cartoon, illustration, CGI, 3d render, low-poly, painting, anime, surreal, deformed, duplicate objects, extra limbs, blurry, out of focus, noise, oversaturated, posterized, artifacts, jpeg artifacts"
9010,truck,dump truck,pickup truck,a suburban neighborhood,3/4 view,sunny afternoon,clean,a finely detailed photo,"a finely detailed photo of a dump truck pickup truck in a suburban neighborhood, 3/4 view, sunny afternoon. single main subject, photorealistic color photo, natural colors, realistic texture, sharp focus on subject, no people, no text, no watermark, no logo, no border, no collage, no CGI, no illustration.","text, watermark, logo, caption, signature, border, frame, collage, multiple panels, cartoon, illustration, CGI, 3d render, low-poly, painting, anime, surreal, deformed, duplicate objects, extra limbs, blurry, out of focus, noise, oversaturated, posterized, artifacts, jpeg artifacts"
9811,truck,semi truck,utility truck,a city park,wide shot,nighttime under streetlights,hard,a professional photo,"a professional photo of a semi truck utility truck in a city park, wide shot, nighttime under streetlights. slight motion blur. single main subject, photorealistic color photo, natural colors, realistic texture, sharp focus on subject, no people, no text, no watermark, no logo, no border, no collage, no CGI, no illustration.","text, watermark, logo, caption, signature, border, frame, collage, multiple panels, cartoon, illustration, CGI, 3d render, low-poly, painting, anime, surreal, deformed, duplicate objects, extra limbs, blurry, out of focus, noise, oversaturated, posterized, artifacts, jpeg artifacts"
9282,truck,utility truck,pickup truck,a lakeside shore,front view,backlit rim light,clean,a photorealistic color photo,"a photorealistic color photo of a utility truck pickup truck in a lakeside shore, front view, backlit rim light. single main subject, photorealistic color photo, natural colors, realistic texture, sharp focus on subject, no people, no text, no watermark, no logo, no border, no collage, no CGI, no illustration.","text, watermark, logo, caption, signature, border, frame, collage, multiple panels, cartoon, illustration, CGI, 3d render, low-poly, painting, anime, surreal, deformed, duplicate objects, extra limbs, blurry, out of focus, noise, oversaturated, posterized, artifacts, jpeg artifacts"
9600,truck,pickup truck,box truck,a countryside road,close-up,foggy morning,clean,a photorealistic color photo,"a photorealistic color photo of a pickup truck box truck in a countryside road, close-up, foggy morning. single main subject, photorealistic color photo, natural colors, realistic texture, sharp focus on subject, no people, no text, no watermark, no logo, no border, no collage, no CGI, no illustration.","text, watermark, logo, caption, signature, border, frame, collage, multiple panels, cartoon, illustration, CGI, 3d render, low-poly, painting, anime, surreal, deformed, duplicate objects, extra limbs, blurry, out of focus, noise, oversaturated, posterized, artifacts, jpeg artifacts"
9893,truck,pickup truck,semi truck,a backyard,slightly off-center framing,backlit rim light,hard,a photorealistic color photo,"a photorealistic color photo of a pickup truck semi truck in a backyard, slightly off-center framing, backlit rim light. cropped slightly. single main subject, photorealistic color photo, natural colors, realistic texture, sharp focus on subject, no people, no text, no watermark, no logo, no border, no collage, no CGI, no illustration.","text, watermark, logo, caption, signature, border, frame, collage, multiple panels, cartoon, illustration, CGI, 3d render, low-poly, painting, anime, surreal, deformed, duplicate objects, extra limbs, blurry, out of focus, noise, oversaturated, posterized, artifacts, jpeg artifacts"
9713,truck,utility truck,utility truck,a parking lot,high angle,rainy with wet reflections,clean,an ultra-realistic rendering,"an ultra-realistic rendering of a utility truck utility truck in a parking lot, high angle, rainy with wet reflections. single main subject, photorealistic color photo, natural colors, realistic texture, sharp focus on subject, no people, no text, no watermark, no logo, no border, no collage, no CGI, no illustration.","text, watermark, logo, caption, signature, border, frame, collage, multiple panels, cartoon, illustration, CGI, 3d render, low-poly, painting, anime, surreal, deformed, duplicate objects, extra limbs, blurry, out of focus, noise, oversaturated, posterized, artifacts, jpeg artifacts"
9704,truck,pickup truck,pickup truck,an industrial yard,close-up,backlit rim light,clean,an ultra-realistic rendering,"an ultra-realistic rendering of a pickup truck pickup truck in an industrial yard, close-up, backlit rim light. single main subject, photorealistic color photo, natural colors, realistic texture, sharp focus on subject, no people, no text, no watermark, no logo, no border, no collage, no CGI, no illustration.","text, watermark, logo, caption, signature, border, frame, collage, multiple panels, cartoon, illustration, CGI, 3d render, low-poly, painting, anime, surreal, deformed, duplicate objects, extra limbs, blurry, out of focus, noise, oversaturated, posterized, artifacts, jpeg artifacts"
9652,truck,semi truck,dump truck,an urban street,wide shot,rainy with wet reflections,clean,a finely detailed photo,"a finely detailed photo of a semi truck dump truck in an urban street, wide shot, rainy with wet reflections. single main subject, photorealistic color photo, natural colors, realistic texture, sharp focus on subject, no people, no text, no watermark, no logo, no border, no collage, no CGI, no illustration.","text, watermark, logo, caption, signature, border, frame, collage, multiple panels, cartoon, illustration, CGI, 3d render, low-poly, painting, anime, surreal, deformed, duplicate objects, extra limbs, blurry, out of focus, noise, oversaturated, posterized, artifacts, jpeg artifacts"
9526,truck,semi truck,utility truck,a lakeside shore,wide shot,rainy with wet reflections,clean,a professional photo,"a professional photo of a semi truck utility truck in a lakeside shore, wide shot, rainy with wet reflections. single main subject, photorealistic color photo, natural colors, realistic texture, sharp focus on subject, no people, no text, no watermark, no logo, no border, no collage, no CGI, no illustration.","text, watermark, logo, caption, signature, border, frame, collage, multiple panels, cartoon, illustration, CGI, 3d render, low-poly, painting, anime, surreal, deformed, duplicate objects, extra limbs, blurry, out of focus, noise, oversaturated, posterized, artifacts, jpeg artifacts"
9396,truck,pickup truck,delivery truck,an industrial yard,close-up,sunny afternoon,clean,a professional photo,"a professional photo of a pickup truck delivery truck in an industrial yard, close-up, sunny afternoon. single main subject, photorealistic color photo, natural colors, realistic texture, sharp focus on subject, no people, no text, no watermark, no logo, no border, no collage, no CGI, no illustration.","text, watermark, logo, caption, signature, border, frame, collage, multiple panels, cartoon, illustration, CGI, 3d render, low-poly, painting, anime, surreal, deformed, duplicate objects, extra limbs, blurry, out of focus, noise, oversaturated, posterized, artifacts, jpeg artifacts"
9019,truck,box truck,dump truck,a forest clearing,front view,golden hour,clean,a photorealistic color photo,"a photorealistic color photo of a box truck dump truck in a forest clearing, front view, golden hour. single main subject, photorealistic color photo, natural colors, realistic texture, sharp focus on subject, no people, no text, no watermark, no logo, no border, no collage, no CGI, no illustration.","text, watermark, logo, caption, signature, border, frame, collage, multiple panels, cartoon, illustration, CGI, 3d render, low-poly, painting, anime, surreal, deformed, duplicate objects, extra limbs, blurry, out of focus, noise, oversaturated, posterized, artifacts, jpeg artifacts"
9998,truck,delivery truck,pickup truck,a gravel lot,cropped at the edge of the frame,rainy with wet reflections,hard,a high-quality image,"a high-quality image of a delivery truck pickup truck in a gravel lot, cropped at the edge of the frame, rainy with wet reflections. partially occluded by a foreground object. single main subject, photorealistic color photo, natural colors, realistic texture, sharp focus on subject, no people, no text, no watermark, no logo, no border, no collage, no CGI, no illustration.","text, watermark, logo, caption, signature, border, frame, collage, multiple panels, cartoon, illustration, CGI, 3d render, low-poly, painting, anime, surreal, deformed, duplicate objects, extra limbs, blurry, out of focus, noise, oversaturated, posterized, artifacts, jpeg artifacts"
9694,truck,delivery truck,utility truck,a lakeside shore,high angle,foggy morning,clean,a finely detailed photo,"a finely detailed photo of a delivery truck utility truck in a lakeside shore, high angle, foggy morning. single main subject, photorealistic color photo, natural colors, realistic texture, sharp focus on subject, no people, no text, no watermark, no logo, no border, no collage, no CGI, no illustration.","text, watermark, logo, caption, signature, border, frame, collage, multiple panels, cartoon, illustration, CGI, 3d render, low-poly, painting, anime, surreal, deformed, duplicate objects, extra limbs, blurry, out of focus, noise, oversaturated, posterized, artifacts, jpeg artifacts"
9088,truck,pickup truck,semi truck,a suburban neighborhood,high angle,indoor soft window light,clean,a high-quality image,"a high-quality image of a pickup truck semi truck in a suburban neighborhood, high angle, indoor soft window light. single main subject, photorealistic color photo, natural colors, realistic texture, sharp focus on subject, no people, no text, no watermark, no logo, no border, no collage, no CGI, no illustration.","text, watermark, logo, caption, signature, border, frame, collage, multiple panels, cartoon, illustration, CGI, 3d render, low-poly, painting, anime, surreal, deformed, duplicate objects, extra limbs, blurry, out of focus, noise, oversaturated, posterized, artifacts, jpeg artifacts"
9647,truck,delivery truck,semi truck,a quiet residential street,low angle,golden hour,clean,a photorealistic color photo,"a photorealistic color photo of a delivery truck semi truck in a quiet residential street, low angle, golden hour. single main subject, photorealistic color photo, natural colors, realistic texture, sharp focus on subject, no people, no text, no watermark, no logo, no border, no collage, no CGI, no illustration.","text, watermark, logo, caption, signature, border, frame, collage, multiple panels, cartoon, illustration, CGI, 3d render, low-poly, painting, anime, surreal, deformed, duplicate objects, extra limbs, blurry, out of focus, noise, oversaturated, posterized, artifacts, jpeg artifacts"
9003,truck,pickup truck,dump truck,a sandy beach,high angle,indoor soft window light,clean,an ultra-realistic rendering,"an ultra-realistic rendering of a pickup truck dump truck in a sandy beach, high angle, indoor soft window light. single main subject, photorealistic color photo, natural colors, realistic texture, sharp focus on subject, no people, no text, no watermark, no logo, no border, no collage, no CGI, no illustration.","text, watermark, logo, caption, signature, border, frame, collage, multiple panels, cartoon, illustration, CGI, 3d render, low-poly, painting, anime, surreal, deformed, duplicate objects, extra limbs, blurry, out of focus, noise, oversaturated, posterized, artifacts, jpeg artifacts"
9255,truck,dump truck,dump truck,an industrial yard,close-up,sunny afternoon,clean,a photorealistic color photo,"a photorealistic color photo of a dump truck dump truck in an industrial yard, close-up, sunny afternoon. single main subject, photorealistic color photo, natural colors, realistic texture, sharp focus on subject, no people, no text, no watermark, no logo, no border, no collage, no CGI, no illustration.","text, watermark, logo, caption, signature, border, frame, collage, multiple panels, cartoon, illustration, CGI, 3d render, low-poly, painting, anime, surreal, deformed, duplicate objects, extra limbs, blurry, out of focus, noise, oversaturated, posterized, artifacts, jpeg artifacts"
9490,truck,dump truck,box truck,a countryside road,close-up,sunny afternoon,clean,a high-quality image,"a high-quality image of a dump truck box truck in a countryside road, close-up, sunny afternoon. single main subject, photorealistic color photo, natural colors, realistic texture, sharp focus on subject, no people, no text, no watermark, no logo, no border, no collage, no CGI, no illustration.","text, watermark, logo, caption, signature, border, frame, collage, multiple panels, cartoon, illustration, CGI, 3d render, low-poly, painting, anime, surreal, deformed, duplicate objects, extra limbs, blurry, out of focus, noise, oversaturated, posterized, artifacts, jpeg artifacts"
9234,truck,pickup truck,utility truck,an urban street,high angle,indoor soft window light,clean,a finely detailed photo,"a finely detailed photo of a pickup truck utility truck in an urban street, high angle, indoor soft window light. single main subject, photorealistic color photo, natural colors, realistic texture, sharp focus on subject, no people, no text, no watermark, no logo, no border, no collage, no CGI, no illustration.","text, watermark, logo, caption, signature, border, frame, collage, multiple panels, cartoon, illustration, CGI, 3d render, low-poly, painting, anime, surreal, deformed, duplicate objects, extra limbs, blurry, out of focus, noise, oversaturated, posterized, artifacts, jpeg artifacts"
9851,truck,utility truck,pickup truck,a countryside road,front view,backlit rim light,hard,a detailed photograph,"a detailed photograph of a utility truck pickup truck in a countryside road, front view, backlit rim light. busy background but still one main subject. single main subject, photorealistic color photo, natural colors, realistic texture, sharp focus on subject, no people, no text, no watermark, no logo, no border, no collage, no CGI, no illustration.","text, watermark, logo, caption, signature, border, frame, collage, multiple panels, cartoon, illustration, CGI, 3d render, low-poly, painting, anime, surreal, deformed, duplicate objects, extra limbs, blurry, out of focus, noise, oversaturated, posterized, artifacts, jpeg artifacts"
9223,truck,pickup truck,semi truck,a wet roadway after rain,low angle,rainy with wet reflections,clean,a high-quality image,"a high-quality image of a pickup truck semi truck in a wet roadway after rain, low angle, rainy with wet reflections. single main subject, photorealistic color photo, natural colors, realistic texture, sharp focus on subject, no people, no text, no watermark, no logo, no border, no collage, no CGI, no illustration.","text, watermark, logo, caption, signature, border, frame, collage, multiple panels, cartoon, illustration, CGI, 3d render, low-poly, painting, anime, surreal, deformed, duplicate objects, extra limbs, blurry, out of focus, noise, oversaturated, posterized, artifacts, jpeg artifacts"
9148,truck,utility truck,pickup truck,a lakeside shore,side profile,foggy morning,clean,an ultra-realistic rendering,"an ultra-realistic rendering of a utility truck pickup truck in a lakeside shore, side profile, foggy morning. single main subject, photorealistic color photo, natural colors, realistic texture, sharp focus on subject, no people, no text, no watermark, no logo, no border, no collage, no CGI, no illustration.","text, watermark, logo, caption, signature, border, frame, collage, multiple panels, cartoon, illustration, CGI, 3d render, low-poly, painting, anime, surreal, deformed, duplicate objects, extra limbs, blurry, out of focus, noise, oversaturated, posterized, artifacts, jpeg artifacts"
9103,truck,dump truck,dump truck,an urban street,side profile,sunny afternoon,clean,a detailed photograph,"a detailed photograph of a dump truck dump truck in an urban street, side profile, sunny afternoon. single main subject, photorealistic color photo, natural colors, realistic texture, sharp focus on subject, no people, no text, no watermark, no logo, no border, no collage, no CGI, no illustration.","text, watermark, logo, caption, signature, border, frame, collage, multiple panels, cartoon, illustration, CGI, 3d render, low-poly, painting, anime, surreal, deformed, duplicate objects, extra limbs, blurry, out of focus, noise, oversaturated, posterized, artifacts, jpeg artifacts"
9434,truck,dump truck,box truck,an urban street,slightly off-center framing,indoor soft window light,clean,an ultra-realistic rendering,"an ultra-realistic rendering of a dump truck box truck in an urban street, slightly off-center framing, indoor soft window light. single main subject, photorealistic color photo, natural colors, realistic texture, sharp focus on subject, no people, no text, no watermark, no logo, no border, no collage, no CGI, no illustration.","text, watermark, logo, caption, signature, border, frame, collage, multiple panels, cartoon, illustration, CGI, 3d render, low-poly, painting, anime, surreal, deformed, duplicate objects, extra limbs, blurry, out of focus, noise, oversaturated, posterized, artifacts, jpeg artifacts"
9813,truck,box truck,semi truck,a parking lot,close-up,indoor soft window light,hard,a detailed photograph,"a detailed photograph of a box truck semi truck in a parking lot, close-up, indoor soft window light. partially occluded by a foreground object. single main subject, photorealistic color photo, natural colors, realistic texture, sharp focus on subject, no people, no text, no watermark, no logo, no border, no collage, no CGI, no illustration.","text, watermark, logo, caption, signature, border, frame, collage, multiple panels, cartoon, illustration, CGI, 3d render, low-poly, painting, anime, surreal, deformed, duplicate objects, extra limbs, blurry, out of focus, noise, oversaturated, posterized, artifacts, jpeg artifacts"
9541,truck,pickup truck,pickup truck,a sandy beach,high angle,golden hour,clean,a finely detailed photo,"a finely detailed photo of a pickup truck pickup truck in a sandy beach, high angle, golden hour. single main subject, photorealistic color photo, natural colors, realistic texture, sharp focus on subject, no people, no text, no watermark, no logo, no border, no collage, no CGI, no illustration.","text, watermark, logo, caption, signature, border, frame, collage, multiple panels, cartoon, illustration, CGI, 3d render, low-poly, painting, anime, surreal, deformed, duplicate objects, extra limbs, blurry, out of focus, noise, oversaturated, posterized, artifacts, jpeg artifacts"
9072,truck,dump truck,delivery truck,a gravel lot,wide shot,rainy with wet reflections,clean,a photorealistic color photo,"a photorealistic color photo of a dump truck delivery truck in a gravel lot, wide shot, rainy with wet reflections. single main subject, photorealistic color photo, natural colors, realistic texture, sharp focus on subject, no people, no text, no watermark, no logo, no border, no collage, no CGI, no illustration.","text, watermark, logo, caption, signature, border, frame, collage, multiple panels, cartoon, illustration, CGI, 3d render, low-poly, painting, anime, surreal, deformed, duplicate objects, extra limbs, blurry, out of focus, noise, oversaturated, posterized, artifacts, jpeg artifacts"
9198,truck,delivery truck,box truck,a backyard,3/4 view,foggy morning,clean,a professional photo,"a professional photo of a delivery truck box truck in a backyard, 3/4 view, foggy morning. single main subject, photorealistic color photo, natural colors, realistic texture, sharp focus on subject, no people, no text, no watermark, no logo, no border, no collage, no CGI, no illustration.","text, watermark, logo, caption, signature, border, frame, collage, multiple panels, cartoon, illustration, CGI, 3d render, low-poly, painting, anime, surreal, deformed, duplicate objects, extra limbs, blurry, out of focus, noise, oversaturated, posterized, artifacts, jpeg artifacts"
9040,truck,pickup truck,semi truck,a parking lot,3/4 view,golden hour,clean,a detailed photograph,"a detailed photograph of a pickup truck semi truck in a parking lot, 3/4 view, golden hour. single main subject, photorealistic color photo, natural colors, realistic texture, sharp focus on subject, no people, no text, no watermark, no logo, no border, no collage, no CGI, no illustration.","text, watermark, logo, caption, signature, border, frame, collage, multiple panels, cartoon, illustration, CGI, 3d render, low-poly, painting, anime, surreal, deformed, duplicate objects, extra limbs, blurry, out of focus, noise, oversaturated, posterized, artifacts, jpeg artifacts"
9322,truck,dump truck,semi truck,a sandy beach,slightly off-center framing,backlit rim light,clean,a high-quality image,"a high-quality image of a dump truck semi truck in a sandy beach, slightly off-center framing, backlit rim light. single main subject, photorealistic color photo, natural colors, realistic texture, sharp focus on subject, no people, no text, no watermark, no logo, no border, no collage, no CGI, no illustration.","text, watermark, logo, caption, signature, border, frame, collage, multiple panels, cartoon, illustration, CGI, 3d render, low-poly, painting, anime, surreal, deformed, duplicate objects, extra limbs, blurry, out of focus, noise, oversaturated, posterized, artifacts, jpeg artifacts"
9445,truck,semi truck,semi truck,a sandy beach,low angle,backlit rim light,clean,an ultra-realistic rendering,"an ultra-realistic rendering of a semi truck semi truck in a sandy beach, low angle, backlit rim light. single main subject, photorealistic color photo, natural colors, realistic texture, sharp focus on subject, no people, no text, no watermark, no logo, no border, no collage, no CGI, no illustration.","text, watermark, logo, caption, signature, border, frame, collage, multiple panels, cartoon, illustration, CGI, 3d render, low-poly, painting, anime, surreal, deformed, duplicate objects, extra limbs, blurry, out of focus, noise, oversaturated, posterized, artifacts, jpeg artifacts"
9599,truck,box truck,utility truck,a lakeside shore,slightly off-center framing,foggy morning,clean,a professional photo,"a professional photo of a box truck utility truck in a lakeside shore, slightly off-center framing, foggy morning. single main subject, photorealistic color photo, natural colors, realistic texture, sharp focus on subject, no people, no text, no watermark, no logo, no border, no collage, no CGI, no illustration.","text, watermark, logo, caption, signature, border, frame, collage, multiple panels, cartoon, illustration, CGI, 3d render, low-poly, painting, anime, surreal, deformed, duplicate objects, extra limbs, blurry, out of focus, noise, oversaturated, posterized, artifacts, jpeg artifacts"
9089,truck,box truck,box truck,a lakeside shore,slightly off-center framing,foggy morning,clean,a professional photo,"a professional photo of a box truck box truck in a lakeside shore, slightly off-center framing, foggy morning. single main subject, photorealistic color photo, natural colors, realistic texture, sharp focus on subject, no people, no text, no watermark, no logo, no border, no collage, no CGI, no illustration.","text, watermark, logo, caption, signature, border, frame, collage, multiple panels, cartoon, illustration, CGI, 3d render, low-poly, painting, anime, surreal, deformed, duplicate objects, extra limbs, blurry, out of focus, noise, oversaturated, posterized, artifacts, jpeg artifacts"
9493,truck,pickup truck,box truck,a suburban neighborhood,3/4 view,golden hour,clean,an ultra-realistic rendering,"an ultra-realistic rendering of a pickup truck box truck in a suburban neighborhood, 3/4 view, golden hour. single main subject, photorealistic color photo, natural colors, realistic texture, sharp focus on subject, no people, no text, no watermark, no logo, no border, no collage, no CGI, no illustration.","text, watermark, logo, caption, signature, border, frame, collage, multiple panels, cartoon, illustration, CGI, 3d render, low-poly, painting, anime, surreal, deformed, duplicate objects, extra limbs, blurry, out of focus, noise, oversaturated, posterized, artifacts, jpeg artifacts"
9000,truck,utility truck,semi truck,a parking lot,high angle,indoor soft window light,clean,a finely detailed photo,"a finely detailed photo of a utility truck semi truck in a parking lot, high angle, indoor soft window light. single main subject, photorealistic color photo, natural colors, realistic texture, sharp focus on subject, no people, no text, no watermark, no logo, no border, no collage, no CGI, no illustration.","text, watermark, logo, caption, signature, border, frame, collage, multiple panels, cartoon, illustration, CGI, 3d render, low-poly, painting, anime, surreal, deformed, duplicate objects, extra limbs, blurry, out of focus, noise, oversaturated, posterized, artifacts, jpeg artifacts"
9406,truck,utility truck,delivery truck,a backyard,high angle,foggy morning,clean,a detailed photograph,"a detailed photograph of a utility truck delivery truck in a backyard, high angle, foggy morning. single main subject, photorealistic color photo, natural colors, realistic texture, sharp focus on subject, no people, no text, no watermark, no logo, no border, no collage, no CGI, no illustration.","text, watermark, logo, caption, signature, border, frame, collage, multiple panels, cartoon, illustration, CGI, 3d render, low-poly, painting, anime, surreal, deformed, duplicate objects, extra limbs, blurry, out of focus, noise, oversaturated, posterized, artifacts, jpeg artifacts"
9977,truck,delivery truck,delivery truck,a city park,wide shot,sunny afternoon,hard,a professional photo,"a professional photo of a delivery truck delivery truck in a city park, wide shot, sunny afternoon. slight motion blur. single main subject, photorealistic color photo, natural colors, realistic texture, sharp focus on subject, no people, no text, no watermark, no logo, no border, no collage, no CGI, no illustration.","text, watermark, logo, caption, signature, border, frame, collage, multiple panels, cartoon, illustration, CGI, 3d render, low-poly, painting, anime, surreal, deformed, duplicate objects, extra limbs, blurry, out of focus, noise, oversaturated, posterized, artifacts, jpeg artifacts"
9113,truck,dump truck,semi truck,a backyard,front view,backlit rim light,clean,a detailed photograph,"a detailed photograph of a dump truck semi truck in a backyard, front view, backlit rim light. single main subject, photorealistic color photo, natural colors, realistic texture, sharp focus on subject, no people, no text, no watermark, no logo, no border, no collage, no CGI, no illustration.","text, watermark, logo, caption, signature, border, frame, collage, multiple panels, cartoon, illustration, CGI, 3d render, low-poly, painting, anime, surreal, deformed, duplicate objects, extra limbs, blurry, out of focus, noise, oversaturated, posterized, artifacts, jpeg artifacts"
9766,truck,delivery truck,delivery truck,a gravel lot,low angle,rainy with wet reflections,clean,a professional photo,"a professional photo of a delivery truck delivery truck in a gravel lot, low angle, rainy with wet reflections. single main subject, photorealistic color photo, natural colors, realistic texture, sharp focus on subject, no people, no text, no watermark, no logo, no border, no collage, no CGI, no illustration.","text, watermark, logo, caption, signature, border, frame, collage, multiple panels, cartoon, illustration, CGI, 3d render, low-poly, painting, anime, surreal, deformed, duplicate objects, extra limbs, blurry, out of focus, noise, oversaturated, posterized, artifacts, jpeg artifacts"
9123,truck,semi truck,box truck,a forest clearing,front view,overcast daylight,clean,a finely detailed photo,"a finely detailed photo of a semi truck box truck in a forest clearing, front view, overcast daylight. single main subject, photorealistic color photo, natural colors, realistic texture, sharp focus on subject, no people, no text, no watermark, no logo, no border, no collage, no CGI, no illustration.","text, watermark, logo, caption, signature, border, frame, collage, multiple panels, cartoon, illustration, CGI, 3d render, low-poly, painting, anime, surreal, deformed, duplicate objects, extra limbs, blurry, out of focus, noise, oversaturated, posterized, artifacts, jpeg artifacts"
9585,truck,dump truck,delivery truck,a wet roadway after rain,close-up,rainy with wet reflections,clean,a finely detailed photo,"a finely detailed photo of a dump truck delivery truck in a wet roadway after rain, close-up, rainy with wet reflections. single main subject, photorealistic color photo, natural colors, realistic texture, sharp focus on subject, no people, no text, no watermark, no logo, no border, no collage, no CGI, no illustration.","text, watermark, logo, caption, signature, border, frame, collage, multiple panels, cartoon, illustration, CGI, 3d render, low-poly, painting, anime, surreal, deformed, duplicate objects, extra limbs, blurry, out of focus, noise, oversaturated, posterized, artifacts, jpeg artifacts"
9190,truck,dump truck,box truck,a forest clearing,front view,rainy with wet reflections,clean,a high-quality image,"a high-quality image of a dump truck box truck in a forest clearing, front view, rainy with wet reflections. single main subject, photorealistic color photo, natural colors, realistic texture, sharp focus on subject, no people, no text, no watermark, no logo, no border, no collage, no CGI, no illustration.","text, watermark, logo, caption, signature, border, frame, collage, multiple panels, cartoon, illustration, CGI, 3d render, low-poly, painting, anime, surreal, deformed, duplicate objects, extra limbs, blurry, out of focus, noise, oversaturated, posterized, artifacts, jpeg artifacts"
9268,truck,utility truck,semi truck,a wet roadway after rain,close-up,overcast daylight,clean,a high-quality image,"a high-quality image of a utility truck semi truck in a wet roadway after rain, close-up, overcast daylight. single main subject, photorealistic color photo, natural colors, realistic texture, sharp focus on subject, no people, no text, no watermark, no logo, no border, no collage, no CGI, no illustration.","text, watermark, logo, caption, signature, border, frame, collage, multiple panels, cartoon, illustration, CGI, 3d render, low-poly, painting, anime, surreal, deformed, duplicate objects, extra limbs, blurry, out of focus, noise, oversaturated, posterized, artifacts, jpeg artifacts"
9728,truck,delivery truck,dump truck,a countryside road,high angle,overcast daylight,clean,a high-quality image,"a high-quality image of a delivery truck dump truck in a countryside road, high angle, overcast daylight. single main subject, photorealistic color photo, natural colors, realistic texture, sharp focus on subject, no people, no text, no watermark, no logo, no border, no collage, no CGI, no illustration.","text, watermark, logo, caption, signature, border, frame, collage, multiple panels, cartoon, illustration, CGI, 3d render, low-poly, painting, anime, surreal, deformed, duplicate objects, extra limbs, blurry, out of focus, noise, oversaturated, posterized, artifacts, jpeg artifacts"
9463,truck,box truck,pickup truck,an industrial yard,high angle,foggy morning,clean,a finely detailed photo,"a finely detailed photo of a box truck pickup truck in an industrial yard, high angle, foggy morning. single main subject, photorealistic color photo, natural colors, realistic texture, sharp focus on subject, no people, no text, no watermark, no logo, no border, no collage, no CGI, no illustration.","text, watermark, logo, caption, signature, border, frame, collage, multiple panels, cartoon, illustration, CGI, 3d render, low-poly, painting, anime, surreal, deformed, duplicate objects, extra limbs, blurry, out of focus, noise, oversaturated, posterized, artifacts, jpeg artifacts"
9038,truck,dump truck,utility truck,a city park,close-up,sunny afternoon,clean,a detailed photograph,"a detailed photograph of a dump truck utility truck in a city park, close-up, sunny afternoon. single main subject, photorealistic color photo, natural colors, realistic texture, sharp focus on subject, no people, no text, no watermark, no logo, no border, no collage, no CGI, no illustration.","text, watermark, logo, caption, signature, border, frame, collage, multiple panels, cartoon, illustration, CGI, 3d render, low-poly, painting, anime, surreal, deformed, duplicate objects, extra limbs, blurry, out of focus, noise, oversaturated, posterized, artifacts, jpeg artifacts"
9557,truck,pickup truck,box truck,a wet roadway after rain,side profile,rainy with wet reflections,clean,a photorealistic color photo,"a photorealistic color photo of a pickup truck box truck in a wet roadway after rain, side profile, rainy with wet reflections. single main subject, photorealistic color photo, natural colors, realistic texture, sharp focus on subject, no people, no text, no watermark, no logo, no border, no collage, no CGI, no illustration.","text, watermark, logo, caption, signature, border, frame, collage, multiple panels, cartoon, illustration, CGI, 3d render, low-poly, painting, anime, surreal, deformed, duplicate objects, extra limbs, blurry, out of focus, noise, oversaturated, posterized, artifacts, jpeg artifacts"
9944,truck,dump truck,utility truck,a parking lot,wide shot,overcast daylight,hard,a professional photo,"a professional photo of a dump truck utility truck in a parking lot, wide shot, overcast daylight. slight motion blur. single main subject, photorealistic color photo, natural colors, realistic texture, sharp focus on subject, no people, no text, no watermark, no logo, no border, no collage, no CGI, no illustration.","text, watermark, logo, caption, signature, border, frame, collage, multiple panels, cartoon, illustration, CGI, 3d render, low-poly, painting, anime, surreal, deformed, duplicate objects, extra limbs, blurry, out of focus, noise, oversaturated, posterized, artifacts, jpeg artifacts"
9587,truck,utility truck,semi truck,a grassy field,front view,nighttime under streetlights,clean,a high-quality image,"a high-quality image of a utility truck semi truck in a grassy field, front view, nighttime under streetlights. single main subject, photorealistic color photo, natural colors, realistic texture, sharp focus on subject, no people, no text, no watermark, no logo, no border, no collage, no CGI, no illustration.","text, watermark, logo, caption, signature, border, frame, collage, multiple panels, cartoon, illustration, CGI, 3d render, low-poly, painting, anime, surreal, deformed, duplicate objects, extra limbs, blurry, out of focus, noise, oversaturated, posterized, artifacts, jpeg artifacts"
9642,truck,box truck,semi truck,a suburban neighborhood,3/4 view,backlit rim light,clean,a high-quality image,"a high-quality image of a box truck semi truck in a suburban neighborhood, 3/4 view, backlit rim light. single main subject, photorealistic color photo, natural colors, realistic texture, sharp focus on subject, no people, no text, no watermark, no logo, no border, no collage, no CGI, no illustration.","text, watermark, logo, caption, signature, border, frame, collage, multiple panels, cartoon, illustration, CGI, 3d render, low-poly, painting, anime, surreal, deformed, duplicate objects, extra limbs, blurry, out of focus, noise, oversaturated, posterized, artifacts, jpeg artifacts"
9100,truck,box truck,semi truck,a countryside road,front view,golden hour,clean,a high-quality image,"a high-quality image of a box truck semi truck in a countryside road, front view, golden hour. single main subject, photorealistic color photo, natural colors, realistic texture, sharp focus on subject, no people, no text, no watermark, no logo, no border, no collage, no CGI, no illustration.","text, watermark, logo, caption, signature, border, frame, collage, multiple panels, cartoon, illustration, CGI, 3d render, low-poly, painting, anime, surreal, deformed, duplicate objects, extra limbs, blurry, out of focus, noise, oversaturated, posterized, artifacts, jpeg artifacts"
9250,truck,delivery truck,delivery truck,an urban street,front view,nighttime under streetlights,clean,a finely detailed photo,"a finely detailed photo of a delivery truck delivery truck in an urban street, front view, nighttime under streetlights. single main subject, photorealistic color photo, natural colors, realistic texture, sharp focus on subject, no people, no text, no watermark, no logo, no border, no collage, no CGI, no illustration.","text, watermark, logo, caption, signature, border, frame, collage, multiple panels, cartoon, illustration, CGI, 3d render, low-poly, painting, anime, surreal, deformed, duplicate objects, extra limbs, blurry, out of focus, noise, oversaturated, posterized, artifacts, jpeg artifacts"
9978,truck,dump truck,box truck,a backyard,3/4 view,golden hour,hard,a professional photo,"a professional photo of a dump truck box truck in a backyard, 3/4 view, golden hour. in the distance. single main subject, photorealistic color photo, natural colors, realistic texture, sharp focus on subject, no people, no text, no watermark, no logo, no border, no collage, no CGI, no illustration.","text, watermark, logo, caption, signature, border, frame, collage, multiple panels, cartoon, illustration, CGI, 3d render, low-poly, painting, anime, surreal, deformed, duplicate objects, extra limbs, blurry, out of focus, noise, oversaturated, posterized, artifacts, jpeg artifacts"
9644,truck,delivery truck,delivery truck,a parking lot,slightly off-center framing,sunny afternoon,clean,a photorealistic color photo,"a photorealistic color photo of a delivery truck delivery truck in a parking lot, slightly off-center framing, sunny afternoon. single main subject, photorealistic color photo, natural colors, realistic texture, sharp focus on subject, no people, no text, no watermark, no logo, no border, no collage, no CGI, no illustration.","text, watermark, logo, caption, signature, border, frame, collage, multiple panels, cartoon, illustration, CGI, 3d render, low-poly, painting, anime, surreal, deformed, duplicate objects, extra limbs, blurry, out of focus, noise, oversaturated, posterized, artifacts, jpeg artifacts"
9334,truck,pickup truck,semi truck,a parking lot,side profile,sunny afternoon,clean,a photorealistic color photo,"a photorealistic color photo of a pickup truck semi truck in a parking lot, side profile, sunny afternoon. single main subject, photorealistic color photo, natural colors, realistic texture, sharp focus on subject, no people, no text, no watermark, no logo, no border, no collage, no CGI, no illustration.","text, watermark, logo, caption, signature, border, frame, collage, multiple panels, cartoon, illustration, CGI, 3d render, low-poly, painting, anime, surreal, deformed, duplicate objects, extra limbs, blurry, out of focus, noise, oversaturated, posterized, artifacts, jpeg artifacts"
9303,truck,utility truck,box truck,a forest clearing,front view,indoor soft window light,clean,a professional photo,"a professional photo of a utility truck box truck in a forest clearing, front view, indoor soft window light. single main subject, photorealistic color photo, natural colors, realistic texture, sharp focus on subject, no people, no text, no watermark, no logo, no border, no collage, no CGI, no illustration.","text, watermark, logo, caption, signature, border, frame, collage, multiple panels, cartoon, illustration, CGI, 3d render, low-poly, painting, anime, surreal, deformed, duplicate objects, extra limbs, blurry, out of focus, noise, oversaturated, posterized, artifacts, jpeg artifacts"
9287,truck,dump truck,pickup truck,a forest clearing,close-up,foggy morning,clean,a detailed photograph,"a detailed photograph of a dump truck pickup truck in a forest clearing, close-up, foggy morning. single main subject, photorealistic color photo, natural colors, realistic texture, sharp focus on subject, no people, no text, no watermark, no logo, no border, no collage, no CGI, no illustration.","text, watermark, logo, caption, signature, border, frame, collage, multiple panels, cartoon, illustration, CGI, 3d render, low-poly, painting, anime, surreal, deformed, duplicate objects, extra limbs, blurry, out of focus, noise, oversaturated, posterized, artifacts, jpeg artifacts"
9657,truck,pickup truck,delivery truck,a gravel lot,wide shot,foggy morning,clean,a detailed photograph,"a detailed photograph of a pickup truck delivery truck in a gravel lot, wide shot, foggy morning. single main subject, photorealistic color photo, natural colors, realistic texture, sharp focus on subject, no people, no text, no watermark, no logo, no border, no collage, no CGI, no illustration.","text, watermark, logo, caption, signature, border, frame, collage, multiple panels, cartoon, illustration, CGI, 3d render, low-poly, painting, anime, surreal, deformed, duplicate objects, extra limbs, blurry, out of focus, noise, oversaturated, posterized, artifacts, jpeg artifacts"
9060,truck,pickup truck,semi truck,a parking lot,side profile,golden hour,clean,a detailed photograph,"a detailed photograph of a pickup truck semi truck in a parking lot, side profile, golden hour. single main subject, photorealistic color photo, natural colors, realistic texture, sharp focus on subject, no people, no text, no watermark, no logo, no border, no collage, no CGI, no illustration.","text, watermark, logo, caption, signature, border, frame, collage, multiple panels, cartoon, illustration, CGI, 3d render, low-poly, painting, anime, surreal, deformed, duplicate objects, extra limbs, blurry, out of focus, noise, oversaturated, posterized, artifacts, jpeg artifacts"
9877,truck,box truck,dump truck,a backyard,front view,rainy with wet reflections,hard,a high-quality image,"a high-quality image of a box truck dump truck in a backyard, front view, rainy with wet reflections. slight motion blur. single main subject, photorealistic color photo, natural colors, realistic texture, sharp focus on subject, no people, no text, no watermark, no logo, no border, no collage, no CGI, no illustration.","text, watermark, logo, caption, signature, border, frame, collage, multiple panels, cartoon, illustration, CGI, 3d render, low-poly, painting, anime, surreal, deformed, duplicate objects, extra limbs, blurry, out of focus, noise, oversaturated, posterized, artifacts, jpeg artifacts"
9362,truck,pickup truck,dump truck,a grassy field,slightly off-center framing,backlit rim light,clean,a high-quality image,"a high-quality image of a pickup truck dump truck in a grassy field, slightly off-center framing, backlit rim light. single main subject, photorealistic color photo, natural colors, realistic texture, sharp focus on subject, no people, no text, no watermark, no logo, no border, no collage, no CGI, no illustration.","text, watermark, logo, caption, signature, border, frame, collage, multiple panels, cartoon, illustration, CGI, 3d render, low-poly, painting, anime, surreal, deformed, duplicate objects, extra limbs, blurry, out of focus, noise, oversaturated, posterized, artifacts, jpeg artifacts"
9500,truck,utility truck,delivery truck,a city park,3/4 view,indoor soft window light,clean,a photorealistic color photo,"a photorealistic color photo of a utility truck delivery truck in a city park, 3/4 view, indoor soft window light. single main subject, photorealistic color photo, natural colors, realistic texture, sharp focus on subject, no people, no text, no watermark, no logo, no border, no collage, no CGI, no illustration.","text, watermark, logo, caption, signature, border, frame, collage, multiple panels, cartoon, illustration, CGI, 3d render, low-poly, painting, anime, surreal, deformed, duplicate objects, extra limbs, blurry, out of focus, noise, oversaturated, posterized, artifacts, jpeg artifacts"
9659,truck,dump truck,delivery truck,a sandy beach,close-up,overcast daylight,clean,a finely detailed photo,"a finely detailed photo of a dump truck delivery truck in a sandy beach, close-up, overcast daylight. single main subject, photorealistic color photo, natural colors, realistic texture, sharp focus on subject, no people, no text, no watermark, no logo, no border, no collage, no CGI, no illustration.","text, watermark, logo, caption, signature, border, frame, collage, multiple panels, cartoon, illustration, CGI, 3d render, low-poly, painting, anime, surreal, deformed, duplicate objects, extra limbs, blurry, out of focus, noise, oversaturated, posterized, artifacts, jpeg artifacts"
9833,truck,box truck,semi truck,a lakeside shore,front view,overcast daylight,hard,a photorealistic color photo,"a photorealistic color photo of a box truck semi truck in a lakeside shore, front view, overcast daylight. busy background but still one main subject. single main subject, photorealistic color photo, natural colors, realistic texture, sharp focus on subject, no people, no text, no watermark, no logo, no border, no collage, no CGI, no illustration.","text, watermark, logo, caption, signature, border, frame, collage, multiple panels, cartoon, illustration, CGI, 3d render, low-poly, painting, anime, surreal, deformed, duplicate objects, extra limbs, blurry, out of focus, noise, oversaturated, posterized, artifacts, jpeg artifacts"
9723,truck,box truck,box truck,a parking lot,side profile,rainy with wet reflections,clean,a professional photo,"a professional photo of a box truck box truck in a parking lot, side profile, rainy with wet reflections. single main subject, photorealistic color photo, natural colors, realistic texture, sharp focus on subject, no people, no text, no watermark, no logo, no border, no collage, no CGI, no illustration.","text, watermark, logo, caption, signature, border, frame, collage, multiple panels, cartoon, illustration, CGI, 3d render, low-poly, painting, anime, surreal, deformed, duplicate objects, extra limbs, blurry, out of focus, noise, oversaturated, posterized, artifacts, jpeg artifacts"
9617,truck,pickup truck,pickup truck,a forest clearing,slightly off-center framing,nighttime under streetlights,clean,a photorealistic color photo,"a photorealistic color photo of a pickup truck pickup truck in a forest clearing, slightly off-center framing, nighttime under streetlights. single main subject, photorealistic color photo, natural colors, realistic texture, sharp focus on subject, no people, no text, no watermark, no logo, no border, no collage, no CGI, no illustration.","text, watermark, logo, caption, signature, border, frame, collage, multiple panels, cartoon, illustration, CGI, 3d render, low-poly, painting, anime, surreal, deformed, duplicate objects, extra limbs, blurry, out of focus, noise, oversaturated, posterized, artifacts, jpeg artifacts"
9626,truck,delivery truck,box truck,a city park,3/4 view,indoor soft window light,clean,a high-quality image,"a high-quality image of a delivery truck box truck in a city park, 3/4 view, indoor soft window light. single main subject, photorealistic color photo, natural colors, realistic texture, sharp focus on subject, no people, no text, no watermark, no logo, no border, no collage, no CGI, no illustration.","text, watermark, logo, caption, signature, border, frame, collage, multiple panels, cartoon, illustration, CGI, 3d render, low-poly, painting, anime, surreal, deformed, duplicate objects, extra limbs, blurry, out of focus, noise, oversaturated, posterized, artifacts, jpeg artifacts"
9719,truck,delivery truck,delivery truck,a backyard,close-up,sunny afternoon,clean,an ultra-realistic rendering,"an ultra-realistic rendering of a delivery truck delivery truck in a backyard, close-up, sunny afternoon. single main subject, photorealistic color photo, natural colors, realistic texture, sharp focus on subject, no people, no text, no watermark, no logo, no border, no collage, no CGI, no illustration.","text, watermark, logo, caption, signature, border, frame, collage, multiple panels, cartoon, illustration, CGI, 3d render, low-poly, painting, anime, surreal, deformed, duplicate objects, extra limbs, blurry, out of focus, noise, oversaturated, posterized, artifacts, jpeg artifacts"
9224,truck,semi truck,box truck,a grassy field,front view,indoor soft window light,clean,a finely detailed photo,"a finely detailed photo of a semi truck box truck in a grassy field, front view, indoor soft window light. single main subject, photorealistic color photo, natural colors, realistic texture, sharp focus on subject, no people, no text, no watermark, no logo, no border, no collage, no CGI, no illustration.","text, watermark, logo, caption, signature, border, frame, collage, multiple panels, cartoon, illustration, CGI, 3d render, low-poly, painting, anime, surreal, deformed, duplicate objects, extra limbs, blurry, out of focus, noise, oversaturated, posterized, artifacts, jpeg artifacts"
9800,truck,delivery truck,delivery truck,a suburban neighborhood,distant subject in the background,foggy morning,hard,a professional photo,"a professional photo of a delivery truck delivery truck in a suburban neighborhood, distant subject in the background, foggy morning. cropped slightly. single main subject, photorealistic color photo, natural colors, realistic texture, sharp focus on subject, no people, no text, no watermark, no logo, no border, no collage, no CGI, no illustration.","text, watermark, logo, caption, signature, border, frame, collage, multiple panels, cartoon, illustration, CGI, 3d render, low-poly, painting, anime, surreal, deformed, duplicate objects, extra limbs, blurry, out of focus, noise, oversaturated, posterized, artifacts, jpeg artifacts"
9672,truck,dump truck,semi truck,a lakeside shore,high angle,nighttime under streetlights,clean,an ultra-realistic rendering,"an ultra-realistic rendering of a dump truck semi truck in a lakeside shore, high angle, nighttime under streetlights. single main subject, photorealistic color photo, natural colors, realistic texture, sharp focus on subject, no people, no text, no watermark, no logo, no border, no collage, no CGI, no illustration.","text, watermark, logo, caption, signature, border, frame, collage, multiple panels, cartoon, illustration, CGI, 3d render, low-poly, painting, anime, surreal, deformed, duplicate objects, extra limbs, blurry, out of focus, noise, oversaturated, posterized, artifacts, jpeg artifacts"
9428,truck,delivery truck,delivery truck,a grassy field,slightly off-center framing,overcast daylight,clean,a finely detailed photo,"a finely detailed photo of a delivery truck delivery truck in a grassy field, slightly off-center framing, overcast daylight. single main subject, photorealistic color photo, natural colors, realistic texture, sharp focus on subject, no people, no text, no watermark, no logo, no border, no collage, no CGI, no illustration.","text, watermark, logo, caption, signature, border, frame, collage, multiple panels, cartoon, illustration, CGI, 3d render, low-poly, painting, anime, surreal, deformed, duplicate objects, extra limbs, blurry, out of focus, noise, oversaturated, posterized, artifacts, jpeg artifacts"
9405,truck,utility truck,utility truck,a sandy beach,close-up,rainy with wet reflections,clean,a finely detailed photo,"a finely detailed photo of a utility truck utility truck in a sandy beach, close-up, rainy with wet reflections. single main subject, photorealistic color photo, natural colors, realistic texture, sharp focus on subject, no people, no text, no watermark, no logo, no border, no collage, no CGI, no illustration.","text, watermark, logo, caption, signature, border, frame, collage, multiple panels, cartoon, illustration, CGI, 3d render, low-poly, painting, anime, surreal, deformed, duplicate objects, extra limbs, blurry, out of focus, noise, oversaturated, posterized, artifacts, jpeg artifacts"
9801,truck,pickup truck,box truck,a city park,front view,foggy morning,hard,a high-quality image,"a high-quality image of a pickup truck box truck in a city park, front view, foggy morning. in the distance. single main subject, photorealistic color photo, natural colors, realistic texture, sharp focus on subject, no people, no text, no watermark, no logo, no border, no collage, no CGI, no illustration.","text, watermark, logo, caption, signature, border, frame, collage, multiple panels, cartoon, illustration, CGI, 3d render, low-poly, painting, anime, surreal, deformed, duplicate objects, extra limbs, blurry, out of focus, noise, oversaturated, posterized, artifacts, jpeg artifacts"
9853,truck,pickup truck,dump truck,a parking lot,distant subject in the background,indoor soft window light,hard,a finely detailed photo,"a finely detailed photo of a pickup truck dump truck in a parking lot, distant subject in the background, indoor soft window light. in the distance. single main subject, photorealistic color photo, natural colors, realistic texture, sharp focus on subject, no people, no text, no watermark, no logo, no border, no collage, no CGI, no illustration.","text, watermark, logo, caption, signature, border, frame, collage, multiple panels, cartoon, illustration, CGI, 3d render, low-poly, painting, anime, surreal, deformed, duplicate objects, extra limbs, blurry, out of focus, noise, oversaturated, posterized, artifacts, jpeg artifacts"
9822,truck,utility truck,pickup truck,a quiet residential street,low angle,backlit rim light,hard,a photorealistic color photo,"a photorealistic color photo of a utility truck pickup truck in a quiet residential street, low angle, backlit rim light. slight motion blur. single main subject, photorealistic color photo, natural colors, realistic texture, sharp focus on subject, no people, no text, no watermark, no logo, no border, no collage, no CGI, no illustration.","text, watermark, logo, caption, signature, border, frame, collage, multiple panels, cartoon, illustration, CGI, 3d render, low-poly, painting, anime, surreal, deformed, duplicate objects, extra limbs, blurry, out of focus, noise, oversaturated, posterized, artifacts, jpeg artifacts"
9024,truck,semi truck,pickup truck,a forest clearing,high angle,overcast daylight,clean,a detailed photograph,"a detailed photograph of a semi truck pickup truck in a forest clearing, high angle, overcast daylight. single main subject, photorealistic color photo, natural colors, realistic texture, sharp focus on subject, no people, no text, no watermark, no logo, no border, no collage, no CGI, no illustration.","text, watermark, logo, caption, signature, border, frame, collage, multiple panels, cartoon, illustration, CGI, 3d render, low-poly, painting, anime, surreal, deformed, duplicate objects, extra limbs, blurry, out of focus, noise, oversaturated, posterized, artifacts, jpeg artifacts"
9920,truck,pickup truck,delivery truck,a gravel lot,distant subject in the background,overcast daylight,hard,a photorealistic color photo,"a photorealistic color photo of a pickup truck delivery truck in a gravel lot, distant subject in the background, overcast daylight. cropped slightly. single main subject, photorealistic color photo, natural colors, realistic texture, sharp focus on subject, no people, no text, no watermark, no logo, no border, no collage, no CGI, no illustration.","text, watermark, logo, caption, signature, border, frame, collage, multiple panels, cartoon, illustration, CGI, 3d render, low-poly, painting, anime, surreal, deformed, duplicate objects, extra limbs, blurry, out of focus, noise, oversaturated, posterized, artifacts, jpeg artifacts"
9790,truck,dump truck,semi truck,a parking lot,front view,foggy morning,clean,an ultra-realistic rendering,"an ultra-realistic rendering of a dump truck semi truck in a parking lot, front view, foggy morning. single main subject, photorealistic color photo, natural colors, realistic texture, sharp focus on subject, no people, no text, no watermark, no logo, no border, no collage, no CGI, no illustration.","text, watermark, logo, caption, signature, border, frame, collage, multiple panels, cartoon, illustration, CGI, 3d render, low-poly, painting, anime, surreal, deformed, duplicate objects, extra limbs, blurry, out of focus, noise, oversaturated, posterized, artifacts, jpeg artifacts"
9149,truck,box truck,utility truck,a quiet residential street,wide shot,golden hour,clean,a detailed photograph,"a detailed photograph of a box truck utility truck in a quiet residential street, wide shot, golden hour. single main subject, photorealistic color photo, natural colors, realistic texture, sharp focus on subject, no people, no text, no watermark, no logo, no border, no collage, no CGI, no illustration.","text, watermark, logo, caption, signature, border, frame, collage, multiple panels, cartoon, illustration, CGI, 3d render, low-poly, painting, anime, surreal, deformed, duplicate objects, extra limbs, blurry, out of focus, noise, oversaturated, posterized, artifacts, jpeg artifacts"
9435,truck,box truck,pickup truck,an urban street,high angle,foggy morning,clean,a professional photo,"a professional photo of a box truck pickup truck in an urban street, high angle, foggy morning. single main subject, photorealistic color photo, natural colors, realistic texture, sharp focus on subject, no people, no text, no watermark, no logo, no border, no collage, no CGI, no illustration.","text, watermark, logo, caption, signature, border, frame, collage, multiple panels, cartoon, illustration, CGI, 3d render, low-poly, painting, anime, surreal, deformed, duplicate objects, extra limbs, blurry, out of focus, noise, oversaturated, posterized, artifacts, jpeg artifacts"
9558,truck,box truck,pickup truck,a countryside road,side profile,sunny afternoon,clean,a finely detailed photo,"a finely detailed photo of a box truck pickup truck in a countryside road, side profile, sunny afternoon. single main subject, photorealistic color photo, natural colors, realistic texture, sharp focus on subject, no people, no text, no watermark, no logo, no border, no collage, no CGI, no illustration.","text, watermark, logo, caption, signature, border, frame, collage, multiple panels, cartoon, illustration, CGI, 3d render, low-poly, painting, anime, surreal, deformed, duplicate objects, extra limbs, blurry, out of focus, noise, oversaturated, posterized, artifacts, jpeg artifacts"
9468,truck,dump truck,box truck,a grassy field,low angle,backlit rim light,clean,a photorealistic color photo,"a photorealistic color photo of a dump truck box truck in a grassy field, low angle, backlit rim light. single main subject, photorealistic color photo, natural colors, realistic texture, sharp focus on subject, no people, no text, no watermark, no logo, no border, no collage, no CGI, no illustration.","text, watermark, logo, caption, signature, border, frame, collage, multiple panels, cartoon, illustration, CGI, 3d render, low-poly, painting, anime, surreal, deformed, duplicate objects, extra limbs, blurry, out of focus, noise, oversaturated, posterized, artifacts, jpeg artifacts"
9238,truck,utility truck,utility truck,a gravel lot,wide shot,indoor soft window light,clean,a high-quality image,"a high-quality image of a utility truck utility truck in a gravel lot, wide shot, indoor soft window light. single main subject, photorealistic color photo, natural colors, realistic texture, sharp focus on subject, no people, no text, no watermark, no logo, no border, no collage, no CGI, no illustration.","text, watermark, logo, caption, signature, border, frame, collage, multiple panels, cartoon, illustration, CGI, 3d render, low-poly, painting, anime, surreal, deformed, duplicate objects, extra limbs, blurry, out of focus, noise, oversaturated, posterized, artifacts, jpeg artifacts"
9216,truck,semi truck,dump truck,an industrial yard,low angle,foggy morning,clean,a high-quality image,"a high-quality image of a semi truck dump truck in an industrial yard, low angle, foggy morning. single main subject, photorealistic color photo, natural colors, realistic texture, sharp focus on subject, no people, no text, no watermark, no logo, no border, no collage, no CGI, no illustration.","text, watermark, logo, caption, signature, border, frame, collage, multiple panels, cartoon, illustration, CGI, 3d render, low-poly, painting, anime, surreal, deformed, duplicate objects, extra limbs, blurry, out of focus, noise, oversaturated, posterized, artifacts, jpeg artifacts"
9543,truck,delivery truck,box truck,a quiet residential street,low angle,foggy morning,clean,a high-quality image,"a high-quality image of a delivery truck box truck in a quiet residential street, low angle, foggy morning. single main subject, photorealistic color photo, natural colors, realistic texture, sharp focus on subject, no people, no text, no watermark, no logo, no border, no collage, no CGI, no illustration.","text, watermark, logo, caption, signature, border, frame, collage, multiple panels, cartoon, illustration, CGI, 3d render, low-poly, painting, anime, surreal, deformed, duplicate objects, extra limbs, blurry, out of focus, noise, oversaturated, posterized, artifacts, jpeg artifacts"
9773,truck,pickup truck,box truck,an industrial yard,high angle,foggy morning,clean,a detailed photograph,"a detailed photograph of a pickup truck box truck in an industrial yard, high angle, foggy morning. single main subject, photorealistic color photo, natural colors, realistic texture, sharp focus on subject, no people, no text, no watermark, no logo, no border, no collage, no CGI, no illustration.","text, watermark, logo, caption, signature, border, frame, collage, multiple panels, cartoon, illustration, CGI, 3d render, low-poly, painting, anime, surreal, deformed, duplicate objects, extra limbs, blurry, out of focus, noise, oversaturated, posterized, artifacts, jpeg artifacts"
9680,truck,utility truck,box truck,a sandy beach,low angle,rainy with wet reflections,clean,an ultra-realistic rendering,"an ultra-realistic rendering of a utility truck box truck in a sandy beach, low angle, rainy with wet reflections. single main subject, photorealistic color photo, natural colors, realistic texture, sharp focus on subject, no people, no text, no watermark, no logo, no border, no collage, no CGI, no illustration.","text, watermark, logo, caption, signature, border, frame, collage, multiple panels, cartoon, illustration, CGI, 3d render, low-poly, painting, anime, surreal, deformed, duplicate objects, extra limbs, blurry, out of focus, noise, oversaturated, posterized, artifacts, jpeg artifacts"
9734,truck,pickup truck,utility truck,an urban street,slightly off-center framing,golden hour,clean,an ultra-realistic rendering,"an ultra-realistic rendering of a pickup truck utility truck in an urban street, slightly off-center framing, golden hour. single main subject, photorealistic color photo, natural colors, realistic texture, sharp focus on subject, no people, no text, no watermark, no logo, no border, no collage, no CGI, no illustration.","text, watermark, logo, caption, signature, border, frame, collage, multiple panels, cartoon, illustration, CGI, 3d render, low-poly, painting, anime, surreal, deformed, duplicate objects, extra limbs, blurry, out of focus, noise, oversaturated, posterized, artifacts, jpeg artifacts"
9390,truck,semi truck,dump truck,a quiet residential street,3/4 view,backlit rim light,clean,a finely detailed photo,"a finely detailed photo of a semi truck dump truck in a quiet residential street, 3/4 view, backlit rim light. single main subject, photorealistic color photo, natural colors, realistic texture, sharp focus on subject, no people, no text, no watermark, no logo, no border, no collage, no CGI, no illustration.","text, watermark, logo, caption, signature, border, frame, collage, multiple panels, cartoon, illustration, CGI, 3d render, low-poly, painting, anime, surreal, deformed, duplicate objects, extra limbs, blurry, out of focus, noise, oversaturated, posterized, artifacts, jpeg artifacts"
9098,truck,dump truck,delivery truck,a forest clearing,high angle,sunny afternoon,clean,a finely detailed photo,"a finely detailed photo of a dump truck delivery truck in a forest clearing, high angle, sunny afternoon. single main subject, photorealistic color photo, natural colors, realistic texture, sharp focus on subject, no people, no text, no watermark, no logo, no border, no collage, no CGI, no illustration.","text, watermark, logo, caption, signature, border, frame, collage, multiple panels, cartoon, illustration, CGI, 3d render, low-poly, painting, anime, surreal, deformed, duplicate objects, extra limbs, blurry, out of focus, noise, oversaturated, posterized, artifacts, jpeg artifacts"
9011,truck,delivery truck,dump truck,a suburban neighborhood,side profile,sunny afternoon,clean,a high-quality image,"a high-quality image of a delivery truck dump truck in a suburban neighborhood, side profile, sunny afternoon. single main subject, photorealistic color photo, natural colors, realistic texture, sharp focus on subject, no people, no text, no watermark, no logo, no border, no collage, no CGI, no illustration.","text, watermark, logo, caption, signature, border, frame, collage, multiple panels, cartoon, illustration, CGI, 3d render, low-poly, painting, anime, surreal, deformed, duplicate objects, extra limbs, blurry, out of focus, noise, oversaturated, posterized, artifacts, jpeg artifacts"
9926,truck,pickup truck,pickup truck,a backyard,slightly off-center framing,backlit rim light,hard,a photorealistic color photo,"a photorealistic color photo of a pickup truck pickup truck in a backyard, slightly off-center framing, backlit rim light. partially occluded by a foreground object. single main subject, photorealistic color photo, natural colors, realistic texture, sharp focus on subject, no people, no text, no watermark, no logo, no border, no collage, no CGI, no illustration.","text, watermark, logo, caption, signature, border, frame, collage, multiple panels, cartoon, illustration, CGI, 3d render, low-poly, painting, anime, surreal, deformed, duplicate objects, extra limbs, blurry, out of focus, noise, oversaturated, posterized, artifacts, jpeg artifacts"
9507,truck,utility truck,utility truck,a forest clearing,close-up,backlit rim light,clean,a high-quality image,"a high-quality image of a utility truck utility truck in a forest clearing, close-up, backlit rim light. single main subject, photorealistic color photo, natural colors, realistic texture, sharp focus on subject, no people, no text, no watermark, no logo, no border, no collage, no CGI, no illustration.","text, watermark, logo, caption, signature, border, frame, collage, multiple panels, cartoon, illustration, CGI, 3d render, low-poly, painting, anime, surreal, deformed, duplicate objects, extra limbs, blurry, out of focus, noise, oversaturated, posterized, artifacts, jpeg artifacts"
9127,truck,semi truck,delivery truck,a lakeside shore,wide shot,foggy morning,clean,a high-quality image,"a high-quality image of a semi truck delivery truck in a lakeside shore, wide shot, foggy morning. single main subject, photorealistic color photo, natural colors, realistic texture, sharp focus on subject, no people, no text, no watermark, no logo, no border, no collage, no CGI, no illustration.","text, watermark, logo, caption, signature, border, frame, collage, multiple panels, cartoon, illustration, CGI, 3d render, low-poly, painting, anime, surreal, deformed, duplicate objects, extra limbs, blurry, out of focus, noise, oversaturated, posterized, artifacts, jpeg artifacts"
9971,truck,semi truck,pickup truck,a gravel lot,high angle,foggy morning,hard,a high-quality image,"a high-quality image of a semi truck pickup truck in a gravel lot, high angle, foggy morning. cropped slightly. single main subject, photorealistic color photo, natural colors, realistic texture, sharp focus on subject, no people, no text, no watermark, no logo, no border, no collage, no CGI, no illustration.","text, watermark, logo, caption, signature, border, frame, collage, multiple panels, cartoon, illustration, CGI, 3d render, low-poly, painting, anime, surreal, deformed, duplicate objects, extra limbs, blurry, out of focus, noise, oversaturated, posterized, artifacts, jpeg artifacts"
9863,truck,box truck,semi truck,a wet roadway after rain,slightly off-center framing,golden hour,hard,a finely detailed photo,"a finely detailed photo of a box truck semi truck in a wet roadway after rain, slightly off-center framing, golden hour. cropped slightly. single main subject, photorealistic color photo, natural colors, realistic texture, sharp focus on subject, no people, no text, no watermark, no logo, no border, no collage, no CGI, no illustration.","text, watermark, logo, caption, signature, border, frame, collage, multiple panels, cartoon, illustration, CGI, 3d render, low-poly, painting, anime, surreal, deformed, duplicate objects, extra limbs, blurry, out of focus, noise, oversaturated, posterized, artifacts, jpeg artifacts"
9044,truck,utility truck,delivery truck,a grassy field,wide shot,overcast daylight,clean,a photorealistic color photo,"a photorealistic color photo of a utility truck delivery truck in a grassy field, wide shot, overcast daylight. single main subject, photorealistic color photo, natural colors, realistic texture, sharp focus on subject, no people, no text, no watermark, no logo, no border, no collage, no CGI, no illustration.","text, watermark, logo, caption, signature, border, frame, collage, multiple panels, cartoon, illustration, CGI, 3d render, low-poly, painting, anime, surreal, deformed, duplicate objects, extra limbs, blurry, out of focus, noise, oversaturated, posterized, artifacts, jpeg artifacts"
9953,truck,utility truck,pickup truck,a suburban neighborhood,low angle,nighttime under streetlights,hard,a finely detailed photo,"a finely detailed photo of a utility truck pickup truck in a suburban neighborhood, low angle, nighttime under streetlights. slight motion blur. single main subject, photorealistic color photo, natural colors, realistic texture, sharp focus on subject, no people, no text, no watermark, no logo, no border, no collage, no CGI, no illustration.","text, watermark, logo, caption, signature, border, frame, collage, multiple panels, cartoon, illustration, CGI, 3d render, low-poly, painting, anime, surreal, deformed, duplicate objects, extra limbs, blurry, out of focus, noise, oversaturated, posterized, artifacts, jpeg artifacts"
9061,truck,delivery truck,box truck,a wet roadway after rain,front view,golden hour,clean,a high-quality image,"a high-quality image of a delivery truck box truck in a wet roadway after rain, front view, golden hour. single main subject, photorealistic color photo, natural colors, realistic texture, sharp focus on subject, no people, no text, no watermark, no logo, no border, no collage, no CGI, no illustration.","text, watermark, logo, caption, signature, border, frame, collage, multiple panels, cartoon, illustration, CGI, 3d render, low-poly, painting, anime, surreal, deformed, duplicate objects, extra limbs, blurry, out of focus, noise, oversaturated, posterized, artifacts, jpeg artifacts"
9386,truck,box truck,utility truck,a grassy field,close-up,sunny afternoon,clean,a high-quality image,"a high-quality image of a box truck utility truck in a grassy field, close-up, sunny afternoon. single main subject, photorealistic color photo, natural colors, realistic texture, sharp focus on subject, no people, no text, no watermark, no logo, no border, no collage, no CGI, no illustration.","text, watermark, logo, caption, signature, border, frame, collage, multiple panels, cartoon, illustration, CGI, 3d render, low-poly, painting, anime, surreal, deformed, duplicate objects, extra limbs, blurry, out of focus, noise, oversaturated, posterized, artifacts, jpeg artifacts"
9839,truck,semi truck,dump truck,a parking lot,front view,overcast daylight,hard,a high-quality image,"a high-quality image of a semi truck dump truck in a parking lot, front view, overcast daylight. busy background but still one main subject. single main subject, photorealistic color photo, natural colors, realistic texture, sharp focus on subject, no people, no text, no watermark, no logo, no border, no collage, no CGI, no illustration.","text, watermark, logo, caption, signature, border, frame, collage, multiple panels, cartoon, illustration, CGI, 3d render, low-poly, painting, anime, surreal, deformed, duplicate objects, extra limbs, blurry, out of focus, noise, oversaturated, posterized, artifacts, jpeg artifacts"
9331,truck,semi truck,pickup truck,a quiet residential street,low angle,foggy morning,clean,a high-quality image,"a high-quality image of a semi truck pickup truck in a quiet residential street, low angle, foggy morning. single main subject, photorealistic color photo, natural colors, realistic texture, sharp focus on subject, no people, no text, no watermark, no logo, no border, no collage, no CGI, no illustration.","text, watermark, logo, caption, signature, border, frame, collage, multiple panels, cartoon, illustration, CGI, 3d render, low-poly, painting, anime, surreal, deformed, duplicate objects, extra limbs, blurry, out of focus, noise, oversaturated, posterized, artifacts, jpeg artifacts"
9371,truck,delivery truck,utility truck,a city park,slightly off-center framing,indoor soft window light,clean,a high-quality image,"a high-quality image of a delivery truck utility truck in a city park, slightly off-center framing, indoor soft window light. single main subject, photorealistic color photo, natural colors, realistic texture, sharp focus on subject, no people, no text, no watermark, no logo, no border, no collage, no CGI, no illustration.","text, watermark, logo, caption, signature, border, frame, collage, multiple panels, cartoon, illustration, CGI, 3d render, low-poly, painting, anime, surreal, deformed, duplicate objects, extra limbs, blurry, out of focus, noise, oversaturated, posterized, artifacts, jpeg artifacts"
9335,truck,pickup truck,utility truck,a forest clearing,close-up,overcast daylight,clean,a photorealistic color photo,"a photorealistic color photo of a pickup truck utility truck in a forest clearing, close-up, overcast daylight. single main subject, photorealistic color photo, natural colors, realistic texture, sharp focus on subject, no people, no text, no watermark, no logo, no border, no collage, no CGI, no illustration.","text, watermark, logo, caption, signature, border, frame, collage, multiple panels, cartoon, illustration, CGI, 3d render, low-poly, painting, anime, surreal, deformed, duplicate objects, extra limbs, blurry, out of focus, noise, oversaturated, posterized, artifacts, jpeg artifacts"
9289,truck,delivery truck,delivery truck,a lakeside shore,low angle,golden hour,clean,a professional photo,"a professional photo of a delivery truck delivery truck in a lakeside shore, low angle, golden hour. single main subject, photorealistic color photo, natural colors, realistic texture, sharp focus on subject, no people, no text, no watermark, no logo, no border, no collage, no CGI, no illustration.","text, watermark, logo, caption, signature, border, frame, collage, multiple panels, cartoon, illustration, CGI, 3d render, low-poly, painting, anime, surreal, deformed, duplicate objects, extra limbs, blurry, out of focus, noise, oversaturated, posterized, artifacts, jpeg artifacts"
9095,truck,pickup truck,box truck,a grassy field,slightly off-center framing,overcast daylight,clean,a high-quality image,"a high-quality image of a pickup truck box truck in a grassy field, slightly off-center framing, overcast daylight. single main subject, photorealistic color photo, natural colors, realistic texture, sharp focus on subject, no people, no text, no watermark, no logo, no border, no collage, no CGI, no illustration.","text, watermark, logo, caption, signature, border, frame, collage, multiple panels, cartoon, illustration, CGI, 3d render, low-poly, painting, anime, surreal, deformed, duplicate objects, extra limbs, blurry, out of focus, noise, oversaturated, posterized, artifacts, jpeg artifacts"
9787,truck,dump truck,box truck,a parking lot,slightly off-center framing,overcast daylight,clean,a professional photo,"a professional photo of a dump truck box truck in a parking lot, slightly off-center framing, overcast daylight. single main subject, photorealistic color photo, natural colors, realistic texture, sharp focus on subject, no people, no text, no watermark, no logo, no border, no collage, no CGI, no illustration.","text, watermark, logo, caption, signature, border, frame, collage, multiple panels, cartoon, illustration, CGI, 3d render, low-poly, painting, anime, surreal, deformed, duplicate objects, extra limbs, blurry, out of focus, noise, oversaturated, posterized, artifacts, jpeg artifacts"
9344,truck,dump truck,delivery truck,a sandy beach,side profile,overcast daylight,clean,an ultra-realistic rendering,"an ultra-realistic rendering of a dump truck delivery truck in a sandy beach, side profile, overcast daylight. single main subject, photorealistic color photo, natural colors, realistic texture, sharp focus on subject, no people, no text, no watermark, no logo, no border, no collage, no CGI, no illustration.","text, watermark, logo, caption, signature, border, frame, collage, multiple panels, cartoon, illustration, CGI, 3d render, low-poly, painting, anime, surreal, deformed, duplicate objects, extra limbs, blurry, out of focus, noise, oversaturated, posterized, artifacts, jpeg artifacts"
9141,truck,utility truck,delivery truck,a suburban neighborhood,high angle,sunny afternoon,clean,a finely detailed photo,"a finely detailed photo of a utility truck delivery truck in a suburban neighborhood, high angle, sunny afternoon. single main subject, photorealistic color photo, natural colors, realistic texture, sharp focus on subject, no people, no text, no watermark, no logo, no border, no collage, no CGI, no illustration.","text, watermark, logo, caption, signature, border, frame, collage, multiple panels, cartoon, illustration, CGI, 3d render, low-poly, painting, anime, surreal, deformed, duplicate objects, extra limbs, blurry, out of focus, noise, oversaturated, posterized, artifacts, jpeg artifacts"
9959,truck,delivery truck,pickup truck,a quiet residential street,slightly off-center framing,indoor soft window light,hard,a detailed photograph,"a detailed photograph of a delivery truck pickup truck in a quiet residential street, slightly off-center framing, indoor soft window light. busy background but still one main subject. single main subject, photorealistic color photo, natural colors, realistic texture, sharp focus on subject, no people, no text, no watermark, no logo, no border, no collage, no CGI, no illustration.","text, watermark, logo, caption, signature, border, frame, collage, multiple panels, cartoon, illustration, CGI, 3d render, low-poly, painting, anime, surreal, deformed, duplicate objects, extra limbs, blurry, out of focus, noise, oversaturated, posterized, artifacts, jpeg artifacts"
9395,truck,utility truck,delivery truck,a forest clearing,close-up,backlit rim light,clean,a detailed photograph,"a detailed photograph of a utility truck delivery truck in a forest clearing, close-up, backlit rim light. single main subject, photorealistic color photo, natural colors, realistic texture, sharp focus on subject, no people, no text, no watermark, no logo, no border, no collage, no CGI, no illustration.","text, watermark, logo, caption, signature, border, frame, collage, multiple panels, cartoon, illustration, CGI, 3d render, low-poly, painting, anime, surreal, deformed, duplicate objects, extra limbs, blurry, out of focus, noise, oversaturated, posterized, artifacts, jpeg artifacts"
9968,truck,semi truck,dump truck,a grassy field,low angle,foggy morning,hard,a finely detailed photo,"a finely detailed photo of a semi truck dump truck in a grassy field, low angle, foggy morning. cropped slightly. single main subject, photorealistic color photo, natural colors, realistic texture, sharp focus on subject, no people, no text, no watermark, no logo, no border, no collage, no CGI, no illustration.","text, watermark, logo, caption, signature, border, frame, collage, multiple panels, cartoon, illustration, CGI, 3d render, low-poly, painting, anime, surreal, deformed, duplicate objects, extra limbs, blurry, out of focus, noise, oversaturated, posterized, artifacts, jpeg artifacts"
9415,truck,utility truck,delivery truck,a quiet residential street,low angle,golden hour,clean,a professional photo,"a professional photo of a utility truck delivery truck in a quiet residential street, low angle, golden hour. single main subject, photorealistic color photo, natural colors, realistic texture, sharp focus on subject, no people, no text, no watermark, no logo, no border, no collage, no CGI, no illustration.","text, watermark, logo, caption, signature, border, frame, collage, multiple panels, cartoon, illustration, CGI, 3d render, low-poly, painting, anime, surreal, deformed, duplicate objects, extra limbs, blurry, out of focus, noise, oversaturated, posterized, artifacts, jpeg artifacts"
9845,truck,utility truck,pickup truck,a city park,side profile,foggy morning,hard,a finely detailed photo,"a finely detailed photo of a utility truck pickup truck in a city park, side profile, foggy morning. busy background but still one main subject. single main subject, photorealistic color photo, natural colors, realistic texture, sharp focus on subject, no people, no text, no watermark, no logo, no border, no collage, no CGI, no illustration.","text, watermark, logo, caption, signature, border, frame, collage, multiple panels, cartoon, illustration, CGI, 3d render, low-poly, painting, anime, surreal, deformed, duplicate objects, extra limbs, blurry, out of focus, noise, oversaturated, posterized, artifacts, jpeg artifacts"
9580,truck,dump truck,utility truck,a countryside road,high angle,indoor soft window light,clean,a finely detailed photo,"a finely detailed photo of a dump truck utility truck in a countryside road, high angle, indoor soft window light. single main subject, photorealistic color photo, natural colors, realistic texture, sharp focus on subject, no people, no text, no watermark, no logo, no border, no collage, no CGI, no illustration.","text, watermark, logo, caption, signature, border, frame, collage, multiple panels, cartoon, illustration, CGI, 3d render, low-poly, painting, anime, surreal, deformed, duplicate objects, extra limbs, blurry, out of focus, noise, oversaturated, posterized, artifacts, jpeg artifacts"
9267,truck,utility truck,pickup truck,a sandy beach,front view,rainy with wet reflections,clean,an ultra-realistic rendering,"an ultra-realistic rendering of a utility truck pickup truck in a sandy beach, front view, rainy with wet reflections. single main subject, photorealistic color photo, natural colors, realistic texture, sharp focus on subject, no people, no text, no watermark, no logo, no border, no collage, no CGI, no illustration.","text, watermark, logo, caption, signature, border, frame, collage, multiple panels, cartoon, illustration, CGI, 3d render, low-poly, painting, anime, surreal, deformed, duplicate objects, extra limbs, blurry, out of focus, noise, oversaturated, posterized, artifacts, jpeg artifacts"
9769,truck,semi truck,dump truck,a forest clearing,front view,overcast daylight,clean,a finely detailed photo,"a finely detailed photo of a semi truck dump truck in a forest clearing, front view, overcast daylight. single main subject, photorealistic color photo, natural colors, realistic texture, sharp focus on subject, no people, no text, no watermark, no logo, no border, no collage, no CGI, no illustration.","text, watermark, logo, caption, signature, border, frame, collage, multiple panels, cartoon, illustration, CGI, 3d render, low-poly, painting, anime, surreal, deformed, duplicate objects, extra limbs, blurry, out of focus, noise, oversaturated, posterized, artifacts, jpeg artifacts"
9410,truck,utility truck,delivery truck,a suburban neighborhood,slightly off-center framing,indoor soft window light,clean,a finely detailed photo,"a finely detailed photo of a utility truck delivery truck in a suburban neighborhood, slightly off-center framing, indoor soft window light. single main subject, photorealistic color photo, natural colors, realistic texture, sharp focus on subject, no people, no text, no watermark, no logo, no border, no collage, no CGI, no illustration.","text, watermark, logo, caption, signature, border, frame, collage, multiple panels, cartoon, illustration, CGI, 3d render, low-poly, painting, anime, surreal, deformed, duplicate objects, extra limbs, blurry, out of focus, noise, oversaturated, posterized, artifacts, jpeg artifacts"
9768,truck,pickup truck,box truck,a gravel lot,front view,nighttime under streetlights,clean,a photorealistic color photo,"a photorealistic color photo of a pickup truck box truck in a gravel lot, front view, nighttime under streetlights. single main subject, photorealistic color photo, natural colors, realistic texture, sharp focus on subject, no people, no text, no watermark, no logo, no border, no collage, no CGI, no illustration.","text, watermark, logo, caption, signature, border, frame, collage, multiple panels, cartoon, illustration, CGI, 3d render, low-poly, painting, anime, surreal, deformed, duplicate objects, extra limbs, blurry, out of focus, noise, oversaturated, posterized, artifacts, jpeg artifacts"
9425,truck,delivery truck,pickup truck,a sandy beach,wide shot,sunny afternoon,clean,a finely detailed photo,"a finely detailed photo of a delivery truck pickup truck in a sandy beach, wide shot, sunny afternoon. single main subject, photorealistic color photo, natural colors, realistic texture, sharp focus on subject, no people, no text, no watermark, no logo, no border, no collage, no CGI, no illustration.","text, watermark, logo, caption, signature, border, frame, collage, multiple panels, cartoon, illustration, CGI, 3d render, low-poly, painting, anime, surreal, deformed, duplicate objects, extra limbs, blurry, out of focus, noise, oversaturated, posterized, artifacts, jpeg artifacts"
9932,truck,dump truck,delivery truck,an urban street,cropped at the edge of the frame,sunny afternoon,hard,a finely detailed photo,"a finely detailed photo of a dump truck delivery truck in an urban street, cropped at the edge of the frame, sunny afternoon. in the distance. single main subject, photorealistic color photo, natural colors, realistic texture, sharp focus on subject, no people, no text, no watermark, no logo, no border, no collage, no CGI, no illustration.","text, watermark, logo, caption, signature, border, frame, collage, multiple panels, cartoon, illustration, CGI, 3d render, low-poly, painting, anime, surreal, deformed, duplicate objects, extra limbs, blurry, out of focus, noise, oversaturated, posterized, artifacts, jpeg artifacts"
9159,truck,utility truck,box truck,an industrial yard,front view,rainy with wet reflections,clean,a high-quality image,"a high-quality image of a utility truck box truck in an industrial yard, front view, rainy with wet reflections. single main subject, photorealistic color photo, natural colors, realistic texture, sharp focus on subject, no people, no text, no watermark, no logo, no border, no collage, no CGI, no illustration.","text, watermark, logo, caption, signature, border, frame, collage, multiple panels, cartoon, illustration, CGI, 3d render, low-poly, painting, anime, surreal, deformed, duplicate objects, extra limbs, blurry, out of focus, noise, oversaturated, posterized, artifacts, jpeg artifacts"
9451,truck,delivery truck,semi truck,a backyard,low angle,golden hour,clean,a high-quality image,"a high-quality image of a delivery truck semi truck in a backyard, low angle, golden hour. single main subject, photorealistic color photo, natural colors, realistic texture, sharp focus on subject, no people, no text, no watermark, no logo, no border, no collage, no CGI, no illustration.","text, watermark, logo, caption, signature, border, frame, collage, multiple panels, cartoon, illustration, CGI, 3d render, low-poly, painting, anime, surreal, deformed, duplicate objects, extra limbs, blurry, out of focus, noise, oversaturated, posterized, artifacts, jpeg artifacts"
9648,truck,box truck,semi truck,a grassy field,slightly off-center framing,overcast daylight,clean,a detailed photograph,"a detailed photograph of a box truck semi truck in a grassy field, slightly off-center framing, overcast daylight. single main subject, photorealistic color photo, natural colors, realistic texture, sharp focus on subject, no people, no text, no watermark, no logo, no border, no collage, no CGI, no illustration.","text, watermark, logo, caption, signature, border, frame, collage, multiple panels, cartoon, illustration, CGI, 3d render, low-poly, painting, anime, surreal, deformed, duplicate objects, extra limbs, blurry, out of focus, noise, oversaturated, posterized, artifacts, jpeg artifacts"
9627,truck,delivery truck,semi truck,a parking lot,high angle,backlit rim light,clean,a detailed photograph,"a detailed photograph of a delivery truck semi truck in a parking lot, high angle, backlit rim light. single main subject, photorealistic color photo, natural colors, realistic texture, sharp focus on subject, no people, no text, no watermark, no logo, no border, no collage, no CGI, no illustration.","text, watermark, logo, caption, signature, border, frame, collage, multiple panels, cartoon, illustration, CGI, 3d render, low-poly, painting, anime, surreal, deformed, duplicate objects, extra limbs, blurry, out of focus, noise, oversaturated, posterized, artifacts, jpeg artifacts"
9354,truck,delivery truck,box truck,a lakeside shore,close-up,sunny afternoon,clean,a professional photo,"a professional photo of a delivery truck box truck in a lakeside shore, close-up, sunny afternoon. single main subject, photorealistic color photo, natural colors, realistic texture, sharp focus on subject, no people, no text, no watermark, no logo, no border, no collage, no CGI, no illustration.","text, watermark, logo, caption, signature, border, frame, collage, multiple panels, cartoon, illustration, CGI, 3d render, low-poly, painting, anime, surreal, deformed, duplicate objects, extra limbs, blurry, out of focus, noise, oversaturated, posterized, artifacts, jpeg artifacts"
9622,truck,box truck,box truck,a quiet residential street,front view,backlit rim light,clean,a photorealistic color photo,"a photorealistic color photo of a box truck box truck in a quiet residential street, front view, backlit rim light. single main subject, photorealistic color photo, natural colors, realistic texture, sharp focus on subject, no people, no text, no watermark, no logo, no border, no collage, no CGI, no illustration.","text, watermark, logo, caption, signature, border, frame, collage, multiple panels, cartoon, illustration, CGI, 3d render, low-poly, painting, anime, surreal, deformed, duplicate objects, extra limbs, blurry, out of focus, noise, oversaturated, posterized, artifacts, jpeg artifacts"
9913,truck,utility truck,utility truck,a grassy field,cropped at the edge of the frame,golden hour,hard,a professional photo,"a professional photo of a utility truck utility truck in a grassy field, cropped at the edge of the frame, golden hour. partially occluded by a foreground object. single main subject, photorealistic color photo, natural colors, realistic texture, sharp focus on subject, no people, no text, no watermark, no logo, no border, no collage, no CGI, no illustration.","text, watermark, logo, caption, signature, border, frame, collage, multiple panels, cartoon, illustration, CGI, 3d render, low-poly, painting, anime, surreal, deformed, duplicate objects, extra limbs, blurry, out of focus, noise, oversaturated, posterized, artifacts, jpeg artifacts"
9696,truck,dump truck,pickup truck,an urban street,slightly off-center framing,rainy with wet reflections,clean,a professional photo,"a professional photo of a dump truck pickup truck in an urban street, slightly off-center framing, rainy with wet reflections. single main subject, photorealistic color photo, natural colors, realistic texture, sharp focus on subject, no people, no text, no watermark, no logo, no border, no collage, no CGI, no illustration.","text, watermark, logo, caption, signature, border, frame, collage, multiple panels, cartoon, illustration, CGI, 3d render, low-poly, painting, anime, surreal, deformed, duplicate objects, extra limbs, blurry, out of focus, noise, oversaturated, posterized, artifacts, jpeg artifacts"
9130,truck,delivery truck,dump truck,a backyard,wide shot,backlit rim light,clean,an ultra-realistic rendering,"an ultra-realistic rendering of a delivery truck dump truck in a backyard, wide shot, backlit rim light. single main subject, photorealistic color photo, natural colors, realistic texture, sharp focus on subject, no people, no text, no watermark, no logo, no border, no collage, no CGI, no illustration.","text, watermark, logo, caption, signature, border, frame, collage, multiple panels, cartoon, illustration, CGI, 3d render, low-poly, painting, anime, surreal, deformed, duplicate objects, extra limbs, blurry, out of focus, noise, oversaturated, posterized, artifacts, jpeg artifacts"
9593,truck,box truck,delivery truck,a lakeside shore,3/4 view,golden hour,clean,a photorealistic color photo,"a photorealistic color photo of a box truck delivery truck in a lakeside shore, 3/4 view, golden hour. single main subject, photorealistic color photo, natural colors, realistic texture, sharp focus on subject, no people, no text, no watermark, no logo, no border, no collage, no CGI, no illustration.","text, watermark, logo, caption, signature, border, frame, collage, multiple panels, cartoon, illustration, CGI, 3d render, low-poly, painting, anime, surreal, deformed, duplicate objects, extra limbs, blurry, out of focus, noise, oversaturated, posterized, artifacts, jpeg artifacts"
9025,truck,semi truck,dump truck,an urban street,3/4 view,golden hour,clean,an ultra-realistic rendering,"an ultra-realistic rendering of a semi truck dump truck in an urban street, 3/4 view, golden hour. single main subject, photorealistic color photo, natural colors, realistic texture, sharp focus on subject, no people, no text, no watermark, no logo, no border, no collage, no CGI, no illustration.","text, watermark, logo, caption, signature, border, frame, collage, multiple panels, cartoon, illustration, CGI, 3d render, low-poly, painting, anime, surreal, deformed, duplicate objects, extra limbs, blurry, out of focus, noise, oversaturated, posterized, artifacts, jpeg artifacts"
9843,truck,delivery truck,pickup truck,a lakeside shore,high angle,backlit rim light,hard,a professional photo,"a professional photo of a delivery truck pickup truck in a lakeside shore, high angle, backlit rim light. slight motion blur. single main subject, photorealistic color photo, natural colors, realistic texture, sharp focus on subject, no people, no text, no watermark, no logo, no border, no collage, no CGI, no illustration.","text, watermark, logo, caption, signature, border, frame, collage, multiple panels, cartoon, illustration, CGI, 3d render, low-poly, painting, anime, surreal, deformed, duplicate objects, extra limbs, blurry, out of focus, noise, oversaturated, posterized, artifacts, jpeg artifacts"
9670,truck,pickup truck,box truck,a backyard,low angle,nighttime under streetlights,clean,a high-quality image,"a high-quality image of a pickup truck box truck in a backyard, low angle, nighttime under streetlights. single main subject, photorealistic color photo, natural colors, realistic texture, sharp focus on subject, no people, no text, no watermark, no logo, no border, no collage, no CGI, no illustration.","text, watermark, logo, caption, signature, border, frame, collage, multiple panels, cartoon, illustration, CGI, 3d render, low-poly, painting, anime, surreal, deformed, duplicate objects, extra limbs, blurry, out of focus, noise, oversaturated, posterized, artifacts, jpeg artifacts"
9379,truck,semi truck,utility truck,a parking lot,front view,nighttime under streetlights,clean,a professional photo,"a professional photo of a semi truck utility truck in a parking lot, front view, nighttime under streetlights. single main subject, photorealistic color photo, natural colors, realistic texture, sharp focus on subject, no people, no text, no watermark, no logo, no border, no collage, no CGI, no illustration.","text, watermark, logo, caption, signature, border, frame, collage, multiple panels, cartoon, illustration, CGI, 3d render, low-poly, painting, anime, surreal, deformed, duplicate objects, extra limbs, blurry, out of focus, noise, oversaturated, posterized, artifacts, jpeg artifacts"
9891,truck,box truck,semi truck,a lakeside shore,front view,foggy morning,hard,a professional photo,"a professional photo of a box truck semi truck in a lakeside shore, front view, foggy morning. cropped slightly. single main subject, photorealistic color photo, natural colors, realistic texture, sharp focus on subject, no people, no text, no watermark, no logo, no border, no collage, no CGI, no illustration.","text, watermark, logo, caption, signature, border, frame, collage, multiple panels, cartoon, illustration, CGI, 3d render, low-poly, painting, anime, surreal, deformed, duplicate objects, extra limbs, blurry, out of focus, noise, oversaturated, posterized, artifacts, jpeg artifacts"
9332,truck,semi truck,delivery truck,an urban street,high angle,golden hour,clean,a high-quality image,"a high-quality image of a semi truck delivery truck in an urban street, high angle, golden hour. single main subject, photorealistic color photo, natural colors, realistic texture, sharp focus on subject, no people, no text, no watermark, no logo, no border, no collage, no CGI, no illustration.","text, watermark, logo, caption, signature, border, frame, collage, multiple panels, cartoon, illustration, CGI, 3d render, low-poly, painting, anime, surreal, deformed, duplicate objects, extra limbs, blurry, out of focus, noise, oversaturated, posterized, artifacts, jpeg artifacts"
9980,truck,delivery truck,utility truck,a wet roadway after rain,3/4 view,backlit rim light,hard,a professional photo,"a professional photo of a delivery truck utility truck in a wet roadway after rain, 3/4 view, backlit rim light. partially occluded by a foreground object. single main subject, photorealistic color photo, natural colors, realistic texture, sharp focus on subject, no people, no text, no watermark, no logo, no border, no collage, no CGI, no illustration.","text, watermark, logo, caption, signature, border, frame, collage, multiple panels, cartoon, illustration, CGI, 3d render, low-poly, painting, anime, surreal, deformed, duplicate objects, extra limbs, blurry, out of focus, noise, oversaturated, posterized, artifacts, jpeg artifacts"
9771,truck,dump truck,dump truck,an urban street,front view,overcast daylight,clean,a professional photo,"a professional photo of a dump truck dump truck in an urban street, front view, overcast daylight. single main subject, photorealistic color photo, natural colors, realistic texture, sharp focus on subject, no people, no text, no watermark, no logo, no border, no collage, no CGI, no illustration.","text, watermark, logo, caption, signature, border, frame, collage, multiple panels, cartoon, illustration, CGI, 3d render, low-poly, painting, anime, surreal, deformed, duplicate objects, extra limbs, blurry, out of focus, noise, oversaturated, posterized, artifacts, jpeg artifacts"
9469,truck,pickup truck,box truck,an urban street,low angle,nighttime under streetlights,clean,a photorealistic color photo,"a photorealistic color photo of a pickup truck box truck in an urban street, low angle, nighttime under streetlights. single main subject, photorealistic color photo, natural colors, realistic texture, sharp focus on subject, no people, no text, no watermark, no logo, no border, no collage, no CGI, no illustration.","text, watermark, logo, caption, signature, border, frame, collage, multiple panels, cartoon, illustration, CGI, 3d render, low-poly, painting, anime, surreal, deformed, duplicate objects, extra limbs, blurry, out of focus, noise, oversaturated, posterized, artifacts, jpeg artifacts"
9707,truck,box truck,dump truck,a countryside road,wide shot,indoor soft window light,clean,a high-quality image,"a high-quality image of a box truck dump truck in a countryside road, wide shot, indoor soft window light. single main subject, photorealistic color photo, natural colors, realistic texture, sharp focus on subject, no people, no text, no watermark, no logo, no border, no collage, no CGI, no illustration.","text, watermark, logo, caption, signature, border, frame, collage, multiple panels, cartoon, illustration, CGI, 3d render, low-poly, painting, anime, surreal, deformed, duplicate objects, extra limbs, blurry, out of focus, noise, oversaturated, posterized, artifacts, jpeg artifacts"
9302,truck,delivery truck,delivery truck,a lakeside shore,low angle,sunny afternoon,clean,a high-quality image,"a high-quality image of a delivery truck delivery truck in a lakeside shore, low angle, sunny afternoon. single main subject, photorealistic color photo, natural colors, realistic texture, sharp focus on subject, no people, no text, no watermark, no logo, no border, no collage, no CGI, no illustration.","text, watermark, logo, caption, signature, border, frame, collage, multiple panels, cartoon, illustration, CGI, 3d render, low-poly, painting, anime, surreal, deformed, duplicate objects, extra limbs, blurry, out of focus, noise, oversaturated, posterized, artifacts, jpeg artifacts"
9515,truck,dump truck,utility truck,a backyard,side profile,nighttime under streetlights,clean,an ultra-realistic rendering,"an ultra-realistic rendering of a dump truck utility truck in a backyard, side profile, nighttime under streetlights. single main subject, photorealistic color photo, natural colors, realistic texture, sharp focus on subject, no people, no text, no watermark, no logo, no border, no collage, no CGI, no illustration.","text, watermark, logo, caption, signature, border, frame, collage, multiple panels, cartoon, illustration, CGI, 3d render, low-poly, painting, anime, surreal, deformed, duplicate objects, extra limbs, blurry, out of focus, noise, oversaturated, posterized, artifacts, jpeg artifacts"
9929,truck,box truck,semi truck,a gravel lot,cropped at the edge of the frame,golden hour,hard,a finely detailed photo,"a finely detailed photo of a box truck semi truck in a gravel lot, cropped at the edge of the frame, golden hour. busy background but still one main subject. single main subject, photorealistic color photo, natural colors, realistic texture, sharp focus on subject, no people, no text, no watermark, no logo, no border, no collage, no CGI, no illustration.","text, watermark, logo, caption, signature, border, frame, collage, multiple panels, cartoon, illustration, CGI, 3d render, low-poly, painting, anime, surreal, deformed, duplicate objects, extra limbs, blurry, out of focus, noise, oversaturated, posterized, artifacts, jpeg artifacts"
9312,truck,box truck,pickup truck,a wet roadway after rain,high angle,golden hour,clean,a photorealistic color photo,"a photorealistic color photo of a box truck pickup truck in a wet roadway after rain, high angle, golden hour. single main subject, photorealistic color photo, natural colors, realistic texture, sharp focus on subject, no people, no text, no watermark, no logo, no border, no collage, no CGI, no illustration.","text, watermark, logo, caption, signature, border, frame, collage, multiple panels, cartoon, illustration, CGI, 3d render, low-poly, painting, anime, surreal, deformed, duplicate objects, extra limbs, blurry, out of focus, noise, oversaturated, posterized, artifacts, jpeg artifacts"
9329,truck,utility truck,box truck,a forest clearing,close-up,nighttime under streetlights,clean,an ultra-realistic rendering,"an ultra-realistic rendering of a utility truck box truck in a forest clearing, close-up, nighttime under streetlights. single main subject, photorealistic color photo, natural colors, realistic texture, sharp focus on subject, no people, no text, no watermark, no logo, no border, no collage, no CGI, no illustration.","text, watermark, logo, caption, signature, border, frame, collage, multiple panels, cartoon, illustration, CGI, 3d render, low-poly, painting, anime, surreal, deformed, duplicate objects, extra limbs, blurry, out of focus, noise, oversaturated, posterized, artifacts, jpeg artifacts"
9545,truck,utility truck,pickup truck,a lakeside shore,high angle,foggy morning,clean,a high-quality image,"a high-quality image of a utility truck pickup truck in a lakeside shore, high angle, foggy morning. single main subject, photorealistic color photo, natural colors, realistic texture, sharp focus on subject, no people, no text, no watermark, no logo, no border, no collage, no CGI, no illustration.","text, watermark, logo, caption, signature, border, frame, collage, multiple panels, cartoon, illustration, CGI, 3d render, low-poly, painting, anime, surreal, deformed, duplicate objects, extra limbs, blurry, out of focus, noise, oversaturated, posterized, artifacts, jpeg artifacts"
9125,truck,box truck,pickup truck,a gravel lot,wide shot,nighttime under streetlights,clean,an ultra-realistic rendering,"an ultra-realistic rendering of a box truck pickup truck in a gravel lot, wide shot, nighttime under streetlights. single main subject, photorealistic color photo, natural colors, realistic texture, sharp focus on subject, no people, no text, no watermark, no logo, no border, no collage, no CGI, no illustration.","text, watermark, logo, caption, signature, border, frame, collage, multiple panels, cartoon, illustration, CGI, 3d render, low-poly, painting, anime, surreal, deformed, duplicate objects, extra limbs, blurry, out of focus, noise, oversaturated, posterized, artifacts, jpeg artifacts"
9937,truck,delivery truck,utility truck,a countryside road,high angle,golden hour,hard,a finely detailed photo,"a finely detailed photo of a delivery truck utility truck in a countryside road, high angle, golden hour. cropped slightly. single main subject, photorealistic color photo, natural colors, realistic texture, sharp focus on subject, no people, no text, no watermark, no logo, no border, no collage, no CGI, no illustration.","text, watermark, logo, caption, signature, border, frame, collage, multiple panels, cartoon, illustration, CGI, 3d render, low-poly, painting, anime, surreal, deformed, duplicate objects, extra limbs, blurry, out of focus, noise, oversaturated, posterized, artifacts, jpeg artifacts"
9729,truck,dump truck,pickup truck,a forest clearing,high angle,overcast daylight,clean,a photorealistic color photo,"a photorealistic color photo of a dump truck pickup truck in a forest clearing, high angle, overcast daylight. single main subject, photorealistic color photo, natural colors, realistic texture, sharp focus on subject, no people, no text, no watermark, no logo, no border, no collage, no CGI, no illustration.","text, watermark, logo, caption, signature, border, frame, collage, multiple panels, cartoon, illustration, CGI, 3d render, low-poly, painting, anime, surreal, deformed, duplicate objects, extra limbs, blurry, out of focus, noise, oversaturated, posterized, artifacts, jpeg artifacts"
9274,truck,delivery truck,dump truck,a parking lot,wide shot,nighttime under streetlights,clean,an ultra-realistic rendering,"an ultra-realistic rendering of a delivery truck dump truck in a parking lot, wide shot, nighttime under streetlights. single main subject, photorealistic color photo, natural colors, realistic texture, sharp focus on subject, no people, no text, no watermark, no logo, no border, no collage, no CGI, no illustration.","text, watermark, logo, caption, signature, border, frame, collage, multiple panels, cartoon, illustration, CGI, 3d render, low-poly, painting, anime, surreal, deformed, duplicate objects, extra limbs, blurry, out of focus, noise, oversaturated, posterized, artifacts, jpeg artifacts"
9738,truck,pickup truck,dump truck,a quiet residential street,side profile,foggy morning,clean,a photorealistic color photo,"a photorealistic color photo of a pickup truck dump truck in a quiet residential street, side profile, foggy morning. single main subject, photorealistic color photo, natural colors, realistic texture, sharp focus on subject, no people, no text, no watermark, no logo, no border, no collage, no CGI, no illustration.","text, watermark, logo, caption, signature, border, frame, collage, multiple panels, cartoon, illustration, CGI, 3d render, low-poly, painting, anime, surreal, deformed, duplicate objects, extra limbs, blurry, out of focus, noise, oversaturated, posterized, artifacts, jpeg artifacts"
9464,truck,dump truck,utility truck,a grassy field,3/4 view,overcast daylight,clean,a high-quality image,"a high-quality image of a dump truck utility truck in a grassy field, 3/4 view, overcast daylight. single main subject, photorealistic color photo, natural colors, realistic texture, sharp focus on subject, no people, no text, no watermark, no logo, no border, no collage, no CGI, no illustration.","text, watermark, logo, caption, signature, border, frame, collage, multiple panels, cartoon, illustration, CGI, 3d render, low-poly, painting, anime, surreal, deformed, duplicate objects, extra limbs, blurry, out of focus, noise, oversaturated, posterized, artifacts, jpeg artifacts"
9031,truck,pickup truck,semi truck,a wet roadway after rain,high angle,golden hour,clean,a photorealistic color photo,"a photorealistic color photo of a pickup truck semi truck in a wet roadway after rain, high angle, golden hour. single main subject, photorealistic color photo, natural colors, realistic texture, sharp focus on subject, no people, no text, no watermark, no logo, no border, no collage, no CGI, no illustration.","text, watermark, logo, caption, signature, border, frame, collage, multiple panels, cartoon, illustration, CGI, 3d render, low-poly, painting, anime, surreal, deformed, duplicate objects, extra limbs, blurry, out of focus, noise, oversaturated, posterized, artifacts, jpeg artifacts"
9048,truck,box truck,box truck,a wet roadway after rain,high angle,foggy morning,clean,a high-quality image,"a high-quality image of a box truck box truck in a wet roadway after rain, high angle, foggy morning. single main subject, photorealistic color photo, natural colors, realistic texture, sharp focus on subject, no people, no text, no watermark, no logo, no border, no collage, no CGI, no illustration.","text, watermark, logo, caption, signature, border, frame, collage, multiple panels, cartoon, illustration, CGI, 3d render, low-poly, painting, anime, surreal, deformed, duplicate objects, extra limbs, blurry, out of focus, noise, oversaturated, posterized, artifacts, jpeg artifacts"
9283,truck,dump truck,delivery truck,a suburban neighborhood,close-up,golden hour,clean,a finely detailed photo,"a finely detailed photo of a dump truck delivery truck in a suburban neighborhood, close-up, golden hour. single main subject, photorealistic color photo, natural colors, realistic texture, sharp focus on subject, no people, no text, no watermark, no logo, no border, no collage, no CGI, no illustration.","text, watermark, logo, caption, signature, border, frame, collage, multiple panels, cartoon, illustration, CGI, 3d render, low-poly, painting, anime, surreal, deformed, duplicate objects, extra limbs, blurry, out of focus, noise, oversaturated, posterized, artifacts, jpeg artifacts"
9042,truck,utility truck,dump truck,a lakeside shore,low angle,sunny afternoon,clean,an ultra-realistic rendering,"an ultra-realistic rendering of a utility truck dump truck in a lakeside shore, low angle, sunny afternoon. single main subject, photorealistic color photo, natural colors, realistic texture, sharp focus on subject, no people, no text, no watermark, no logo, no border, no collage, no CGI, no illustration.","text, watermark, logo, caption, signature, border, frame, collage, multiple panels, cartoon, illustration, CGI, 3d render, low-poly, painting, anime, surreal, deformed, duplicate objects, extra limbs, blurry, out of focus, noise, oversaturated, posterized, artifacts, jpeg artifacts"
9902,truck,pickup truck,dump truck,a suburban neighborhood,slightly off-center framing,sunny afternoon,hard,a detailed photograph,"a detailed photograph of a pickup truck dump truck in a suburban neighborhood, slightly off-center framing, sunny afternoon. busy background but still one main subject. single main subject, photorealistic color photo, natural colors, realistic texture, sharp focus on subject, no people, no text, no watermark, no logo, no border, no collage, no CGI, no illustration.","text, watermark, logo, caption, signature, border, frame, collage, multiple panels, cartoon, illustration, CGI, 3d render, low-poly, painting, anime, surreal, deformed, duplicate objects, extra limbs, blurry, out of focus, noise, oversaturated, posterized, artifacts, jpeg artifacts"
9169,truck,pickup truck,utility truck,a city park,high angle,nighttime under streetlights,clean,a photorealistic color photo,"a photorealistic color photo of a pickup truck utility truck in a city park, high angle, nighttime under streetlights. single main subject, photorealistic color photo, natural colors, realistic texture, sharp focus on subject, no people, no text, no watermark, no logo, no border, no collage, no CGI, no illustration.","text, watermark, logo, caption, signature, border, frame, collage, multiple panels, cartoon, illustration, CGI, 3d render, low-poly, painting, anime, surreal, deformed, duplicate objects, extra limbs, blurry, out of focus, noise, oversaturated, posterized, artifacts, jpeg artifacts"
9178,truck,box truck,dump truck,a forest clearing,high angle,golden hour,clean,a high-quality image,"a high-quality image of a box truck dump truck in a forest clearing, high angle, golden hour. single main subject, photorealistic color photo, natural colors, realistic texture, sharp focus on subject, no people, no text, no watermark, no logo, no border, no collage, no CGI, no illustration.","text, watermark, logo, caption, signature, border, frame, collage, multiple panels, cartoon, illustration, CGI, 3d render, low-poly, painting, anime, surreal, deformed, duplicate objects, extra limbs, blurry, out of focus, noise, oversaturated, posterized, artifacts, jpeg artifacts"
9189,truck,semi truck,utility truck,a city park,3/4 view,backlit rim light,clean,a photorealistic color photo,"a photorealistic color photo of a semi truck utility truck in a city park, 3/4 view, backlit rim light. single main subject, photorealistic color photo, natural colors, realistic texture, sharp focus on subject, no people, no text, no watermark, no logo, no border, no collage, no CGI, no illustration.","text, watermark, logo, caption, signature, border, frame, collage, multiple panels, cartoon, illustration, CGI, 3d render, low-poly, painting, anime, surreal, deformed, duplicate objects, extra limbs, blurry, out of focus, noise, oversaturated, posterized, artifacts, jpeg artifacts"
